Initialized native services in: /Users/oem/.gradle/native
Initialized jansi services in: /Users/oem/.gradle/native
The client will now receive all logging from the daemon (pid: 19203). The daemon log file: /Users/oem/.gradle/daemon/8.13/daemon-19203.out.log
Starting 17th build in daemon [uptime: 31 mins 33.385 secs, performance: 93%, GC rate: 0.00/s, heap usage: 0% of 2 GiB, non-heap usage: 52% of 512 MiB]
Using 8 worker leases.
Now considering [/Users/oem/Projects/KapraDaily/android, /Users/oem/Projects/KapraDaily/node_modules/@react-native/gradle-plugin] as hierarchies to watch
Watching the file system is configured to be enabled if available
File system watching is active
Starting Build
Now considering [/Users/oem/Projects/KapraDaily/node_modules/@react-native/gradle-plugin, /Users/oem/Projects/KapraDaily/android] as hierarchies to watch
Resolved plugin [id: 'org.gradle.toolchains.foojay-resolver-convention', version: '0.5.0']

> Configure project :gradle-plugin
Evaluating project ':gradle-plugin' using build file '/Users/oem/Projects/KapraDaily/node_modules/@react-native/gradle-plugin/build.gradle.kts'.
Resolved plugin [id: 'org.jetbrains.kotlin.jvm', version: '2.1.20', apply: false]
Resolved plugin [id: 'com.ncorti.ktfmt.gradle', version: '0.22.0']

> Configure project :gradle-plugin:react-native-gradle-plugin
Evaluating project ':gradle-plugin:react-native-gradle-plugin' using build file '/Users/oem/Projects/KapraDaily/node_modules/@react-native/gradle-plugin/react-native-gradle-plugin/build.gradle.kts'.
Resolved plugin [id: 'org.jetbrains.kotlin.jvm', version: '2.1.20']
Resolved plugin [id: 'com.ncorti.ktfmt.gradle', version: '0.22.0']
Resolved plugin [id: 'java-gradle-plugin']
Build 274f0ef6-02c9-4705-b1f4-2ce1a88762e6 is started
Using Kotlin Gradle Plugin gradle85 variant
kotlin scripting plugin: created the scripting discovery configuration: kotlinScriptDef
kotlin scripting plugin: created the scripting discovery configuration: testKotlinScriptDef

> Configure project :gradle-plugin:settings-plugin
Evaluating project ':gradle-plugin:settings-plugin' using build file '/Users/oem/Projects/KapraDaily/node_modules/@react-native/gradle-plugin/settings-plugin/build.gradle.kts'.
Resolved plugin [id: 'org.jetbrains.kotlin.jvm', version: '2.1.20']
Resolved plugin [id: 'com.ncorti.ktfmt.gradle', version: '0.22.0']
Resolved plugin [id: 'java-gradle-plugin']
Using Kotlin Gradle Plugin gradle85 variant
kotlin scripting plugin: created the scripting discovery configuration: kotlinScriptDef
kotlin scripting plugin: created the scripting discovery configuration: testKotlinScriptDef

> Configure project :gradle-plugin:shared
Evaluating project ':gradle-plugin:shared' using build file '/Users/oem/Projects/KapraDaily/node_modules/@react-native/gradle-plugin/shared/build.gradle.kts'.
Resolved plugin [id: 'org.jetbrains.kotlin.jvm', version: '2.1.20']
Resolved plugin [id: 'com.ncorti.ktfmt.gradle', version: '0.22.0']
Using Kotlin Gradle Plugin gradle85 variant
kotlin scripting plugin: created the scripting discovery configuration: kotlinScriptDef
kotlin scripting plugin: created the scripting discovery configuration: testKotlinScriptDef

> Configure project :gradle-plugin:shared-testutil
Evaluating project ':gradle-plugin:shared-testutil' using build file '/Users/oem/Projects/KapraDaily/node_modules/@react-native/gradle-plugin/shared-testutil/build.gradle.kts'.
Resolved plugin [id: 'org.jetbrains.kotlin.jvm', version: '2.1.20']
Resolved plugin [id: 'com.ncorti.ktfmt.gradle', version: '0.22.0']
Using Kotlin Gradle Plugin gradle85 variant
kotlin scripting plugin: created the scripting discovery configuration: kotlinScriptDef
kotlin scripting plugin: created the scripting discovery configuration: testKotlinScriptDef
Resolved plugin [id: 'com.facebook.react.settings']
Starting process 'command '/usr/libexec/java_home''. Working directory: /Users/oem/.gradle/daemon/8.13 Command: /usr/libexec/java_home -V
Successfully started process 'command '/usr/libexec/java_home''
Resolve mutations for :gradle-plugin:settings-plugin:checkKotlinGradlePluginConfigurationErrors (Thread[Execution worker,5,main]) started.
:gradle-plugin:settings-plugin:checkKotlinGradlePluginConfigurationErrors (Thread[Execution worker,5,main]) started.

> Task :gradle-plugin:settings-plugin:checkKotlinGradlePluginConfigurationErrors SKIPPED
Skipping task ':gradle-plugin:settings-plugin:checkKotlinGradlePluginConfigurationErrors' as task onlyIf 'errorDiagnostics are present' is false.
Resolve mutations for :gradle-plugin:shared:checkKotlinGradlePluginConfigurationErrors (Thread[Execution worker,5,main]) started.
:gradle-plugin:shared:checkKotlinGradlePluginConfigurationErrors (Thread[Execution worker,5,main]) started.

> Task :gradle-plugin:shared:checkKotlinGradlePluginConfigurationErrors SKIPPED
Skipping task ':gradle-plugin:shared:checkKotlinGradlePluginConfigurationErrors' as task onlyIf 'errorDiagnostics are present' is false.
Resolve mutations for :gradle-plugin:shared:compileKotlin (Thread[Execution worker,5,main]) started.
:gradle-plugin:shared:compileKotlin (Thread[Execution worker,5,main]) started.

> Task :gradle-plugin:shared:compileKotlin UP-TO-DATE
Caching disabled for task ':gradle-plugin:shared:compileKotlin' because:
  Build cache is disabled
Skipping task ':gradle-plugin:shared:compileKotlin' as it is up-to-date.
Resolve mutations for :gradle-plugin:shared:compileJava (Thread[Execution worker,5,main]) started.
:gradle-plugin:shared:compileJava (Thread[Execution worker,5,main]) started.

> Task :gradle-plugin:shared:compileJava NO-SOURCE
Skipping task ':gradle-plugin:shared:compileJava' as it has no source files and no previous output files.
Resolve mutations for :gradle-plugin:shared:processResources (Thread[Execution worker,5,main]) started.
:gradle-plugin:shared:processResources (Thread[Execution worker,5,main]) started.

> Task :gradle-plugin:shared:processResources NO-SOURCE
Skipping task ':gradle-plugin:shared:processResources' as it has no source files and no previous output files.
Resolve mutations for :gradle-plugin:shared:classes (Thread[Execution worker,5,main]) started.
:gradle-plugin:shared:classes (Thread[Execution worker,5,main]) started.

> Task :gradle-plugin:shared:classes UP-TO-DATE
Skipping task ':gradle-plugin:shared:classes' as it has no actions.
Resolve mutations for :gradle-plugin:shared:jar (Thread[Execution worker,5,main]) started.
:gradle-plugin:shared:jar (Thread[Execution worker,5,main]) started.

> Task :gradle-plugin:shared:jar UP-TO-DATE
Caching disabled for task ':gradle-plugin:shared:jar' because:
  Build cache is disabled
  Not worth caching
Skipping task ':gradle-plugin:shared:jar' as it is up-to-date.
work action resolve shared.jar (project :gradle-plugin:shared) (Thread[Execution worker,5,main]) started.
Resolve mutations for :gradle-plugin:settings-plugin:compileKotlin (Thread[Execution worker,5,main]) started.
:gradle-plugin:settings-plugin:compileKotlin (Thread[Execution worker,5,main]) started.

> Task :gradle-plugin:settings-plugin:compileKotlin UP-TO-DATE
Caching disabled for task ':gradle-plugin:settings-plugin:compileKotlin' because:
  Build cache is disabled
Skipping task ':gradle-plugin:settings-plugin:compileKotlin' as it is up-to-date.
Resolve mutations for :gradle-plugin:settings-plugin:compileJava (Thread[Execution worker,5,main]) started.
:gradle-plugin:settings-plugin:compileJava (Thread[Execution worker,5,main]) started.

> Task :gradle-plugin:settings-plugin:compileJava NO-SOURCE
Skipping task ':gradle-plugin:settings-plugin:compileJava' as it has no source files and no previous output files.
Resolve mutations for :gradle-plugin:settings-plugin:pluginDescriptors (Thread[Execution worker,5,main]) started.
:gradle-plugin:settings-plugin:pluginDescriptors (Thread[Execution worker,5,main]) started.

> Task :gradle-plugin:settings-plugin:pluginDescriptors UP-TO-DATE
Caching disabled for task ':gradle-plugin:settings-plugin:pluginDescriptors' because:
  Build cache is disabled
  Not worth caching
Skipping task ':gradle-plugin:settings-plugin:pluginDescriptors' as it is up-to-date.
Resolve mutations for :gradle-plugin:settings-plugin:processResources (Thread[Execution worker,5,main]) started.
:gradle-plugin:settings-plugin:processResources (Thread[Execution worker,5,main]) started.

> Task :gradle-plugin:settings-plugin:processResources UP-TO-DATE
Caching disabled for task ':gradle-plugin:settings-plugin:processResources' because:
  Build cache is disabled
  Not worth caching
Skipping task ':gradle-plugin:settings-plugin:processResources' as it is up-to-date.
Resolve mutations for :gradle-plugin:settings-plugin:classes (Thread[Execution worker,5,main]) started.
:gradle-plugin:settings-plugin:classes (Thread[Execution worker,5,main]) started.

> Task :gradle-plugin:settings-plugin:classes UP-TO-DATE
Skipping task ':gradle-plugin:settings-plugin:classes' as it has no actions.
Resolve mutations for :gradle-plugin:settings-plugin:jar (Thread[Execution worker,5,main]) started.
:gradle-plugin:settings-plugin:jar (Thread[Execution worker,5,main]) started.

> Task :gradle-plugin:settings-plugin:jar UP-TO-DATE
Caching disabled for task ':gradle-plugin:settings-plugin:jar' because:
  Build cache is disabled
  Not worth caching
Skipping task ':gradle-plugin:settings-plugin:jar' as it is up-to-date.
Settings evaluated using settings file '/Users/oem/Projects/KapraDaily/android/settings.gradle'.
Projects loaded. Root project using build file '/Users/oem/Projects/KapraDaily/android/build.gradle'.
Included projects: [root project 'KapraDaily', project ':app', project ':lottie-react-native', project ':react-native-async-storage_async-storage', project ':react-native-community_blur', project ':react-native-community_geolocation', project ':react-native-device-info', project ':react-native-fast-image', project ':react-native-linear-gradient', project ':react-native-maps', project ':react-native-onesignal', project ':react-native-otp-verify', project ':react-native-permissions', project ':react-native-razorpay', project ':react-native-safe-area-context', project ':react-native-screens', project ':react-native-svg', project ':react-native-vector-icons']
Registering project ':gradle-plugin' in composite build. Will substitute for module ':gradle-plugin-root'.
Registering project ':gradle-plugin:react-native-gradle-plugin' in composite build. Will substitute for module 'com.facebook.react:react-native-gradle-plugin'.
Registering project ':gradle-plugin:settings-plugin' in composite build. Will substitute for module 'com.facebook.react:settings-plugin'.
Registering project ':gradle-plugin:shared' in composite build. Will substitute for module 'com.facebook.react:shared'.
Registering project ':gradle-plugin:shared-testutil' in composite build. Will substitute for module 'com.facebook.react:shared-testutil'.
Resolve mutations for :gradle-plugin:react-native-gradle-plugin:checkKotlinGradlePluginConfigurationErrors (Thread[Execution worker Thread 7,5,main]) started.
:gradle-plugin:react-native-gradle-plugin:checkKotlinGradlePluginConfigurationErrors (Thread[Execution worker Thread 7,5,main]) started.

> Task :gradle-plugin:react-native-gradle-plugin:checkKotlinGradlePluginConfigurationErrors SKIPPED
Skipping task ':gradle-plugin:react-native-gradle-plugin:checkKotlinGradlePluginConfigurationErrors' as task onlyIf 'errorDiagnostics are present' is false.
Resolve mutations for :gradle-plugin:react-native-gradle-plugin:compileKotlin (Thread[Execution worker Thread 7,5,main]) started.
:gradle-plugin:react-native-gradle-plugin:compileKotlin (Thread[Execution worker Thread 7,5,main]) started.

> Task :gradle-plugin:react-native-gradle-plugin:compileKotlin UP-TO-DATE
Caching disabled for task ':gradle-plugin:react-native-gradle-plugin:compileKotlin' because:
  Build cache is disabled
Skipping task ':gradle-plugin:react-native-gradle-plugin:compileKotlin' as it is up-to-date.
Resolve mutations for :gradle-plugin:react-native-gradle-plugin:compileJava (Thread[Execution worker Thread 7,5,main]) started.
:gradle-plugin:react-native-gradle-plugin:compileJava (Thread[Execution worker Thread 7,5,main]) started.

> Task :gradle-plugin:react-native-gradle-plugin:compileJava NO-SOURCE
Skipping task ':gradle-plugin:react-native-gradle-plugin:compileJava' as it has no source files and no previous output files.
Resolve mutations for :gradle-plugin:react-native-gradle-plugin:pluginDescriptors (Thread[Execution worker Thread 7,5,main]) started.
:gradle-plugin:react-native-gradle-plugin:pluginDescriptors (Thread[Execution worker Thread 7,5,main]) started.

> Task :gradle-plugin:react-native-gradle-plugin:pluginDescriptors UP-TO-DATE
Caching disabled for task ':gradle-plugin:react-native-gradle-plugin:pluginDescriptors' because:
  Build cache is disabled
  Not worth caching
Skipping task ':gradle-plugin:react-native-gradle-plugin:pluginDescriptors' as it is up-to-date.
Resolve mutations for :gradle-plugin:react-native-gradle-plugin:processResources (Thread[Execution worker Thread 7,5,main]) started.
:gradle-plugin:react-native-gradle-plugin:processResources (Thread[Execution worker Thread 7,5,main]) started.

> Task :gradle-plugin:react-native-gradle-plugin:processResources UP-TO-DATE
Caching disabled for task ':gradle-plugin:react-native-gradle-plugin:processResources' because:
  Build cache is disabled
  Not worth caching
Skipping task ':gradle-plugin:react-native-gradle-plugin:processResources' as it is up-to-date.
Resolve mutations for :gradle-plugin:react-native-gradle-plugin:classes (Thread[Execution worker Thread 7,5,main]) started.
:gradle-plugin:react-native-gradle-plugin:classes (Thread[Execution worker Thread 7,5,main]) started.

> Task :gradle-plugin:react-native-gradle-plugin:classes UP-TO-DATE
Skipping task ':gradle-plugin:react-native-gradle-plugin:classes' as it has no actions.
Resolve mutations for :gradle-plugin:react-native-gradle-plugin:jar (Thread[Execution worker Thread 7,5,main]) started.
:gradle-plugin:react-native-gradle-plugin:jar (Thread[Execution worker Thread 7,5,main]) started.

> Task :gradle-plugin:react-native-gradle-plugin:jar UP-TO-DATE
Caching disabled for task ':gradle-plugin:react-native-gradle-plugin:jar' because:
  Build cache is disabled
  Not worth caching
Skipping task ':gradle-plugin:react-native-gradle-plugin:jar' as it is up-to-date.

> Configure project :app
Evaluating project ':app' using build file '/Users/oem/Projects/KapraDaily/android/app/build.gradle'.
Using default execution profile
Build fa284088-d393-4a1d-a00e-7f935ed40027 is started
Using Kotlin Gradle Plugin gradle85 variant
C/C++: android.ndkVersion from module build.gradle is [25.1.8937393]
C/C++: android.ndkPath from module build.gradle is not set
C/C++: ndk.dir in local.properties is not set
C/C++: Not considering ANDROID_NDK_HOME because support was removed after deprecation period.
C/C++: sdkFolder is /Users/oem/Library/Android/sdk
C/C++: android.ndkVersion from module build.gradle is [25.1.8937393]
C/C++: android.ndkPath from module build.gradle is not set
C/C++: ndk.dir in local.properties is not set
C/C++: Not considering ANDROID_NDK_HOME because support was removed after deprecation period.
C/C++: sdkFolder is /Users/oem/Library/Android/sdk
C/C++: android.ndkVersion from module build.gradle is [25.1.8937393]
C/C++: android.ndkPath from module build.gradle is not set
C/C++: ndk.dir in local.properties is not set
C/C++: Not considering ANDROID_NDK_HOME because support was removed after deprecation period.
C/C++: sdkFolder is /Users/oem/Library/Android/sdk
C/C++: android.ndkVersion from module build.gradle is [25.1.8937393]
C/C++: android.ndkPath from module build.gradle is not set
C/C++: ndk.dir in local.properties is not set
C/C++: Not considering ANDROID_NDK_HOME because support was removed after deprecation period.
C/C++: sdkFolder is /Users/oem/Library/Android/sdk
C/C++: android.ndkVersion from module build.gradle is [25.1.8937393]
C/C++: android.ndkPath from module build.gradle is not set
C/C++: ndk.dir in local.properties is not set
C/C++: Not considering ANDROID_NDK_HOME because support was removed after deprecation period.
C/C++: sdkFolder is /Users/oem/Library/Android/sdk
C/C++: android.ndkVersion from module build.gradle is [25.1.8937393]
C/C++: android.ndkPath from module build.gradle is not set
C/C++: ndk.dir in local.properties is not set
C/C++: Not considering ANDROID_NDK_HOME because support was removed after deprecation period.
C/C++: sdkFolder is /Users/oem/Library/Android/sdk
C/C++: android.ndkVersion from module build.gradle is [25.1.8937393]
C/C++: android.ndkPath from module build.gradle is not set
C/C++: ndk.dir in local.properties is not set
C/C++: Not considering ANDROID_NDK_HOME because support was removed after deprecation period.
C/C++: sdkFolder is /Users/oem/Library/Android/sdk
C/C++: android.ndkVersion from module build.gradle is [25.1.8937393]
C/C++: android.ndkPath from module build.gradle is not set
C/C++: ndk.dir in local.properties is not set
C/C++: Not considering ANDROID_NDK_HOME because support was removed after deprecation period.
C/C++: sdkFolder is /Users/oem/Library/Android/sdk
C/C++: android.ndkVersion from module build.gradle is [25.1.8937393]
C/C++: android.ndkPath from module build.gradle is not set
C/C++: ndk.dir in local.properties is not set
C/C++: Not considering ANDROID_NDK_HOME because support was removed after deprecation period.
C/C++: sdkFolder is /Users/oem/Library/Android/sdk
C/C++: android.ndkVersion from module build.gradle is [25.1.8937393]
C/C++: android.ndkPath from module build.gradle is not set
C/C++: ndk.dir in local.properties is not set
C/C++: Not considering ANDROID_NDK_HOME because support was removed after deprecation period.
C/C++: sdkFolder is /Users/oem/Library/Android/sdk
C/C++: android.ndkVersion from module build.gradle is [25.1.8937393]
C/C++: android.ndkPath from module build.gradle is not set
C/C++: ndk.dir in local.properties is not set
C/C++: Not considering ANDROID_NDK_HOME because support was removed after deprecation period.
C/C++: sdkFolder is /Users/oem/Library/Android/sdk
C/C++: android.ndkVersion from module build.gradle is [25.1.8937393]
C/C++: android.ndkPath from module build.gradle is not set
C/C++: ndk.dir in local.properties is not set
C/C++: Not considering ANDROID_NDK_HOME because support was removed after deprecation period.
C/C++: sdkFolder is /Users/oem/Library/Android/sdk
C/C++: android.ndkVersion from module build.gradle is [25.1.8937393]
C/C++: android.ndkPath from module build.gradle is not set
C/C++: ndk.dir in local.properties is not set
C/C++: Not considering ANDROID_NDK_HOME because support was removed after deprecation period.
C/C++: sdkFolder is /Users/oem/Library/Android/sdk
C/C++: android.ndkVersion from module build.gradle is [25.1.8937393]
C/C++: android.ndkPath from module build.gradle is not set
C/C++: ndk.dir in local.properties is not set
C/C++: Not considering ANDROID_NDK_HOME because support was removed after deprecation period.
C/C++: sdkFolder is /Users/oem/Library/Android/sdk
C/C++: android.ndkVersion from module build.gradle is [25.1.8937393]
C/C++: android.ndkPath from module build.gradle is not set
C/C++: ndk.dir in local.properties is not set
C/C++: Not considering ANDROID_NDK_HOME because support was removed after deprecation period.
C/C++: sdkFolder is /Users/oem/Library/Android/sdk
C/C++: android.ndkVersion from module build.gradle is [25.1.8937393]
C/C++: android.ndkPath from module build.gradle is not set
C/C++: ndk.dir in local.properties is not set
C/C++: Not considering ANDROID_NDK_HOME because support was removed after deprecation period.
C/C++: sdkFolder is /Users/oem/Library/Android/sdk

> Configure project :
Evaluating root project 'KapraDaily' using build file '/Users/oem/Projects/KapraDaily/android/build.gradle'.
Found project 'project :gradle-plugin:react-native-gradle-plugin' as substitute for module 'com.facebook.react:react-native-gradle-plugin'.
Ignoring listeners of task graph ready event, as this build (:gradle-plugin) has already executed work.

> Configure project :lottie-react-native
Evaluating project ':lottie-react-native' using build file '/Users/oem/Projects/KapraDaily/node_modules/lottie-react-native/android/build.gradle'.
Using default execution profile
Using Kotlin Gradle Plugin gradle85 variant

> Configure project :react-native-async-storage_async-storage
Evaluating project ':react-native-async-storage_async-storage' using build file '/Users/oem/Projects/KapraDaily/node_modules/@react-native-async-storage/async-storage/android/build.gradle'.
Using default execution profile
[AsyncStorage] Config used: {kotlinVersion=2.1.20, kspVersion=1.9.24-1.0.20, roomVersion=2.6.1, minSdkVersion=24, targetSdkVersion=36, compileSdkVersion=36, useNextStorage=false, databaseSizeMB=6, isNewArchitectureEnabled=true, useDedicatedExecutor=false}

> Configure project :react-native-community_blur
Evaluating project ':react-native-community_blur' using build file '/Users/oem/Projects/KapraDaily/node_modules/@react-native-community/blur/android/build.gradle'.
Using default execution profile
:react-native-community_blur:reactNativeAndroidRoot /Users/oem/Projects/KapraDaily/node_modules/react-native

> Configure project :react-native-community_geolocation
Evaluating project ':react-native-community_geolocation' using build file '/Users/oem/Projects/KapraDaily/node_modules/@react-native-community/geolocation/android/build.gradle'.
Using default execution profile
:react-native-community_geolocation:reactNativeAndroidRoot /Users/oem/Projects/KapraDaily/node_modules/react-native

> Configure project :react-native-device-info
Evaluating project ':react-native-device-info' using build file '/Users/oem/Projects/KapraDaily/node_modules/react-native-device-info/android/build.gradle'.
Using default execution profile

> Configure project :react-native-fast-image
Evaluating project ':react-native-fast-image' using build file '/Users/oem/Projects/KapraDaily/node_modules/react-native-fast-image/android/build.gradle'.
Using default execution profile

> Configure project :react-native-linear-gradient
Evaluating project ':react-native-linear-gradient' using build file '/Users/oem/Projects/KapraDaily/node_modules/react-native-linear-gradient/android/build.gradle'.
Using default execution profile

> Configure project :react-native-maps
Evaluating project ':react-native-maps' using build file '/Users/oem/Projects/KapraDaily/node_modules/react-native-maps/android/build.gradle'.
Using default execution profile
Using Kotlin Gradle Plugin gradle85 variant

> Configure project :react-native-onesignal
Evaluating project ':react-native-onesignal' using build file '/Users/oem/Projects/KapraDaily/node_modules/react-native-onesignal/android/build.gradle'.
Using default execution profile

> Configure project :react-native-otp-verify
Evaluating project ':react-native-otp-verify' using build file '/Users/oem/Projects/KapraDaily/node_modules/react-native-otp-verify/android/build.gradle'.
Using default execution profile

> Configure project :react-native-permissions
Evaluating project ':react-native-permissions' using build file '/Users/oem/Projects/KapraDaily/node_modules/react-native-permissions/android/build.gradle'.
Using default execution profile
Using Kotlin Gradle Plugin gradle85 variant

> Configure project :react-native-razorpay
Evaluating project ':react-native-razorpay' using build file '/Users/oem/Projects/KapraDaily/node_modules/react-native-razorpay/android/build.gradle'.
Using default execution profile

> Configure project :react-native-safe-area-context
Evaluating project ':react-native-safe-area-context' using build file '/Users/oem/Projects/KapraDaily/node_modules/react-native-safe-area-context/android/build.gradle'.
Using default execution profile
Using Kotlin Gradle Plugin gradle85 variant

> Configure project :react-native-screens
Evaluating project ':react-native-screens' using build file '/Users/oem/Projects/KapraDaily/node_modules/react-native-screens/android/build.gradle'.
Using default execution profile
Using Kotlin Gradle Plugin gradle85 variant
C/C++: android.ndkVersion from module build.gradle is [25.1.8937393]
C/C++: android.ndkPath from module build.gradle is not set
C/C++: ndk.dir in local.properties is not set
C/C++: Not considering ANDROID_NDK_HOME because support was removed after deprecation period.
C/C++: sdkFolder is /Users/oem/Library/Android/sdk
C/C++: android.ndkVersion from module build.gradle is [25.1.8937393]
C/C++: android.ndkPath from module build.gradle is not set
C/C++: ndk.dir in local.properties is not set
C/C++: Not considering ANDROID_NDK_HOME because support was removed after deprecation period.
C/C++: sdkFolder is /Users/oem/Library/Android/sdk
C/C++: android.ndkVersion from module build.gradle is [25.1.8937393]
C/C++: android.ndkPath from module build.gradle is not set
C/C++: ndk.dir in local.properties is not set
C/C++: Not considering ANDROID_NDK_HOME because support was removed after deprecation period.
C/C++: sdkFolder is /Users/oem/Library/Android/sdk
C/C++: android.ndkVersion from module build.gradle is [25.1.8937393]
C/C++: android.ndkPath from module build.gradle is not set
C/C++: ndk.dir in local.properties is not set
C/C++: Not considering ANDROID_NDK_HOME because support was removed after deprecation period.
C/C++: sdkFolder is /Users/oem/Library/Android/sdk
C/C++: android.ndkVersion from module build.gradle is [25.1.8937393]
C/C++: android.ndkPath from module build.gradle is not set
C/C++: ndk.dir in local.properties is not set
C/C++: Not considering ANDROID_NDK_HOME because support was removed after deprecation period.
C/C++: sdkFolder is /Users/oem/Library/Android/sdk
C/C++: android.ndkVersion from module build.gradle is [25.1.8937393]
C/C++: android.ndkPath from module build.gradle is not set
C/C++: ndk.dir in local.properties is not set
C/C++: Not considering ANDROID_NDK_HOME because support was removed after deprecation period.
C/C++: sdkFolder is /Users/oem/Library/Android/sdk
C/C++: android.ndkVersion from module build.gradle is [25.1.8937393]
C/C++: android.ndkPath from module build.gradle is not set
C/C++: ndk.dir in local.properties is not set
C/C++: Not considering ANDROID_NDK_HOME because support was removed after deprecation period.
C/C++: sdkFolder is /Users/oem/Library/Android/sdk
C/C++: android.ndkVersion from module build.gradle is [25.1.8937393]
C/C++: android.ndkPath from module build.gradle is not set
C/C++: ndk.dir in local.properties is not set
C/C++: Not considering ANDROID_NDK_HOME because support was removed after deprecation period.
C/C++: sdkFolder is /Users/oem/Library/Android/sdk
C/C++: android.ndkVersion from module build.gradle is [25.1.8937393]
C/C++: android.ndkPath from module build.gradle is not set
C/C++: ndk.dir in local.properties is not set
C/C++: Not considering ANDROID_NDK_HOME because support was removed after deprecation period.
C/C++: sdkFolder is /Users/oem/Library/Android/sdk
C/C++: android.ndkVersion from module build.gradle is [25.1.8937393]
C/C++: android.ndkPath from module build.gradle is not set
C/C++: ndk.dir in local.properties is not set
C/C++: Not considering ANDROID_NDK_HOME because support was removed after deprecation period.
C/C++: sdkFolder is /Users/oem/Library/Android/sdk
C/C++: android.ndkVersion from module build.gradle is [25.1.8937393]
C/C++: android.ndkPath from module build.gradle is not set
C/C++: ndk.dir in local.properties is not set
C/C++: Not considering ANDROID_NDK_HOME because support was removed after deprecation period.
C/C++: sdkFolder is /Users/oem/Library/Android/sdk

> Configure project :react-native-svg
Evaluating project ':react-native-svg' using build file '/Users/oem/Projects/KapraDaily/node_modules/react-native-svg/android/build.gradle'.
Using default execution profile
Starting process 'command 'node''. Working directory: /Users/oem/Projects/KapraDaily/android Command: node --print require.resolve('react-native/package.json')
Successfully started process 'command 'node''
Starting process 'command 'node''. Working directory: /Users/oem/Projects/KapraDaily/android Command: node --print require.resolve('react-native/package.json')
Successfully started process 'command 'node''

> Configure project :react-native-vector-icons
Evaluating project ':react-native-vector-icons' using build file '/Users/oem/Projects/KapraDaily/node_modules/react-native-vector-icons/android/build.gradle'.
Using default execution profile
All projects evaluated.
Task name matched 'assembleDebug'
Selected primary task 'assembleDebug' from project :
Starting process 'command '/usr/libexec/java_home''. Working directory: /Users/oem/.gradle/daemon/8.13 Command: /usr/libexec/java_home -V
Successfully started process 'command '/usr/libexec/java_home''
Adding -Xuse-inline-scopes-numbers Kotlin compiler flag for task :app:compileDebugKotlin
file or directory '/Users/oem/Projects/KapraDaily/node_modules/react-native-onesignal/android/libs', not found
file or directory '/Users/oem/Projects/KapraDaily/node_modules/react-native-onesignal/android/libs', not found
file or directory '/Users/oem/Projects/KapraDaily/node_modules/react-native-onesignal/android/libs', not found
file or directory '/Users/oem/Projects/KapraDaily/node_modules/react-native-onesignal/android/libs', not found
Tasks to be executed: [task ':app:generateAutolinkingNewArchitectureFiles', task ':app:generateAutolinkingPackageList', task ':app:generateCodegenSchemaFromJavaScript', task ':app:generateCodegenArtifactsFromSchema', task ':app:generateReactNativeEntryPoint', task ':lottie-react-native:generateCodegenSchemaFromJavaScript', task ':lottie-react-native:generateCodegenArtifactsFromSchema', task ':lottie-react-native:preBuild', task ':react-native-async-storage_async-storage:generateCodegenSchemaFromJavaScript', task ':react-native-async-storage_async-storage:generateCodegenArtifactsFromSchema', task ':react-native-async-storage_async-storage:preBuild', task ':react-native-community_blur:preBuild', task ':react-native-community_geolocation:preBuild', task ':react-native-device-info:preBuild', task ':react-native-fast-image:preBuild', task ':react-native-linear-gradient:preBuild', task ':react-native-maps:generateCodegenSchemaFromJavaScript', task ':react-native-maps:generateCodegenArtifactsFromSchema', task ':react-native-maps:preBuild', task ':react-native-onesignal:preBuild', task ':react-native-otp-verify:preBuild', task ':react-native-permissions:generateCodegenSchemaFromJavaScript', task ':react-native-permissions:generateCodegenArtifactsFromSchema', task ':react-native-permissions:preBuild', task ':react-native-razorpay:preBuild', task ':react-native-safe-area-context:generateCodegenSchemaFromJavaScript', task ':react-native-safe-area-context:generateCodegenArtifactsFromSchema', task ':react-native-safe-area-context:preBuild', task ':react-native-screens:generateCodegenSchemaFromJavaScript', task ':react-native-screens:generateCodegenArtifactsFromSchema', task ':react-native-screens:preBuild', task ':react-native-svg:generateCodegenSchemaFromJavaScript', task ':react-native-svg:generateCodegenArtifactsFromSchema', task ':react-native-svg:preBuild', task ':react-native-vector-icons:generateCodegenSchemaFromJavaScript', task ':react-native-vector-icons:generateCodegenArtifactsFromSchema', task ':react-native-vector-icons:preBuild', task ':app:preBuild', task ':app:preDebugBuild', task ':app:mergeDebugNativeDebugMetadata', task ':app:checkKotlinGradlePluginConfigurationErrors', task ':app:generateDebugBuildConfig', task ':lottie-react-native:preDebugBuild', task ':lottie-react-native:writeDebugAarMetadata', task ':react-native-async-storage_async-storage:preDebugBuild', task ':react-native-async-storage_async-storage:writeDebugAarMetadata', task ':react-native-community_blur:preDebugBuild', task ':react-native-community_blur:writeDebugAarMetadata', task ':react-native-community_geolocation:preDebugBuild', task ':react-native-community_geolocation:writeDebugAarMetadata', task ':react-native-device-info:preDebugBuild', task ':react-native-device-info:writeDebugAarMetadata', task ':react-native-fast-image:preDebugBuild', task ':react-native-fast-image:writeDebugAarMetadata', task ':react-native-linear-gradient:preDebugBuild', task ':react-native-linear-gradient:writeDebugAarMetadata', task ':react-native-maps:preDebugBuild', task ':react-native-maps:writeDebugAarMetadata', task ':react-native-onesignal:preDebugBuild', task ':react-native-onesignal:writeDebugAarMetadata', task ':react-native-otp-verify:preDebugBuild', task ':react-native-otp-verify:writeDebugAarMetadata', task ':react-native-permissions:preDebugBuild', task ':react-native-permissions:writeDebugAarMetadata', task ':react-native-razorpay:preDebugBuild', task ':react-native-razorpay:writeDebugAarMetadata', task ':react-native-safe-area-context:preDebugBuild', task ':react-native-safe-area-context:writeDebugAarMetadata', task ':react-native-screens:preDebugBuild', task ':react-native-screens:writeDebugAarMetadata', task ':react-native-svg:preDebugBuild', task ':react-native-svg:writeDebugAarMetadata', task ':react-native-vector-icons:preDebugBuild', task ':react-native-vector-icons:writeDebugAarMetadata', task ':app:checkDebugAarMetadata', task ':app:generateDebugResValues', task ':lottie-react-native:generateDebugResValues', task ':lottie-react-native:generateDebugResources', task ':lottie-react-native:packageDebugResources', task ':react-native-async-storage_async-storage:generateDebugResValues', task ':react-native-async-storage_async-storage:generateDebugResources', task ':react-native-async-storage_async-storage:packageDebugResources', task ':react-native-community_blur:generateDebugResValues', task ':react-native-community_blur:generateDebugResources', task ':react-native-community_blur:packageDebugResources', task ':react-native-community_geolocation:generateDebugResValues', task ':react-native-community_geolocation:generateDebugResources', task ':react-native-community_geolocation:packageDebugResources', task ':react-native-device-info:generateDebugResValues', task ':react-native-device-info:generateDebugResources', task ':react-native-device-info:packageDebugResources', task ':react-native-fast-image:generateDebugResValues', task ':react-native-fast-image:generateDebugResources', task ':react-native-fast-image:packageDebugResources', task ':react-native-linear-gradient:generateDebugResValues', task ':react-native-linear-gradient:generateDebugResources', task ':react-native-linear-gradient:packageDebugResources', task ':react-native-maps:generateDebugResValues', task ':react-native-maps:generateDebugResources', task ':react-native-maps:packageDebugResources', task ':react-native-onesignal:generateDebugResValues', task ':react-native-onesignal:generateDebugResources', task ':react-native-onesignal:packageDebugResources', task ':react-native-otp-verify:generateDebugResValues', task ':react-native-otp-verify:generateDebugResources', task ':react-native-otp-verify:packageDebugResources', task ':react-native-permissions:generateDebugResValues', task ':react-native-permissions:generateDebugResources', task ':react-native-permissions:packageDebugResources', task ':react-native-razorpay:generateDebugResValues', task ':react-native-razorpay:generateDebugResources', task ':react-native-razorpay:packageDebugResources', task ':react-native-safe-area-context:generateDebugResValues', task ':react-native-safe-area-context:generateDebugResources', task ':react-native-safe-area-context:packageDebugResources', task ':react-native-screens:generateDebugResValues', task ':react-native-screens:generateDebugResources', task ':react-native-screens:packageDebugResources', task ':react-native-svg:generateDebugResValues', task ':react-native-svg:generateDebugResources', task ':react-native-svg:packageDebugResources', task ':react-native-vector-icons:generateDebugResValues', task ':react-native-vector-icons:generateDebugResources', task ':react-native-vector-icons:packageDebugResources', task ':app:mapDebugSourceSetPaths', task ':app:generateDebugResources', task ':app:mergeDebugResources', task ':app:packageDebugResources', task ':app:parseDebugLocalResources', task ':app:createDebugCompatibleScreenManifests', task ':app:extractDeepLinksDebug', task ':lottie-react-native:extractDeepLinksDebug', task ':lottie-react-native:processDebugManifest', task ':react-native-async-storage_async-storage:extractDeepLinksDebug', task ':react-native-async-storage_async-storage:processDebugManifest', task ':react-native-community_blur:extractDeepLinksDebug', task ':react-native-community_blur:processDebugManifest', task ':react-native-community_geolocation:extractDeepLinksDebug', task ':react-native-community_geolocation:processDebugManifest', task ':react-native-device-info:extractDeepLinksDebug', task ':react-native-device-info:processDebugManifest', task ':react-native-fast-image:extractDeepLinksDebug', task ':react-native-fast-image:processDebugManifest', task ':react-native-linear-gradient:extractDeepLinksDebug', task ':react-native-linear-gradient:processDebugManifest', task ':react-native-maps:extractDeepLinksDebug', task ':react-native-maps:processDebugManifest', task ':react-native-onesignal:extractDeepLinksDebug', task ':react-native-onesignal:processDebugManifest', task ':react-native-otp-verify:extractDeepLinksDebug', task ':react-native-otp-verify:processDebugManifest', task ':react-native-permissions:extractDeepLinksDebug', task ':react-native-permissions:processDebugManifest', task ':react-native-razorpay:extractDeepLinksDebug', task ':react-native-razorpay:processDebugManifest', task ':react-native-safe-area-context:extractDeepLinksDebug', task ':react-native-safe-area-context:processDebugManifest', task ':react-native-screens:extractDeepLinksDebug', task ':react-native-screens:processDebugManifest', task ':react-native-svg:extractDeepLinksDebug', task ':react-native-svg:processDebugManifest', task ':react-native-vector-icons:extractDeepLinksDebug', task ':react-native-vector-icons:processDebugManifest', task ':app:processDebugMainManifest', task ':app:processDebugManifest', task ':app:processDebugManifestForPackage', task ':lottie-react-native:compileDebugLibraryResources', task ':lottie-react-native:parseDebugLocalResources', task ':lottie-react-native:generateDebugRFile', task ':react-native-async-storage_async-storage:compileDebugLibraryResources', task ':react-native-async-storage_async-storage:parseDebugLocalResources', task ':react-native-async-storage_async-storage:generateDebugRFile', task ':react-native-community_blur:compileDebugLibraryResources', task ':react-native-community_blur:parseDebugLocalResources', task ':react-native-community_blur:generateDebugRFile', task ':react-native-community_geolocation:compileDebugLibraryResources', task ':react-native-community_geolocation:parseDebugLocalResources', task ':react-native-community_geolocation:generateDebugRFile', task ':react-native-device-info:compileDebugLibraryResources', task ':react-native-device-info:parseDebugLocalResources', task ':react-native-device-info:generateDebugRFile', task ':react-native-fast-image:compileDebugLibraryResources', task ':react-native-fast-image:parseDebugLocalResources', task ':react-native-fast-image:generateDebugRFile', task ':react-native-linear-gradient:compileDebugLibraryResources', task ':react-native-linear-gradient:parseDebugLocalResources', task ':react-native-linear-gradient:generateDebugRFile', task ':react-native-maps:compileDebugLibraryResources', task ':react-native-maps:parseDebugLocalResources', task ':react-native-maps:generateDebugRFile', task ':react-native-onesignal:compileDebugLibraryResources', task ':react-native-onesignal:parseDebugLocalResources', task ':react-native-onesignal:generateDebugRFile', task ':react-native-otp-verify:compileDebugLibraryResources', task ':react-native-otp-verify:parseDebugLocalResources', task ':react-native-otp-verify:generateDebugRFile', task ':react-native-permissions:compileDebugLibraryResources', task ':react-native-permissions:parseDebugLocalResources', task ':react-native-permissions:generateDebugRFile', task ':react-native-razorpay:compileDebugLibraryResources', task ':react-native-razorpay:parseDebugLocalResources', task ':react-native-razorpay:generateDebugRFile', task ':react-native-safe-area-context:compileDebugLibraryResources', task ':react-native-safe-area-context:parseDebugLocalResources', task ':react-native-safe-area-context:generateDebugRFile', task ':react-native-screens:compileDebugLibraryResources', task ':react-native-screens:parseDebugLocalResources', task ':react-native-screens:generateDebugRFile', task ':react-native-svg:compileDebugLibraryResources', task ':react-native-svg:parseDebugLocalResources', task ':react-native-svg:generateDebugRFile', task ':react-native-vector-icons:compileDebugLibraryResources', task ':react-native-vector-icons:parseDebugLocalResources', task ':react-native-vector-icons:generateDebugRFile', task ':app:processDebugResources', task ':lottie-react-native:checkKotlinGradlePluginConfigurationErrors', task ':lottie-react-native:generateDebugBuildConfig', task ':lottie-react-native:compileDebugKotlin', task ':lottie-react-native:javaPreCompileDebug', task ':lottie-react-native:compileDebugJavaWithJavac', task ':lottie-react-native:bundleLibCompileToJarDebug', task ':react-native-async-storage_async-storage:generateDebugBuildConfig', task ':react-native-async-storage_async-storage:javaPreCompileDebug', task ':react-native-async-storage_async-storage:compileDebugJavaWithJavac', task ':react-native-async-storage_async-storage:bundleLibCompileToJarDebug', task ':react-native-community_blur:generateDebugBuildConfig', task ':react-native-community_blur:javaPreCompileDebug', task ':react-native-community_blur:compileDebugJavaWithJavac', task ':react-native-community_blur:bundleLibCompileToJarDebug', task ':react-native-community_geolocation:generateDebugBuildConfig', task ':react-native-community_geolocation:javaPreCompileDebug', task ':react-native-community_geolocation:compileDebugJavaWithJavac', task ':react-native-community_geolocation:bundleLibCompileToJarDebug', task ':react-native-device-info:generateDebugBuildConfig', task ':react-native-device-info:javaPreCompileDebug', task ':react-native-device-info:compileDebugJavaWithJavac', task ':react-native-device-info:bundleLibCompileToJarDebug', task ':react-native-fast-image:generateDebugBuildConfig', task ':react-native-fast-image:javaPreCompileDebug', task ':react-native-fast-image:compileDebugJavaWithJavac', task ':react-native-fast-image:bundleLibCompileToJarDebug', task ':react-native-linear-gradient:generateDebugBuildConfig', task ':react-native-linear-gradient:javaPreCompileDebug', task ':react-native-linear-gradient:compileDebugJavaWithJavac', task ':react-native-linear-gradient:bundleLibCompileToJarDebug', task ':react-native-maps:checkKotlinGradlePluginConfigurationErrors', task ':react-native-maps:generateDebugBuildConfig', task ':react-native-maps:compileDebugKotlin', task ':react-native-maps:javaPreCompileDebug', task ':react-native-maps:compileDebugJavaWithJavac', task ':react-native-maps:bundleLibCompileToJarDebug', task ':react-native-onesignal:generateDebugBuildConfig', task ':react-native-onesignal:javaPreCompileDebug', task ':react-native-onesignal:compileDebugJavaWithJavac', task ':react-native-onesignal:bundleLibCompileToJarDebug', task ':react-native-otp-verify:generateDebugBuildConfig', task ':react-native-otp-verify:javaPreCompileDebug', task ':react-native-otp-verify:compileDebugJavaWithJavac', task ':react-native-otp-verify:bundleLibCompileToJarDebug', task ':react-native-permissions:checkKotlinGradlePluginConfigurationErrors', task ':react-native-permissions:generateDebugBuildConfig', task ':react-native-permissions:compileDebugKotlin', task ':react-native-permissions:javaPreCompileDebug', task ':react-native-permissions:compileDebugJavaWithJavac', task ':react-native-permissions:bundleLibCompileToJarDebug', task ':react-native-razorpay:generateDebugBuildConfig', task ':react-native-razorpay:javaPreCompileDebug', task ':react-native-razorpay:compileDebugJavaWithJavac', task ':react-native-razorpay:bundleLibCompileToJarDebug', task ':react-native-safe-area-context:checkKotlinGradlePluginConfigurationErrors', task ':react-native-safe-area-context:generateDebugBuildConfig', task ':react-native-safe-area-context:compileDebugKotlin', task ':react-native-safe-area-context:javaPreCompileDebug', task ':react-native-safe-area-context:compileDebugJavaWithJavac', task ':react-native-safe-area-context:bundleLibCompileToJarDebug', task ':react-native-screens:checkKotlinGradlePluginConfigurationErrors', task ':react-native-screens:generateDebugBuildConfig', task ':react-native-screens:compileDebugKotlin', task ':react-native-screens:javaPreCompileDebug', task ':react-native-screens:compileDebugJavaWithJavac', task ':react-native-screens:bundleLibCompileToJarDebug', task ':react-native-svg:generateDebugBuildConfig', task ':react-native-svg:javaPreCompileDebug', task ':react-native-svg:compileDebugJavaWithJavac', task ':react-native-svg:bundleLibCompileToJarDebug', task ':react-native-vector-icons:generateDebugBuildConfig', task ':react-native-vector-icons:javaPreCompileDebug', task ':react-native-vector-icons:compileDebugJavaWithJavac', task ':react-native-vector-icons:bundleLibCompileToJarDebug', task ':app:compileDebugKotlin', task ':app:javaPreCompileDebug', task ':app:compileDebugJavaWithJavac', task ':app:mergeDebugShaders', task ':app:compileDebugShaders', task ':app:copyReactNativeVectorIconFonts', task ':app:generateDebugAssets', task ':lottie-react-native:mergeDebugShaders', task ':lottie-react-native:compileDebugShaders', task ':lottie-react-native:generateDebugAssets', task ':lottie-react-native:mergeDebugAssets', task ':react-native-async-storage_async-storage:mergeDebugShaders', task ':react-native-async-storage_async-storage:compileDebugShaders', task ':react-native-async-storage_async-storage:generateDebugAssets', task ':react-native-async-storage_async-storage:mergeDebugAssets', task ':react-native-community_blur:mergeDebugShaders', task ':react-native-community_blur:compileDebugShaders', task ':react-native-community_blur:generateDebugAssets', task ':react-native-community_blur:mergeDebugAssets', task ':react-native-community_geolocation:mergeDebugShaders', task ':react-native-community_geolocation:compileDebugShaders', task ':react-native-community_geolocation:generateDebugAssets', task ':react-native-community_geolocation:mergeDebugAssets', task ':react-native-device-info:mergeDebugShaders', task ':react-native-device-info:compileDebugShaders', task ':react-native-device-info:generateDebugAssets', task ':react-native-device-info:mergeDebugAssets', task ':react-native-fast-image:mergeDebugShaders', task ':react-native-fast-image:compileDebugShaders', task ':react-native-fast-image:generateDebugAssets', task ':react-native-fast-image:mergeDebugAssets', task ':react-native-linear-gradient:mergeDebugShaders', task ':react-native-linear-gradient:compileDebugShaders', task ':react-native-linear-gradient:generateDebugAssets', task ':react-native-linear-gradient:mergeDebugAssets', task ':react-native-maps:mergeDebugShaders', task ':react-native-maps:compileDebugShaders', task ':react-native-maps:generateDebugAssets', task ':react-native-maps:mergeDebugAssets', task ':react-native-onesignal:mergeDebugShaders', task ':react-native-onesignal:compileDebugShaders', task ':react-native-onesignal:generateDebugAssets', task ':react-native-onesignal:mergeDebugAssets', task ':react-native-otp-verify:mergeDebugShaders', task ':react-native-otp-verify:compileDebugShaders', task ':react-native-otp-verify:generateDebugAssets', task ':react-native-otp-verify:mergeDebugAssets', task ':react-native-permissions:mergeDebugShaders', task ':react-native-permissions:compileDebugShaders', task ':react-native-permissions:generateDebugAssets', task ':react-native-permissions:mergeDebugAssets', task ':react-native-razorpay:mergeDebugShaders', task ':react-native-razorpay:compileDebugShaders', task ':react-native-razorpay:generateDebugAssets', task ':react-native-razorpay:mergeDebugAssets', task ':react-native-safe-area-context:mergeDebugShaders', task ':react-native-safe-area-context:compileDebugShaders', task ':react-native-safe-area-context:generateDebugAssets', task ':react-native-safe-area-context:mergeDebugAssets', task ':react-native-screens:mergeDebugShaders', task ':react-native-screens:compileDebugShaders', task ':react-native-screens:generateDebugAssets', task ':react-native-screens:mergeDebugAssets', task ':react-native-svg:mergeDebugShaders', task ':react-native-svg:compileDebugShaders', task ':react-native-svg:generateDebugAssets', task ':react-native-svg:mergeDebugAssets', task ':react-native-vector-icons:mergeDebugShaders', task ':react-native-vector-icons:compileDebugShaders', task ':react-native-vector-icons:generateDebugAssets', task ':react-native-vector-icons:mergeDebugAssets', task ':app:mergeDebugAssets', task ':app:compressDebugAssets', task ':lottie-react-native:bundleLibRuntimeToJarDebug', task ':react-native-maps:bundleLibRuntimeToJarDebug', task ':react-native-permissions:bundleLibRuntimeToJarDebug', task ':react-native-safe-area-context:bundleLibRuntimeToJarDebug', task ':react-native-screens:bundleLibRuntimeToJarDebug', task ':react-native-async-storage_async-storage:bundleLibRuntimeToJarDebug', task ':react-native-community_blur:bundleLibRuntimeToJarDebug', task ':react-native-community_geolocation:bundleLibRuntimeToJarDebug', task ':react-native-device-info:bundleLibRuntimeToJarDebug', task ':react-native-fast-image:bundleLibRuntimeToJarDebug', task ':react-native-linear-gradient:bundleLibRuntimeToJarDebug', task ':react-native-onesignal:bundleLibRuntimeToJarDebug', task ':react-native-otp-verify:bundleLibRuntimeToJarDebug', task ':react-native-razorpay:bundleLibRuntimeToJarDebug', task ':react-native-svg:bundleLibRuntimeToJarDebug', task ':react-native-vector-icons:bundleLibRuntimeToJarDebug', task ':app:desugarDebugFileDependencies', task ':app:dexBuilderDebug', task ':app:mergeDebugGlobalSynthetics', task ':app:processDebugJavaRes', task ':lottie-react-native:processDebugJavaRes', task ':react-native-async-storage_async-storage:processDebugJavaRes', task ':react-native-community_blur:processDebugJavaRes', task ':react-native-community_geolocation:processDebugJavaRes', task ':react-native-device-info:processDebugJavaRes', task ':react-native-fast-image:processDebugJavaRes', task ':react-native-linear-gradient:processDebugJavaRes', task ':react-native-maps:processDebugJavaRes', task ':react-native-onesignal:processDebugJavaRes', task ':react-native-otp-verify:processDebugJavaRes', task ':react-native-permissions:processDebugJavaRes', task ':react-native-razorpay:processDebugJavaRes', task ':react-native-safe-area-context:processDebugJavaRes', task ':react-native-screens:processDebugJavaRes', task ':react-native-svg:processDebugJavaRes', task ':react-native-vector-icons:processDebugJavaRes', task ':app:mergeDebugJavaResource', task ':app:checkDebugDuplicateClasses', task ':app:mergeExtDexDebug', task ':lottie-react-native:bundleLibRuntimeToDirDebug', task ':react-native-maps:bundleLibRuntimeToDirDebug', task ':react-native-permissions:bundleLibRuntimeToDirDebug', task ':react-native-safe-area-context:bundleLibRuntimeToDirDebug', task ':react-native-screens:bundleLibRuntimeToDirDebug', task ':react-native-async-storage_async-storage:bundleLibRuntimeToDirDebug', task ':react-native-community_blur:bundleLibRuntimeToDirDebug', task ':react-native-community_geolocation:bundleLibRuntimeToDirDebug', task ':react-native-device-info:bundleLibRuntimeToDirDebug', task ':react-native-fast-image:bundleLibRuntimeToDirDebug', task ':react-native-linear-gradient:bundleLibRuntimeToDirDebug', task ':react-native-onesignal:bundleLibRuntimeToDirDebug', task ':react-native-otp-verify:bundleLibRuntimeToDirDebug', task ':react-native-razorpay:bundleLibRuntimeToDirDebug', task ':react-native-svg:bundleLibRuntimeToDirDebug', task ':react-native-vector-icons:bundleLibRuntimeToDirDebug', task ':app:mergeLibDexDebug', task ':app:mergeProjectDexDebug', task ':app:configureCMakeDebug[arm64-v8a]', task ':app:buildCMakeDebug[arm64-v8a]', task ':app:configureCMakeDebug[armeabi-v7a]', task ':app:buildCMakeDebug[armeabi-v7a]', task ':app:mergeDebugJniLibFolders', task ':lottie-react-native:mergeDebugJniLibFolders', task ':lottie-react-native:mergeDebugNativeLibs', task ':lottie-react-native:copyDebugJniLibsProjectOnly', task ':react-native-async-storage_async-storage:mergeDebugJniLibFolders', task ':react-native-async-storage_async-storage:mergeDebugNativeLibs', task ':react-native-async-storage_async-storage:copyDebugJniLibsProjectOnly', task ':react-native-community_blur:mergeDebugJniLibFolders', task ':react-native-community_blur:mergeDebugNativeLibs', task ':react-native-community_blur:copyDebugJniLibsProjectOnly', task ':react-native-community_geolocation:mergeDebugJniLibFolders', task ':react-native-community_geolocation:mergeDebugNativeLibs', task ':react-native-community_geolocation:copyDebugJniLibsProjectOnly', task ':react-native-device-info:mergeDebugJniLibFolders', task ':react-native-device-info:mergeDebugNativeLibs', task ':react-native-device-info:copyDebugJniLibsProjectOnly', task ':react-native-fast-image:mergeDebugJniLibFolders', task ':react-native-fast-image:mergeDebugNativeLibs', task ':react-native-fast-image:copyDebugJniLibsProjectOnly', task ':react-native-linear-gradient:mergeDebugJniLibFolders', task ':react-native-linear-gradient:mergeDebugNativeLibs', task ':react-native-linear-gradient:copyDebugJniLibsProjectOnly', task ':react-native-maps:mergeDebugJniLibFolders', task ':react-native-maps:mergeDebugNativeLibs', task ':react-native-maps:copyDebugJniLibsProjectOnly', task ':react-native-onesignal:mergeDebugJniLibFolders', task ':react-native-onesignal:mergeDebugNativeLibs', task ':react-native-onesignal:copyDebugJniLibsProjectOnly', task ':react-native-otp-verify:mergeDebugJniLibFolders', task ':react-native-otp-verify:mergeDebugNativeLibs', task ':react-native-otp-verify:copyDebugJniLibsProjectOnly', task ':react-native-permissions:mergeDebugJniLibFolders', task ':react-native-permissions:mergeDebugNativeLibs', task ':react-native-permissions:copyDebugJniLibsProjectOnly', task ':react-native-razorpay:mergeDebugJniLibFolders', task ':react-native-razorpay:mergeDebugNativeLibs', task ':react-native-razorpay:copyDebugJniLibsProjectOnly', task ':react-native-safe-area-context:mergeDebugJniLibFolders', task ':react-native-safe-area-context:mergeDebugNativeLibs', task ':react-native-safe-area-context:copyDebugJniLibsProjectOnly', task ':react-native-screens:configureCMakeDebug[arm64-v8a]', task ':react-native-screens:buildCMakeDebug[arm64-v8a]', task ':react-native-screens:configureCMakeDebug[armeabi-v7a]', task ':react-native-screens:buildCMakeDebug[armeabi-v7a]', task ':react-native-screens:mergeDebugJniLibFolders', task ':react-native-screens:mergeDebugNativeLibs', task ':react-native-screens:copyDebugJniLibsProjectOnly', task ':react-native-svg:mergeDebugJniLibFolders', task ':react-native-svg:mergeDebugNativeLibs', task ':react-native-svg:copyDebugJniLibsProjectOnly', task ':react-native-vector-icons:mergeDebugJniLibFolders', task ':react-native-vector-icons:mergeDebugNativeLibs', task ':react-native-vector-icons:copyDebugJniLibsProjectOnly', task ':app:mergeDebugNativeLibs', task ':app:stripDebugDebugSymbols', task ':app:validateSigningDebug', task ':app:writeDebugAppMetadata', task ':app:writeDebugSigningConfigVersions', task ':app:packageDebug', task ':app:createDebugApkListingFileRedirect', task ':app:assembleDebug', task ':lottie-react-native:stripDebugDebugSymbols', task ':lottie-react-native:copyDebugJniLibsProjectAndLocalJars', task ':lottie-react-native:extractDebugAnnotations', task ':lottie-react-native:extractDeepLinksForAarDebug', task ':lottie-react-native:mergeDebugGeneratedProguardFiles', task ':lottie-react-native:mergeDebugConsumerProguardFiles', task ':lottie-react-native:prepareDebugArtProfile', task ':lottie-react-native:prepareLintJarForPublish', task ':lottie-react-native:mergeDebugJavaResource', task ':lottie-react-native:syncDebugLibJars', task ':lottie-react-native:bundleDebugAar', task ':lottie-react-native:assembleDebug', task ':react-native-async-storage_async-storage:stripDebugDebugSymbols', task ':react-native-async-storage_async-storage:copyDebugJniLibsProjectAndLocalJars', task ':react-native-async-storage_async-storage:extractDebugAnnotations', task ':react-native-async-storage_async-storage:extractDeepLinksForAarDebug', task ':react-native-async-storage_async-storage:mergeDebugGeneratedProguardFiles', task ':react-native-async-storage_async-storage:mergeDebugConsumerProguardFiles', task ':react-native-async-storage_async-storage:prepareDebugArtProfile', task ':react-native-async-storage_async-storage:prepareLintJarForPublish', task ':react-native-async-storage_async-storage:mergeDebugJavaResource', task ':react-native-async-storage_async-storage:syncDebugLibJars', task ':react-native-async-storage_async-storage:bundleDebugAar', task ':react-native-async-storage_async-storage:assembleDebug', task ':react-native-community_blur:stripDebugDebugSymbols', task ':react-native-community_blur:copyDebugJniLibsProjectAndLocalJars', task ':react-native-community_blur:extractDebugAnnotations', task ':react-native-community_blur:extractDeepLinksForAarDebug', task ':react-native-community_blur:mergeDebugGeneratedProguardFiles', task ':react-native-community_blur:mergeDebugConsumerProguardFiles', task ':react-native-community_blur:prepareDebugArtProfile', task ':react-native-community_blur:prepareLintJarForPublish', task ':react-native-community_blur:mergeDebugJavaResource', task ':react-native-community_blur:syncDebugLibJars', task ':react-native-community_blur:bundleDebugAar', task ':react-native-community_blur:assembleDebug', task ':react-native-community_geolocation:stripDebugDebugSymbols', task ':react-native-community_geolocation:copyDebugJniLibsProjectAndLocalJars', task ':react-native-community_geolocation:extractDebugAnnotations', task ':react-native-community_geolocation:extractDeepLinksForAarDebug', task ':react-native-community_geolocation:mergeDebugGeneratedProguardFiles', task ':react-native-community_geolocation:mergeDebugConsumerProguardFiles', task ':react-native-community_geolocation:prepareDebugArtProfile', task ':react-native-community_geolocation:prepareLintJarForPublish', task ':react-native-community_geolocation:mergeDebugJavaResource', task ':react-native-community_geolocation:syncDebugLibJars', task ':react-native-community_geolocation:bundleDebugAar', task ':react-native-community_geolocation:assembleDebug', task ':react-native-device-info:stripDebugDebugSymbols', task ':react-native-device-info:copyDebugJniLibsProjectAndLocalJars', task ':react-native-device-info:extractDebugAnnotations', task ':react-native-device-info:extractDeepLinksForAarDebug', task ':react-native-device-info:mergeDebugGeneratedProguardFiles', task ':react-native-device-info:mergeDebugConsumerProguardFiles', task ':react-native-device-info:prepareDebugArtProfile', task ':react-native-device-info:prepareLintJarForPublish', task ':react-native-device-info:mergeDebugJavaResource', task ':react-native-device-info:syncDebugLibJars', task ':react-native-device-info:bundleDebugAar', task ':react-native-device-info:assembleDebug', task ':react-native-fast-image:stripDebugDebugSymbols', task ':react-native-fast-image:copyDebugJniLibsProjectAndLocalJars', task ':react-native-fast-image:extractDebugAnnotations', task ':react-native-fast-image:extractDeepLinksForAarDebug', task ':react-native-fast-image:mergeDebugGeneratedProguardFiles', task ':react-native-fast-image:mergeDebugConsumerProguardFiles', task ':react-native-fast-image:prepareDebugArtProfile', task ':react-native-fast-image:prepareLintJarForPublish', task ':react-native-fast-image:mergeDebugJavaResource', task ':react-native-fast-image:syncDebugLibJars', task ':react-native-fast-image:bundleDebugAar', task ':react-native-fast-image:assembleDebug', task ':react-native-linear-gradient:stripDebugDebugSymbols', task ':react-native-linear-gradient:copyDebugJniLibsProjectAndLocalJars', task ':react-native-linear-gradient:extractDebugAnnotations', task ':react-native-linear-gradient:extractDeepLinksForAarDebug', task ':react-native-linear-gradient:mergeDebugGeneratedProguardFiles', task ':react-native-linear-gradient:mergeDebugConsumerProguardFiles', task ':react-native-linear-gradient:prepareDebugArtProfile', task ':react-native-linear-gradient:prepareLintJarForPublish', task ':react-native-linear-gradient:mergeDebugJavaResource', task ':react-native-linear-gradient:syncDebugLibJars', task ':react-native-linear-gradient:bundleDebugAar', task ':react-native-linear-gradient:assembleDebug', task ':react-native-maps:stripDebugDebugSymbols', task ':react-native-maps:copyDebugJniLibsProjectAndLocalJars', task ':react-native-maps:extractDebugAnnotations', task ':react-native-maps:extractDeepLinksForAarDebug', task ':react-native-maps:mergeDebugGeneratedProguardFiles', task ':react-native-maps:mergeDebugConsumerProguardFiles', task ':react-native-maps:prepareDebugArtProfile', task ':react-native-maps:prepareLintJarForPublish', task ':react-native-maps:mergeDebugJavaResource', task ':react-native-maps:syncDebugLibJars', task ':react-native-maps:bundleDebugAar', task ':react-native-maps:assembleDebug', task ':react-native-onesignal:stripDebugDebugSymbols', task ':react-native-onesignal:copyDebugJniLibsProjectAndLocalJars', task ':react-native-onesignal:extractDebugAnnotations', task ':react-native-onesignal:extractDeepLinksForAarDebug', task ':react-native-onesignal:mergeDebugGeneratedProguardFiles', task ':react-native-onesignal:mergeDebugConsumerProguardFiles', task ':react-native-onesignal:prepareDebugArtProfile', task ':react-native-onesignal:prepareLintJarForPublish', task ':react-native-onesignal:mergeDebugJavaResource', task ':react-native-onesignal:syncDebugLibJars', task ':react-native-onesignal:bundleDebugAar', task ':react-native-onesignal:assembleDebug', task ':react-native-otp-verify:stripDebugDebugSymbols', task ':react-native-otp-verify:copyDebugJniLibsProjectAndLocalJars', task ':react-native-otp-verify:extractDebugAnnotations', task ':react-native-otp-verify:extractDeepLinksForAarDebug', task ':react-native-otp-verify:mergeDebugGeneratedProguardFiles', task ':react-native-otp-verify:mergeDebugConsumerProguardFiles', task ':react-native-otp-verify:prepareDebugArtProfile', task ':react-native-otp-verify:prepareLintJarForPublish', task ':react-native-otp-verify:mergeDebugJavaResource', task ':react-native-otp-verify:syncDebugLibJars', task ':react-native-otp-verify:bundleDebugAar', task ':react-native-otp-verify:assembleDebug', task ':react-native-permissions:stripDebugDebugSymbols', task ':react-native-permissions:copyDebugJniLibsProjectAndLocalJars', task ':react-native-permissions:extractDebugAnnotations', task ':react-native-permissions:extractDeepLinksForAarDebug', task ':react-native-permissions:mergeDebugGeneratedProguardFiles', task ':react-native-permissions:mergeDebugConsumerProguardFiles', task ':react-native-permissions:prepareDebugArtProfile', task ':react-native-permissions:prepareLintJarForPublish', task ':react-native-permissions:mergeDebugJavaResource', task ':react-native-permissions:syncDebugLibJars', task ':react-native-permissions:bundleDebugAar', task ':react-native-permissions:assembleDebug', task ':react-native-razorpay:stripDebugDebugSymbols', task ':react-native-razorpay:copyDebugJniLibsProjectAndLocalJars', task ':react-native-razorpay:extractDebugAnnotations', task ':react-native-razorpay:extractDeepLinksForAarDebug', task ':react-native-razorpay:mergeDebugGeneratedProguardFiles', task ':react-native-razorpay:mergeDebugConsumerProguardFiles', task ':react-native-razorpay:prepareDebugArtProfile', task ':react-native-razorpay:prepareLintJarForPublish', task ':react-native-razorpay:mergeDebugJavaResource', task ':react-native-razorpay:syncDebugLibJars', task ':react-native-razorpay:bundleDebugAar', task ':react-native-razorpay:assembleDebug', task ':react-native-safe-area-context:stripDebugDebugSymbols', task ':react-native-safe-area-context:copyDebugJniLibsProjectAndLocalJars', task ':react-native-safe-area-context:extractDebugAnnotations', task ':react-native-safe-area-context:extractDeepLinksForAarDebug', task ':react-native-safe-area-context:mergeDebugGeneratedProguardFiles', task ':react-native-safe-area-context:mergeDebugConsumerProguardFiles', task ':react-native-safe-area-context:prepareDebugArtProfile', task ':react-native-safe-area-context:prepareLintJarForPublish', task ':react-native-safe-area-context:mergeDebugJavaResource', task ':react-native-safe-area-context:syncDebugLibJars', task ':react-native-safe-area-context:bundleDebugAar', task ':react-native-safe-area-context:assembleDebug', task ':react-native-screens:stripDebugDebugSymbols', task ':react-native-screens:copyDebugJniLibsProjectAndLocalJars', task ':react-native-screens:extractDebugAnnotations', task ':react-native-screens:extractDeepLinksForAarDebug', task ':react-native-screens:mergeDebugGeneratedProguardFiles', task ':react-native-screens:mergeDebugConsumerProguardFiles', task ':react-native-screens:prepareDebugArtProfile', task ':react-native-screens:prepareLintJarForPublish', task ':react-native-screens:mergeDebugJavaResource', task ':react-native-screens:syncDebugLibJars', task ':react-native-screens:bundleDebugAar', task ':react-native-screens:assembleDebug', task ':react-native-svg:stripDebugDebugSymbols', task ':react-native-svg:copyDebugJniLibsProjectAndLocalJars', task ':react-native-svg:extractDebugAnnotations', task ':react-native-svg:extractDeepLinksForAarDebug', task ':react-native-svg:mergeDebugGeneratedProguardFiles', task ':react-native-svg:mergeDebugConsumerProguardFiles', task ':react-native-svg:prepareDebugArtProfile', task ':react-native-svg:prepareLintJarForPublish', task ':react-native-svg:mergeDebugJavaResource', task ':react-native-svg:syncDebugLibJars', task ':react-native-svg:bundleDebugAar', task ':react-native-svg:assembleDebug', task ':react-native-vector-icons:stripDebugDebugSymbols', task ':react-native-vector-icons:copyDebugJniLibsProjectAndLocalJars', task ':react-native-vector-icons:extractDebugAnnotations', task ':react-native-vector-icons:extractDeepLinksForAarDebug', task ':react-native-vector-icons:mergeDebugGeneratedProguardFiles', task ':react-native-vector-icons:mergeDebugConsumerProguardFiles', task ':react-native-vector-icons:prepareDebugArtProfile', task ':react-native-vector-icons:prepareLintJarForPublish', task ':react-native-vector-icons:mergeDebugJavaResource', task ':react-native-vector-icons:syncDebugLibJars', task ':react-native-vector-icons:bundleDebugAar', task ':react-native-vector-icons:assembleDebug']
Tasks that were excluded: []
work action Parameters of IdentityTransform (Thread[Execution worker Thread 2,5,main]) started.
work action Parameters of DexingNoClasspathTransform (Thread[Execution worker Thread 2,5,main]) started.
work action Parameters of DexingOutputSplitTransform (Thread[included builds,5,main]) started.
work action Parameters of ClassesDirToClassesTransform (Thread[Execution worker Thread 2,5,main]) started.
work action Parameters of DexingOutputSplitTransform (Thread[Execution worker Thread 2,5,main]) started.
Resolve mutations for :app:generateAutolinkingNewArchitectureFiles (Thread[Execution worker Thread 2,5,main]) started.
:app:generateAutolinkingNewArchitectureFiles (Thread[Execution worker Thread 2,5,main]) started.

> Task :app:generateAutolinkingNewArchitectureFiles UP-TO-DATE
Caching disabled for task ':app:generateAutolinkingNewArchitectureFiles' because:
  Build cache is disabled
  Caching has not been enabled for the task
Skipping task ':app:generateAutolinkingNewArchitectureFiles' as it is up-to-date.
Resolve mutations for :app:generateAutolinkingPackageList (Thread[Execution worker Thread 2,5,main]) started.
:app:generateAutolinkingPackageList (Thread[Execution worker Thread 2,5,main]) started.

> Task :app:generateAutolinkingPackageList UP-TO-DATE
Caching disabled for task ':app:generateAutolinkingPackageList' because:
  Build cache is disabled
  Caching has not been enabled for the task
Skipping task ':app:generateAutolinkingPackageList' as it is up-to-date.
Resolve mutations for :app:generateCodegenSchemaFromJavaScript (Thread[Execution worker Thread 2,5,main]) started.
:app:generateCodegenSchemaFromJavaScript (Thread[Execution worker Thread 2,5,main]) started.

> Task :app:generateCodegenSchemaFromJavaScript SKIPPED
Skipping task ':app:generateCodegenSchemaFromJavaScript' as task onlyIf 'Task satisfies onlyIf spec' is false.
Resolve mutations for :app:generateCodegenArtifactsFromSchema (Thread[Execution worker Thread 2,5,main]) started.
:app:generateCodegenArtifactsFromSchema (Thread[Execution worker Thread 2,5,main]) started.

> Task :app:generateCodegenArtifactsFromSchema SKIPPED
Skipping task ':app:generateCodegenArtifactsFromSchema' as task onlyIf 'Task satisfies onlyIf spec' is false.
Resolve mutations for :app:generateReactNativeEntryPoint (Thread[Execution worker Thread 2,5,main]) started.
:app:generateReactNativeEntryPoint (Thread[Execution worker Thread 2,5,main]) started.

> Task :app:generateReactNativeEntryPoint UP-TO-DATE
Caching disabled for task ':app:generateReactNativeEntryPoint' because:
  Build cache is disabled
  Caching has not been enabled for the task
Skipping task ':app:generateReactNativeEntryPoint' as it is up-to-date.
Resolve mutations for :lottie-react-native:generateCodegenSchemaFromJavaScript (Thread[Execution worker Thread 2,5,main]) started.
:lottie-react-native:generateCodegenSchemaFromJavaScript (Thread[Execution worker Thread 2,5,main]) started.

> Task :lottie-react-native:generateCodegenSchemaFromJavaScript UP-TO-DATE
Caching disabled for task ':lottie-react-native:generateCodegenSchemaFromJavaScript' because:
  Build cache is disabled
  Caching has not been enabled for the task
Skipping task ':lottie-react-native:generateCodegenSchemaFromJavaScript' as it is up-to-date.
Resolve mutations for :lottie-react-native:generateCodegenArtifactsFromSchema (Thread[Execution worker Thread 2,5,main]) started.
:lottie-react-native:generateCodegenArtifactsFromSchema (Thread[Execution worker Thread 2,5,main]) started.

> Task :lottie-react-native:generateCodegenArtifactsFromSchema UP-TO-DATE
Caching disabled for task ':lottie-react-native:generateCodegenArtifactsFromSchema' because:
  Build cache is disabled
  Caching has not been enabled for the task
Skipping task ':lottie-react-native:generateCodegenArtifactsFromSchema' as it is up-to-date.
Resolve mutations for :lottie-react-native:preBuild (Thread[Execution worker Thread 2,5,main]) started.
:lottie-react-native:preBuild (Thread[Execution worker Thread 2,5,main]) started.

> Task :lottie-react-native:preBuild UP-TO-DATE
Skipping task ':lottie-react-native:preBuild' as it has no actions.
Resolve mutations for :react-native-async-storage_async-storage:generateCodegenSchemaFromJavaScript (Thread[Execution worker Thread 2,5,main]) started.
:react-native-async-storage_async-storage:generateCodegenSchemaFromJavaScript (Thread[Execution worker Thread 2,5,main]) started.

> Task :react-native-async-storage_async-storage:generateCodegenSchemaFromJavaScript UP-TO-DATE
Caching disabled for task ':react-native-async-storage_async-storage:generateCodegenSchemaFromJavaScript' because:
  Build cache is disabled
  Caching has not been enabled for the task
Skipping task ':react-native-async-storage_async-storage:generateCodegenSchemaFromJavaScript' as it is up-to-date.
Resolve mutations for :react-native-async-storage_async-storage:generateCodegenArtifactsFromSchema (Thread[Execution worker Thread 2,5,main]) started.
:react-native-async-storage_async-storage:generateCodegenArtifactsFromSchema (Thread[Execution worker Thread 2,5,main]) started.

> Task :react-native-async-storage_async-storage:generateCodegenArtifactsFromSchema UP-TO-DATE
Caching disabled for task ':react-native-async-storage_async-storage:generateCodegenArtifactsFromSchema' because:
  Build cache is disabled
  Caching has not been enabled for the task
Skipping task ':react-native-async-storage_async-storage:generateCodegenArtifactsFromSchema' as it is up-to-date.
Resolve mutations for :react-native-async-storage_async-storage:preBuild (Thread[Execution worker Thread 2,5,main]) started.
:react-native-async-storage_async-storage:preBuild (Thread[Execution worker Thread 2,5,main]) started.

> Task :react-native-async-storage_async-storage:preBuild UP-TO-DATE
Skipping task ':react-native-async-storage_async-storage:preBuild' as it has no actions.
Resolve mutations for :react-native-community_blur:preBuild (Thread[Execution worker Thread 2,5,main]) started.
:react-native-community_blur:preBuild (Thread[Execution worker Thread 2,5,main]) started.

> Task :react-native-community_blur:preBuild UP-TO-DATE
Skipping task ':react-native-community_blur:preBuild' as it has no actions.
Resolve mutations for :react-native-community_geolocation:preBuild (Thread[Execution worker Thread 2,5,main]) started.
:react-native-community_geolocation:preBuild (Thread[Execution worker Thread 2,5,main]) started.

> Task :react-native-community_geolocation:preBuild UP-TO-DATE
Skipping task ':react-native-community_geolocation:preBuild' as it has no actions.
Resolve mutations for :react-native-device-info:preBuild (Thread[Execution worker Thread 2,5,main]) started.
:react-native-device-info:preBuild (Thread[Execution worker Thread 2,5,main]) started.

> Task :react-native-device-info:preBuild UP-TO-DATE
Skipping task ':react-native-device-info:preBuild' as it has no actions.
Resolve mutations for :react-native-fast-image:preBuild (Thread[Execution worker Thread 2,5,main]) started.
:react-native-fast-image:preBuild (Thread[Execution worker Thread 2,5,main]) started.

> Task :react-native-fast-image:preBuild UP-TO-DATE
Skipping task ':react-native-fast-image:preBuild' as it has no actions.
Resolve mutations for :react-native-linear-gradient:preBuild (Thread[Execution worker Thread 2,5,main]) started.
:react-native-linear-gradient:preBuild (Thread[Execution worker Thread 2,5,main]) started.

> Task :react-native-linear-gradient:preBuild UP-TO-DATE
Skipping task ':react-native-linear-gradient:preBuild' as it has no actions.
Resolve mutations for :react-native-maps:generateCodegenSchemaFromJavaScript (Thread[Execution worker Thread 2,5,main]) started.
:react-native-maps:generateCodegenSchemaFromJavaScript (Thread[Execution worker Thread 2,5,main]) started.

> Task :react-native-maps:generateCodegenSchemaFromJavaScript SKIPPED
Skipping task ':react-native-maps:generateCodegenSchemaFromJavaScript' as task onlyIf 'Task satisfies onlyIf spec' is false.
Resolve mutations for :react-native-maps:generateCodegenArtifactsFromSchema (Thread[Execution worker Thread 2,5,main]) started.
:react-native-maps:generateCodegenArtifactsFromSchema (Thread[Execution worker Thread 2,5,main]) started.

> Task :react-native-maps:generateCodegenArtifactsFromSchema SKIPPED
Skipping task ':react-native-maps:generateCodegenArtifactsFromSchema' as task onlyIf 'Task satisfies onlyIf spec' is false.
Resolve mutations for :react-native-maps:preBuild (Thread[Execution worker Thread 2,5,main]) started.
:react-native-maps:preBuild (Thread[Execution worker Thread 2,5,main]) started.

> Task :react-native-maps:preBuild UP-TO-DATE
Skipping task ':react-native-maps:preBuild' as it has no actions.
Resolve mutations for :react-native-onesignal:preBuild (Thread[Execution worker Thread 2,5,main]) started.
:react-native-onesignal:preBuild (Thread[Execution worker Thread 2,5,main]) started.

> Task :react-native-onesignal:preBuild UP-TO-DATE
Skipping task ':react-native-onesignal:preBuild' as it has no actions.
Resolve mutations for :react-native-otp-verify:preBuild (Thread[Execution worker Thread 2,5,main]) started.
:react-native-otp-verify:preBuild (Thread[Execution worker Thread 2,5,main]) started.

> Task :react-native-otp-verify:preBuild UP-TO-DATE
Skipping task ':react-native-otp-verify:preBuild' as it has no actions.
Resolve mutations for :react-native-permissions:generateCodegenSchemaFromJavaScript (Thread[Execution worker Thread 2,5,main]) started.
:react-native-permissions:generateCodegenSchemaFromJavaScript (Thread[Execution worker Thread 2,5,main]) started.

> Task :react-native-permissions:generateCodegenSchemaFromJavaScript UP-TO-DATE
Caching disabled for task ':react-native-permissions:generateCodegenSchemaFromJavaScript' because:
  Build cache is disabled
  Caching has not been enabled for the task
Skipping task ':react-native-permissions:generateCodegenSchemaFromJavaScript' as it is up-to-date.
Resolve mutations for :react-native-permissions:generateCodegenArtifactsFromSchema (Thread[Execution worker Thread 2,5,main]) started.
:react-native-permissions:generateCodegenArtifactsFromSchema (Thread[Execution worker Thread 2,5,main]) started.

> Task :react-native-permissions:generateCodegenArtifactsFromSchema UP-TO-DATE
Caching disabled for task ':react-native-permissions:generateCodegenArtifactsFromSchema' because:
  Build cache is disabled
  Caching has not been enabled for the task
Skipping task ':react-native-permissions:generateCodegenArtifactsFromSchema' as it is up-to-date.
Resolve mutations for :react-native-permissions:preBuild (Thread[Execution worker Thread 2,5,main]) started.
:react-native-permissions:preBuild (Thread[Execution worker Thread 2,5,main]) started.

> Task :react-native-permissions:preBuild UP-TO-DATE
Skipping task ':react-native-permissions:preBuild' as it has no actions.
Resolve mutations for :react-native-razorpay:preBuild (Thread[Execution worker Thread 2,5,main]) started.
:react-native-razorpay:preBuild (Thread[Execution worker Thread 2,5,main]) started.

> Task :react-native-razorpay:preBuild UP-TO-DATE
Skipping task ':react-native-razorpay:preBuild' as it has no actions.
Resolve mutations for :react-native-safe-area-context:generateCodegenSchemaFromJavaScript (Thread[Execution worker Thread 2,5,main]) started.
:react-native-safe-area-context:generateCodegenSchemaFromJavaScript (Thread[Execution worker Thread 2,5,main]) started.

> Task :react-native-safe-area-context:generateCodegenSchemaFromJavaScript UP-TO-DATE
Caching disabled for task ':react-native-safe-area-context:generateCodegenSchemaFromJavaScript' because:
  Build cache is disabled
  Caching has not been enabled for the task
Skipping task ':react-native-safe-area-context:generateCodegenSchemaFromJavaScript' as it is up-to-date.
Resolve mutations for :react-native-safe-area-context:generateCodegenArtifactsFromSchema (Thread[Execution worker Thread 2,5,main]) started.
:react-native-safe-area-context:generateCodegenArtifactsFromSchema (Thread[Execution worker Thread 2,5,main]) started.

> Task :react-native-safe-area-context:generateCodegenArtifactsFromSchema UP-TO-DATE
Caching disabled for task ':react-native-safe-area-context:generateCodegenArtifactsFromSchema' because:
  Build cache is disabled
  Caching has not been enabled for the task
Skipping task ':react-native-safe-area-context:generateCodegenArtifactsFromSchema' as it is up-to-date.
Resolve mutations for :react-native-safe-area-context:preBuild (Thread[Execution worker Thread 2,5,main]) started.
:react-native-safe-area-context:preBuild (Thread[Execution worker Thread 2,5,main]) started.

> Task :react-native-safe-area-context:preBuild UP-TO-DATE
Skipping task ':react-native-safe-area-context:preBuild' as it has no actions.
Resolve mutations for :react-native-screens:generateCodegenSchemaFromJavaScript (Thread[Execution worker Thread 2,5,main]) started.
:react-native-screens:generateCodegenSchemaFromJavaScript (Thread[Execution worker Thread 2,5,main]) started.

> Task :react-native-screens:generateCodegenSchemaFromJavaScript UP-TO-DATE
Caching disabled for task ':react-native-screens:generateCodegenSchemaFromJavaScript' because:
  Build cache is disabled
  Caching has not been enabled for the task
Skipping task ':react-native-screens:generateCodegenSchemaFromJavaScript' as it is up-to-date.
Resolve mutations for :react-native-screens:generateCodegenArtifactsFromSchema (Thread[Execution worker Thread 2,5,main]) started.
:react-native-screens:generateCodegenArtifactsFromSchema (Thread[Execution worker Thread 2,5,main]) started.

> Task :react-native-screens:generateCodegenArtifactsFromSchema UP-TO-DATE
Caching disabled for task ':react-native-screens:generateCodegenArtifactsFromSchema' because:
  Build cache is disabled
  Caching has not been enabled for the task
Skipping task ':react-native-screens:generateCodegenArtifactsFromSchema' as it is up-to-date.
Resolve mutations for :react-native-screens:preBuild (Thread[Execution worker Thread 2,5,main]) started.
:react-native-screens:preBuild (Thread[Execution worker Thread 2,5,main]) started.

> Task :react-native-screens:preBuild UP-TO-DATE
Skipping task ':react-native-screens:preBuild' as it has no actions.
Resolve mutations for :react-native-svg:generateCodegenSchemaFromJavaScript (Thread[Execution worker Thread 2,5,main]) started.
:react-native-svg:generateCodegenSchemaFromJavaScript (Thread[Execution worker Thread 2,5,main]) started.

> Task :react-native-svg:generateCodegenSchemaFromJavaScript UP-TO-DATE
Caching disabled for task ':react-native-svg:generateCodegenSchemaFromJavaScript' because:
  Build cache is disabled
  Caching has not been enabled for the task
Skipping task ':react-native-svg:generateCodegenSchemaFromJavaScript' as it is up-to-date.
Resolve mutations for :react-native-svg:generateCodegenArtifactsFromSchema (Thread[Execution worker Thread 2,5,main]) started.
:react-native-svg:generateCodegenArtifactsFromSchema (Thread[Execution worker Thread 2,5,main]) started.

> Task :react-native-svg:generateCodegenArtifactsFromSchema UP-TO-DATE
Caching disabled for task ':react-native-svg:generateCodegenArtifactsFromSchema' because:
  Build cache is disabled
  Caching has not been enabled for the task
Skipping task ':react-native-svg:generateCodegenArtifactsFromSchema' as it is up-to-date.
Resolve mutations for :react-native-svg:preBuild (Thread[Execution worker Thread 2,5,main]) started.
:react-native-svg:preBuild (Thread[Execution worker Thread 3,5,main]) started.

> Task :react-native-svg:preBuild UP-TO-DATE
Skipping task ':react-native-svg:preBuild' as it has no actions.
Resolve mutations for :react-native-vector-icons:generateCodegenSchemaFromJavaScript (Thread[Execution worker Thread 3,5,main]) started.
:react-native-vector-icons:generateCodegenSchemaFromJavaScript (Thread[Execution worker Thread 3,5,main]) started.

> Task :react-native-vector-icons:generateCodegenSchemaFromJavaScript UP-TO-DATE
Caching disabled for task ':react-native-vector-icons:generateCodegenSchemaFromJavaScript' because:
  Build cache is disabled
  Caching has not been enabled for the task
Skipping task ':react-native-vector-icons:generateCodegenSchemaFromJavaScript' as it is up-to-date.
Resolve mutations for :react-native-vector-icons:generateCodegenArtifactsFromSchema (Thread[Execution worker Thread 3,5,main]) started.
:react-native-vector-icons:generateCodegenArtifactsFromSchema (Thread[Execution worker Thread 3,5,main]) started.

> Task :react-native-vector-icons:generateCodegenArtifactsFromSchema UP-TO-DATE
Caching disabled for task ':react-native-vector-icons:generateCodegenArtifactsFromSchema' because:
  Build cache is disabled
  Caching has not been enabled for the task
Skipping task ':react-native-vector-icons:generateCodegenArtifactsFromSchema' as it is up-to-date.
Resolve mutations for :react-native-vector-icons:preBuild (Thread[Execution worker Thread 3,5,main]) started.
:react-native-vector-icons:preBuild (Thread[Execution worker Thread 3,5,main]) started.

> Task :react-native-vector-icons:preBuild UP-TO-DATE
Skipping task ':react-native-vector-icons:preBuild' as it has no actions.
Resolve mutations for :app:preBuild (Thread[Execution worker Thread 3,5,main]) started.
:app:preBuild (Thread[Execution worker Thread 3,5,main]) started.

> Task :app:preBuild UP-TO-DATE
Skipping task ':app:preBuild' as it has no actions.
Resolve mutations for :app:preDebugBuild (Thread[Execution worker Thread 3,5,main]) started.
:app:preDebugBuild (Thread[Execution worker Thread 3,5,main]) started.

> Task :app:preDebugBuild UP-TO-DATE
Skipping task ':app:preDebugBuild' as it has no actions.
Resolve mutations for :app:mergeDebugNativeDebugMetadata (Thread[Execution worker Thread 3,5,main]) started.
:app:mergeDebugNativeDebugMetadata (Thread[Execution worker Thread 3,5,main]) started.

> Task :app:mergeDebugNativeDebugMetadata NO-SOURCE
Skipping task ':app:mergeDebugNativeDebugMetadata' as it has no source files and no previous output files.
Resolve mutations for :app:checkKotlinGradlePluginConfigurationErrors (Thread[Execution worker Thread 3,5,main]) started.
:app:checkKotlinGradlePluginConfigurationErrors (Thread[Execution worker Thread 3,5,main]) started.

> Task :app:checkKotlinGradlePluginConfigurationErrors SKIPPED
Skipping task ':app:checkKotlinGradlePluginConfigurationErrors' as task onlyIf 'errorDiagnostics are present' is false.
Resolve mutations for :app:generateDebugBuildConfig (Thread[Execution worker Thread 3,5,main]) started.
:app:generateDebugBuildConfig (Thread[Execution worker Thread 3,5,main]) started.

> Task :app:generateDebugBuildConfig UP-TO-DATE
Caching disabled for task ':app:generateDebugBuildConfig' because:
  Build cache is disabled
Skipping task ':app:generateDebugBuildConfig' as it is up-to-date.
Resolve mutations for :lottie-react-native:preDebugBuild (Thread[Execution worker Thread 3,5,main]) started.
:lottie-react-native:preDebugBuild (Thread[Execution worker Thread 3,5,main]) started.

> Task :lottie-react-native:preDebugBuild UP-TO-DATE
Skipping task ':lottie-react-native:preDebugBuild' as it has no actions.
Resolve mutations for :lottie-react-native:writeDebugAarMetadata (Thread[Execution worker Thread 3,5,main]) started.
:lottie-react-native:writeDebugAarMetadata (Thread[Execution worker Thread 3,5,main]) started.

> Task :lottie-react-native:writeDebugAarMetadata UP-TO-DATE
Caching disabled for task ':lottie-react-native:writeDebugAarMetadata' because:
  Build cache is disabled
  Caching has been disabled for the task
Skipping task ':lottie-react-native:writeDebugAarMetadata' as it is up-to-date.
work action resolve aar-metadata.properties (project :lottie-react-native) (Thread[Execution worker Thread 3,5,main]) started.
Resolve mutations for :react-native-async-storage_async-storage:preDebugBuild (Thread[Execution worker Thread 3,5,main]) started.
:react-native-async-storage_async-storage:preDebugBuild (Thread[Execution worker Thread 3,5,main]) started.

> Task :react-native-async-storage_async-storage:preDebugBuild UP-TO-DATE
Skipping task ':react-native-async-storage_async-storage:preDebugBuild' as it has no actions.
Resolve mutations for :react-native-async-storage_async-storage:writeDebugAarMetadata (Thread[Execution worker Thread 3,5,main]) started.
:react-native-async-storage_async-storage:writeDebugAarMetadata (Thread[Execution worker Thread 3,5,main]) started.

> Task :react-native-async-storage_async-storage:writeDebugAarMetadata UP-TO-DATE
Caching disabled for task ':react-native-async-storage_async-storage:writeDebugAarMetadata' because:
  Build cache is disabled
  Caching has been disabled for the task
Skipping task ':react-native-async-storage_async-storage:writeDebugAarMetadata' as it is up-to-date.
work action resolve aar-metadata.properties (project :react-native-async-storage_async-storage) (Thread[Execution worker Thread 3,5,main]) started.
Resolve mutations for :react-native-community_blur:preDebugBuild (Thread[Execution worker Thread 3,5,main]) started.
:react-native-community_blur:preDebugBuild (Thread[Execution worker Thread 3,5,main]) started.

> Task :react-native-community_blur:preDebugBuild UP-TO-DATE
Skipping task ':react-native-community_blur:preDebugBuild' as it has no actions.
Resolve mutations for :react-native-community_blur:writeDebugAarMetadata (Thread[Execution worker Thread 3,5,main]) started.
:react-native-community_blur:writeDebugAarMetadata (Thread[Execution worker Thread 3,5,main]) started.

> Task :react-native-community_blur:writeDebugAarMetadata UP-TO-DATE
Caching disabled for task ':react-native-community_blur:writeDebugAarMetadata' because:
  Build cache is disabled
  Caching has been disabled for the task
Skipping task ':react-native-community_blur:writeDebugAarMetadata' as it is up-to-date.
work action resolve aar-metadata.properties (project :react-native-community_blur) (Thread[Execution worker Thread 3,5,main]) started.
Resolve mutations for :react-native-community_geolocation:preDebugBuild (Thread[Execution worker Thread 3,5,main]) started.
:react-native-community_geolocation:preDebugBuild (Thread[Execution worker Thread 3,5,main]) started.

> Task :react-native-community_geolocation:preDebugBuild UP-TO-DATE
Skipping task ':react-native-community_geolocation:preDebugBuild' as it has no actions.
Resolve mutations for :react-native-community_geolocation:writeDebugAarMetadata (Thread[Execution worker Thread 3,5,main]) started.
:react-native-community_geolocation:writeDebugAarMetadata (Thread[Execution worker Thread 3,5,main]) started.

> Task :react-native-community_geolocation:writeDebugAarMetadata UP-TO-DATE
Caching disabled for task ':react-native-community_geolocation:writeDebugAarMetadata' because:
  Build cache is disabled
  Caching has been disabled for the task
Skipping task ':react-native-community_geolocation:writeDebugAarMetadata' as it is up-to-date.
work action resolve aar-metadata.properties (project :react-native-community_geolocation) (Thread[Execution worker Thread 3,5,main]) started.
Resolve mutations for :react-native-device-info:preDebugBuild (Thread[Execution worker Thread 3,5,main]) started.
:react-native-device-info:preDebugBuild (Thread[Execution worker Thread 3,5,main]) started.

> Task :react-native-device-info:preDebugBuild UP-TO-DATE
Skipping task ':react-native-device-info:preDebugBuild' as it has no actions.
Resolve mutations for :react-native-device-info:writeDebugAarMetadata (Thread[Execution worker Thread 3,5,main]) started.
:react-native-device-info:writeDebugAarMetadata (Thread[Execution worker Thread 3,5,main]) started.

> Task :react-native-device-info:writeDebugAarMetadata UP-TO-DATE
Caching disabled for task ':react-native-device-info:writeDebugAarMetadata' because:
  Build cache is disabled
  Caching has been disabled for the task
Skipping task ':react-native-device-info:writeDebugAarMetadata' as it is up-to-date.
work action resolve aar-metadata.properties (project :react-native-device-info) (Thread[Execution worker Thread 3,5,main]) started.
Resolve mutations for :react-native-fast-image:preDebugBuild (Thread[Execution worker Thread 3,5,main]) started.
:react-native-fast-image:preDebugBuild (Thread[Execution worker Thread 3,5,main]) started.

> Task :react-native-fast-image:preDebugBuild UP-TO-DATE
Skipping task ':react-native-fast-image:preDebugBuild' as it has no actions.
Resolve mutations for :react-native-fast-image:writeDebugAarMetadata (Thread[Execution worker Thread 3,5,main]) started.
:react-native-fast-image:writeDebugAarMetadata (Thread[Execution worker Thread 3,5,main]) started.

> Task :react-native-fast-image:writeDebugAarMetadata UP-TO-DATE
Caching disabled for task ':react-native-fast-image:writeDebugAarMetadata' because:
  Build cache is disabled
  Caching has been disabled for the task
Skipping task ':react-native-fast-image:writeDebugAarMetadata' as it is up-to-date.
work action resolve aar-metadata.properties (project :react-native-fast-image) (Thread[Execution worker Thread 3,5,main]) started.
Resolve mutations for :react-native-linear-gradient:preDebugBuild (Thread[Execution worker Thread 3,5,main]) started.
:react-native-linear-gradient:preDebugBuild (Thread[Execution worker Thread 3,5,main]) started.

> Task :react-native-linear-gradient:preDebugBuild UP-TO-DATE
Skipping task ':react-native-linear-gradient:preDebugBuild' as it has no actions.
Resolve mutations for :react-native-linear-gradient:writeDebugAarMetadata (Thread[Execution worker Thread 3,5,main]) started.
:react-native-linear-gradient:writeDebugAarMetadata (Thread[Execution worker Thread 3,5,main]) started.

> Task :react-native-linear-gradient:writeDebugAarMetadata UP-TO-DATE
Caching disabled for task ':react-native-linear-gradient:writeDebugAarMetadata' because:
  Build cache is disabled
  Caching has been disabled for the task
Skipping task ':react-native-linear-gradient:writeDebugAarMetadata' as it is up-to-date.
work action resolve aar-metadata.properties (project :react-native-linear-gradient) (Thread[Execution worker Thread 3,5,main]) started.
Resolve mutations for :react-native-maps:preDebugBuild (Thread[Execution worker Thread 3,5,main]) started.
:react-native-maps:preDebugBuild (Thread[Execution worker Thread 3,5,main]) started.

> Task :react-native-maps:preDebugBuild UP-TO-DATE
Skipping task ':react-native-maps:preDebugBuild' as it has no actions.
Resolve mutations for :react-native-maps:writeDebugAarMetadata (Thread[Execution worker Thread 3,5,main]) started.
:react-native-maps:writeDebugAarMetadata (Thread[Execution worker Thread 3,5,main]) started.

> Task :react-native-maps:writeDebugAarMetadata UP-TO-DATE
Caching disabled for task ':react-native-maps:writeDebugAarMetadata' because:
  Build cache is disabled
  Caching has been disabled for the task
Skipping task ':react-native-maps:writeDebugAarMetadata' as it is up-to-date.
work action resolve aar-metadata.properties (project :react-native-maps) (Thread[Execution worker Thread 3,5,main]) started.
Resolve mutations for :react-native-onesignal:preDebugBuild (Thread[Execution worker Thread 3,5,main]) started.
:react-native-onesignal:preDebugBuild (Thread[Execution worker Thread 3,5,main]) started.

> Task :react-native-onesignal:preDebugBuild UP-TO-DATE
Skipping task ':react-native-onesignal:preDebugBuild' as it has no actions.
Resolve mutations for :react-native-onesignal:writeDebugAarMetadata (Thread[Execution worker Thread 3,5,main]) started.
:react-native-onesignal:writeDebugAarMetadata (Thread[Execution worker Thread 3,5,main]) started.

> Task :react-native-onesignal:writeDebugAarMetadata UP-TO-DATE
Caching disabled for task ':react-native-onesignal:writeDebugAarMetadata' because:
  Build cache is disabled
  Caching has been disabled for the task
Skipping task ':react-native-onesignal:writeDebugAarMetadata' as it is up-to-date.
work action resolve aar-metadata.properties (project :react-native-onesignal) (Thread[Execution worker Thread 3,5,main]) started.
Resolve mutations for :react-native-otp-verify:preDebugBuild (Thread[Execution worker Thread 3,5,main]) started.
:react-native-otp-verify:preDebugBuild (Thread[Execution worker Thread 3,5,main]) started.

> Task :react-native-otp-verify:preDebugBuild UP-TO-DATE
Skipping task ':react-native-otp-verify:preDebugBuild' as it has no actions.
Resolve mutations for :react-native-otp-verify:writeDebugAarMetadata (Thread[Execution worker Thread 3,5,main]) started.
:react-native-otp-verify:writeDebugAarMetadata (Thread[Execution worker Thread 3,5,main]) started.

> Task :react-native-otp-verify:writeDebugAarMetadata UP-TO-DATE
Caching disabled for task ':react-native-otp-verify:writeDebugAarMetadata' because:
  Build cache is disabled
  Caching has been disabled for the task
Skipping task ':react-native-otp-verify:writeDebugAarMetadata' as it is up-to-date.
work action resolve aar-metadata.properties (project :react-native-otp-verify) (Thread[included builds,5,main]) started.
Resolve mutations for :react-native-permissions:preDebugBuild (Thread[included builds,5,main]) started.
:react-native-permissions:preDebugBuild (Thread[included builds,5,main]) started.

> Task :react-native-permissions:preDebugBuild UP-TO-DATE
Skipping task ':react-native-permissions:preDebugBuild' as it has no actions.
Resolve mutations for :react-native-permissions:writeDebugAarMetadata (Thread[included builds,5,main]) started.
:react-native-permissions:writeDebugAarMetadata (Thread[included builds,5,main]) started.

> Task :react-native-permissions:writeDebugAarMetadata UP-TO-DATE
Caching disabled for task ':react-native-permissions:writeDebugAarMetadata' because:
  Build cache is disabled
  Caching has been disabled for the task
Skipping task ':react-native-permissions:writeDebugAarMetadata' as it is up-to-date.
work action resolve aar-metadata.properties (project :react-native-permissions) (Thread[included builds,5,main]) started.
Resolve mutations for :react-native-razorpay:preDebugBuild (Thread[included builds,5,main]) started.
:react-native-razorpay:preDebugBuild (Thread[included builds,5,main]) started.

> Task :react-native-razorpay:preDebugBuild UP-TO-DATE
Skipping task ':react-native-razorpay:preDebugBuild' as it has no actions.
Resolve mutations for :react-native-razorpay:writeDebugAarMetadata (Thread[included builds,5,main]) started.
:react-native-razorpay:writeDebugAarMetadata (Thread[included builds,5,main]) started.

> Task :react-native-razorpay:writeDebugAarMetadata UP-TO-DATE
Caching disabled for task ':react-native-razorpay:writeDebugAarMetadata' because:
  Build cache is disabled
  Caching has been disabled for the task
Skipping task ':react-native-razorpay:writeDebugAarMetadata' as it is up-to-date.
work action resolve aar-metadata.properties (project :react-native-razorpay) (Thread[included builds,5,main]) started.
Resolve mutations for :react-native-safe-area-context:preDebugBuild (Thread[included builds,5,main]) started.
:react-native-safe-area-context:preDebugBuild (Thread[included builds,5,main]) started.

> Task :react-native-safe-area-context:preDebugBuild UP-TO-DATE
Skipping task ':react-native-safe-area-context:preDebugBuild' as it has no actions.
Resolve mutations for :react-native-safe-area-context:writeDebugAarMetadata (Thread[included builds,5,main]) started.
:react-native-safe-area-context:writeDebugAarMetadata (Thread[included builds,5,main]) started.

> Task :react-native-safe-area-context:writeDebugAarMetadata UP-TO-DATE
Caching disabled for task ':react-native-safe-area-context:writeDebugAarMetadata' because:
  Build cache is disabled
  Caching has been disabled for the task
Skipping task ':react-native-safe-area-context:writeDebugAarMetadata' as it is up-to-date.
work action resolve aar-metadata.properties (project :react-native-safe-area-context) (Thread[included builds,5,main]) started.
Resolve mutations for :react-native-screens:preDebugBuild (Thread[included builds,5,main]) started.
:react-native-screens:preDebugBuild (Thread[included builds,5,main]) started.

> Task :react-native-screens:preDebugBuild UP-TO-DATE
Skipping task ':react-native-screens:preDebugBuild' as it has no actions.
Resolve mutations for :react-native-screens:writeDebugAarMetadata (Thread[included builds,5,main]) started.
:react-native-screens:writeDebugAarMetadata (Thread[included builds,5,main]) started.

> Task :react-native-screens:writeDebugAarMetadata UP-TO-DATE
Caching disabled for task ':react-native-screens:writeDebugAarMetadata' because:
  Build cache is disabled
  Caching has been disabled for the task
Skipping task ':react-native-screens:writeDebugAarMetadata' as it is up-to-date.
work action resolve aar-metadata.properties (project :react-native-screens) (Thread[included builds,5,main]) started.
Resolve mutations for :react-native-svg:preDebugBuild (Thread[included builds,5,main]) started.
:react-native-svg:preDebugBuild (Thread[included builds,5,main]) started.

> Task :react-native-svg:preDebugBuild UP-TO-DATE
Skipping task ':react-native-svg:preDebugBuild' as it has no actions.
Resolve mutations for :react-native-svg:writeDebugAarMetadata (Thread[included builds,5,main]) started.
:react-native-svg:writeDebugAarMetadata (Thread[included builds,5,main]) started.

> Task :react-native-svg:writeDebugAarMetadata UP-TO-DATE
Caching disabled for task ':react-native-svg:writeDebugAarMetadata' because:
  Build cache is disabled
  Caching has been disabled for the task
Skipping task ':react-native-svg:writeDebugAarMetadata' as it is up-to-date.
work action resolve aar-metadata.properties (project :react-native-svg) (Thread[included builds,5,main]) started.
Resolve mutations for :react-native-vector-icons:preDebugBuild (Thread[included builds,5,main]) started.
:react-native-vector-icons:preDebugBuild (Thread[included builds,5,main]) started.

> Task :react-native-vector-icons:preDebugBuild UP-TO-DATE
Skipping task ':react-native-vector-icons:preDebugBuild' as it has no actions.
Resolve mutations for :react-native-vector-icons:writeDebugAarMetadata (Thread[Execution worker Thread 3,5,main]) started.
:react-native-vector-icons:writeDebugAarMetadata (Thread[Execution worker Thread 3,5,main]) started.

> Task :react-native-vector-icons:writeDebugAarMetadata UP-TO-DATE
Caching disabled for task ':react-native-vector-icons:writeDebugAarMetadata' because:
  Build cache is disabled
  Caching has been disabled for the task
Skipping task ':react-native-vector-icons:writeDebugAarMetadata' as it is up-to-date.
work action resolve aar-metadata.properties (project :react-native-vector-icons) (Thread[Execution worker Thread 3,5,main]) started.
Resolve mutations for :app:checkDebugAarMetadata (Thread[Execution worker Thread 3,5,main]) started.
:app:checkDebugAarMetadata (Thread[Execution worker Thread 3,5,main]) started.

> Task :app:checkDebugAarMetadata UP-TO-DATE
file or directory '/Users/oem/Projects/KapraDaily/node_modules/react-native-onesignal/android/libs', not found
file or directory '/Users/oem/Projects/KapraDaily/node_modules/react-native-onesignal/android/libs', not found
file or directory '/Users/oem/Projects/KapraDaily/node_modules/react-native-onesignal/android/libs', not found
file or directory '/Users/oem/Projects/KapraDaily/node_modules/react-native-onesignal/android/libs', not found
Caching disabled for task ':app:checkDebugAarMetadata' because:
  Build cache is disabled
  Caching has been disabled for the task
Skipping task ':app:checkDebugAarMetadata' as it is up-to-date.
Resolve mutations for :app:generateDebugResValues (Thread[Execution worker Thread 3,5,main]) started.
:app:generateDebugResValues (Thread[Execution worker Thread 3,5,main]) started.

> Task :app:generateDebugResValues UP-TO-DATE
Caching disabled for task ':app:generateDebugResValues' because:
  Build cache is disabled
Skipping task ':app:generateDebugResValues' as it is up-to-date.
Resolve mutations for :lottie-react-native:generateDebugResValues (Thread[Execution worker Thread 3,5,main]) started.
:lottie-react-native:generateDebugResValues (Thread[Execution worker Thread 3,5,main]) started.

> Task :lottie-react-native:generateDebugResValues UP-TO-DATE
Caching disabled for task ':lottie-react-native:generateDebugResValues' because:
  Build cache is disabled
Skipping task ':lottie-react-native:generateDebugResValues' as it is up-to-date.
Resolve mutations for :lottie-react-native:generateDebugResources (Thread[Execution worker Thread 3,5,main]) started.
:lottie-react-native:generateDebugResources (Thread[Execution worker Thread 3,5,main]) started.

> Task :lottie-react-native:generateDebugResources UP-TO-DATE
Caching disabled for task ':lottie-react-native:generateDebugResources' because:
  Build cache is disabled
Skipping task ':lottie-react-native:generateDebugResources' as it is up-to-date.
Resolve mutations for :lottie-react-native:packageDebugResources (Thread[Execution worker Thread 3,5,main]) started.
:lottie-react-native:packageDebugResources (Thread[Execution worker Thread 4,5,main]) started.

> Task :lottie-react-native:packageDebugResources UP-TO-DATE
Caching disabled for task ':lottie-react-native:packageDebugResources' because:
  Build cache is disabled
Skipping task ':lottie-react-native:packageDebugResources' as it is up-to-date.
work action resolve packageDebugResources (project :lottie-react-native) (Thread[Execution worker Thread 4,5,main]) started.
Resolve mutations for :react-native-async-storage_async-storage:generateDebugResValues (Thread[Execution worker Thread 4,5,main]) started.
:react-native-async-storage_async-storage:generateDebugResValues (Thread[Execution worker Thread 4,5,main]) started.

> Task :react-native-async-storage_async-storage:generateDebugResValues UP-TO-DATE
Caching disabled for task ':react-native-async-storage_async-storage:generateDebugResValues' because:
  Build cache is disabled
Skipping task ':react-native-async-storage_async-storage:generateDebugResValues' as it is up-to-date.
Resolve mutations for :react-native-async-storage_async-storage:generateDebugResources (Thread[Execution worker Thread 4,5,main]) started.
:react-native-async-storage_async-storage:generateDebugResources (Thread[Execution worker Thread 4,5,main]) started.

> Task :react-native-async-storage_async-storage:generateDebugResources UP-TO-DATE
Caching disabled for task ':react-native-async-storage_async-storage:generateDebugResources' because:
  Build cache is disabled
Skipping task ':react-native-async-storage_async-storage:generateDebugResources' as it is up-to-date.
Resolve mutations for :react-native-async-storage_async-storage:packageDebugResources (Thread[Execution worker Thread 4,5,main]) started.
:react-native-async-storage_async-storage:packageDebugResources (Thread[Execution worker Thread 3,5,main]) started.

> Task :react-native-async-storage_async-storage:packageDebugResources UP-TO-DATE
Caching disabled for task ':react-native-async-storage_async-storage:packageDebugResources' because:
  Build cache is disabled
Skipping task ':react-native-async-storage_async-storage:packageDebugResources' as it is up-to-date.
work action resolve packageDebugResources (project :react-native-async-storage_async-storage) (Thread[Execution worker Thread 3,5,main]) started.
Resolve mutations for :react-native-community_blur:generateDebugResValues (Thread[Execution worker Thread 3,5,main]) started.
:react-native-community_blur:generateDebugResValues (Thread[included builds,5,main]) started.

> Task :react-native-community_blur:generateDebugResValues UP-TO-DATE
Caching disabled for task ':react-native-community_blur:generateDebugResValues' because:
  Build cache is disabled
Skipping task ':react-native-community_blur:generateDebugResValues' as it is up-to-date.
Resolve mutations for :react-native-community_blur:generateDebugResources (Thread[included builds,5,main]) started.
:react-native-community_blur:generateDebugResources (Thread[included builds,5,main]) started.

> Task :react-native-community_blur:generateDebugResources UP-TO-DATE
Caching disabled for task ':react-native-community_blur:generateDebugResources' because:
  Build cache is disabled
Skipping task ':react-native-community_blur:generateDebugResources' as it is up-to-date.
Resolve mutations for :react-native-community_blur:packageDebugResources (Thread[included builds,5,main]) started.
:react-native-community_blur:packageDebugResources (Thread[included builds,5,main]) started.

> Task :react-native-community_blur:packageDebugResources UP-TO-DATE
Caching disabled for task ':react-native-community_blur:packageDebugResources' because:
  Build cache is disabled
Skipping task ':react-native-community_blur:packageDebugResources' as it is up-to-date.
work action resolve packageDebugResources (project :react-native-community_blur) (Thread[included builds,5,main]) started.
Resolve mutations for :react-native-community_geolocation:generateDebugResValues (Thread[included builds,5,main]) started.
:react-native-community_geolocation:generateDebugResValues (Thread[included builds,5,main]) started.

> Task :react-native-community_geolocation:generateDebugResValues UP-TO-DATE
Caching disabled for task ':react-native-community_geolocation:generateDebugResValues' because:
  Build cache is disabled
Skipping task ':react-native-community_geolocation:generateDebugResValues' as it is up-to-date.
Resolve mutations for :react-native-community_geolocation:generateDebugResources (Thread[included builds,5,main]) started.
:react-native-community_geolocation:generateDebugResources (Thread[included builds,5,main]) started.

> Task :react-native-community_geolocation:generateDebugResources UP-TO-DATE
Caching disabled for task ':react-native-community_geolocation:generateDebugResources' because:
  Build cache is disabled
Skipping task ':react-native-community_geolocation:generateDebugResources' as it is up-to-date.
Resolve mutations for :react-native-community_geolocation:packageDebugResources (Thread[included builds,5,main]) started.
:react-native-community_geolocation:packageDebugResources (Thread[included builds,5,main]) started.

> Task :react-native-community_geolocation:packageDebugResources UP-TO-DATE
Caching disabled for task ':react-native-community_geolocation:packageDebugResources' because:
  Build cache is disabled
Skipping task ':react-native-community_geolocation:packageDebugResources' as it is up-to-date.
work action resolve packageDebugResources (project :react-native-community_geolocation) (Thread[included builds,5,main]) started.
Resolve mutations for :react-native-device-info:generateDebugResValues (Thread[included builds,5,main]) started.
:react-native-device-info:generateDebugResValues (Thread[included builds,5,main]) started.

> Task :react-native-device-info:generateDebugResValues UP-TO-DATE
Caching disabled for task ':react-native-device-info:generateDebugResValues' because:
  Build cache is disabled
Skipping task ':react-native-device-info:generateDebugResValues' as it is up-to-date.
Resolve mutations for :react-native-device-info:generateDebugResources (Thread[included builds,5,main]) started.
:react-native-device-info:generateDebugResources (Thread[included builds,5,main]) started.

> Task :react-native-device-info:generateDebugResources UP-TO-DATE
Caching disabled for task ':react-native-device-info:generateDebugResources' because:
  Build cache is disabled
Skipping task ':react-native-device-info:generateDebugResources' as it is up-to-date.
Resolve mutations for :react-native-device-info:packageDebugResources (Thread[included builds,5,main]) started.
:react-native-device-info:packageDebugResources (Thread[included builds,5,main]) started.

> Task :react-native-device-info:packageDebugResources UP-TO-DATE
Caching disabled for task ':react-native-device-info:packageDebugResources' because:
  Build cache is disabled
Skipping task ':react-native-device-info:packageDebugResources' as it is up-to-date.
work action resolve packageDebugResources (project :react-native-device-info) (Thread[included builds,5,main]) started.
Resolve mutations for :react-native-fast-image:generateDebugResValues (Thread[included builds,5,main]) started.
:react-native-fast-image:generateDebugResValues (Thread[included builds,5,main]) started.

> Task :react-native-fast-image:generateDebugResValues UP-TO-DATE
Caching disabled for task ':react-native-fast-image:generateDebugResValues' because:
  Build cache is disabled
Skipping task ':react-native-fast-image:generateDebugResValues' as it is up-to-date.
Resolve mutations for :react-native-fast-image:generateDebugResources (Thread[included builds,5,main]) started.
:react-native-fast-image:generateDebugResources (Thread[included builds,5,main]) started.

> Task :react-native-fast-image:generateDebugResources UP-TO-DATE
Caching disabled for task ':react-native-fast-image:generateDebugResources' because:
  Build cache is disabled
Skipping task ':react-native-fast-image:generateDebugResources' as it is up-to-date.
Resolve mutations for :react-native-fast-image:packageDebugResources (Thread[included builds,5,main]) started.
:react-native-fast-image:packageDebugResources (Thread[included builds,5,main]) started.

> Task :react-native-fast-image:packageDebugResources UP-TO-DATE
Caching disabled for task ':react-native-fast-image:packageDebugResources' because:
  Build cache is disabled
Skipping task ':react-native-fast-image:packageDebugResources' as it is up-to-date.
work action resolve packageDebugResources (project :react-native-fast-image) (Thread[included builds,5,main]) started.
Resolve mutations for :react-native-linear-gradient:generateDebugResValues (Thread[included builds,5,main]) started.
:react-native-linear-gradient:generateDebugResValues (Thread[included builds,5,main]) started.

> Task :react-native-linear-gradient:generateDebugResValues UP-TO-DATE
Caching disabled for task ':react-native-linear-gradient:generateDebugResValues' because:
  Build cache is disabled
Skipping task ':react-native-linear-gradient:generateDebugResValues' as it is up-to-date.
Resolve mutations for :react-native-linear-gradient:generateDebugResources (Thread[included builds,5,main]) started.
:react-native-linear-gradient:generateDebugResources (Thread[included builds,5,main]) started.

> Task :react-native-linear-gradient:generateDebugResources UP-TO-DATE
Caching disabled for task ':react-native-linear-gradient:generateDebugResources' because:
  Build cache is disabled
Skipping task ':react-native-linear-gradient:generateDebugResources' as it is up-to-date.
Resolve mutations for :react-native-linear-gradient:packageDebugResources (Thread[included builds,5,main]) started.
:react-native-linear-gradient:packageDebugResources (Thread[included builds,5,main]) started.

> Task :react-native-linear-gradient:packageDebugResources UP-TO-DATE
Caching disabled for task ':react-native-linear-gradient:packageDebugResources' because:
  Build cache is disabled
Skipping task ':react-native-linear-gradient:packageDebugResources' as it is up-to-date.
work action resolve packageDebugResources (project :react-native-linear-gradient) (Thread[included builds,5,main]) started.
Resolve mutations for :react-native-maps:generateDebugResValues (Thread[included builds,5,main]) started.
:react-native-maps:generateDebugResValues (Thread[included builds,5,main]) started.

> Task :react-native-maps:generateDebugResValues UP-TO-DATE
Caching disabled for task ':react-native-maps:generateDebugResValues' because:
  Build cache is disabled
Skipping task ':react-native-maps:generateDebugResValues' as it is up-to-date.
Resolve mutations for :react-native-maps:generateDebugResources (Thread[included builds,5,main]) started.
:react-native-maps:generateDebugResources (Thread[included builds,5,main]) started.

> Task :react-native-maps:generateDebugResources UP-TO-DATE
Caching disabled for task ':react-native-maps:generateDebugResources' because:
  Build cache is disabled
Skipping task ':react-native-maps:generateDebugResources' as it is up-to-date.
Resolve mutations for :react-native-maps:packageDebugResources (Thread[included builds,5,main]) started.
:react-native-maps:packageDebugResources (Thread[included builds,5,main]) started.

> Task :react-native-maps:packageDebugResources UP-TO-DATE
Caching disabled for task ':react-native-maps:packageDebugResources' because:
  Build cache is disabled
Skipping task ':react-native-maps:packageDebugResources' as it is up-to-date.
work action resolve packageDebugResources (project :react-native-maps) (Thread[included builds,5,main]) started.
Resolve mutations for :react-native-onesignal:generateDebugResValues (Thread[included builds,5,main]) started.
:react-native-onesignal:generateDebugResValues (Thread[included builds,5,main]) started.

> Task :react-native-onesignal:generateDebugResValues UP-TO-DATE
Caching disabled for task ':react-native-onesignal:generateDebugResValues' because:
  Build cache is disabled
Skipping task ':react-native-onesignal:generateDebugResValues' as it is up-to-date.
Resolve mutations for :react-native-onesignal:generateDebugResources (Thread[included builds,5,main]) started.
:react-native-onesignal:generateDebugResources (Thread[included builds,5,main]) started.

> Task :react-native-onesignal:generateDebugResources UP-TO-DATE
Caching disabled for task ':react-native-onesignal:generateDebugResources' because:
  Build cache is disabled
Skipping task ':react-native-onesignal:generateDebugResources' as it is up-to-date.
Resolve mutations for :react-native-onesignal:packageDebugResources (Thread[included builds,5,main]) started.
:react-native-onesignal:packageDebugResources (Thread[included builds,5,main]) started.

> Task :react-native-onesignal:packageDebugResources UP-TO-DATE
Caching disabled for task ':react-native-onesignal:packageDebugResources' because:
  Build cache is disabled
Skipping task ':react-native-onesignal:packageDebugResources' as it is up-to-date.
work action resolve packageDebugResources (project :react-native-onesignal) (Thread[included builds,5,main]) started.
Resolve mutations for :react-native-otp-verify:generateDebugResValues (Thread[included builds,5,main]) started.
:react-native-otp-verify:generateDebugResValues (Thread[included builds,5,main]) started.

> Task :react-native-otp-verify:generateDebugResValues UP-TO-DATE
Caching disabled for task ':react-native-otp-verify:generateDebugResValues' because:
  Build cache is disabled
Skipping task ':react-native-otp-verify:generateDebugResValues' as it is up-to-date.
Resolve mutations for :react-native-otp-verify:generateDebugResources (Thread[included builds,5,main]) started.
:react-native-otp-verify:generateDebugResources (Thread[included builds,5,main]) started.

> Task :react-native-otp-verify:generateDebugResources UP-TO-DATE
Caching disabled for task ':react-native-otp-verify:generateDebugResources' because:
  Build cache is disabled
Skipping task ':react-native-otp-verify:generateDebugResources' as it is up-to-date.
Resolve mutations for :react-native-otp-verify:packageDebugResources (Thread[included builds,5,main]) started.
:react-native-otp-verify:packageDebugResources (Thread[included builds,5,main]) started.

> Task :react-native-otp-verify:packageDebugResources UP-TO-DATE
Caching disabled for task ':react-native-otp-verify:packageDebugResources' because:
  Build cache is disabled
Skipping task ':react-native-otp-verify:packageDebugResources' as it is up-to-date.
work action resolve packageDebugResources (project :react-native-otp-verify) (Thread[included builds,5,main]) started.
Resolve mutations for :react-native-permissions:generateDebugResValues (Thread[included builds,5,main]) started.
:react-native-permissions:generateDebugResValues (Thread[included builds,5,main]) started.

> Task :react-native-permissions:generateDebugResValues UP-TO-DATE
Caching disabled for task ':react-native-permissions:generateDebugResValues' because:
  Build cache is disabled
Skipping task ':react-native-permissions:generateDebugResValues' as it is up-to-date.
Resolve mutations for :react-native-permissions:generateDebugResources (Thread[included builds,5,main]) started.
:react-native-permissions:generateDebugResources (Thread[included builds,5,main]) started.

> Task :react-native-permissions:generateDebugResources UP-TO-DATE
Caching disabled for task ':react-native-permissions:generateDebugResources' because:
  Build cache is disabled
Skipping task ':react-native-permissions:generateDebugResources' as it is up-to-date.
Resolve mutations for :react-native-permissions:packageDebugResources (Thread[included builds,5,main]) started.
:react-native-permissions:packageDebugResources (Thread[included builds,5,main]) started.

> Task :react-native-permissions:packageDebugResources UP-TO-DATE
Caching disabled for task ':react-native-permissions:packageDebugResources' because:
  Build cache is disabled
Skipping task ':react-native-permissions:packageDebugResources' as it is up-to-date.
work action resolve packageDebugResources (project :react-native-permissions) (Thread[included builds,5,main]) started.
Resolve mutations for :react-native-razorpay:generateDebugResValues (Thread[included builds,5,main]) started.
:react-native-razorpay:generateDebugResValues (Thread[included builds,5,main]) started.

> Task :react-native-razorpay:generateDebugResValues UP-TO-DATE
Caching disabled for task ':react-native-razorpay:generateDebugResValues' because:
  Build cache is disabled
Skipping task ':react-native-razorpay:generateDebugResValues' as it is up-to-date.
Resolve mutations for :react-native-razorpay:generateDebugResources (Thread[included builds,5,main]) started.
:react-native-razorpay:generateDebugResources (Thread[included builds,5,main]) started.

> Task :react-native-razorpay:generateDebugResources UP-TO-DATE
Caching disabled for task ':react-native-razorpay:generateDebugResources' because:
  Build cache is disabled
Skipping task ':react-native-razorpay:generateDebugResources' as it is up-to-date.
Resolve mutations for :react-native-razorpay:packageDebugResources (Thread[included builds,5,main]) started.
:react-native-razorpay:packageDebugResources (Thread[included builds,5,main]) started.

> Task :react-native-razorpay:packageDebugResources UP-TO-DATE
Caching disabled for task ':react-native-razorpay:packageDebugResources' because:
  Build cache is disabled
Skipping task ':react-native-razorpay:packageDebugResources' as it is up-to-date.
work action resolve packageDebugResources (project :react-native-razorpay) (Thread[included builds,5,main]) started.
Resolve mutations for :react-native-safe-area-context:generateDebugResValues (Thread[included builds,5,main]) started.
:react-native-safe-area-context:generateDebugResValues (Thread[included builds,5,main]) started.

> Task :react-native-safe-area-context:generateDebugResValues UP-TO-DATE
Caching disabled for task ':react-native-safe-area-context:generateDebugResValues' because:
  Build cache is disabled
Skipping task ':react-native-safe-area-context:generateDebugResValues' as it is up-to-date.
Resolve mutations for :react-native-safe-area-context:generateDebugResources (Thread[included builds,5,main]) started.
:react-native-safe-area-context:generateDebugResources (Thread[included builds,5,main]) started.

> Task :react-native-safe-area-context:generateDebugResources UP-TO-DATE
Caching disabled for task ':react-native-safe-area-context:generateDebugResources' because:
  Build cache is disabled
Skipping task ':react-native-safe-area-context:generateDebugResources' as it is up-to-date.
Resolve mutations for :react-native-safe-area-context:packageDebugResources (Thread[included builds,5,main]) started.
:react-native-safe-area-context:packageDebugResources (Thread[included builds,5,main]) started.

> Task :react-native-safe-area-context:packageDebugResources UP-TO-DATE
Caching disabled for task ':react-native-safe-area-context:packageDebugResources' because:
  Build cache is disabled
Skipping task ':react-native-safe-area-context:packageDebugResources' as it is up-to-date.
work action resolve packageDebugResources (project :react-native-safe-area-context) (Thread[included builds,5,main]) started.
Resolve mutations for :react-native-screens:generateDebugResValues (Thread[included builds,5,main]) started.
:react-native-screens:generateDebugResValues (Thread[included builds,5,main]) started.

> Task :react-native-screens:generateDebugResValues UP-TO-DATE
Caching disabled for task ':react-native-screens:generateDebugResValues' because:
  Build cache is disabled
Skipping task ':react-native-screens:generateDebugResValues' as it is up-to-date.
Resolve mutations for :react-native-screens:generateDebugResources (Thread[included builds,5,main]) started.
:react-native-screens:generateDebugResources (Thread[included builds,5,main]) started.

> Task :react-native-screens:generateDebugResources UP-TO-DATE
Caching disabled for task ':react-native-screens:generateDebugResources' because:
  Build cache is disabled
Skipping task ':react-native-screens:generateDebugResources' as it is up-to-date.
Resolve mutations for :react-native-screens:packageDebugResources (Thread[included builds,5,main]) started.
:react-native-screens:packageDebugResources (Thread[included builds,5,main]) started.

> Task :react-native-screens:packageDebugResources UP-TO-DATE
Caching disabled for task ':react-native-screens:packageDebugResources' because:
  Build cache is disabled
Skipping task ':react-native-screens:packageDebugResources' as it is up-to-date.
work action resolve packageDebugResources (project :react-native-screens) (Thread[included builds,5,main]) started.
Resolve mutations for :react-native-svg:generateDebugResValues (Thread[included builds,5,main]) started.
:react-native-svg:generateDebugResValues (Thread[included builds,5,main]) started.

> Task :react-native-svg:generateDebugResValues UP-TO-DATE
Caching disabled for task ':react-native-svg:generateDebugResValues' because:
  Build cache is disabled
Skipping task ':react-native-svg:generateDebugResValues' as it is up-to-date.
Resolve mutations for :react-native-svg:generateDebugResources (Thread[included builds,5,main]) started.
:react-native-svg:generateDebugResources (Thread[included builds,5,main]) started.

> Task :react-native-svg:generateDebugResources UP-TO-DATE
Caching disabled for task ':react-native-svg:generateDebugResources' because:
  Build cache is disabled
Skipping task ':react-native-svg:generateDebugResources' as it is up-to-date.
Resolve mutations for :react-native-svg:packageDebugResources (Thread[included builds,5,main]) started.
:react-native-svg:packageDebugResources (Thread[included builds,5,main]) started.

> Task :react-native-svg:packageDebugResources UP-TO-DATE
Caching disabled for task ':react-native-svg:packageDebugResources' because:
  Build cache is disabled
Skipping task ':react-native-svg:packageDebugResources' as it is up-to-date.
work action resolve packageDebugResources (project :react-native-svg) (Thread[included builds,5,main]) started.
Resolve mutations for :react-native-vector-icons:generateDebugResValues (Thread[included builds,5,main]) started.
:react-native-vector-icons:generateDebugResValues (Thread[included builds,5,main]) started.

> Task :react-native-vector-icons:generateDebugResValues UP-TO-DATE
Caching disabled for task ':react-native-vector-icons:generateDebugResValues' because:
  Build cache is disabled
Skipping task ':react-native-vector-icons:generateDebugResValues' as it is up-to-date.
Resolve mutations for :react-native-vector-icons:generateDebugResources (Thread[included builds,5,main]) started.
:react-native-vector-icons:generateDebugResources (Thread[included builds,5,main]) started.

> Task :react-native-vector-icons:generateDebugResources UP-TO-DATE
Caching disabled for task ':react-native-vector-icons:generateDebugResources' because:
  Build cache is disabled
Skipping task ':react-native-vector-icons:generateDebugResources' as it is up-to-date.
Resolve mutations for :react-native-vector-icons:packageDebugResources (Thread[included builds,5,main]) started.
:react-native-vector-icons:packageDebugResources (Thread[included builds,5,main]) started.

> Task :react-native-vector-icons:packageDebugResources UP-TO-DATE
Caching disabled for task ':react-native-vector-icons:packageDebugResources' because:
  Build cache is disabled
Skipping task ':react-native-vector-icons:packageDebugResources' as it is up-to-date.
work action resolve packageDebugResources (project :react-native-vector-icons) (Thread[included builds,5,main]) started.
Resolve mutations for :app:mapDebugSourceSetPaths (Thread[included builds,5,main]) started.
:app:mapDebugSourceSetPaths (Thread[included builds,5,main]) started.

> Task :app:mapDebugSourceSetPaths UP-TO-DATE
file or directory '/Users/oem/Projects/KapraDaily/node_modules/react-native-onesignal/android/libs', not found
Caching disabled for task ':app:mapDebugSourceSetPaths' because:
  Build cache is disabled
  Caching has been disabled for the task
Skipping task ':app:mapDebugSourceSetPaths' as it is up-to-date.
Resolve mutations for :app:generateDebugResources (Thread[included builds,5,main]) started.
:app:generateDebugResources (Thread[included builds,5,main]) started.

> Task :app:generateDebugResources UP-TO-DATE
Caching disabled for task ':app:generateDebugResources' because:
  Build cache is disabled
Skipping task ':app:generateDebugResources' as it is up-to-date.
Resolve mutations for :app:mergeDebugResources (Thread[included builds,5,main]) started.
:app:mergeDebugResources (Thread[included builds,5,main]) started.

> Task :app:mergeDebugResources UP-TO-DATE
file or directory '/Users/oem/Projects/KapraDaily/node_modules/react-native-onesignal/android/libs', not found
Caching disabled for task ':app:mergeDebugResources' because:
  Build cache is disabled
Skipping task ':app:mergeDebugResources' as it is up-to-date.
Resolve mutations for :app:packageDebugResources (Thread[included builds,5,main]) started.
:app:packageDebugResources (Thread[included builds,5,main]) started.

> Task :app:packageDebugResources UP-TO-DATE
Caching disabled for task ':app:packageDebugResources' because:
  Build cache is disabled
Skipping task ':app:packageDebugResources' as it is up-to-date.
Resolve mutations for :app:parseDebugLocalResources (Thread[included builds,5,main]) started.
:app:parseDebugLocalResources (Thread[included builds,5,main]) started.

> Task :app:parseDebugLocalResources UP-TO-DATE
Caching disabled for task ':app:parseDebugLocalResources' because:
  Build cache is disabled
Skipping task ':app:parseDebugLocalResources' as it is up-to-date.
Resolve mutations for :app:createDebugCompatibleScreenManifests (Thread[included builds,5,main]) started.
:app:createDebugCompatibleScreenManifests (Thread[included builds,5,main]) started.

> Task :app:createDebugCompatibleScreenManifests UP-TO-DATE
Caching disabled for task ':app:createDebugCompatibleScreenManifests' because:
  Build cache is disabled
  Caching has been disabled for the task
Skipping task ':app:createDebugCompatibleScreenManifests' as it is up-to-date.
Resolve mutations for :app:extractDeepLinksDebug (Thread[included builds,5,main]) started.
:app:extractDeepLinksDebug (Thread[included builds,5,main]) started.

> Task :app:extractDeepLinksDebug UP-TO-DATE
Caching disabled for task ':app:extractDeepLinksDebug' because:
  Build cache is disabled
Skipping task ':app:extractDeepLinksDebug' as it is up-to-date.
Resolve mutations for :lottie-react-native:extractDeepLinksDebug (Thread[included builds,5,main]) started.
:lottie-react-native:extractDeepLinksDebug (Thread[included builds,5,main]) started.

> Task :lottie-react-native:extractDeepLinksDebug UP-TO-DATE
Caching disabled for task ':lottie-react-native:extractDeepLinksDebug' because:
  Build cache is disabled
Skipping task ':lottie-react-native:extractDeepLinksDebug' as it is up-to-date.
work action resolve navigation.json (project :lottie-react-native) (Thread[included builds,5,main]) started.
Resolve mutations for :lottie-react-native:processDebugManifest (Thread[included builds,5,main]) started.
:lottie-react-native:processDebugManifest (Thread[included builds,5,main]) started.

> Task :lottie-react-native:processDebugManifest UP-TO-DATE
Caching disabled for task ':lottie-react-native:processDebugManifest' because:
  Build cache is disabled
Skipping task ':lottie-react-native:processDebugManifest' as it is up-to-date.
work action resolve AndroidManifest.xml (project :lottie-react-native) (Thread[included builds,5,main]) started.
Resolve mutations for :react-native-async-storage_async-storage:extractDeepLinksDebug (Thread[included builds,5,main]) started.
:react-native-async-storage_async-storage:extractDeepLinksDebug (Thread[included builds,5,main]) started.

> Task :react-native-async-storage_async-storage:extractDeepLinksDebug UP-TO-DATE
Caching disabled for task ':react-native-async-storage_async-storage:extractDeepLinksDebug' because:
  Build cache is disabled
Skipping task ':react-native-async-storage_async-storage:extractDeepLinksDebug' as it is up-to-date.
work action resolve navigation.json (project :react-native-async-storage_async-storage) (Thread[included builds,5,main]) started.
Resolve mutations for :react-native-async-storage_async-storage:processDebugManifest (Thread[included builds,5,main]) started.
:react-native-async-storage_async-storage:processDebugManifest (Thread[included builds,5,main]) started.

> Task :react-native-async-storage_async-storage:processDebugManifest UP-TO-DATE
Caching disabled for task ':react-native-async-storage_async-storage:processDebugManifest' because:
  Build cache is disabled
Skipping task ':react-native-async-storage_async-storage:processDebugManifest' as it is up-to-date.
work action resolve AndroidManifest.xml (project :react-native-async-storage_async-storage) (Thread[included builds,5,main]) started.
Resolve mutations for :react-native-community_blur:extractDeepLinksDebug (Thread[included builds,5,main]) started.
:react-native-community_blur:extractDeepLinksDebug (Thread[included builds,5,main]) started.

> Task :react-native-community_blur:extractDeepLinksDebug UP-TO-DATE
Caching disabled for task ':react-native-community_blur:extractDeepLinksDebug' because:
  Build cache is disabled
Skipping task ':react-native-community_blur:extractDeepLinksDebug' as it is up-to-date.
work action resolve navigation.json (project :react-native-community_blur) (Thread[included builds,5,main]) started.
Resolve mutations for :react-native-community_blur:processDebugManifest (Thread[included builds,5,main]) started.
:react-native-community_blur:processDebugManifest (Thread[included builds,5,main]) started.

> Task :react-native-community_blur:processDebugManifest UP-TO-DATE
Caching disabled for task ':react-native-community_blur:processDebugManifest' because:
  Build cache is disabled
Skipping task ':react-native-community_blur:processDebugManifest' as it is up-to-date.
work action resolve AndroidManifest.xml (project :react-native-community_blur) (Thread[included builds,5,main]) started.
Resolve mutations for :react-native-community_geolocation:extractDeepLinksDebug (Thread[included builds,5,main]) started.
:react-native-community_geolocation:extractDeepLinksDebug (Thread[included builds,5,main]) started.

> Task :react-native-community_geolocation:extractDeepLinksDebug UP-TO-DATE
Caching disabled for task ':react-native-community_geolocation:extractDeepLinksDebug' because:
  Build cache is disabled
Skipping task ':react-native-community_geolocation:extractDeepLinksDebug' as it is up-to-date.
work action resolve navigation.json (project :react-native-community_geolocation) (Thread[included builds,5,main]) started.
Resolve mutations for :react-native-community_geolocation:processDebugManifest (Thread[included builds,5,main]) started.
:react-native-community_geolocation:processDebugManifest (Thread[included builds,5,main]) started.

> Task :react-native-community_geolocation:processDebugManifest UP-TO-DATE
Caching disabled for task ':react-native-community_geolocation:processDebugManifest' because:
  Build cache is disabled
Skipping task ':react-native-community_geolocation:processDebugManifest' as it is up-to-date.
work action resolve AndroidManifest.xml (project :react-native-community_geolocation) (Thread[included builds,5,main]) started.
Resolve mutations for :react-native-device-info:extractDeepLinksDebug (Thread[included builds,5,main]) started.
:react-native-device-info:extractDeepLinksDebug (Thread[included builds,5,main]) started.

> Task :react-native-device-info:extractDeepLinksDebug UP-TO-DATE
Caching disabled for task ':react-native-device-info:extractDeepLinksDebug' because:
  Build cache is disabled
Skipping task ':react-native-device-info:extractDeepLinksDebug' as it is up-to-date.
work action resolve navigation.json (project :react-native-device-info) (Thread[included builds,5,main]) started.
Resolve mutations for :react-native-device-info:processDebugManifest (Thread[included builds,5,main]) started.
:react-native-device-info:processDebugManifest (Thread[included builds,5,main]) started.

> Task :react-native-device-info:processDebugManifest UP-TO-DATE
Caching disabled for task ':react-native-device-info:processDebugManifest' because:
  Build cache is disabled
Skipping task ':react-native-device-info:processDebugManifest' as it is up-to-date.
work action resolve AndroidManifest.xml (project :react-native-device-info) (Thread[included builds,5,main]) started.
Resolve mutations for :react-native-fast-image:extractDeepLinksDebug (Thread[included builds,5,main]) started.
:react-native-fast-image:extractDeepLinksDebug (Thread[included builds,5,main]) started.

> Task :react-native-fast-image:extractDeepLinksDebug UP-TO-DATE
Caching disabled for task ':react-native-fast-image:extractDeepLinksDebug' because:
  Build cache is disabled
Skipping task ':react-native-fast-image:extractDeepLinksDebug' as it is up-to-date.
work action resolve navigation.json (project :react-native-fast-image) (Thread[included builds,5,main]) started.
Resolve mutations for :react-native-fast-image:processDebugManifest (Thread[included builds,5,main]) started.
:react-native-fast-image:processDebugManifest (Thread[included builds,5,main]) started.

> Task :react-native-fast-image:processDebugManifest UP-TO-DATE
Caching disabled for task ':react-native-fast-image:processDebugManifest' because:
  Build cache is disabled
Skipping task ':react-native-fast-image:processDebugManifest' as it is up-to-date.
work action resolve AndroidManifest.xml (project :react-native-fast-image) (Thread[Execution worker Thread 6,5,main]) started.
Resolve mutations for :react-native-linear-gradient:extractDeepLinksDebug (Thread[included builds,5,main]) started.
:react-native-linear-gradient:extractDeepLinksDebug (Thread[included builds,5,main]) started.

> Task :react-native-linear-gradient:extractDeepLinksDebug UP-TO-DATE
Caching disabled for task ':react-native-linear-gradient:extractDeepLinksDebug' because:
  Build cache is disabled
Skipping task ':react-native-linear-gradient:extractDeepLinksDebug' as it is up-to-date.
work action resolve navigation.json (project :react-native-linear-gradient) (Thread[included builds,5,main]) started.
Resolve mutations for :react-native-linear-gradient:processDebugManifest (Thread[included builds,5,main]) started.
:react-native-linear-gradient:processDebugManifest (Thread[included builds,5,main]) started.

> Task :react-native-linear-gradient:processDebugManifest UP-TO-DATE
Caching disabled for task ':react-native-linear-gradient:processDebugManifest' because:
  Build cache is disabled
Skipping task ':react-native-linear-gradient:processDebugManifest' as it is up-to-date.
work action resolve AndroidManifest.xml (project :react-native-linear-gradient) (Thread[included builds,5,main]) started.
Resolve mutations for :react-native-maps:extractDeepLinksDebug (Thread[included builds,5,main]) started.
:react-native-maps:extractDeepLinksDebug (Thread[included builds,5,main]) started.

> Task :react-native-maps:extractDeepLinksDebug UP-TO-DATE
Caching disabled for task ':react-native-maps:extractDeepLinksDebug' because:
  Build cache is disabled
Skipping task ':react-native-maps:extractDeepLinksDebug' as it is up-to-date.
work action resolve navigation.json (project :react-native-maps) (Thread[included builds,5,main]) started.
Resolve mutations for :react-native-maps:processDebugManifest (Thread[included builds,5,main]) started.
:react-native-maps:processDebugManifest (Thread[included builds,5,main]) started.

> Task :react-native-maps:processDebugManifest UP-TO-DATE
Caching disabled for task ':react-native-maps:processDebugManifest' because:
  Build cache is disabled
Skipping task ':react-native-maps:processDebugManifest' as it is up-to-date.
work action resolve AndroidManifest.xml (project :react-native-maps) (Thread[included builds,5,main]) started.
Resolve mutations for :react-native-onesignal:extractDeepLinksDebug (Thread[included builds,5,main]) started.
:react-native-onesignal:extractDeepLinksDebug (Thread[included builds,5,main]) started.

> Task :react-native-onesignal:extractDeepLinksDebug UP-TO-DATE
Caching disabled for task ':react-native-onesignal:extractDeepLinksDebug' because:
  Build cache is disabled
Skipping task ':react-native-onesignal:extractDeepLinksDebug' as it is up-to-date.
work action resolve navigation.json (project :react-native-onesignal) (Thread[included builds,5,main]) started.
Resolve mutations for :react-native-onesignal:processDebugManifest (Thread[included builds,5,main]) started.
:react-native-onesignal:processDebugManifest (Thread[included builds,5,main]) started.

> Task :react-native-onesignal:processDebugManifest UP-TO-DATE
Caching disabled for task ':react-native-onesignal:processDebugManifest' because:
  Build cache is disabled
Skipping task ':react-native-onesignal:processDebugManifest' as it is up-to-date.
work action resolve AndroidManifest.xml (project :react-native-onesignal) (Thread[included builds,5,main]) started.
Resolve mutations for :react-native-otp-verify:extractDeepLinksDebug (Thread[included builds,5,main]) started.
:react-native-otp-verify:extractDeepLinksDebug (Thread[included builds,5,main]) started.

> Task :react-native-otp-verify:extractDeepLinksDebug UP-TO-DATE
Caching disabled for task ':react-native-otp-verify:extractDeepLinksDebug' because:
  Build cache is disabled
Skipping task ':react-native-otp-verify:extractDeepLinksDebug' as it is up-to-date.
work action resolve navigation.json (project :react-native-otp-verify) (Thread[included builds,5,main]) started.
Resolve mutations for :react-native-otp-verify:processDebugManifest (Thread[included builds,5,main]) started.
:react-native-otp-verify:processDebugManifest (Thread[included builds,5,main]) started.

> Task :react-native-otp-verify:processDebugManifest UP-TO-DATE
Caching disabled for task ':react-native-otp-verify:processDebugManifest' because:
  Build cache is disabled
Skipping task ':react-native-otp-verify:processDebugManifest' as it is up-to-date.
work action resolve AndroidManifest.xml (project :react-native-otp-verify) (Thread[included builds,5,main]) started.
Resolve mutations for :react-native-permissions:extractDeepLinksDebug (Thread[included builds,5,main]) started.
:react-native-permissions:extractDeepLinksDebug (Thread[included builds,5,main]) started.

> Task :react-native-permissions:extractDeepLinksDebug UP-TO-DATE
Caching disabled for task ':react-native-permissions:extractDeepLinksDebug' because:
  Build cache is disabled
Skipping task ':react-native-permissions:extractDeepLinksDebug' as it is up-to-date.
work action resolve navigation.json (project :react-native-permissions) (Thread[included builds,5,main]) started.
Resolve mutations for :react-native-permissions:processDebugManifest (Thread[included builds,5,main]) started.
:react-native-permissions:processDebugManifest (Thread[included builds,5,main]) started.

> Task :react-native-permissions:processDebugManifest UP-TO-DATE
Caching disabled for task ':react-native-permissions:processDebugManifest' because:
  Build cache is disabled
Skipping task ':react-native-permissions:processDebugManifest' as it is up-to-date.
work action resolve AndroidManifest.xml (project :react-native-permissions) (Thread[included builds,5,main]) started.
Resolve mutations for :react-native-razorpay:extractDeepLinksDebug (Thread[included builds,5,main]) started.
:react-native-razorpay:extractDeepLinksDebug (Thread[included builds,5,main]) started.

> Task :react-native-razorpay:extractDeepLinksDebug UP-TO-DATE
Caching disabled for task ':react-native-razorpay:extractDeepLinksDebug' because:
  Build cache is disabled
Skipping task ':react-native-razorpay:extractDeepLinksDebug' as it is up-to-date.
work action resolve navigation.json (project :react-native-razorpay) (Thread[included builds,5,main]) started.
Resolve mutations for :react-native-razorpay:processDebugManifest (Thread[included builds,5,main]) started.
:react-native-razorpay:processDebugManifest (Thread[included builds,5,main]) started.

> Task :react-native-razorpay:processDebugManifest UP-TO-DATE
Caching disabled for task ':react-native-razorpay:processDebugManifest' because:
  Build cache is disabled
Skipping task ':react-native-razorpay:processDebugManifest' as it is up-to-date.
work action resolve AndroidManifest.xml (project :react-native-razorpay) (Thread[included builds,5,main]) started.
Resolve mutations for :react-native-safe-area-context:extractDeepLinksDebug (Thread[included builds,5,main]) started.
:react-native-safe-area-context:extractDeepLinksDebug (Thread[included builds,5,main]) started.

> Task :react-native-safe-area-context:extractDeepLinksDebug UP-TO-DATE
Caching disabled for task ':react-native-safe-area-context:extractDeepLinksDebug' because:
  Build cache is disabled
Skipping task ':react-native-safe-area-context:extractDeepLinksDebug' as it is up-to-date.
work action resolve navigation.json (project :react-native-safe-area-context) (Thread[included builds,5,main]) started.
Resolve mutations for :react-native-safe-area-context:processDebugManifest (Thread[Execution worker Thread 3,5,main]) started.
:react-native-safe-area-context:processDebugManifest (Thread[Execution worker Thread 3,5,main]) started.

> Task :react-native-safe-area-context:processDebugManifest UP-TO-DATE
Caching disabled for task ':react-native-safe-area-context:processDebugManifest' because:
  Build cache is disabled
Skipping task ':react-native-safe-area-context:processDebugManifest' as it is up-to-date.
work action resolve AndroidManifest.xml (project :react-native-safe-area-context) (Thread[Execution worker Thread 3,5,main]) started.
Resolve mutations for :react-native-screens:extractDeepLinksDebug (Thread[Execution worker Thread 3,5,main]) started.
:react-native-screens:extractDeepLinksDebug (Thread[Execution worker Thread 3,5,main]) started.

> Task :react-native-screens:extractDeepLinksDebug UP-TO-DATE
Caching disabled for task ':react-native-screens:extractDeepLinksDebug' because:
  Build cache is disabled
Skipping task ':react-native-screens:extractDeepLinksDebug' as it is up-to-date.
work action resolve navigation.json (project :react-native-screens) (Thread[Execution worker Thread 3,5,main]) started.
Resolve mutations for :react-native-screens:processDebugManifest (Thread[Execution worker Thread 3,5,main]) started.
:react-native-screens:processDebugManifest (Thread[Execution worker Thread 3,5,main]) started.

> Task :react-native-screens:processDebugManifest UP-TO-DATE
Caching disabled for task ':react-native-screens:processDebugManifest' because:
  Build cache is disabled
Skipping task ':react-native-screens:processDebugManifest' as it is up-to-date.
work action resolve AndroidManifest.xml (project :react-native-screens) (Thread[Execution worker Thread 3,5,main]) started.
Resolve mutations for :react-native-svg:extractDeepLinksDebug (Thread[Execution worker Thread 3,5,main]) started.
:react-native-svg:extractDeepLinksDebug (Thread[Execution worker Thread 3,5,main]) started.

> Task :react-native-svg:extractDeepLinksDebug UP-TO-DATE
Caching disabled for task ':react-native-svg:extractDeepLinksDebug' because:
  Build cache is disabled
Skipping task ':react-native-svg:extractDeepLinksDebug' as it is up-to-date.
work action resolve navigation.json (project :react-native-svg) (Thread[Execution worker Thread 3,5,main]) started.
Resolve mutations for :react-native-svg:processDebugManifest (Thread[Execution worker Thread 3,5,main]) started.
:react-native-svg:processDebugManifest (Thread[Execution worker Thread 3,5,main]) started.

> Task :react-native-svg:processDebugManifest UP-TO-DATE
Caching disabled for task ':react-native-svg:processDebugManifest' because:
  Build cache is disabled
Skipping task ':react-native-svg:processDebugManifest' as it is up-to-date.
work action resolve AndroidManifest.xml (project :react-native-svg) (Thread[Execution worker Thread 3,5,main]) started.
Resolve mutations for :react-native-vector-icons:extractDeepLinksDebug (Thread[Execution worker Thread 3,5,main]) started.
:react-native-vector-icons:extractDeepLinksDebug (Thread[Execution worker Thread 3,5,main]) started.

> Task :react-native-vector-icons:extractDeepLinksDebug UP-TO-DATE
Caching disabled for task ':react-native-vector-icons:extractDeepLinksDebug' because:
  Build cache is disabled
Skipping task ':react-native-vector-icons:extractDeepLinksDebug' as it is up-to-date.
work action resolve navigation.json (project :react-native-vector-icons) (Thread[Execution worker Thread 3,5,main]) started.
Resolve mutations for :react-native-vector-icons:processDebugManifest (Thread[Execution worker Thread 3,5,main]) started.
:react-native-vector-icons:processDebugManifest (Thread[Execution worker Thread 3,5,main]) started.

> Task :react-native-vector-icons:processDebugManifest UP-TO-DATE
Caching disabled for task ':react-native-vector-icons:processDebugManifest' because:
  Build cache is disabled
Skipping task ':react-native-vector-icons:processDebugManifest' as it is up-to-date.
work action resolve AndroidManifest.xml (project :react-native-vector-icons) (Thread[Execution worker Thread 3,5,main]) started.
Resolve mutations for :app:processDebugMainManifest (Thread[Execution worker Thread 3,5,main]) started.
:app:processDebugMainManifest (Thread[Execution worker Thread 3,5,main]) started.

> Task :app:processDebugMainManifest UP-TO-DATE
file or directory '/Users/oem/Projects/KapraDaily/node_modules/react-native-onesignal/android/libs', not found
file or directory '/Users/oem/Projects/KapraDaily/node_modules/react-native-onesignal/android/libs', not found
file or directory '/Users/oem/Projects/KapraDaily/node_modules/react-native-onesignal/android/libs', not found
file or directory '/Users/oem/Projects/KapraDaily/node_modules/react-native-onesignal/android/libs', not found
Caching disabled for task ':app:processDebugMainManifest' because:
  Build cache is disabled
Skipping task ':app:processDebugMainManifest' as it is up-to-date.
Resolve mutations for :app:processDebugManifest (Thread[Execution worker Thread 3,5,main]) started.
:app:processDebugManifest (Thread[Execution worker Thread 3,5,main]) started.

> Task :app:processDebugManifest UP-TO-DATE
Caching disabled for task ':app:processDebugManifest' because:
  Build cache is disabled
Skipping task ':app:processDebugManifest' as it is up-to-date.
Resolve mutations for :app:processDebugManifestForPackage (Thread[Execution worker Thread 3,5,main]) started.
:app:processDebugManifestForPackage (Thread[Execution worker Thread 3,5,main]) started.

> Task :app:processDebugManifestForPackage UP-TO-DATE
Custom actions are attached to task ':app:processDebugManifestForPackage'.
Caching disabled for task ':app:processDebugManifestForPackage' because:
  Build cache is disabled
Skipping task ':app:processDebugManifestForPackage' as it is up-to-date.
Resolve mutations for :lottie-react-native:compileDebugLibraryResources (Thread[Execution worker Thread 3,5,main]) started.
:lottie-react-native:compileDebugLibraryResources (Thread[Execution worker Thread 3,5,main]) started.

> Task :lottie-react-native:compileDebugLibraryResources UP-TO-DATE
Caching disabled for task ':lottie-react-native:compileDebugLibraryResources' because:
  Build cache is disabled
Skipping task ':lottie-react-native:compileDebugLibraryResources' as it is up-to-date.
work action resolve out (project :lottie-react-native) (Thread[Execution worker Thread 3,5,main]) started.
Resolve mutations for :lottie-react-native:parseDebugLocalResources (Thread[Execution worker Thread 3,5,main]) started.
:lottie-react-native:parseDebugLocalResources (Thread[Execution worker Thread 3,5,main]) started.

> Task :lottie-react-native:parseDebugLocalResources UP-TO-DATE
Caching disabled for task ':lottie-react-native:parseDebugLocalResources' because:
  Build cache is disabled
Skipping task ':lottie-react-native:parseDebugLocalResources' as it is up-to-date.
Resolve mutations for :lottie-react-native:generateDebugRFile (Thread[Execution worker Thread 3,5,main]) started.
:lottie-react-native:generateDebugRFile (Thread[Execution worker Thread 3,5,main]) started.

> Task :lottie-react-native:generateDebugRFile UP-TO-DATE
Caching disabled for task ':lottie-react-native:generateDebugRFile' because:
  Build cache is disabled
Skipping task ':lottie-react-native:generateDebugRFile' as it is up-to-date.
work action resolve package-aware-r.txt (project :lottie-react-native) (Thread[Execution worker Thread 3,5,main]) started.
Resolve mutations for :react-native-async-storage_async-storage:compileDebugLibraryResources (Thread[Execution worker Thread 3,5,main]) started.
:react-native-async-storage_async-storage:compileDebugLibraryResources (Thread[Execution worker Thread 3,5,main]) started.

> Task :react-native-async-storage_async-storage:compileDebugLibraryResources UP-TO-DATE
Caching disabled for task ':react-native-async-storage_async-storage:compileDebugLibraryResources' because:
  Build cache is disabled
Skipping task ':react-native-async-storage_async-storage:compileDebugLibraryResources' as it is up-to-date.
work action resolve out (project :react-native-async-storage_async-storage) (Thread[Execution worker Thread 3,5,main]) started.
Resolve mutations for :react-native-async-storage_async-storage:parseDebugLocalResources (Thread[Execution worker Thread 3,5,main]) started.
:react-native-async-storage_async-storage:parseDebugLocalResources (Thread[Execution worker Thread 3,5,main]) started.

> Task :react-native-async-storage_async-storage:parseDebugLocalResources UP-TO-DATE
Caching disabled for task ':react-native-async-storage_async-storage:parseDebugLocalResources' because:
  Build cache is disabled
Skipping task ':react-native-async-storage_async-storage:parseDebugLocalResources' as it is up-to-date.
Resolve mutations for :react-native-async-storage_async-storage:generateDebugRFile (Thread[Execution worker Thread 3,5,main]) started.
:react-native-async-storage_async-storage:generateDebugRFile (Thread[Execution worker Thread 3,5,main]) started.

> Task :react-native-async-storage_async-storage:generateDebugRFile UP-TO-DATE
Caching disabled for task ':react-native-async-storage_async-storage:generateDebugRFile' because:
  Build cache is disabled
Skipping task ':react-native-async-storage_async-storage:generateDebugRFile' as it is up-to-date.
work action resolve package-aware-r.txt (project :react-native-async-storage_async-storage) (Thread[Execution worker Thread 3,5,main]) started.
Resolve mutations for :react-native-community_blur:compileDebugLibraryResources (Thread[Execution worker Thread 3,5,main]) started.
:react-native-community_blur:compileDebugLibraryResources (Thread[Execution worker Thread 3,5,main]) started.

> Task :react-native-community_blur:compileDebugLibraryResources UP-TO-DATE
Caching disabled for task ':react-native-community_blur:compileDebugLibraryResources' because:
  Build cache is disabled
Skipping task ':react-native-community_blur:compileDebugLibraryResources' as it is up-to-date.
work action resolve out (project :react-native-community_blur) (Thread[Execution worker Thread 3,5,main]) started.
Resolve mutations for :react-native-community_blur:parseDebugLocalResources (Thread[Execution worker Thread 3,5,main]) started.
:react-native-community_blur:parseDebugLocalResources (Thread[Execution worker Thread 3,5,main]) started.

> Task :react-native-community_blur:parseDebugLocalResources UP-TO-DATE
Caching disabled for task ':react-native-community_blur:parseDebugLocalResources' because:
  Build cache is disabled
Skipping task ':react-native-community_blur:parseDebugLocalResources' as it is up-to-date.
Resolve mutations for :react-native-community_blur:generateDebugRFile (Thread[Execution worker Thread 3,5,main]) started.
:react-native-community_blur:generateDebugRFile (Thread[Execution worker Thread 3,5,main]) started.

> Task :react-native-community_blur:generateDebugRFile UP-TO-DATE
Caching disabled for task ':react-native-community_blur:generateDebugRFile' because:
  Build cache is disabled
Skipping task ':react-native-community_blur:generateDebugRFile' as it is up-to-date.
work action resolve package-aware-r.txt (project :react-native-community_blur) (Thread[Execution worker Thread 3,5,main]) started.
Resolve mutations for :react-native-community_geolocation:compileDebugLibraryResources (Thread[Execution worker Thread 3,5,main]) started.
:react-native-community_geolocation:compileDebugLibraryResources (Thread[Execution worker Thread 3,5,main]) started.

> Task :react-native-community_geolocation:compileDebugLibraryResources UP-TO-DATE
Caching disabled for task ':react-native-community_geolocation:compileDebugLibraryResources' because:
  Build cache is disabled
Skipping task ':react-native-community_geolocation:compileDebugLibraryResources' as it is up-to-date.
work action resolve out (project :react-native-community_geolocation) (Thread[Execution worker Thread 3,5,main]) started.
Resolve mutations for :react-native-community_geolocation:parseDebugLocalResources (Thread[Execution worker Thread 3,5,main]) started.
:react-native-community_geolocation:parseDebugLocalResources (Thread[Execution worker Thread 3,5,main]) started.

> Task :react-native-community_geolocation:parseDebugLocalResources UP-TO-DATE
Caching disabled for task ':react-native-community_geolocation:parseDebugLocalResources' because:
  Build cache is disabled
Skipping task ':react-native-community_geolocation:parseDebugLocalResources' as it is up-to-date.
Resolve mutations for :react-native-community_geolocation:generateDebugRFile (Thread[Execution worker Thread 3,5,main]) started.
:react-native-community_geolocation:generateDebugRFile (Thread[Execution worker Thread 3,5,main]) started.

> Task :react-native-community_geolocation:generateDebugRFile UP-TO-DATE
Caching disabled for task ':react-native-community_geolocation:generateDebugRFile' because:
  Build cache is disabled
Skipping task ':react-native-community_geolocation:generateDebugRFile' as it is up-to-date.
work action resolve package-aware-r.txt (project :react-native-community_geolocation) (Thread[Execution worker Thread 3,5,main]) started.
Resolve mutations for :react-native-device-info:compileDebugLibraryResources (Thread[Execution worker Thread 3,5,main]) started.
:react-native-device-info:compileDebugLibraryResources (Thread[Execution worker Thread 3,5,main]) started.

> Task :react-native-device-info:compileDebugLibraryResources UP-TO-DATE
Caching disabled for task ':react-native-device-info:compileDebugLibraryResources' because:
  Build cache is disabled
Skipping task ':react-native-device-info:compileDebugLibraryResources' as it is up-to-date.
work action resolve out (project :react-native-device-info) (Thread[Execution worker Thread 3,5,main]) started.
Resolve mutations for :react-native-device-info:parseDebugLocalResources (Thread[Execution worker Thread 3,5,main]) started.
:react-native-device-info:parseDebugLocalResources (Thread[Execution worker Thread 3,5,main]) started.

> Task :react-native-device-info:parseDebugLocalResources UP-TO-DATE
Caching disabled for task ':react-native-device-info:parseDebugLocalResources' because:
  Build cache is disabled
Skipping task ':react-native-device-info:parseDebugLocalResources' as it is up-to-date.
Resolve mutations for :react-native-device-info:generateDebugRFile (Thread[Execution worker Thread 3,5,main]) started.
:react-native-device-info:generateDebugRFile (Thread[Execution worker Thread 3,5,main]) started.

> Task :react-native-device-info:generateDebugRFile UP-TO-DATE
Caching disabled for task ':react-native-device-info:generateDebugRFile' because:
  Build cache is disabled
Skipping task ':react-native-device-info:generateDebugRFile' as it is up-to-date.
work action resolve package-aware-r.txt (project :react-native-device-info) (Thread[Execution worker Thread 3,5,main]) started.
Resolve mutations for :react-native-fast-image:compileDebugLibraryResources (Thread[Execution worker Thread 3,5,main]) started.
:react-native-fast-image:compileDebugLibraryResources (Thread[Execution worker Thread 3,5,main]) started.

> Task :react-native-fast-image:compileDebugLibraryResources UP-TO-DATE
Caching disabled for task ':react-native-fast-image:compileDebugLibraryResources' because:
  Build cache is disabled
Skipping task ':react-native-fast-image:compileDebugLibraryResources' as it is up-to-date.
work action resolve out (project :react-native-fast-image) (Thread[Execution worker Thread 3,5,main]) started.
Resolve mutations for :react-native-fast-image:parseDebugLocalResources (Thread[Execution worker Thread 3,5,main]) started.
:react-native-fast-image:parseDebugLocalResources (Thread[Execution worker Thread 3,5,main]) started.

> Task :react-native-fast-image:parseDebugLocalResources UP-TO-DATE
Caching disabled for task ':react-native-fast-image:parseDebugLocalResources' because:
  Build cache is disabled
Skipping task ':react-native-fast-image:parseDebugLocalResources' as it is up-to-date.
Resolve mutations for :react-native-fast-image:generateDebugRFile (Thread[Execution worker Thread 3,5,main]) started.
:react-native-fast-image:generateDebugRFile (Thread[Execution worker Thread 3,5,main]) started.

> Task :react-native-fast-image:generateDebugRFile UP-TO-DATE
Caching disabled for task ':react-native-fast-image:generateDebugRFile' because:
  Build cache is disabled
Skipping task ':react-native-fast-image:generateDebugRFile' as it is up-to-date.
work action resolve package-aware-r.txt (project :react-native-fast-image) (Thread[Execution worker Thread 7,5,main]) started.
Resolve mutations for :react-native-linear-gradient:compileDebugLibraryResources (Thread[Execution worker Thread 7,5,main]) started.
:react-native-linear-gradient:compileDebugLibraryResources (Thread[Execution worker Thread 7,5,main]) started.

> Task :react-native-linear-gradient:compileDebugLibraryResources UP-TO-DATE
Caching disabled for task ':react-native-linear-gradient:compileDebugLibraryResources' because:
  Build cache is disabled
Skipping task ':react-native-linear-gradient:compileDebugLibraryResources' as it is up-to-date.
work action resolve out (project :react-native-linear-gradient) (Thread[Execution worker Thread 7,5,main]) started.
Resolve mutations for :react-native-linear-gradient:parseDebugLocalResources (Thread[Execution worker Thread 7,5,main]) started.
:react-native-linear-gradient:parseDebugLocalResources (Thread[Execution worker Thread 7,5,main]) started.

> Task :react-native-linear-gradient:parseDebugLocalResources UP-TO-DATE
Caching disabled for task ':react-native-linear-gradient:parseDebugLocalResources' because:
  Build cache is disabled
Skipping task ':react-native-linear-gradient:parseDebugLocalResources' as it is up-to-date.
Resolve mutations for :react-native-linear-gradient:generateDebugRFile (Thread[Execution worker Thread 7,5,main]) started.
:react-native-linear-gradient:generateDebugRFile (Thread[Execution worker Thread 7,5,main]) started.

> Task :react-native-linear-gradient:generateDebugRFile UP-TO-DATE
Caching disabled for task ':react-native-linear-gradient:generateDebugRFile' because:
  Build cache is disabled
Skipping task ':react-native-linear-gradient:generateDebugRFile' as it is up-to-date.
work action resolve package-aware-r.txt (project :react-native-linear-gradient) (Thread[Execution worker Thread 7,5,main]) started.
Resolve mutations for :react-native-maps:compileDebugLibraryResources (Thread[Execution worker Thread 7,5,main]) started.
:react-native-maps:compileDebugLibraryResources (Thread[Execution worker Thread 7,5,main]) started.

> Task :react-native-maps:compileDebugLibraryResources UP-TO-DATE
Caching disabled for task ':react-native-maps:compileDebugLibraryResources' because:
  Build cache is disabled
Skipping task ':react-native-maps:compileDebugLibraryResources' as it is up-to-date.
work action resolve out (project :react-native-maps) (Thread[Execution worker Thread 7,5,main]) started.
Resolve mutations for :react-native-maps:parseDebugLocalResources (Thread[Execution worker Thread 7,5,main]) started.
:react-native-maps:parseDebugLocalResources (Thread[Execution worker Thread 7,5,main]) started.

> Task :react-native-maps:parseDebugLocalResources UP-TO-DATE
Caching disabled for task ':react-native-maps:parseDebugLocalResources' because:
  Build cache is disabled
Skipping task ':react-native-maps:parseDebugLocalResources' as it is up-to-date.
Resolve mutations for :react-native-maps:generateDebugRFile (Thread[Execution worker Thread 7,5,main]) started.
:react-native-maps:generateDebugRFile (Thread[Execution worker Thread 7,5,main]) started.

> Task :react-native-maps:generateDebugRFile UP-TO-DATE
Caching disabled for task ':react-native-maps:generateDebugRFile' because:
  Build cache is disabled
Skipping task ':react-native-maps:generateDebugRFile' as it is up-to-date.
work action resolve package-aware-r.txt (project :react-native-maps) (Thread[Execution worker Thread 7,5,main]) started.
Resolve mutations for :react-native-onesignal:compileDebugLibraryResources (Thread[Execution worker Thread 7,5,main]) started.
:react-native-onesignal:compileDebugLibraryResources (Thread[Execution worker Thread 7,5,main]) started.

> Task :react-native-onesignal:compileDebugLibraryResources UP-TO-DATE
Caching disabled for task ':react-native-onesignal:compileDebugLibraryResources' because:
  Build cache is disabled
Skipping task ':react-native-onesignal:compileDebugLibraryResources' as it is up-to-date.
work action resolve out (project :react-native-onesignal) (Thread[Execution worker Thread 7,5,main]) started.
Resolve mutations for :react-native-onesignal:parseDebugLocalResources (Thread[Execution worker Thread 7,5,main]) started.
:react-native-onesignal:parseDebugLocalResources (Thread[Execution worker Thread 7,5,main]) started.

> Task :react-native-onesignal:parseDebugLocalResources UP-TO-DATE
Caching disabled for task ':react-native-onesignal:parseDebugLocalResources' because:
  Build cache is disabled
Skipping task ':react-native-onesignal:parseDebugLocalResources' as it is up-to-date.
Resolve mutations for :react-native-onesignal:generateDebugRFile (Thread[Execution worker Thread 7,5,main]) started.
:react-native-onesignal:generateDebugRFile (Thread[Execution worker Thread 7,5,main]) started.

> Task :react-native-onesignal:generateDebugRFile UP-TO-DATE
Caching disabled for task ':react-native-onesignal:generateDebugRFile' because:
  Build cache is disabled
Skipping task ':react-native-onesignal:generateDebugRFile' as it is up-to-date.
work action resolve package-aware-r.txt (project :react-native-onesignal) (Thread[Execution worker Thread 7,5,main]) started.
Resolve mutations for :react-native-otp-verify:compileDebugLibraryResources (Thread[Execution worker Thread 7,5,main]) started.
:react-native-otp-verify:compileDebugLibraryResources (Thread[Execution worker Thread 7,5,main]) started.

> Task :react-native-otp-verify:compileDebugLibraryResources UP-TO-DATE
Caching disabled for task ':react-native-otp-verify:compileDebugLibraryResources' because:
  Build cache is disabled
Skipping task ':react-native-otp-verify:compileDebugLibraryResources' as it is up-to-date.
work action resolve out (project :react-native-otp-verify) (Thread[Execution worker Thread 7,5,main]) started.
Resolve mutations for :react-native-otp-verify:parseDebugLocalResources (Thread[Execution worker Thread 7,5,main]) started.
:react-native-otp-verify:parseDebugLocalResources (Thread[Execution worker Thread 7,5,main]) started.

> Task :react-native-otp-verify:parseDebugLocalResources UP-TO-DATE
Caching disabled for task ':react-native-otp-verify:parseDebugLocalResources' because:
  Build cache is disabled
Skipping task ':react-native-otp-verify:parseDebugLocalResources' as it is up-to-date.
Resolve mutations for :react-native-otp-verify:generateDebugRFile (Thread[Execution worker Thread 7,5,main]) started.
:react-native-otp-verify:generateDebugRFile (Thread[Execution worker Thread 7,5,main]) started.

> Task :react-native-otp-verify:generateDebugRFile UP-TO-DATE
Caching disabled for task ':react-native-otp-verify:generateDebugRFile' because:
  Build cache is disabled
Skipping task ':react-native-otp-verify:generateDebugRFile' as it is up-to-date.
work action resolve package-aware-r.txt (project :react-native-otp-verify) (Thread[Execution worker Thread 7,5,main]) started.
Resolve mutations for :react-native-permissions:compileDebugLibraryResources (Thread[Execution worker Thread 7,5,main]) started.
:react-native-permissions:compileDebugLibraryResources (Thread[Execution worker Thread 7,5,main]) started.

> Task :react-native-permissions:compileDebugLibraryResources UP-TO-DATE
Caching disabled for task ':react-native-permissions:compileDebugLibraryResources' because:
  Build cache is disabled
Skipping task ':react-native-permissions:compileDebugLibraryResources' as it is up-to-date.
work action resolve out (project :react-native-permissions) (Thread[Execution worker Thread 5,5,main]) started.
Resolve mutations for :react-native-permissions:parseDebugLocalResources (Thread[Execution worker Thread 5,5,main]) started.
:react-native-permissions:parseDebugLocalResources (Thread[Execution worker Thread 5,5,main]) started.

> Task :react-native-permissions:parseDebugLocalResources UP-TO-DATE
Caching disabled for task ':react-native-permissions:parseDebugLocalResources' because:
  Build cache is disabled
Skipping task ':react-native-permissions:parseDebugLocalResources' as it is up-to-date.
Resolve mutations for :react-native-permissions:generateDebugRFile (Thread[Execution worker Thread 5,5,main]) started.
:react-native-permissions:generateDebugRFile (Thread[Execution worker Thread 5,5,main]) started.

> Task :react-native-permissions:generateDebugRFile UP-TO-DATE
Caching disabled for task ':react-native-permissions:generateDebugRFile' because:
  Build cache is disabled
Skipping task ':react-native-permissions:generateDebugRFile' as it is up-to-date.
work action resolve package-aware-r.txt (project :react-native-permissions) (Thread[Execution worker Thread 5,5,main]) started.
Resolve mutations for :react-native-razorpay:compileDebugLibraryResources (Thread[Execution worker Thread 5,5,main]) started.
:react-native-razorpay:compileDebugLibraryResources (Thread[Execution worker Thread 5,5,main]) started.

> Task :react-native-razorpay:compileDebugLibraryResources UP-TO-DATE
Caching disabled for task ':react-native-razorpay:compileDebugLibraryResources' because:
  Build cache is disabled
Skipping task ':react-native-razorpay:compileDebugLibraryResources' as it is up-to-date.
work action resolve out (project :react-native-razorpay) (Thread[Execution worker Thread 5,5,main]) started.
Resolve mutations for :react-native-razorpay:parseDebugLocalResources (Thread[Execution worker Thread 5,5,main]) started.
:react-native-razorpay:parseDebugLocalResources (Thread[Execution worker Thread 5,5,main]) started.

> Task :react-native-razorpay:parseDebugLocalResources UP-TO-DATE
Caching disabled for task ':react-native-razorpay:parseDebugLocalResources' because:
  Build cache is disabled
Skipping task ':react-native-razorpay:parseDebugLocalResources' as it is up-to-date.
Resolve mutations for :react-native-razorpay:generateDebugRFile (Thread[Execution worker Thread 5,5,main]) started.
:react-native-razorpay:generateDebugRFile (Thread[Execution worker Thread 5,5,main]) started.

> Task :react-native-razorpay:generateDebugRFile UP-TO-DATE
Caching disabled for task ':react-native-razorpay:generateDebugRFile' because:
  Build cache is disabled
Skipping task ':react-native-razorpay:generateDebugRFile' as it is up-to-date.
work action resolve package-aware-r.txt (project :react-native-razorpay) (Thread[Execution worker Thread 5,5,main]) started.
Resolve mutations for :react-native-safe-area-context:compileDebugLibraryResources (Thread[Execution worker Thread 5,5,main]) started.
:react-native-safe-area-context:compileDebugLibraryResources (Thread[Execution worker Thread 5,5,main]) started.

> Task :react-native-safe-area-context:compileDebugLibraryResources UP-TO-DATE
Caching disabled for task ':react-native-safe-area-context:compileDebugLibraryResources' because:
  Build cache is disabled
Skipping task ':react-native-safe-area-context:compileDebugLibraryResources' as it is up-to-date.
work action resolve out (project :react-native-safe-area-context) (Thread[Execution worker Thread 5,5,main]) started.
Resolve mutations for :react-native-safe-area-context:parseDebugLocalResources (Thread[Execution worker Thread 5,5,main]) started.
:react-native-safe-area-context:parseDebugLocalResources (Thread[Execution worker Thread 5,5,main]) started.

> Task :react-native-safe-area-context:parseDebugLocalResources UP-TO-DATE
Caching disabled for task ':react-native-safe-area-context:parseDebugLocalResources' because:
  Build cache is disabled
Skipping task ':react-native-safe-area-context:parseDebugLocalResources' as it is up-to-date.
Resolve mutations for :react-native-safe-area-context:generateDebugRFile (Thread[Execution worker Thread 5,5,main]) started.
:react-native-safe-area-context:generateDebugRFile (Thread[Execution worker Thread 5,5,main]) started.

> Task :react-native-safe-area-context:generateDebugRFile UP-TO-DATE
Caching disabled for task ':react-native-safe-area-context:generateDebugRFile' because:
  Build cache is disabled
Skipping task ':react-native-safe-area-context:generateDebugRFile' as it is up-to-date.
work action resolve package-aware-r.txt (project :react-native-safe-area-context) (Thread[Execution worker Thread 5,5,main]) started.
Resolve mutations for :react-native-screens:compileDebugLibraryResources (Thread[Execution worker Thread 5,5,main]) started.
:react-native-screens:compileDebugLibraryResources (Thread[Execution worker Thread 5,5,main]) started.

> Task :react-native-screens:compileDebugLibraryResources UP-TO-DATE
Caching disabled for task ':react-native-screens:compileDebugLibraryResources' because:
  Build cache is disabled
Skipping task ':react-native-screens:compileDebugLibraryResources' as it is up-to-date.
work action resolve out (project :react-native-screens) (Thread[Execution worker Thread 5,5,main]) started.
Resolve mutations for :react-native-screens:parseDebugLocalResources (Thread[Execution worker Thread 5,5,main]) started.
:react-native-screens:parseDebugLocalResources (Thread[Execution worker Thread 5,5,main]) started.

> Task :react-native-screens:parseDebugLocalResources UP-TO-DATE
Caching disabled for task ':react-native-screens:parseDebugLocalResources' because:
  Build cache is disabled
Skipping task ':react-native-screens:parseDebugLocalResources' as it is up-to-date.
Resolve mutations for :react-native-screens:generateDebugRFile (Thread[Execution worker Thread 5,5,main]) started.
:react-native-screens:generateDebugRFile (Thread[Execution worker Thread 5,5,main]) started.

> Task :react-native-screens:generateDebugRFile UP-TO-DATE
Caching disabled for task ':react-native-screens:generateDebugRFile' because:
  Build cache is disabled
Skipping task ':react-native-screens:generateDebugRFile' as it is up-to-date.
work action resolve package-aware-r.txt (project :react-native-screens) (Thread[Execution worker Thread 5,5,main]) started.
Resolve mutations for :react-native-svg:compileDebugLibraryResources (Thread[Execution worker Thread 5,5,main]) started.
:react-native-svg:compileDebugLibraryResources (Thread[Execution worker Thread 5,5,main]) started.

> Task :react-native-svg:compileDebugLibraryResources UP-TO-DATE
Caching disabled for task ':react-native-svg:compileDebugLibraryResources' because:
  Build cache is disabled
Skipping task ':react-native-svg:compileDebugLibraryResources' as it is up-to-date.
work action resolve out (project :react-native-svg) (Thread[Execution worker Thread 5,5,main]) started.
Resolve mutations for :react-native-svg:parseDebugLocalResources (Thread[Execution worker Thread 4,5,main]) started.
:react-native-svg:parseDebugLocalResources (Thread[Execution worker Thread 4,5,main]) started.

> Task :react-native-svg:parseDebugLocalResources UP-TO-DATE
Caching disabled for task ':react-native-svg:parseDebugLocalResources' because:
  Build cache is disabled
Skipping task ':react-native-svg:parseDebugLocalResources' as it is up-to-date.
Resolve mutations for :react-native-svg:generateDebugRFile (Thread[Execution worker Thread 4,5,main]) started.
:react-native-svg:generateDebugRFile (Thread[Execution worker Thread 4,5,main]) started.

> Task :react-native-svg:generateDebugRFile UP-TO-DATE
Caching disabled for task ':react-native-svg:generateDebugRFile' because:
  Build cache is disabled
Skipping task ':react-native-svg:generateDebugRFile' as it is up-to-date.
work action resolve package-aware-r.txt (project :react-native-svg) (Thread[Execution worker Thread 4,5,main]) started.
Resolve mutations for :react-native-vector-icons:compileDebugLibraryResources (Thread[Execution worker Thread 4,5,main]) started.
:react-native-vector-icons:compileDebugLibraryResources (Thread[Execution worker Thread 4,5,main]) started.

> Task :react-native-vector-icons:compileDebugLibraryResources UP-TO-DATE
Caching disabled for task ':react-native-vector-icons:compileDebugLibraryResources' because:
  Build cache is disabled
Skipping task ':react-native-vector-icons:compileDebugLibraryResources' as it is up-to-date.
work action resolve out (project :react-native-vector-icons) (Thread[Execution worker Thread 4,5,main]) started.
Resolve mutations for :react-native-vector-icons:parseDebugLocalResources (Thread[Execution worker Thread 4,5,main]) started.
:react-native-vector-icons:parseDebugLocalResources (Thread[Execution worker Thread 4,5,main]) started.

> Task :react-native-vector-icons:parseDebugLocalResources UP-TO-DATE
Caching disabled for task ':react-native-vector-icons:parseDebugLocalResources' because:
  Build cache is disabled
Skipping task ':react-native-vector-icons:parseDebugLocalResources' as it is up-to-date.
Resolve mutations for :react-native-vector-icons:generateDebugRFile (Thread[Execution worker Thread 4,5,main]) started.
:react-native-vector-icons:generateDebugRFile (Thread[Execution worker Thread 4,5,main]) started.

> Task :react-native-vector-icons:generateDebugRFile UP-TO-DATE
Caching disabled for task ':react-native-vector-icons:generateDebugRFile' because:
  Build cache is disabled
Skipping task ':react-native-vector-icons:generateDebugRFile' as it is up-to-date.
work action resolve package-aware-r.txt (project :react-native-vector-icons) (Thread[Execution worker Thread 4,5,main]) started.
Resolve mutations for :app:processDebugResources (Thread[Execution worker Thread 4,5,main]) started.
:app:processDebugResources (Thread[Execution worker Thread 4,5,main]) started.

> Task :app:processDebugResources UP-TO-DATE
file or directory '/Users/oem/Projects/KapraDaily/node_modules/react-native-onesignal/android/libs', not found
file or directory '/Users/oem/Projects/KapraDaily/node_modules/react-native-onesignal/android/libs', not found
Caching disabled for task ':app:processDebugResources' because:
  Build cache is disabled
Skipping task ':app:processDebugResources' as it is up-to-date.
Resolve mutations for :lottie-react-native:checkKotlinGradlePluginConfigurationErrors (Thread[Execution worker Thread 4,5,main]) started.
:lottie-react-native:checkKotlinGradlePluginConfigurationErrors (Thread[Execution worker Thread 4,5,main]) started.

> Task :lottie-react-native:checkKotlinGradlePluginConfigurationErrors SKIPPED
Skipping task ':lottie-react-native:checkKotlinGradlePluginConfigurationErrors' as task onlyIf 'errorDiagnostics are present' is false.
Resolve mutations for :lottie-react-native:generateDebugBuildConfig (Thread[Execution worker Thread 4,5,main]) started.
:lottie-react-native:generateDebugBuildConfig (Thread[Execution worker Thread 4,5,main]) started.

> Task :lottie-react-native:generateDebugBuildConfig UP-TO-DATE
Caching disabled for task ':lottie-react-native:generateDebugBuildConfig' because:
  Build cache is disabled
Skipping task ':lottie-react-native:generateDebugBuildConfig' as it is up-to-date.
Resolve mutations for :lottie-react-native:compileDebugKotlin (Thread[Execution worker Thread 4,5,main]) started.
:lottie-react-native:compileDebugKotlin (Thread[Execution worker Thread 4,5,main]) started.

> Task :lottie-react-native:compileDebugKotlin UP-TO-DATE
Adding -Xuse-inline-scopes-numbers Kotlin compiler flag for task :lottie-react-native:compileDebugAndroidTestKotlin
Caching disabled for task ':lottie-react-native:compileDebugKotlin' because:
  Build cache is disabled
Skipping task ':lottie-react-native:compileDebugKotlin' as it is up-to-date.
Resolve mutations for :lottie-react-native:javaPreCompileDebug (Thread[Execution worker Thread 4,5,main]) started.
:lottie-react-native:javaPreCompileDebug (Thread[Execution worker Thread 4,5,main]) started.

> Task :lottie-react-native:javaPreCompileDebug UP-TO-DATE
Caching disabled for task ':lottie-react-native:javaPreCompileDebug' because:
  Build cache is disabled
Skipping task ':lottie-react-native:javaPreCompileDebug' as it is up-to-date.
Resolve mutations for :lottie-react-native:compileDebugJavaWithJavac (Thread[Execution worker Thread 4,5,main]) started.
:lottie-react-native:compileDebugJavaWithJavac (Thread[Execution worker Thread 4,5,main]) started.

> Task :lottie-react-native:compileDebugJavaWithJavac UP-TO-DATE
Custom actions are attached to task ':lottie-react-native:compileDebugJavaWithJavac'.
Caching disabled for task ':lottie-react-native:compileDebugJavaWithJavac' because:
  Build cache is disabled
Skipping task ':lottie-react-native:compileDebugJavaWithJavac' as it is up-to-date.
No compile result for :lottie-react-native:compileDebugJavaWithJavac
No compile result for :lottie-react-native:compileDebugJavaWithJavac
Resolve mutations for :lottie-react-native:bundleLibCompileToJarDebug (Thread[Execution worker Thread 4,5,main]) started.
:lottie-react-native:bundleLibCompileToJarDebug (Thread[Execution worker Thread 4,5,main]) started.

> Task :lottie-react-native:bundleLibCompileToJarDebug UP-TO-DATE
Caching disabled for task ':lottie-react-native:bundleLibCompileToJarDebug' because:
  Build cache is disabled
  Simple merging task
Skipping task ':lottie-react-native:bundleLibCompileToJarDebug' as it is up-to-date.
work action resolve classes.jar (project :lottie-react-native) (Thread[Execution worker Thread 4,5,main]) started.
Resolve mutations for :react-native-async-storage_async-storage:generateDebugBuildConfig (Thread[Execution worker Thread 4,5,main]) started.
:react-native-async-storage_async-storage:generateDebugBuildConfig (Thread[Execution worker Thread 4,5,main]) started.

> Task :react-native-async-storage_async-storage:generateDebugBuildConfig UP-TO-DATE
Caching disabled for task ':react-native-async-storage_async-storage:generateDebugBuildConfig' because:
  Build cache is disabled
Skipping task ':react-native-async-storage_async-storage:generateDebugBuildConfig' as it is up-to-date.
Resolve mutations for :react-native-async-storage_async-storage:javaPreCompileDebug (Thread[Execution worker Thread 4,5,main]) started.
:react-native-async-storage_async-storage:javaPreCompileDebug (Thread[Execution worker Thread 4,5,main]) started.

> Task :react-native-async-storage_async-storage:javaPreCompileDebug UP-TO-DATE
Caching disabled for task ':react-native-async-storage_async-storage:javaPreCompileDebug' because:
  Build cache is disabled
Skipping task ':react-native-async-storage_async-storage:javaPreCompileDebug' as it is up-to-date.
Resolve mutations for :react-native-async-storage_async-storage:compileDebugJavaWithJavac (Thread[Execution worker Thread 4,5,main]) started.
:react-native-async-storage_async-storage:compileDebugJavaWithJavac (Thread[Execution worker Thread 4,5,main]) started.

> Task :react-native-async-storage_async-storage:compileDebugJavaWithJavac UP-TO-DATE
Custom actions are attached to task ':react-native-async-storage_async-storage:compileDebugJavaWithJavac'.
Caching disabled for task ':react-native-async-storage_async-storage:compileDebugJavaWithJavac' because:
  Build cache is disabled
Skipping task ':react-native-async-storage_async-storage:compileDebugJavaWithJavac' as it is up-to-date.
No compile result for :react-native-async-storage_async-storage:compileDebugJavaWithJavac
No compile result for :react-native-async-storage_async-storage:compileDebugJavaWithJavac
Resolve mutations for :react-native-async-storage_async-storage:bundleLibCompileToJarDebug (Thread[Execution worker Thread 4,5,main]) started.
:react-native-async-storage_async-storage:bundleLibCompileToJarDebug (Thread[Execution worker Thread 4,5,main]) started.

> Task :react-native-async-storage_async-storage:bundleLibCompileToJarDebug UP-TO-DATE
Caching disabled for task ':react-native-async-storage_async-storage:bundleLibCompileToJarDebug' because:
  Build cache is disabled
  Simple merging task
Skipping task ':react-native-async-storage_async-storage:bundleLibCompileToJarDebug' as it is up-to-date.
work action resolve classes.jar (project :react-native-async-storage_async-storage) (Thread[Execution worker Thread 4,5,main]) started.
Resolve mutations for :react-native-community_blur:generateDebugBuildConfig (Thread[Execution worker Thread 4,5,main]) started.
:react-native-community_blur:generateDebugBuildConfig (Thread[Execution worker Thread 4,5,main]) started.

> Task :react-native-community_blur:generateDebugBuildConfig UP-TO-DATE
Caching disabled for task ':react-native-community_blur:generateDebugBuildConfig' because:
  Build cache is disabled
Skipping task ':react-native-community_blur:generateDebugBuildConfig' as it is up-to-date.
Resolve mutations for :react-native-community_blur:javaPreCompileDebug (Thread[Execution worker Thread 4,5,main]) started.
:react-native-community_blur:javaPreCompileDebug (Thread[Execution worker Thread 4,5,main]) started.

> Task :react-native-community_blur:javaPreCompileDebug UP-TO-DATE
Caching disabled for task ':react-native-community_blur:javaPreCompileDebug' because:
  Build cache is disabled
Skipping task ':react-native-community_blur:javaPreCompileDebug' as it is up-to-date.
Resolve mutations for :react-native-community_blur:compileDebugJavaWithJavac (Thread[Execution worker Thread 4,5,main]) started.
:react-native-community_blur:compileDebugJavaWithJavac (Thread[Execution worker Thread 4,5,main]) started.

> Task :react-native-community_blur:compileDebugJavaWithJavac UP-TO-DATE
Custom actions are attached to task ':react-native-community_blur:compileDebugJavaWithJavac'.
Caching disabled for task ':react-native-community_blur:compileDebugJavaWithJavac' because:
  Build cache is disabled
Skipping task ':react-native-community_blur:compileDebugJavaWithJavac' as it is up-to-date.
No compile result for :react-native-community_blur:compileDebugJavaWithJavac
No compile result for :react-native-community_blur:compileDebugJavaWithJavac
Resolve mutations for :react-native-community_blur:bundleLibCompileToJarDebug (Thread[Execution worker Thread 4,5,main]) started.
:react-native-community_blur:bundleLibCompileToJarDebug (Thread[Execution worker Thread 4,5,main]) started.

> Task :react-native-community_blur:bundleLibCompileToJarDebug UP-TO-DATE
Caching disabled for task ':react-native-community_blur:bundleLibCompileToJarDebug' because:
  Build cache is disabled
  Simple merging task
Skipping task ':react-native-community_blur:bundleLibCompileToJarDebug' as it is up-to-date.
work action resolve classes.jar (project :react-native-community_blur) (Thread[Execution worker Thread 4,5,main]) started.
Resolve mutations for :react-native-community_geolocation:generateDebugBuildConfig (Thread[Execution worker Thread 4,5,main]) started.
:react-native-community_geolocation:generateDebugBuildConfig (Thread[Execution worker Thread 4,5,main]) started.

> Task :react-native-community_geolocation:generateDebugBuildConfig UP-TO-DATE
Caching disabled for task ':react-native-community_geolocation:generateDebugBuildConfig' because:
  Build cache is disabled
Skipping task ':react-native-community_geolocation:generateDebugBuildConfig' as it is up-to-date.
Resolve mutations for :react-native-community_geolocation:javaPreCompileDebug (Thread[Execution worker Thread 4,5,main]) started.
:react-native-community_geolocation:javaPreCompileDebug (Thread[Execution worker Thread 4,5,main]) started.

> Task :react-native-community_geolocation:javaPreCompileDebug UP-TO-DATE
Caching disabled for task ':react-native-community_geolocation:javaPreCompileDebug' because:
  Build cache is disabled
Skipping task ':react-native-community_geolocation:javaPreCompileDebug' as it is up-to-date.
Resolve mutations for :react-native-community_geolocation:compileDebugJavaWithJavac (Thread[Execution worker Thread 4,5,main]) started.
:react-native-community_geolocation:compileDebugJavaWithJavac (Thread[Execution worker Thread 4,5,main]) started.

> Task :react-native-community_geolocation:compileDebugJavaWithJavac UP-TO-DATE
Custom actions are attached to task ':react-native-community_geolocation:compileDebugJavaWithJavac'.
Caching disabled for task ':react-native-community_geolocation:compileDebugJavaWithJavac' because:
  Build cache is disabled
Skipping task ':react-native-community_geolocation:compileDebugJavaWithJavac' as it is up-to-date.
No compile result for :react-native-community_geolocation:compileDebugJavaWithJavac
No compile result for :react-native-community_geolocation:compileDebugJavaWithJavac
Resolve mutations for :react-native-community_geolocation:bundleLibCompileToJarDebug (Thread[Execution worker Thread 4,5,main]) started.
:react-native-community_geolocation:bundleLibCompileToJarDebug (Thread[Execution worker Thread 4,5,main]) started.

> Task :react-native-community_geolocation:bundleLibCompileToJarDebug UP-TO-DATE
Caching disabled for task ':react-native-community_geolocation:bundleLibCompileToJarDebug' because:
  Build cache is disabled
  Simple merging task
Skipping task ':react-native-community_geolocation:bundleLibCompileToJarDebug' as it is up-to-date.
work action resolve classes.jar (project :react-native-community_geolocation) (Thread[Execution worker Thread 4,5,main]) started.
Resolve mutations for :react-native-device-info:generateDebugBuildConfig (Thread[Execution worker Thread 4,5,main]) started.
:react-native-device-info:generateDebugBuildConfig (Thread[Execution worker Thread 4,5,main]) started.

> Task :react-native-device-info:generateDebugBuildConfig UP-TO-DATE
Caching disabled for task ':react-native-device-info:generateDebugBuildConfig' because:
  Build cache is disabled
Skipping task ':react-native-device-info:generateDebugBuildConfig' as it is up-to-date.
Resolve mutations for :react-native-device-info:javaPreCompileDebug (Thread[Execution worker Thread 4,5,main]) started.
:react-native-device-info:javaPreCompileDebug (Thread[Execution worker Thread 4,5,main]) started.

> Task :react-native-device-info:javaPreCompileDebug UP-TO-DATE
Caching disabled for task ':react-native-device-info:javaPreCompileDebug' because:
  Build cache is disabled
Skipping task ':react-native-device-info:javaPreCompileDebug' as it is up-to-date.
Resolve mutations for :react-native-device-info:compileDebugJavaWithJavac (Thread[Execution worker Thread 4,5,main]) started.
:react-native-device-info:compileDebugJavaWithJavac (Thread[Execution worker Thread 4,5,main]) started.

> Task :react-native-device-info:compileDebugJavaWithJavac UP-TO-DATE
Custom actions are attached to task ':react-native-device-info:compileDebugJavaWithJavac'.
Caching disabled for task ':react-native-device-info:compileDebugJavaWithJavac' because:
  Build cache is disabled
Skipping task ':react-native-device-info:compileDebugJavaWithJavac' as it is up-to-date.
No compile result for :react-native-device-info:compileDebugJavaWithJavac
No compile result for :react-native-device-info:compileDebugJavaWithJavac
Resolve mutations for :react-native-device-info:bundleLibCompileToJarDebug (Thread[Execution worker Thread 4,5,main]) started.
:react-native-device-info:bundleLibCompileToJarDebug (Thread[Execution worker Thread 4,5,main]) started.

> Task :react-native-device-info:bundleLibCompileToJarDebug UP-TO-DATE
Caching disabled for task ':react-native-device-info:bundleLibCompileToJarDebug' because:
  Build cache is disabled
  Simple merging task
Skipping task ':react-native-device-info:bundleLibCompileToJarDebug' as it is up-to-date.
work action resolve classes.jar (project :react-native-device-info) (Thread[Execution worker Thread 4,5,main]) started.
Resolve mutations for :react-native-fast-image:generateDebugBuildConfig (Thread[Execution worker Thread 4,5,main]) started.
:react-native-fast-image:generateDebugBuildConfig (Thread[Execution worker Thread 4,5,main]) started.

> Task :react-native-fast-image:generateDebugBuildConfig UP-TO-DATE
Caching disabled for task ':react-native-fast-image:generateDebugBuildConfig' because:
  Build cache is disabled
Skipping task ':react-native-fast-image:generateDebugBuildConfig' as it is up-to-date.
Resolve mutations for :react-native-fast-image:javaPreCompileDebug (Thread[Execution worker Thread 4,5,main]) started.
:react-native-fast-image:javaPreCompileDebug (Thread[Execution worker Thread 4,5,main]) started.

> Task :react-native-fast-image:javaPreCompileDebug UP-TO-DATE
Caching disabled for task ':react-native-fast-image:javaPreCompileDebug' because:
  Build cache is disabled
Skipping task ':react-native-fast-image:javaPreCompileDebug' as it is up-to-date.
Resolve mutations for :react-native-fast-image:compileDebugJavaWithJavac (Thread[Execution worker Thread 4,5,main]) started.
:react-native-fast-image:compileDebugJavaWithJavac (Thread[Execution worker Thread 4,5,main]) started.

> Task :react-native-fast-image:compileDebugJavaWithJavac UP-TO-DATE
Custom actions are attached to task ':react-native-fast-image:compileDebugJavaWithJavac'.
Caching disabled for task ':react-native-fast-image:compileDebugJavaWithJavac' because:
  Build cache is disabled
Skipping task ':react-native-fast-image:compileDebugJavaWithJavac' as it is up-to-date.
No compile result for :react-native-fast-image:compileDebugJavaWithJavac
No compile result for :react-native-fast-image:compileDebugJavaWithJavac
Resolve mutations for :react-native-fast-image:bundleLibCompileToJarDebug (Thread[Execution worker Thread 4,5,main]) started.
:react-native-fast-image:bundleLibCompileToJarDebug (Thread[Execution worker Thread 4,5,main]) started.

> Task :react-native-fast-image:bundleLibCompileToJarDebug UP-TO-DATE
Caching disabled for task ':react-native-fast-image:bundleLibCompileToJarDebug' because:
  Build cache is disabled
  Simple merging task
Skipping task ':react-native-fast-image:bundleLibCompileToJarDebug' as it is up-to-date.
work action resolve classes.jar (project :react-native-fast-image) (Thread[Execution worker Thread 4,5,main]) started.
Resolve mutations for :react-native-linear-gradient:generateDebugBuildConfig (Thread[Execution worker Thread 4,5,main]) started.
:react-native-linear-gradient:generateDebugBuildConfig (Thread[Execution worker Thread 4,5,main]) started.

> Task :react-native-linear-gradient:generateDebugBuildConfig UP-TO-DATE
Caching disabled for task ':react-native-linear-gradient:generateDebugBuildConfig' because:
  Build cache is disabled
Skipping task ':react-native-linear-gradient:generateDebugBuildConfig' as it is up-to-date.
Resolve mutations for :react-native-linear-gradient:javaPreCompileDebug (Thread[Execution worker Thread 4,5,main]) started.
:react-native-linear-gradient:javaPreCompileDebug (Thread[Execution worker Thread 4,5,main]) started.

> Task :react-native-linear-gradient:javaPreCompileDebug UP-TO-DATE
Caching disabled for task ':react-native-linear-gradient:javaPreCompileDebug' because:
  Build cache is disabled
Skipping task ':react-native-linear-gradient:javaPreCompileDebug' as it is up-to-date.
Resolve mutations for :react-native-linear-gradient:compileDebugJavaWithJavac (Thread[Execution worker Thread 4,5,main]) started.
:react-native-linear-gradient:compileDebugJavaWithJavac (Thread[Execution worker Thread 4,5,main]) started.

> Task :react-native-linear-gradient:compileDebugJavaWithJavac UP-TO-DATE
Custom actions are attached to task ':react-native-linear-gradient:compileDebugJavaWithJavac'.
Caching disabled for task ':react-native-linear-gradient:compileDebugJavaWithJavac' because:
  Build cache is disabled
Skipping task ':react-native-linear-gradient:compileDebugJavaWithJavac' as it is up-to-date.
No compile result for :react-native-linear-gradient:compileDebugJavaWithJavac
No compile result for :react-native-linear-gradient:compileDebugJavaWithJavac
Resolve mutations for :react-native-linear-gradient:bundleLibCompileToJarDebug (Thread[Execution worker Thread 4,5,main]) started.
:react-native-linear-gradient:bundleLibCompileToJarDebug (Thread[Execution worker Thread 4,5,main]) started.

> Task :react-native-linear-gradient:bundleLibCompileToJarDebug UP-TO-DATE
Caching disabled for task ':react-native-linear-gradient:bundleLibCompileToJarDebug' because:
  Build cache is disabled
  Simple merging task
Skipping task ':react-native-linear-gradient:bundleLibCompileToJarDebug' as it is up-to-date.
work action resolve classes.jar (project :react-native-linear-gradient) (Thread[Execution worker Thread 4,5,main]) started.
Resolve mutations for :react-native-maps:checkKotlinGradlePluginConfigurationErrors (Thread[Execution worker Thread 4,5,main]) started.
:react-native-maps:checkKotlinGradlePluginConfigurationErrors (Thread[Execution worker Thread 4,5,main]) started.

> Task :react-native-maps:checkKotlinGradlePluginConfigurationErrors SKIPPED
Skipping task ':react-native-maps:checkKotlinGradlePluginConfigurationErrors' as task onlyIf 'errorDiagnostics are present' is false.
Resolve mutations for :react-native-maps:generateDebugBuildConfig (Thread[Execution worker Thread 4,5,main]) started.
:react-native-maps:generateDebugBuildConfig (Thread[Execution worker Thread 4,5,main]) started.

> Task :react-native-maps:generateDebugBuildConfig UP-TO-DATE
Caching disabled for task ':react-native-maps:generateDebugBuildConfig' because:
  Build cache is disabled
Skipping task ':react-native-maps:generateDebugBuildConfig' as it is up-to-date.
Resolve mutations for :react-native-maps:compileDebugKotlin (Thread[Execution worker Thread 4,5,main]) started.
:react-native-maps:compileDebugKotlin (Thread[Execution worker Thread 4,5,main]) started.

> Task :react-native-maps:compileDebugKotlin NO-SOURCE
Skipping task ':react-native-maps:compileDebugKotlin' as it has no source files and no previous output files.
Resolve mutations for :react-native-maps:javaPreCompileDebug (Thread[Execution worker Thread 4,5,main]) started.
:react-native-maps:javaPreCompileDebug (Thread[Execution worker Thread 4,5,main]) started.

> Task :react-native-maps:javaPreCompileDebug UP-TO-DATE
Caching disabled for task ':react-native-maps:javaPreCompileDebug' because:
  Build cache is disabled
Skipping task ':react-native-maps:javaPreCompileDebug' as it is up-to-date.
Resolve mutations for :react-native-maps:compileDebugJavaWithJavac (Thread[Execution worker Thread 4,5,main]) started.
:react-native-maps:compileDebugJavaWithJavac (Thread[Execution worker Thread 4,5,main]) started.

> Task :react-native-maps:compileDebugJavaWithJavac UP-TO-DATE
Custom actions are attached to task ':react-native-maps:compileDebugJavaWithJavac'.
Caching disabled for task ':react-native-maps:compileDebugJavaWithJavac' because:
  Build cache is disabled
Skipping task ':react-native-maps:compileDebugJavaWithJavac' as it is up-to-date.
No compile result for :react-native-maps:compileDebugJavaWithJavac
No compile result for :react-native-maps:compileDebugJavaWithJavac
Resolve mutations for :react-native-maps:bundleLibCompileToJarDebug (Thread[Execution worker Thread 4,5,main]) started.
:react-native-maps:bundleLibCompileToJarDebug (Thread[Execution worker Thread 4,5,main]) started.

> Task :react-native-maps:bundleLibCompileToJarDebug UP-TO-DATE
Caching disabled for task ':react-native-maps:bundleLibCompileToJarDebug' because:
  Build cache is disabled
  Simple merging task
Skipping task ':react-native-maps:bundleLibCompileToJarDebug' as it is up-to-date.
work action resolve classes.jar (project :react-native-maps) (Thread[Execution worker Thread 4,5,main]) started.
Resolve mutations for :react-native-onesignal:generateDebugBuildConfig (Thread[Execution worker Thread 4,5,main]) started.
:react-native-onesignal:generateDebugBuildConfig (Thread[Execution worker Thread 4,5,main]) started.

> Task :react-native-onesignal:generateDebugBuildConfig UP-TO-DATE
Caching disabled for task ':react-native-onesignal:generateDebugBuildConfig' because:
  Build cache is disabled
Skipping task ':react-native-onesignal:generateDebugBuildConfig' as it is up-to-date.
Resolve mutations for :react-native-onesignal:javaPreCompileDebug (Thread[Execution worker Thread 4,5,main]) started.
:react-native-onesignal:javaPreCompileDebug (Thread[Execution worker Thread 4,5,main]) started.

> Task :react-native-onesignal:javaPreCompileDebug UP-TO-DATE
Caching disabled for task ':react-native-onesignal:javaPreCompileDebug' because:
  Build cache is disabled
Skipping task ':react-native-onesignal:javaPreCompileDebug' as it is up-to-date.
Resolve mutations for :react-native-onesignal:compileDebugJavaWithJavac (Thread[Execution worker Thread 4,5,main]) started.
:react-native-onesignal:compileDebugJavaWithJavac (Thread[Execution worker Thread 4,5,main]) started.

> Task :react-native-onesignal:compileDebugJavaWithJavac UP-TO-DATE
file or directory '/Users/oem/Projects/KapraDaily/node_modules/react-native-onesignal/android/libs', not found
file or directory '/Users/oem/Projects/KapraDaily/node_modules/react-native-onesignal/android/libs', not found
Custom actions are attached to task ':react-native-onesignal:compileDebugJavaWithJavac'.
Caching disabled for task ':react-native-onesignal:compileDebugJavaWithJavac' because:
  Build cache is disabled
Skipping task ':react-native-onesignal:compileDebugJavaWithJavac' as it is up-to-date.
No compile result for :react-native-onesignal:compileDebugJavaWithJavac
No compile result for :react-native-onesignal:compileDebugJavaWithJavac
Resolve mutations for :react-native-onesignal:bundleLibCompileToJarDebug (Thread[Execution worker Thread 4,5,main]) started.
:react-native-onesignal:bundleLibCompileToJarDebug (Thread[Execution worker Thread 4,5,main]) started.

> Task :react-native-onesignal:bundleLibCompileToJarDebug UP-TO-DATE
Caching disabled for task ':react-native-onesignal:bundleLibCompileToJarDebug' because:
  Build cache is disabled
  Simple merging task
Skipping task ':react-native-onesignal:bundleLibCompileToJarDebug' as it is up-to-date.
work action resolve classes.jar (project :react-native-onesignal) (Thread[Execution worker Thread 4,5,main]) started.
Resolve mutations for :react-native-otp-verify:generateDebugBuildConfig (Thread[Execution worker Thread 4,5,main]) started.
:react-native-otp-verify:generateDebugBuildConfig (Thread[Execution worker Thread 4,5,main]) started.

> Task :react-native-otp-verify:generateDebugBuildConfig UP-TO-DATE
Caching disabled for task ':react-native-otp-verify:generateDebugBuildConfig' because:
  Build cache is disabled
Skipping task ':react-native-otp-verify:generateDebugBuildConfig' as it is up-to-date.
Resolve mutations for :react-native-otp-verify:javaPreCompileDebug (Thread[Execution worker Thread 4,5,main]) started.
:react-native-otp-verify:javaPreCompileDebug (Thread[Execution worker Thread 4,5,main]) started.

> Task :react-native-otp-verify:javaPreCompileDebug UP-TO-DATE
Caching disabled for task ':react-native-otp-verify:javaPreCompileDebug' because:
  Build cache is disabled
Skipping task ':react-native-otp-verify:javaPreCompileDebug' as it is up-to-date.
Resolve mutations for :react-native-otp-verify:compileDebugJavaWithJavac (Thread[Execution worker Thread 4,5,main]) started.
:react-native-otp-verify:compileDebugJavaWithJavac (Thread[Execution worker Thread 4,5,main]) started.

> Task :react-native-otp-verify:compileDebugJavaWithJavac UP-TO-DATE
Custom actions are attached to task ':react-native-otp-verify:compileDebugJavaWithJavac'.
Caching disabled for task ':react-native-otp-verify:compileDebugJavaWithJavac' because:
  Build cache is disabled
Skipping task ':react-native-otp-verify:compileDebugJavaWithJavac' as it is up-to-date.
No compile result for :react-native-otp-verify:compileDebugJavaWithJavac
No compile result for :react-native-otp-verify:compileDebugJavaWithJavac
Resolve mutations for :react-native-otp-verify:bundleLibCompileToJarDebug (Thread[Execution worker Thread 4,5,main]) started.
:react-native-otp-verify:bundleLibCompileToJarDebug (Thread[Execution worker Thread 4,5,main]) started.

> Task :react-native-otp-verify:bundleLibCompileToJarDebug UP-TO-DATE
Caching disabled for task ':react-native-otp-verify:bundleLibCompileToJarDebug' because:
  Build cache is disabled
  Simple merging task
Skipping task ':react-native-otp-verify:bundleLibCompileToJarDebug' as it is up-to-date.
work action resolve classes.jar (project :react-native-otp-verify) (Thread[Execution worker Thread 4,5,main]) started.
Resolve mutations for :react-native-permissions:checkKotlinGradlePluginConfigurationErrors (Thread[Execution worker Thread 4,5,main]) started.
:react-native-permissions:checkKotlinGradlePluginConfigurationErrors (Thread[Execution worker Thread 4,5,main]) started.

> Task :react-native-permissions:checkKotlinGradlePluginConfigurationErrors SKIPPED
Skipping task ':react-native-permissions:checkKotlinGradlePluginConfigurationErrors' as task onlyIf 'errorDiagnostics are present' is false.
Resolve mutations for :react-native-permissions:generateDebugBuildConfig (Thread[Execution worker Thread 4,5,main]) started.
:react-native-permissions:generateDebugBuildConfig (Thread[Execution worker Thread 4,5,main]) started.

> Task :react-native-permissions:generateDebugBuildConfig UP-TO-DATE
Caching disabled for task ':react-native-permissions:generateDebugBuildConfig' because:
  Build cache is disabled
Skipping task ':react-native-permissions:generateDebugBuildConfig' as it is up-to-date.
Resolve mutations for :react-native-permissions:compileDebugKotlin (Thread[Execution worker Thread 4,5,main]) started.
:react-native-permissions:compileDebugKotlin (Thread[Execution worker Thread 4,5,main]) started.

> Task :react-native-permissions:compileDebugKotlin UP-TO-DATE
Adding -Xuse-inline-scopes-numbers Kotlin compiler flag for task :react-native-permissions:compileDebugAndroidTestKotlin
Caching disabled for task ':react-native-permissions:compileDebugKotlin' because:
  Build cache is disabled
Skipping task ':react-native-permissions:compileDebugKotlin' as it is up-to-date.
Resolve mutations for :react-native-permissions:javaPreCompileDebug (Thread[Execution worker Thread 4,5,main]) started.
:react-native-permissions:javaPreCompileDebug (Thread[Execution worker Thread 4,5,main]) started.

> Task :react-native-permissions:javaPreCompileDebug UP-TO-DATE
Caching disabled for task ':react-native-permissions:javaPreCompileDebug' because:
  Build cache is disabled
Skipping task ':react-native-permissions:javaPreCompileDebug' as it is up-to-date.
Resolve mutations for :react-native-permissions:compileDebugJavaWithJavac (Thread[Execution worker Thread 4,5,main]) started.
:react-native-permissions:compileDebugJavaWithJavac (Thread[Execution worker Thread 4,5,main]) started.

> Task :react-native-permissions:compileDebugJavaWithJavac UP-TO-DATE
Custom actions are attached to task ':react-native-permissions:compileDebugJavaWithJavac'.
Caching disabled for task ':react-native-permissions:compileDebugJavaWithJavac' because:
  Build cache is disabled
Skipping task ':react-native-permissions:compileDebugJavaWithJavac' as it is up-to-date.
No compile result for :react-native-permissions:compileDebugJavaWithJavac
No compile result for :react-native-permissions:compileDebugJavaWithJavac
Resolve mutations for :react-native-permissions:bundleLibCompileToJarDebug (Thread[Execution worker Thread 4,5,main]) started.
:react-native-permissions:bundleLibCompileToJarDebug (Thread[Execution worker Thread 4,5,main]) started.

> Task :react-native-permissions:bundleLibCompileToJarDebug UP-TO-DATE
Caching disabled for task ':react-native-permissions:bundleLibCompileToJarDebug' because:
  Build cache is disabled
  Simple merging task
Skipping task ':react-native-permissions:bundleLibCompileToJarDebug' as it is up-to-date.
work action resolve classes.jar (project :react-native-permissions) (Thread[Execution worker Thread 4,5,main]) started.
Resolve mutations for :react-native-razorpay:generateDebugBuildConfig (Thread[Execution worker Thread 4,5,main]) started.
:react-native-razorpay:generateDebugBuildConfig (Thread[Execution worker Thread 4,5,main]) started.

> Task :react-native-razorpay:generateDebugBuildConfig UP-TO-DATE
Caching disabled for task ':react-native-razorpay:generateDebugBuildConfig' because:
  Build cache is disabled
Skipping task ':react-native-razorpay:generateDebugBuildConfig' as it is up-to-date.
Resolve mutations for :react-native-razorpay:javaPreCompileDebug (Thread[Execution worker Thread 4,5,main]) started.
:react-native-razorpay:javaPreCompileDebug (Thread[Execution worker Thread 4,5,main]) started.

> Task :react-native-razorpay:javaPreCompileDebug UP-TO-DATE
Caching disabled for task ':react-native-razorpay:javaPreCompileDebug' because:
  Build cache is disabled
Skipping task ':react-native-razorpay:javaPreCompileDebug' as it is up-to-date.
Resolve mutations for :react-native-razorpay:compileDebugJavaWithJavac (Thread[Execution worker Thread 4,5,main]) started.
:react-native-razorpay:compileDebugJavaWithJavac (Thread[Execution worker Thread 4,5,main]) started.

> Task :react-native-razorpay:compileDebugJavaWithJavac UP-TO-DATE
Custom actions are attached to task ':react-native-razorpay:compileDebugJavaWithJavac'.
Caching disabled for task ':react-native-razorpay:compileDebugJavaWithJavac' because:
  Build cache is disabled
Skipping task ':react-native-razorpay:compileDebugJavaWithJavac' as it is up-to-date.
No compile result for :react-native-razorpay:compileDebugJavaWithJavac
No compile result for :react-native-razorpay:compileDebugJavaWithJavac
Resolve mutations for :react-native-razorpay:bundleLibCompileToJarDebug (Thread[Execution worker Thread 4,5,main]) started.
:react-native-razorpay:bundleLibCompileToJarDebug (Thread[Execution worker Thread 4,5,main]) started.

> Task :react-native-razorpay:bundleLibCompileToJarDebug UP-TO-DATE
Caching disabled for task ':react-native-razorpay:bundleLibCompileToJarDebug' because:
  Build cache is disabled
  Simple merging task
Skipping task ':react-native-razorpay:bundleLibCompileToJarDebug' as it is up-to-date.
work action resolve classes.jar (project :react-native-razorpay) (Thread[Execution worker Thread 4,5,main]) started.
Resolve mutations for :react-native-safe-area-context:checkKotlinGradlePluginConfigurationErrors (Thread[Execution worker Thread 4,5,main]) started.
:react-native-safe-area-context:checkKotlinGradlePluginConfigurationErrors (Thread[Execution worker Thread 4,5,main]) started.

> Task :react-native-safe-area-context:checkKotlinGradlePluginConfigurationErrors SKIPPED
Skipping task ':react-native-safe-area-context:checkKotlinGradlePluginConfigurationErrors' as task onlyIf 'errorDiagnostics are present' is false.
Resolve mutations for :react-native-safe-area-context:generateDebugBuildConfig (Thread[Execution worker Thread 4,5,main]) started.
:react-native-safe-area-context:generateDebugBuildConfig (Thread[Execution worker Thread 4,5,main]) started.

> Task :react-native-safe-area-context:generateDebugBuildConfig UP-TO-DATE
Caching disabled for task ':react-native-safe-area-context:generateDebugBuildConfig' because:
  Build cache is disabled
Skipping task ':react-native-safe-area-context:generateDebugBuildConfig' as it is up-to-date.
Resolve mutations for :react-native-safe-area-context:compileDebugKotlin (Thread[Execution worker Thread 4,5,main]) started.
:react-native-safe-area-context:compileDebugKotlin (Thread[Execution worker Thread 4,5,main]) started.

> Task :react-native-safe-area-context:compileDebugKotlin UP-TO-DATE
Adding -Xuse-inline-scopes-numbers Kotlin compiler flag for task :react-native-safe-area-context:compileDebugAndroidTestKotlin
Caching disabled for task ':react-native-safe-area-context:compileDebugKotlin' because:
  Build cache is disabled
Skipping task ':react-native-safe-area-context:compileDebugKotlin' as it is up-to-date.
Resolve mutations for :react-native-safe-area-context:javaPreCompileDebug (Thread[Execution worker Thread 4,5,main]) started.
:react-native-safe-area-context:javaPreCompileDebug (Thread[Execution worker Thread 4,5,main]) started.

> Task :react-native-safe-area-context:javaPreCompileDebug UP-TO-DATE
Caching disabled for task ':react-native-safe-area-context:javaPreCompileDebug' because:
  Build cache is disabled
Skipping task ':react-native-safe-area-context:javaPreCompileDebug' as it is up-to-date.
Resolve mutations for :react-native-safe-area-context:compileDebugJavaWithJavac (Thread[Execution worker Thread 4,5,main]) started.
:react-native-safe-area-context:compileDebugJavaWithJavac (Thread[Execution worker Thread 4,5,main]) started.

> Task :react-native-safe-area-context:compileDebugJavaWithJavac UP-TO-DATE
Custom actions are attached to task ':react-native-safe-area-context:compileDebugJavaWithJavac'.
Caching disabled for task ':react-native-safe-area-context:compileDebugJavaWithJavac' because:
  Build cache is disabled
Skipping task ':react-native-safe-area-context:compileDebugJavaWithJavac' as it is up-to-date.
No compile result for :react-native-safe-area-context:compileDebugJavaWithJavac
No compile result for :react-native-safe-area-context:compileDebugJavaWithJavac
Resolve mutations for :react-native-safe-area-context:bundleLibCompileToJarDebug (Thread[Execution worker Thread 4,5,main]) started.
:react-native-safe-area-context:bundleLibCompileToJarDebug (Thread[Execution worker Thread 4,5,main]) started.

> Task :react-native-safe-area-context:bundleLibCompileToJarDebug UP-TO-DATE
Caching disabled for task ':react-native-safe-area-context:bundleLibCompileToJarDebug' because:
  Build cache is disabled
  Simple merging task
Skipping task ':react-native-safe-area-context:bundleLibCompileToJarDebug' as it is up-to-date.
work action resolve classes.jar (project :react-native-safe-area-context) (Thread[Execution worker Thread 4,5,main]) started.
Resolve mutations for :react-native-screens:checkKotlinGradlePluginConfigurationErrors (Thread[Execution worker Thread 4,5,main]) started.
:react-native-screens:checkKotlinGradlePluginConfigurationErrors (Thread[Execution worker Thread 4,5,main]) started.

> Task :react-native-screens:checkKotlinGradlePluginConfigurationErrors SKIPPED
Skipping task ':react-native-screens:checkKotlinGradlePluginConfigurationErrors' as task onlyIf 'errorDiagnostics are present' is false.
Resolve mutations for :react-native-screens:generateDebugBuildConfig (Thread[Execution worker Thread 4,5,main]) started.
:react-native-screens:generateDebugBuildConfig (Thread[Execution worker Thread 4,5,main]) started.

> Task :react-native-screens:generateDebugBuildConfig UP-TO-DATE
Caching disabled for task ':react-native-screens:generateDebugBuildConfig' because:
  Build cache is disabled
Skipping task ':react-native-screens:generateDebugBuildConfig' as it is up-to-date.
Resolve mutations for :react-native-screens:compileDebugKotlin (Thread[Execution worker Thread 4,5,main]) started.
:react-native-screens:compileDebugKotlin (Thread[Execution worker Thread 4,5,main]) started.

> Task :react-native-screens:compileDebugKotlin UP-TO-DATE
Adding -Xuse-inline-scopes-numbers Kotlin compiler flag for task :react-native-screens:compileDebugAndroidTestKotlin
Caching disabled for task ':react-native-screens:compileDebugKotlin' because:
  Build cache is disabled
Skipping task ':react-native-screens:compileDebugKotlin' as it is up-to-date.
Resolve mutations for :react-native-screens:javaPreCompileDebug (Thread[Execution worker Thread 4,5,main]) started.
:react-native-screens:javaPreCompileDebug (Thread[Execution worker Thread 4,5,main]) started.

> Task :react-native-screens:javaPreCompileDebug UP-TO-DATE
Caching disabled for task ':react-native-screens:javaPreCompileDebug' because:
  Build cache is disabled
Skipping task ':react-native-screens:javaPreCompileDebug' as it is up-to-date.
Resolve mutations for :react-native-screens:compileDebugJavaWithJavac (Thread[Execution worker Thread 4,5,main]) started.
:react-native-screens:compileDebugJavaWithJavac (Thread[Execution worker Thread 4,5,main]) started.

> Task :react-native-screens:compileDebugJavaWithJavac UP-TO-DATE
Custom actions are attached to task ':react-native-screens:compileDebugJavaWithJavac'.
Caching disabled for task ':react-native-screens:compileDebugJavaWithJavac' because:
  Build cache is disabled
Skipping task ':react-native-screens:compileDebugJavaWithJavac' as it is up-to-date.
No compile result for :react-native-screens:compileDebugJavaWithJavac
No compile result for :react-native-screens:compileDebugJavaWithJavac
Resolve mutations for :react-native-screens:bundleLibCompileToJarDebug (Thread[Execution worker Thread 4,5,main]) started.
:react-native-screens:bundleLibCompileToJarDebug (Thread[Execution worker Thread 4,5,main]) started.

> Task :react-native-screens:bundleLibCompileToJarDebug UP-TO-DATE
Caching disabled for task ':react-native-screens:bundleLibCompileToJarDebug' because:
  Build cache is disabled
  Simple merging task
Skipping task ':react-native-screens:bundleLibCompileToJarDebug' as it is up-to-date.
work action resolve classes.jar (project :react-native-screens) (Thread[Execution worker Thread 4,5,main]) started.
Resolve mutations for :react-native-svg:generateDebugBuildConfig (Thread[Execution worker Thread 4,5,main]) started.
:react-native-svg:generateDebugBuildConfig (Thread[Execution worker Thread 4,5,main]) started.

> Task :react-native-svg:generateDebugBuildConfig UP-TO-DATE
Caching disabled for task ':react-native-svg:generateDebugBuildConfig' because:
  Build cache is disabled
Skipping task ':react-native-svg:generateDebugBuildConfig' as it is up-to-date.
Resolve mutations for :react-native-svg:javaPreCompileDebug (Thread[Execution worker Thread 4,5,main]) started.
:react-native-svg:javaPreCompileDebug (Thread[Execution worker Thread 4,5,main]) started.

> Task :react-native-svg:javaPreCompileDebug UP-TO-DATE
Caching disabled for task ':react-native-svg:javaPreCompileDebug' because:
  Build cache is disabled
Skipping task ':react-native-svg:javaPreCompileDebug' as it is up-to-date.
Resolve mutations for :react-native-svg:compileDebugJavaWithJavac (Thread[Execution worker Thread 4,5,main]) started.
:react-native-svg:compileDebugJavaWithJavac (Thread[Execution worker Thread 4,5,main]) started.

> Task :react-native-svg:compileDebugJavaWithJavac UP-TO-DATE
Custom actions are attached to task ':react-native-svg:compileDebugJavaWithJavac'.
Caching disabled for task ':react-native-svg:compileDebugJavaWithJavac' because:
  Build cache is disabled
Skipping task ':react-native-svg:compileDebugJavaWithJavac' as it is up-to-date.
No compile result for :react-native-svg:compileDebugJavaWithJavac
No compile result for :react-native-svg:compileDebugJavaWithJavac
Resolve mutations for :react-native-svg:bundleLibCompileToJarDebug (Thread[Execution worker Thread 4,5,main]) started.
:react-native-svg:bundleLibCompileToJarDebug (Thread[Execution worker Thread 4,5,main]) started.

> Task :react-native-svg:bundleLibCompileToJarDebug UP-TO-DATE
Caching disabled for task ':react-native-svg:bundleLibCompileToJarDebug' because:
  Build cache is disabled
  Simple merging task
Skipping task ':react-native-svg:bundleLibCompileToJarDebug' as it is up-to-date.
work action resolve classes.jar (project :react-native-svg) (Thread[Execution worker Thread 4,5,main]) started.
Resolve mutations for :react-native-vector-icons:generateDebugBuildConfig (Thread[Execution worker Thread 4,5,main]) started.
:react-native-vector-icons:generateDebugBuildConfig (Thread[Execution worker Thread 4,5,main]) started.

> Task :react-native-vector-icons:generateDebugBuildConfig UP-TO-DATE
Caching disabled for task ':react-native-vector-icons:generateDebugBuildConfig' because:
  Build cache is disabled
Skipping task ':react-native-vector-icons:generateDebugBuildConfig' as it is up-to-date.
Resolve mutations for :react-native-vector-icons:javaPreCompileDebug (Thread[Execution worker Thread 4,5,main]) started.
:react-native-vector-icons:javaPreCompileDebug (Thread[Execution worker Thread 4,5,main]) started.

> Task :react-native-vector-icons:javaPreCompileDebug UP-TO-DATE
Caching disabled for task ':react-native-vector-icons:javaPreCompileDebug' because:
  Build cache is disabled
Skipping task ':react-native-vector-icons:javaPreCompileDebug' as it is up-to-date.
Resolve mutations for :react-native-vector-icons:compileDebugJavaWithJavac (Thread[Execution worker Thread 4,5,main]) started.
:react-native-vector-icons:compileDebugJavaWithJavac (Thread[Execution worker Thread 4,5,main]) started.

> Task :react-native-vector-icons:compileDebugJavaWithJavac UP-TO-DATE
Custom actions are attached to task ':react-native-vector-icons:compileDebugJavaWithJavac'.
Caching disabled for task ':react-native-vector-icons:compileDebugJavaWithJavac' because:
  Build cache is disabled
Skipping task ':react-native-vector-icons:compileDebugJavaWithJavac' as it is up-to-date.
No compile result for :react-native-vector-icons:compileDebugJavaWithJavac
No compile result for :react-native-vector-icons:compileDebugJavaWithJavac
Resolve mutations for :react-native-vector-icons:bundleLibCompileToJarDebug (Thread[Execution worker Thread 4,5,main]) started.
:react-native-vector-icons:bundleLibCompileToJarDebug (Thread[Execution worker Thread 4,5,main]) started.

> Task :react-native-vector-icons:bundleLibCompileToJarDebug UP-TO-DATE
Caching disabled for task ':react-native-vector-icons:bundleLibCompileToJarDebug' because:
  Build cache is disabled
  Simple merging task
Skipping task ':react-native-vector-icons:bundleLibCompileToJarDebug' as it is up-to-date.
work action resolve classes.jar (project :react-native-vector-icons) (Thread[Execution worker Thread 4,5,main]) started.
Resolve mutations for :app:compileDebugKotlin (Thread[Execution worker Thread 4,5,main]) started.
:app:compileDebugKotlin (Thread[Execution worker Thread 4,5,main]) started.

> Task :app:compileDebugKotlin UP-TO-DATE
Adding -Xuse-inline-scopes-numbers Kotlin compiler flag for task :app:compileDebugAndroidTestKotlin
Caching disabled for task ':app:compileDebugKotlin' because:
  Build cache is disabled
Skipping task ':app:compileDebugKotlin' as it is up-to-date.
Resolve mutations for :app:javaPreCompileDebug (Thread[Execution worker Thread 4,5,main]) started.
:app:javaPreCompileDebug (Thread[Execution worker Thread 4,5,main]) started.

> Task :app:javaPreCompileDebug UP-TO-DATE
Caching disabled for task ':app:javaPreCompileDebug' because:
  Build cache is disabled
Skipping task ':app:javaPreCompileDebug' as it is up-to-date.
Resolve mutations for :app:compileDebugJavaWithJavac (Thread[Execution worker Thread 4,5,main]) started.
:app:compileDebugJavaWithJavac (Thread[Execution worker Thread 4,5,main]) started.

> Task :app:compileDebugJavaWithJavac
Custom actions are attached to task ':app:compileDebugJavaWithJavac'.
Caching disabled for task ':app:compileDebugJavaWithJavac' because:
  Build cache is disabled
Task ':app:compileDebugJavaWithJavac' is not up-to-date because:
  Output property 'destinationDirectory' file /Users/oem/Projects/KapraDaily/android/app/build/intermediates/javac/debug/compileDebugJavaWithJavac/classes has been removed.
  Output property 'destinationDirectory' file /Users/oem/Projects/KapraDaily/android/app/build/intermediates/javac/debug/compileDebugJavaWithJavac/classes/com has been removed.
  Output property 'destinationDirectory' file /Users/oem/Projects/KapraDaily/android/app/build/intermediates/javac/debug/compileDebugJavaWithJavac/classes/com/facebook has been removed.
  and more...
The input changes require a full rebuild for incremental task ':app:compileDebugJavaWithJavac'.
Compilation mode: in-process compilation
Full recompilation is required because no incremental change information is available. This is usually caused by clean builds or changing compiler arguments.
Compiling with toolchain '/Library/Java/JavaVirtualMachines/temurin-17.jdk/Contents/Home'.
file or directory '/Users/oem/Projects/KapraDaily/android/app/build/generated/source/codegen/java', not found
file or directory '/Users/oem/Projects/KapraDaily/android/app/src/debug/java', not found
Compiling with JDK Java compiler API.
Class dependency analysis for incremental compilation took 0.0 secs.
Created classpath snapshot for incremental compilation in 0.008 secs.
Resolve mutations for :app:mergeDebugShaders (Thread[Execution worker Thread 4,5,main]) started.
:app:mergeDebugShaders (Thread[Execution worker Thread 4,5,main]) started.

> Task :app:mergeDebugShaders UP-TO-DATE
Caching disabled for task ':app:mergeDebugShaders' because:
  Build cache is disabled
  Simple merging task
Skipping task ':app:mergeDebugShaders' as it is up-to-date.
Resolve mutations for :app:compileDebugShaders (Thread[Execution worker Thread 4,5,main]) started.
:app:compileDebugShaders (Thread[Execution worker Thread 4,5,main]) started.

> Task :app:compileDebugShaders NO-SOURCE
Skipping task ':app:compileDebugShaders' as it has no source files and no previous output files.
Resolve mutations for :app:copyReactNativeVectorIconFonts (Thread[Execution worker Thread 4,5,main]) started.
:app:copyReactNativeVectorIconFonts (Thread[Execution worker Thread 4,5,main]) started.

> Task :app:copyReactNativeVectorIconFonts UP-TO-DATE
Caching disabled for task ':app:copyReactNativeVectorIconFonts' because:
  Build cache is disabled
  Not worth caching
Skipping task ':app:copyReactNativeVectorIconFonts' as it is up-to-date.
Resolve mutations for :app:generateDebugAssets (Thread[Execution worker Thread 4,5,main]) started.
:app:generateDebugAssets (Thread[Execution worker Thread 4,5,main]) started.

> Task :app:generateDebugAssets UP-TO-DATE
Skipping task ':app:generateDebugAssets' as it has no actions.
Resolve mutations for :lottie-react-native:mergeDebugShaders (Thread[Execution worker Thread 4,5,main]) started.
:lottie-react-native:mergeDebugShaders (Thread[Execution worker Thread 4,5,main]) started.

> Task :lottie-react-native:mergeDebugShaders UP-TO-DATE
Caching disabled for task ':lottie-react-native:mergeDebugShaders' because:
  Build cache is disabled
  Simple merging task
Skipping task ':lottie-react-native:mergeDebugShaders' as it is up-to-date.
Resolve mutations for :lottie-react-native:compileDebugShaders (Thread[Execution worker Thread 4,5,main]) started.
:lottie-react-native:compileDebugShaders (Thread[Execution worker Thread 4,5,main]) started.

> Task :lottie-react-native:compileDebugShaders NO-SOURCE
Skipping task ':lottie-react-native:compileDebugShaders' as it has no source files and no previous output files.
Resolve mutations for :lottie-react-native:generateDebugAssets (Thread[Execution worker Thread 4,5,main]) started.
:lottie-react-native:generateDebugAssets (Thread[Execution worker Thread 4,5,main]) started.

> Task :lottie-react-native:generateDebugAssets UP-TO-DATE
Skipping task ':lottie-react-native:generateDebugAssets' as it has no actions.
Resolve mutations for :lottie-react-native:mergeDebugAssets (Thread[Execution worker Thread 4,5,main]) started.
:lottie-react-native:mergeDebugAssets (Thread[Execution worker Thread 4,5,main]) started.

> Task :lottie-react-native:mergeDebugAssets UP-TO-DATE
Caching disabled for task ':lottie-react-native:mergeDebugAssets' because:
  Build cache is disabled
  Simple merging task
Skipping task ':lottie-react-native:mergeDebugAssets' as it is up-to-date.
work action resolve mergeDebugAssets (project :lottie-react-native) (Thread[Execution worker Thread 4,5,main]) started.
Resolve mutations for :react-native-async-storage_async-storage:mergeDebugShaders (Thread[Execution worker Thread 4,5,main]) started.
:react-native-async-storage_async-storage:mergeDebugShaders (Thread[Execution worker Thread 4,5,main]) started.

> Task :react-native-async-storage_async-storage:mergeDebugShaders UP-TO-DATE
Caching disabled for task ':react-native-async-storage_async-storage:mergeDebugShaders' because:
  Build cache is disabled
  Simple merging task
Skipping task ':react-native-async-storage_async-storage:mergeDebugShaders' as it is up-to-date.
Resolve mutations for :react-native-async-storage_async-storage:compileDebugShaders (Thread[Execution worker Thread 4,5,main]) started.
:react-native-async-storage_async-storage:compileDebugShaders (Thread[Execution worker Thread 4,5,main]) started.

> Task :react-native-async-storage_async-storage:compileDebugShaders NO-SOURCE
Skipping task ':react-native-async-storage_async-storage:compileDebugShaders' as it has no source files and no previous output files.
Resolve mutations for :react-native-async-storage_async-storage:generateDebugAssets (Thread[Execution worker Thread 4,5,main]) started.
:react-native-async-storage_async-storage:generateDebugAssets (Thread[Execution worker Thread 4,5,main]) started.

> Task :react-native-async-storage_async-storage:generateDebugAssets UP-TO-DATE
Skipping task ':react-native-async-storage_async-storage:generateDebugAssets' as it has no actions.
Resolve mutations for :react-native-async-storage_async-storage:mergeDebugAssets (Thread[Execution worker Thread 4,5,main]) started.
:react-native-async-storage_async-storage:mergeDebugAssets (Thread[Execution worker Thread 4,5,main]) started.

> Task :react-native-async-storage_async-storage:mergeDebugAssets UP-TO-DATE
Caching disabled for task ':react-native-async-storage_async-storage:mergeDebugAssets' because:
  Build cache is disabled
  Simple merging task
Skipping task ':react-native-async-storage_async-storage:mergeDebugAssets' as it is up-to-date.
work action resolve mergeDebugAssets (project :react-native-async-storage_async-storage) (Thread[Execution worker Thread 4,5,main]) started.
Resolve mutations for :react-native-community_blur:mergeDebugShaders (Thread[Execution worker Thread 4,5,main]) started.
:react-native-community_blur:mergeDebugShaders (Thread[Execution worker Thread 4,5,main]) started.

> Task :react-native-community_blur:mergeDebugShaders UP-TO-DATE
Caching disabled for task ':react-native-community_blur:mergeDebugShaders' because:
  Build cache is disabled
  Simple merging task
Skipping task ':react-native-community_blur:mergeDebugShaders' as it is up-to-date.
Resolve mutations for :react-native-community_blur:compileDebugShaders (Thread[Execution worker Thread 4,5,main]) started.
:react-native-community_blur:compileDebugShaders (Thread[Execution worker Thread 4,5,main]) started.

> Task :react-native-community_blur:compileDebugShaders NO-SOURCE
Skipping task ':react-native-community_blur:compileDebugShaders' as it has no source files and no previous output files.
Resolve mutations for :react-native-community_blur:generateDebugAssets (Thread[Execution worker Thread 4,5,main]) started.
:react-native-community_blur:generateDebugAssets (Thread[Execution worker Thread 4,5,main]) started.

> Task :react-native-community_blur:generateDebugAssets UP-TO-DATE
Skipping task ':react-native-community_blur:generateDebugAssets' as it has no actions.
Resolve mutations for :react-native-community_blur:mergeDebugAssets (Thread[Execution worker Thread 4,5,main]) started.
:react-native-community_blur:mergeDebugAssets (Thread[Execution worker Thread 4,5,main]) started.

> Task :react-native-community_blur:mergeDebugAssets UP-TO-DATE
Caching disabled for task ':react-native-community_blur:mergeDebugAssets' because:
  Build cache is disabled
  Simple merging task
Skipping task ':react-native-community_blur:mergeDebugAssets' as it is up-to-date.
work action resolve mergeDebugAssets (project :react-native-community_blur) (Thread[Execution worker Thread 7,5,main]) started.
Resolve mutations for :react-native-community_geolocation:mergeDebugShaders (Thread[Execution worker Thread 7,5,main]) started.
:react-native-community_geolocation:mergeDebugShaders (Thread[Execution worker Thread 7,5,main]) started.

> Task :react-native-community_geolocation:mergeDebugShaders UP-TO-DATE
Caching disabled for task ':react-native-community_geolocation:mergeDebugShaders' because:
  Build cache is disabled
  Simple merging task
Skipping task ':react-native-community_geolocation:mergeDebugShaders' as it is up-to-date.
Resolve mutations for :react-native-community_geolocation:compileDebugShaders (Thread[Execution worker Thread 7,5,main]) started.
:react-native-community_geolocation:compileDebugShaders (Thread[Execution worker Thread 7,5,main]) started.

> Task :react-native-community_geolocation:compileDebugShaders NO-SOURCE
Skipping task ':react-native-community_geolocation:compileDebugShaders' as it has no source files and no previous output files.
Resolve mutations for :react-native-community_geolocation:generateDebugAssets (Thread[Execution worker Thread 7,5,main]) started.
:react-native-community_geolocation:generateDebugAssets (Thread[Execution worker Thread 7,5,main]) started.

> Task :react-native-community_geolocation:generateDebugAssets UP-TO-DATE
Skipping task ':react-native-community_geolocation:generateDebugAssets' as it has no actions.
Resolve mutations for :react-native-community_geolocation:mergeDebugAssets (Thread[Execution worker Thread 7,5,main]) started.
:react-native-community_geolocation:mergeDebugAssets (Thread[Execution worker Thread 7,5,main]) started.

> Task :react-native-community_geolocation:mergeDebugAssets UP-TO-DATE
Caching disabled for task ':react-native-community_geolocation:mergeDebugAssets' because:
  Build cache is disabled
  Simple merging task
Skipping task ':react-native-community_geolocation:mergeDebugAssets' as it is up-to-date.
work action resolve mergeDebugAssets (project :react-native-community_geolocation) (Thread[Execution worker Thread 7,5,main]) started.
Resolve mutations for :react-native-device-info:mergeDebugShaders (Thread[Execution worker Thread 7,5,main]) started.
:react-native-device-info:mergeDebugShaders (Thread[Execution worker Thread 7,5,main]) started.

> Task :react-native-device-info:mergeDebugShaders UP-TO-DATE
Caching disabled for task ':react-native-device-info:mergeDebugShaders' because:
  Build cache is disabled
  Simple merging task
Skipping task ':react-native-device-info:mergeDebugShaders' as it is up-to-date.
Resolve mutations for :react-native-device-info:compileDebugShaders (Thread[Execution worker Thread 7,5,main]) started.
:react-native-device-info:compileDebugShaders (Thread[Execution worker Thread 7,5,main]) started.

> Task :react-native-device-info:compileDebugShaders NO-SOURCE
Skipping task ':react-native-device-info:compileDebugShaders' as it has no source files and no previous output files.
Resolve mutations for :react-native-device-info:generateDebugAssets (Thread[Execution worker Thread 7,5,main]) started.
:react-native-device-info:generateDebugAssets (Thread[Execution worker Thread 7,5,main]) started.

> Task :react-native-device-info:generateDebugAssets UP-TO-DATE
Skipping task ':react-native-device-info:generateDebugAssets' as it has no actions.
Resolve mutations for :react-native-device-info:mergeDebugAssets (Thread[included builds,5,main]) started.
:react-native-device-info:mergeDebugAssets (Thread[included builds,5,main]) started.

> Task :react-native-device-info:mergeDebugAssets UP-TO-DATE
Caching disabled for task ':react-native-device-info:mergeDebugAssets' because:
  Build cache is disabled
  Simple merging task
Skipping task ':react-native-device-info:mergeDebugAssets' as it is up-to-date.
work action resolve mergeDebugAssets (project :react-native-device-info) (Thread[included builds,5,main]) started.
Resolve mutations for :react-native-fast-image:mergeDebugShaders (Thread[included builds,5,main]) started.
:react-native-fast-image:mergeDebugShaders (Thread[included builds,5,main]) started.

> Task :react-native-fast-image:mergeDebugShaders UP-TO-DATE
Caching disabled for task ':react-native-fast-image:mergeDebugShaders' because:
  Build cache is disabled
  Simple merging task
Skipping task ':react-native-fast-image:mergeDebugShaders' as it is up-to-date.
Resolve mutations for :react-native-fast-image:compileDebugShaders (Thread[included builds,5,main]) started.
:react-native-fast-image:compileDebugShaders (Thread[included builds,5,main]) started.

> Task :react-native-fast-image:compileDebugShaders NO-SOURCE
Skipping task ':react-native-fast-image:compileDebugShaders' as it has no source files and no previous output files.
Resolve mutations for :react-native-fast-image:generateDebugAssets (Thread[included builds,5,main]) started.
:react-native-fast-image:generateDebugAssets (Thread[included builds,5,main]) started.

> Task :react-native-fast-image:generateDebugAssets UP-TO-DATE
Skipping task ':react-native-fast-image:generateDebugAssets' as it has no actions.
Resolve mutations for :react-native-fast-image:mergeDebugAssets (Thread[included builds,5,main]) started.
:react-native-fast-image:mergeDebugAssets (Thread[included builds,5,main]) started.

> Task :react-native-fast-image:mergeDebugAssets UP-TO-DATE
Caching disabled for task ':react-native-fast-image:mergeDebugAssets' because:
  Build cache is disabled
  Simple merging task
Skipping task ':react-native-fast-image:mergeDebugAssets' as it is up-to-date.
work action resolve mergeDebugAssets (project :react-native-fast-image) (Thread[included builds,5,main]) started.
Resolve mutations for :react-native-linear-gradient:mergeDebugShaders (Thread[included builds,5,main]) started.
:react-native-linear-gradient:mergeDebugShaders (Thread[included builds,5,main]) started.

> Task :react-native-linear-gradient:mergeDebugShaders UP-TO-DATE
Caching disabled for task ':react-native-linear-gradient:mergeDebugShaders' because:
  Build cache is disabled
  Simple merging task
Skipping task ':react-native-linear-gradient:mergeDebugShaders' as it is up-to-date.
Resolve mutations for :react-native-linear-gradient:compileDebugShaders (Thread[included builds,5,main]) started.
:react-native-linear-gradient:compileDebugShaders (Thread[included builds,5,main]) started.

> Task :react-native-linear-gradient:compileDebugShaders NO-SOURCE
Skipping task ':react-native-linear-gradient:compileDebugShaders' as it has no source files and no previous output files.
Resolve mutations for :react-native-linear-gradient:generateDebugAssets (Thread[included builds,5,main]) started.
:react-native-linear-gradient:generateDebugAssets (Thread[included builds,5,main]) started.

> Task :react-native-linear-gradient:generateDebugAssets UP-TO-DATE
Skipping task ':react-native-linear-gradient:generateDebugAssets' as it has no actions.
Resolve mutations for :react-native-linear-gradient:mergeDebugAssets (Thread[included builds,5,main]) started.
:react-native-linear-gradient:mergeDebugAssets (Thread[included builds,5,main]) started.

> Task :react-native-linear-gradient:mergeDebugAssets UP-TO-DATE
Caching disabled for task ':react-native-linear-gradient:mergeDebugAssets' because:
  Build cache is disabled
  Simple merging task
Skipping task ':react-native-linear-gradient:mergeDebugAssets' as it is up-to-date.
work action resolve mergeDebugAssets (project :react-native-linear-gradient) (Thread[included builds,5,main]) started.
Resolve mutations for :react-native-maps:mergeDebugShaders (Thread[included builds,5,main]) started.
:react-native-maps:mergeDebugShaders (Thread[included builds,5,main]) started.

> Task :react-native-maps:mergeDebugShaders UP-TO-DATE
Caching disabled for task ':react-native-maps:mergeDebugShaders' because:
  Build cache is disabled
  Simple merging task
Skipping task ':react-native-maps:mergeDebugShaders' as it is up-to-date.
Resolve mutations for :react-native-maps:compileDebugShaders (Thread[included builds,5,main]) started.
:react-native-maps:compileDebugShaders (Thread[included builds,5,main]) started.

> Task :react-native-maps:compileDebugShaders NO-SOURCE
Skipping task ':react-native-maps:compileDebugShaders' as it has no source files and no previous output files.
Resolve mutations for :react-native-maps:generateDebugAssets (Thread[included builds,5,main]) started.
:react-native-maps:generateDebugAssets (Thread[included builds,5,main]) started.

> Task :react-native-maps:generateDebugAssets UP-TO-DATE
Skipping task ':react-native-maps:generateDebugAssets' as it has no actions.
Resolve mutations for :react-native-maps:mergeDebugAssets (Thread[included builds,5,main]) started.
:react-native-maps:mergeDebugAssets (Thread[included builds,5,main]) started.

> Task :react-native-maps:mergeDebugAssets UP-TO-DATE
Caching disabled for task ':react-native-maps:mergeDebugAssets' because:
  Build cache is disabled
  Simple merging task
Skipping task ':react-native-maps:mergeDebugAssets' as it is up-to-date.
work action resolve mergeDebugAssets (project :react-native-maps) (Thread[included builds,5,main]) started.
Resolve mutations for :react-native-onesignal:mergeDebugShaders (Thread[included builds,5,main]) started.
:react-native-onesignal:mergeDebugShaders (Thread[included builds,5,main]) started.

> Task :react-native-onesignal:mergeDebugShaders UP-TO-DATE
Caching disabled for task ':react-native-onesignal:mergeDebugShaders' because:
  Build cache is disabled
  Simple merging task
Skipping task ':react-native-onesignal:mergeDebugShaders' as it is up-to-date.
Resolve mutations for :react-native-onesignal:compileDebugShaders (Thread[included builds,5,main]) started.
:react-native-onesignal:compileDebugShaders (Thread[included builds,5,main]) started.

> Task :react-native-onesignal:compileDebugShaders NO-SOURCE
Skipping task ':react-native-onesignal:compileDebugShaders' as it has no source files and no previous output files.
Resolve mutations for :react-native-onesignal:generateDebugAssets (Thread[included builds,5,main]) started.
:react-native-onesignal:generateDebugAssets (Thread[included builds,5,main]) started.

> Task :react-native-onesignal:generateDebugAssets UP-TO-DATE
Skipping task ':react-native-onesignal:generateDebugAssets' as it has no actions.
Resolve mutations for :react-native-onesignal:mergeDebugAssets (Thread[included builds,5,main]) started.
:react-native-onesignal:mergeDebugAssets (Thread[included builds,5,main]) started.

> Task :react-native-onesignal:mergeDebugAssets UP-TO-DATE
Caching disabled for task ':react-native-onesignal:mergeDebugAssets' because:
  Build cache is disabled
  Simple merging task
Skipping task ':react-native-onesignal:mergeDebugAssets' as it is up-to-date.
work action resolve mergeDebugAssets (project :react-native-onesignal) (Thread[included builds,5,main]) started.
Resolve mutations for :react-native-otp-verify:mergeDebugShaders (Thread[included builds,5,main]) started.
:react-native-otp-verify:mergeDebugShaders (Thread[included builds,5,main]) started.

> Task :react-native-otp-verify:mergeDebugShaders UP-TO-DATE
Caching disabled for task ':react-native-otp-verify:mergeDebugShaders' because:
  Build cache is disabled
  Simple merging task
Skipping task ':react-native-otp-verify:mergeDebugShaders' as it is up-to-date.
Resolve mutations for :react-native-otp-verify:compileDebugShaders (Thread[included builds,5,main]) started.
:react-native-otp-verify:compileDebugShaders (Thread[included builds,5,main]) started.

> Task :react-native-otp-verify:compileDebugShaders NO-SOURCE
Skipping task ':react-native-otp-verify:compileDebugShaders' as it has no source files and no previous output files.
Resolve mutations for :react-native-otp-verify:generateDebugAssets (Thread[included builds,5,main]) started.
:react-native-otp-verify:generateDebugAssets (Thread[included builds,5,main]) started.

> Task :react-native-otp-verify:generateDebugAssets UP-TO-DATE
Skipping task ':react-native-otp-verify:generateDebugAssets' as it has no actions.
Resolve mutations for :react-native-otp-verify:mergeDebugAssets (Thread[included builds,5,main]) started.
:react-native-otp-verify:mergeDebugAssets (Thread[included builds,5,main]) started.

> Task :react-native-otp-verify:mergeDebugAssets UP-TO-DATE
Caching disabled for task ':react-native-otp-verify:mergeDebugAssets' because:
  Build cache is disabled
  Simple merging task
Skipping task ':react-native-otp-verify:mergeDebugAssets' as it is up-to-date.
work action resolve mergeDebugAssets (project :react-native-otp-verify) (Thread[included builds,5,main]) started.
Resolve mutations for :react-native-permissions:mergeDebugShaders (Thread[included builds,5,main]) started.
:react-native-permissions:mergeDebugShaders (Thread[included builds,5,main]) started.

> Task :react-native-permissions:mergeDebugShaders UP-TO-DATE
Caching disabled for task ':react-native-permissions:mergeDebugShaders' because:
  Build cache is disabled
  Simple merging task
Skipping task ':react-native-permissions:mergeDebugShaders' as it is up-to-date.
Resolve mutations for :react-native-permissions:compileDebugShaders (Thread[included builds,5,main]) started.
:react-native-permissions:compileDebugShaders (Thread[included builds,5,main]) started.

> Task :react-native-permissions:compileDebugShaders NO-SOURCE
Skipping task ':react-native-permissions:compileDebugShaders' as it has no source files and no previous output files.
Resolve mutations for :react-native-permissions:generateDebugAssets (Thread[included builds,5,main]) started.
:react-native-permissions:generateDebugAssets (Thread[included builds,5,main]) started.

> Task :react-native-permissions:generateDebugAssets UP-TO-DATE
Skipping task ':react-native-permissions:generateDebugAssets' as it has no actions.
Resolve mutations for :react-native-permissions:mergeDebugAssets (Thread[included builds,5,main]) started.
:react-native-permissions:mergeDebugAssets (Thread[Execution worker Thread 6,5,main]) started.

> Task :react-native-permissions:mergeDebugAssets UP-TO-DATE
Caching disabled for task ':react-native-permissions:mergeDebugAssets' because:
  Build cache is disabled
  Simple merging task
Skipping task ':react-native-permissions:mergeDebugAssets' as it is up-to-date.
work action resolve mergeDebugAssets (project :react-native-permissions) (Thread[Execution worker Thread 6,5,main]) started.
Resolve mutations for :react-native-razorpay:mergeDebugShaders (Thread[Execution worker Thread 6,5,main]) started.
:react-native-razorpay:mergeDebugShaders (Thread[Execution worker Thread 6,5,main]) started.

> Task :react-native-razorpay:mergeDebugShaders UP-TO-DATE
Caching disabled for task ':react-native-razorpay:mergeDebugShaders' because:
  Build cache is disabled
  Simple merging task
Skipping task ':react-native-razorpay:mergeDebugShaders' as it is up-to-date.
Resolve mutations for :react-native-razorpay:compileDebugShaders (Thread[Execution worker Thread 6,5,main]) started.
:react-native-razorpay:compileDebugShaders (Thread[Execution worker Thread 2,5,main]) started.

> Task :react-native-razorpay:compileDebugShaders NO-SOURCE
Skipping task ':react-native-razorpay:compileDebugShaders' as it has no source files and no previous output files.
Resolve mutations for :react-native-razorpay:generateDebugAssets (Thread[Execution worker Thread 2,5,main]) started.
:react-native-razorpay:generateDebugAssets (Thread[Execution worker Thread 4,5,main]) started.

> Task :react-native-razorpay:generateDebugAssets UP-TO-DATE
Skipping task ':react-native-razorpay:generateDebugAssets' as it has no actions.
Resolve mutations for :react-native-razorpay:mergeDebugAssets (Thread[Execution worker Thread 4,5,main]) started.
:react-native-razorpay:mergeDebugAssets (Thread[Execution worker Thread 4,5,main]) started.

> Task :react-native-razorpay:mergeDebugAssets UP-TO-DATE
Caching disabled for task ':react-native-razorpay:mergeDebugAssets' because:
  Build cache is disabled
  Simple merging task
Skipping task ':react-native-razorpay:mergeDebugAssets' as it is up-to-date.
work action resolve mergeDebugAssets (project :react-native-razorpay) (Thread[Execution worker Thread 4,5,main]) started.
Resolve mutations for :react-native-safe-area-context:mergeDebugShaders (Thread[Execution worker Thread 4,5,main]) started.
:react-native-safe-area-context:mergeDebugShaders (Thread[Execution worker Thread 4,5,main]) started.

> Task :react-native-safe-area-context:mergeDebugShaders UP-TO-DATE
Caching disabled for task ':react-native-safe-area-context:mergeDebugShaders' because:
  Build cache is disabled
  Simple merging task
Skipping task ':react-native-safe-area-context:mergeDebugShaders' as it is up-to-date.
Resolve mutations for :react-native-safe-area-context:compileDebugShaders (Thread[Execution worker Thread 4,5,main]) started.
:react-native-safe-area-context:compileDebugShaders (Thread[Execution worker Thread 4,5,main]) started.

> Task :react-native-safe-area-context:compileDebugShaders NO-SOURCE
Skipping task ':react-native-safe-area-context:compileDebugShaders' as it has no source files and no previous output files.
Resolve mutations for :react-native-safe-area-context:generateDebugAssets (Thread[Execution worker Thread 4,5,main]) started.
:react-native-safe-area-context:generateDebugAssets (Thread[Execution worker Thread 4,5,main]) started.

> Task :react-native-safe-area-context:generateDebugAssets UP-TO-DATE
Skipping task ':react-native-safe-area-context:generateDebugAssets' as it has no actions.
Resolve mutations for :react-native-safe-area-context:mergeDebugAssets (Thread[Execution worker Thread 4,5,main]) started.
:react-native-safe-area-context:mergeDebugAssets (Thread[Execution worker Thread 4,5,main]) started.

> Task :react-native-safe-area-context:mergeDebugAssets UP-TO-DATE
Caching disabled for task ':react-native-safe-area-context:mergeDebugAssets' because:
  Build cache is disabled
  Simple merging task
Skipping task ':react-native-safe-area-context:mergeDebugAssets' as it is up-to-date.
work action resolve mergeDebugAssets (project :react-native-safe-area-context) (Thread[Execution worker Thread 4,5,main]) started.
Resolve mutations for :react-native-screens:mergeDebugShaders (Thread[Execution worker Thread 4,5,main]) started.
:react-native-screens:mergeDebugShaders (Thread[Execution worker Thread 4,5,main]) started.

> Task :react-native-screens:mergeDebugShaders UP-TO-DATE
Caching disabled for task ':react-native-screens:mergeDebugShaders' because:
  Build cache is disabled
  Simple merging task
Skipping task ':react-native-screens:mergeDebugShaders' as it is up-to-date.
Resolve mutations for :react-native-screens:compileDebugShaders (Thread[Execution worker Thread 4,5,main]) started.
:react-native-screens:compileDebugShaders (Thread[Execution worker Thread 4,5,main]) started.

> Task :react-native-screens:compileDebugShaders NO-SOURCE
Skipping task ':react-native-screens:compileDebugShaders' as it has no source files and no previous output files.
Resolve mutations for :react-native-screens:generateDebugAssets (Thread[Execution worker Thread 4,5,main]) started.
:react-native-screens:generateDebugAssets (Thread[Execution worker Thread 4,5,main]) started.

> Task :react-native-screens:generateDebugAssets UP-TO-DATE
Skipping task ':react-native-screens:generateDebugAssets' as it has no actions.
Resolve mutations for :react-native-screens:mergeDebugAssets (Thread[Execution worker Thread 4,5,main]) started.
:react-native-screens:mergeDebugAssets (Thread[Execution worker Thread 4,5,main]) started.

> Task :react-native-screens:mergeDebugAssets UP-TO-DATE
Caching disabled for task ':react-native-screens:mergeDebugAssets' because:
  Build cache is disabled
  Simple merging task
Skipping task ':react-native-screens:mergeDebugAssets' as it is up-to-date.
work action resolve mergeDebugAssets (project :react-native-screens) (Thread[Execution worker Thread 4,5,main]) started.
Resolve mutations for :react-native-svg:mergeDebugShaders (Thread[Execution worker Thread 4,5,main]) started.
:react-native-svg:mergeDebugShaders (Thread[Execution worker Thread 4,5,main]) started.

> Task :react-native-svg:mergeDebugShaders UP-TO-DATE
Caching disabled for task ':react-native-svg:mergeDebugShaders' because:
  Build cache is disabled
  Simple merging task
Skipping task ':react-native-svg:mergeDebugShaders' as it is up-to-date.
Resolve mutations for :react-native-svg:compileDebugShaders (Thread[Execution worker Thread 4,5,main]) started.
:react-native-svg:compileDebugShaders (Thread[Execution worker Thread 4,5,main]) started.

> Task :react-native-svg:compileDebugShaders NO-SOURCE
Skipping task ':react-native-svg:compileDebugShaders' as it has no source files and no previous output files.
Resolve mutations for :react-native-svg:generateDebugAssets (Thread[Execution worker Thread 4,5,main]) started.
:react-native-svg:generateDebugAssets (Thread[Execution worker Thread 4,5,main]) started.

> Task :react-native-svg:generateDebugAssets UP-TO-DATE
Skipping task ':react-native-svg:generateDebugAssets' as it has no actions.
Resolve mutations for :react-native-svg:mergeDebugAssets (Thread[Execution worker Thread 4,5,main]) started.
:react-native-svg:mergeDebugAssets (Thread[Execution worker Thread 4,5,main]) started.

> Task :react-native-svg:mergeDebugAssets UP-TO-DATE
Caching disabled for task ':react-native-svg:mergeDebugAssets' because:
  Build cache is disabled
  Simple merging task
Skipping task ':react-native-svg:mergeDebugAssets' as it is up-to-date.
work action resolve mergeDebugAssets (project :react-native-svg) (Thread[Execution worker Thread 4,5,main]) started.
Resolve mutations for :react-native-vector-icons:mergeDebugShaders (Thread[Execution worker Thread 4,5,main]) started.
:react-native-vector-icons:mergeDebugShaders (Thread[Execution worker Thread 4,5,main]) started.

> Task :react-native-vector-icons:mergeDebugShaders UP-TO-DATE
Caching disabled for task ':react-native-vector-icons:mergeDebugShaders' because:
  Build cache is disabled
  Simple merging task
Skipping task ':react-native-vector-icons:mergeDebugShaders' as it is up-to-date.
Resolve mutations for :react-native-vector-icons:compileDebugShaders (Thread[Execution worker Thread 4,5,main]) started.
:react-native-vector-icons:compileDebugShaders (Thread[Execution worker Thread 4,5,main]) started.

> Task :react-native-vector-icons:compileDebugShaders NO-SOURCE
Skipping task ':react-native-vector-icons:compileDebugShaders' as it has no source files and no previous output files.
Resolve mutations for :react-native-vector-icons:generateDebugAssets (Thread[Execution worker Thread 4,5,main]) started.
:react-native-vector-icons:generateDebugAssets (Thread[Execution worker Thread 4,5,main]) started.

> Task :react-native-vector-icons:generateDebugAssets UP-TO-DATE
Skipping task ':react-native-vector-icons:generateDebugAssets' as it has no actions.
Resolve mutations for :react-native-vector-icons:mergeDebugAssets (Thread[Execution worker Thread 4,5,main]) started.
:react-native-vector-icons:mergeDebugAssets (Thread[Execution worker Thread 4,5,main]) started.

> Task :react-native-vector-icons:mergeDebugAssets UP-TO-DATE
Caching disabled for task ':react-native-vector-icons:mergeDebugAssets' because:
  Build cache is disabled
  Simple merging task
Skipping task ':react-native-vector-icons:mergeDebugAssets' as it is up-to-date.
work action resolve mergeDebugAssets (project :react-native-vector-icons) (Thread[Execution worker Thread 4,5,main]) started.
Resolve mutations for :app:mergeDebugAssets (Thread[Execution worker Thread 4,5,main]) started.
:app:mergeDebugAssets (Thread[Execution worker Thread 4,5,main]) started.

> Task :app:mergeDebugAssets UP-TO-DATE
file or directory '/Users/oem/Projects/KapraDaily/node_modules/react-native-onesignal/android/libs', not found
Caching disabled for task ':app:mergeDebugAssets' because:
  Build cache is disabled
  Simple merging task
Skipping task ':app:mergeDebugAssets' as it is up-to-date.
Resolve mutations for :app:compressDebugAssets (Thread[Execution worker Thread 4,5,main]) started.
:app:compressDebugAssets (Thread[Execution worker Thread 6,5,main]) started.

> Task :app:compressDebugAssets UP-TO-DATE
Caching disabled for task ':app:compressDebugAssets' because:
  Build cache is disabled
Skipping task ':app:compressDebugAssets' as it is up-to-date.
Resolve mutations for :lottie-react-native:bundleLibRuntimeToJarDebug (Thread[Execution worker Thread 6,5,main]) started.
:lottie-react-native:bundleLibRuntimeToJarDebug (Thread[Execution worker Thread 6,5,main]) started.

> Task :lottie-react-native:bundleLibRuntimeToJarDebug UP-TO-DATE
Caching disabled for task ':lottie-react-native:bundleLibRuntimeToJarDebug' because:
  Build cache is disabled
  Simple merging task
Skipping task ':lottie-react-native:bundleLibRuntimeToJarDebug' as it is up-to-date.
work action resolve classes.jar (project :lottie-react-native) (Thread[Execution worker Thread 6,5,main]) started.
Resolve mutations for :react-native-maps:bundleLibRuntimeToJarDebug (Thread[Execution worker Thread 4,5,main]) started.
IdentityTransform (Thread[Execution worker Thread 6,5,main]) started.
:react-native-maps:bundleLibRuntimeToJarDebug (Thread[Execution worker Thread 4,5,main]) started.
DexingNoClasspathTransform (Thread[Execution worker Thread 6,5,main]) started.

> Task :react-native-maps:bundleLibRuntimeToJarDebug UP-TO-DATE
Caching disabled for task ':react-native-maps:bundleLibRuntimeToJarDebug' because:
  Build cache is disabled
  Simple merging task
Skipping task ':react-native-maps:bundleLibRuntimeToJarDebug' as it is up-to-date.
work action resolve classes.jar (project :react-native-maps) (Thread[Execution worker Thread 4,5,main]) started.
IdentityTransform (Thread[Execution worker Thread 4,5,main]) started.
Resolve mutations for :react-native-permissions:bundleLibRuntimeToJarDebug (Thread[Execution worker Thread 3,5,main]) started.
DexingNoClasspathTransform (Thread[Execution worker Thread 4,5,main]) started.
:react-native-permissions:bundleLibRuntimeToJarDebug (Thread[Execution worker Thread 3,5,main]) started.

> Task :react-native-permissions:bundleLibRuntimeToJarDebug UP-TO-DATE
Caching disabled for task ':react-native-permissions:bundleLibRuntimeToJarDebug' because:
  Build cache is disabled
  Simple merging task
Skipping task ':react-native-permissions:bundleLibRuntimeToJarDebug' as it is up-to-date.
work action resolve classes.jar (project :react-native-permissions) (Thread[Execution worker Thread 3,5,main]) started.
IdentityTransform (Thread[Execution worker Thread 3,5,main]) started.
Resolve mutations for :react-native-safe-area-context:bundleLibRuntimeToJarDebug (Thread[included builds,5,main]) started.
DexingNoClasspathTransform (Thread[Execution worker Thread 3,5,main]) started.
:react-native-safe-area-context:bundleLibRuntimeToJarDebug (Thread[included builds,5,main]) started.

> Task :react-native-safe-area-context:bundleLibRuntimeToJarDebug UP-TO-DATE
Caching disabled for task ':react-native-safe-area-context:bundleLibRuntimeToJarDebug' because:
  Build cache is disabled
  Simple merging task
Skipping task ':react-native-safe-area-context:bundleLibRuntimeToJarDebug' as it is up-to-date.
work action resolve classes.jar (project :react-native-safe-area-context) (Thread[included builds,5,main]) started.
IdentityTransform (Thread[included builds,5,main]) started.
Resolve mutations for :react-native-screens:bundleLibRuntimeToJarDebug (Thread[Execution worker Thread 5,5,main]) started.
DexingNoClasspathTransform (Thread[included builds,5,main]) started.
:react-native-screens:bundleLibRuntimeToJarDebug (Thread[Execution worker Thread 5,5,main]) started.

> Task :react-native-screens:bundleLibRuntimeToJarDebug UP-TO-DATE
Caching disabled for task ':react-native-screens:bundleLibRuntimeToJarDebug' because:
  Build cache is disabled
  Simple merging task
Skipping task ':react-native-screens:bundleLibRuntimeToJarDebug' as it is up-to-date.
work action resolve classes.jar (project :react-native-screens) (Thread[Execution worker Thread 5,5,main]) started.
IdentityTransform (Thread[Execution worker Thread 5,5,main]) started.
Resolve mutations for :react-native-async-storage_async-storage:bundleLibRuntimeToJarDebug (Thread[Execution worker,5,main]) started.
DexingNoClasspathTransform (Thread[Execution worker Thread 5,5,main]) started.
:react-native-async-storage_async-storage:bundleLibRuntimeToJarDebug (Thread[Execution worker,5,main]) started.

> Transform classes.jar (project :react-native-permissions) with DexingNoClasspathTransform
Caching disabled for DexingNoClasspathTransform: /Users/oem/Projects/KapraDaily/node_modules/react-native-permissions/android/build/intermediates/runtime_library_classes_jar/debug/bundleLibRuntimeToJarDebug/classes.jar because:
  Build cache is disabled
Skipping DexingNoClasspathTransform: /Users/oem/Projects/KapraDaily/node_modules/react-native-permissions/android/build/intermediates/runtime_library_classes_jar/debug/bundleLibRuntimeToJarDebug/classes.jar as it is up-to-date.

> Transform classes.jar (project :react-native-safe-area-context) with DexingNoClasspathTransform
Caching disabled for DexingNoClasspathTransform: /Users/oem/Projects/KapraDaily/node_modules/react-native-safe-area-context/android/build/intermediates/runtime_library_classes_jar/debug/bundleLibRuntimeToJarDebug/classes.jar because:
  Build cache is disabled
Skipping DexingNoClasspathTransform: /Users/oem/Projects/KapraDaily/node_modules/react-native-safe-area-context/android/build/intermediates/runtime_library_classes_jar/debug/bundleLibRuntimeToJarDebug/classes.jar as it is up-to-date.

> Transform classes.jar (project :react-native-maps) with DexingNoClasspathTransform
Caching disabled for DexingNoClasspathTransform: /Users/oem/Projects/KapraDaily/node_modules/react-native-maps/android/build/intermediates/runtime_library_classes_jar/debug/bundleLibRuntimeToJarDebug/classes.jar because:
  Build cache is disabled
Skipping DexingNoClasspathTransform: /Users/oem/Projects/KapraDaily/node_modules/react-native-maps/android/build/intermediates/runtime_library_classes_jar/debug/bundleLibRuntimeToJarDebug/classes.jar as it is up-to-date.

> Transform classes.jar (project :lottie-react-native) with DexingNoClasspathTransform
Caching disabled for DexingNoClasspathTransform: /Users/oem/Projects/KapraDaily/node_modules/lottie-react-native/android/build/intermediates/runtime_library_classes_jar/debug/bundleLibRuntimeToJarDebug/classes.jar because:
  Build cache is disabled
Skipping DexingNoClasspathTransform: /Users/oem/Projects/KapraDaily/node_modules/lottie-react-native/android/build/intermediates/runtime_library_classes_jar/debug/bundleLibRuntimeToJarDebug/classes.jar as it is up-to-date.
DexingOutputSplitTransform (Thread[Execution worker Thread 3,5,main]) started.
DexingOutputSplitTransform (Thread[Execution worker Thread 6,5,main]) started.
DexingOutputSplitTransform (Thread[included builds,5,main]) started.
DexingOutputSplitTransform (Thread[Execution worker Thread 4,5,main]) started.

> Task :react-native-async-storage_async-storage:bundleLibRuntimeToJarDebug UP-TO-DATE
Caching disabled for task ':react-native-async-storage_async-storage:bundleLibRuntimeToJarDebug' because:
  Build cache is disabled
  Simple merging task
Skipping task ':react-native-async-storage_async-storage:bundleLibRuntimeToJarDebug' as it is up-to-date.
work action resolve classes.jar (project :react-native-async-storage_async-storage) (Thread[Execution worker,5,main]) started.
IdentityTransform (Thread[Execution worker,5,main]) started.
Resolve mutations for :react-native-community_blur:bundleLibRuntimeToJarDebug (Thread[Execution worker Thread 2,5,main]) started.
:react-native-community_blur:bundleLibRuntimeToJarDebug (Thread[Execution worker Thread 2,5,main]) started.
DexingNoClasspathTransform (Thread[Execution worker,5,main]) started.

> Task :react-native-community_blur:bundleLibRuntimeToJarDebug UP-TO-DATE
Caching disabled for task ':react-native-community_blur:bundleLibRuntimeToJarDebug' because:
  Build cache is disabled
  Simple merging task
Skipping task ':react-native-community_blur:bundleLibRuntimeToJarDebug' as it is up-to-date.
work action resolve classes.jar (project :react-native-community_blur) (Thread[Execution worker Thread 2,5,main]) started.
IdentityTransform (Thread[Execution worker Thread 2,5,main]) started.
Resolve mutations for :react-native-community_geolocation:bundleLibRuntimeToJarDebug (Thread[Execution worker Thread 4,5,main]) started.
:react-native-community_geolocation:bundleLibRuntimeToJarDebug (Thread[Execution worker Thread 4,5,main]) started.
DexingNoClasspathTransform (Thread[Execution worker Thread 2,5,main]) started.

> Task :react-native-community_geolocation:bundleLibRuntimeToJarDebug UP-TO-DATE
Caching disabled for task ':react-native-community_geolocation:bundleLibRuntimeToJarDebug' because:
  Build cache is disabled
  Simple merging task
Skipping task ':react-native-community_geolocation:bundleLibRuntimeToJarDebug' as it is up-to-date.
work action resolve classes.jar (project :react-native-community_geolocation) (Thread[Execution worker Thread 6,5,main]) started.
IdentityTransform (Thread[Execution worker Thread 6,5,main]) started.
Resolve mutations for :react-native-device-info:bundleLibRuntimeToJarDebug (Thread[Execution worker Thread 4,5,main]) started.

> Transform classes.jar (project :react-native-async-storage_async-storage) with DexingNoClasspathTransform
Caching disabled for DexingNoClasspathTransform: /Users/oem/Projects/KapraDaily/node_modules/@react-native-async-storage/async-storage/android/build/intermediates/runtime_library_classes_jar/debug/bundleLibRuntimeToJarDebug/classes.jar because:
  Build cache is disabled
Skipping DexingNoClasspathTransform: /Users/oem/Projects/KapraDaily/node_modules/@react-native-async-storage/async-storage/android/build/intermediates/runtime_library_classes_jar/debug/bundleLibRuntimeToJarDebug/classes.jar as it is up-to-date.
DexingOutputSplitTransform (Thread[Execution worker,5,main]) started.
DexingNoClasspathTransform (Thread[Execution worker Thread 6,5,main]) started.

> Transform classes.jar (project :react-native-screens) with DexingNoClasspathTransform
Caching disabled for DexingNoClasspathTransform: /Users/oem/Projects/KapraDaily/node_modules/react-native-screens/android/build/intermediates/runtime_library_classes_jar/debug/bundleLibRuntimeToJarDebug/classes.jar because:
  Build cache is disabled
Skipping DexingNoClasspathTransform: /Users/oem/Projects/KapraDaily/node_modules/react-native-screens/android/build/intermediates/runtime_library_classes_jar/debug/bundleLibRuntimeToJarDebug/classes.jar as it is up-to-date.
DexingOutputSplitTransform (Thread[Execution worker Thread 5,5,main]) started.

> Transform classes.jar (project :react-native-community_blur) with DexingNoClasspathTransform
Caching disabled for DexingNoClasspathTransform: /Users/oem/Projects/KapraDaily/node_modules/@react-native-community/blur/android/build/intermediates/runtime_library_classes_jar/debug/bundleLibRuntimeToJarDebug/classes.jar because:
  Build cache is disabled
Skipping DexingNoClasspathTransform: /Users/oem/Projects/KapraDaily/node_modules/@react-native-community/blur/android/build/intermediates/runtime_library_classes_jar/debug/bundleLibRuntimeToJarDebug/classes.jar as it is up-to-date.
DexingOutputSplitTransform (Thread[Execution worker Thread 2,5,main]) started.
:react-native-device-info:bundleLibRuntimeToJarDebug (Thread[Execution worker Thread 4,5,main]) started.

> Task :react-native-device-info:bundleLibRuntimeToJarDebug UP-TO-DATE
Caching disabled for task ':react-native-device-info:bundleLibRuntimeToJarDebug' because:
  Build cache is disabled
  Simple merging task
Skipping task ':react-native-device-info:bundleLibRuntimeToJarDebug' as it is up-to-date.
work action resolve classes.jar (project :react-native-device-info) (Thread[Execution worker Thread 4,5,main]) started.
IdentityTransform (Thread[Execution worker Thread 4,5,main]) started.
Resolve mutations for :react-native-fast-image:bundleLibRuntimeToJarDebug (Thread[included builds,5,main]) started.
DexingNoClasspathTransform (Thread[Execution worker Thread 4,5,main]) started.
:react-native-fast-image:bundleLibRuntimeToJarDebug (Thread[included builds,5,main]) started.

> Task :react-native-fast-image:bundleLibRuntimeToJarDebug UP-TO-DATE
Caching disabled for task ':react-native-fast-image:bundleLibRuntimeToJarDebug' because:
  Build cache is disabled
  Simple merging task
Skipping task ':react-native-fast-image:bundleLibRuntimeToJarDebug' as it is up-to-date.
work action resolve classes.jar (project :react-native-fast-image) (Thread[included builds,5,main]) started.
IdentityTransform (Thread[included builds,5,main]) started.
Resolve mutations for :react-native-linear-gradient:bundleLibRuntimeToJarDebug (Thread[Execution worker Thread 5,5,main]) started.
DexingNoClasspathTransform (Thread[included builds,5,main]) started.
:react-native-linear-gradient:bundleLibRuntimeToJarDebug (Thread[Execution worker Thread 5,5,main]) started.

> Transform classes.jar (project :react-native-community_geolocation) with DexingNoClasspathTransform
Caching disabled for DexingNoClasspathTransform: /Users/oem/Projects/KapraDaily/node_modules/@react-native-community/geolocation/android/build/intermediates/runtime_library_classes_jar/debug/bundleLibRuntimeToJarDebug/classes.jar because:
  Build cache is disabled
Skipping DexingNoClasspathTransform: /Users/oem/Projects/KapraDaily/node_modules/@react-native-community/geolocation/android/build/intermediates/runtime_library_classes_jar/debug/bundleLibRuntimeToJarDebug/classes.jar as it is up-to-date.
DexingOutputSplitTransform (Thread[Execution worker Thread 6,5,main]) started.

> Task :react-native-linear-gradient:bundleLibRuntimeToJarDebug UP-TO-DATE
Caching disabled for task ':react-native-linear-gradient:bundleLibRuntimeToJarDebug' because:
  Build cache is disabled
  Simple merging task
Skipping task ':react-native-linear-gradient:bundleLibRuntimeToJarDebug' as it is up-to-date.
work action resolve classes.jar (project :react-native-linear-gradient) (Thread[Execution worker Thread 5,5,main]) started.
IdentityTransform (Thread[Execution worker Thread 5,5,main]) started.
Resolve mutations for :react-native-onesignal:bundleLibRuntimeToJarDebug (Thread[Execution worker Thread 6,5,main]) started.
:react-native-onesignal:bundleLibRuntimeToJarDebug (Thread[Execution worker Thread 6,5,main]) started.
DexingNoClasspathTransform (Thread[Execution worker Thread 5,5,main]) started.

> Task :react-native-onesignal:bundleLibRuntimeToJarDebug UP-TO-DATE
Caching disabled for task ':react-native-onesignal:bundleLibRuntimeToJarDebug' because:
  Build cache is disabled
  Simple merging task
Skipping task ':react-native-onesignal:bundleLibRuntimeToJarDebug' as it is up-to-date.
work action resolve classes.jar (project :react-native-onesignal) (Thread[Execution worker Thread 6,5,main]) started.
IdentityTransform (Thread[Execution worker Thread 6,5,main]) started.
Resolve mutations for :react-native-otp-verify:bundleLibRuntimeToJarDebug (Thread[Execution worker Thread 3,5,main]) started.
DexingNoClasspathTransform (Thread[Execution worker Thread 6,5,main]) started.
:react-native-otp-verify:bundleLibRuntimeToJarDebug (Thread[Execution worker Thread 3,5,main]) started.

> Task :react-native-otp-verify:bundleLibRuntimeToJarDebug UP-TO-DATE
Caching disabled for task ':react-native-otp-verify:bundleLibRuntimeToJarDebug' because:
  Build cache is disabled
  Simple merging task
Skipping task ':react-native-otp-verify:bundleLibRuntimeToJarDebug' as it is up-to-date.
work action resolve classes.jar (project :react-native-otp-verify) (Thread[Execution worker Thread 3,5,main]) started.
IdentityTransform (Thread[Execution worker Thread 3,5,main]) started.
Resolve mutations for :react-native-razorpay:bundleLibRuntimeToJarDebug (Thread[Execution worker,5,main]) started.
:react-native-razorpay:bundleLibRuntimeToJarDebug (Thread[Execution worker,5,main]) started.
DexingNoClasspathTransform (Thread[Execution worker Thread 3,5,main]) started.

> Task :react-native-razorpay:bundleLibRuntimeToJarDebug UP-TO-DATE
Caching disabled for task ':react-native-razorpay:bundleLibRuntimeToJarDebug' because:
  Build cache is disabled
  Simple merging task
Skipping task ':react-native-razorpay:bundleLibRuntimeToJarDebug' as it is up-to-date.
work action resolve classes.jar (project :react-native-razorpay) (Thread[Execution worker,5,main]) started.
IdentityTransform (Thread[Execution worker,5,main]) started.
Resolve mutations for :react-native-svg:bundleLibRuntimeToJarDebug (Thread[Execution worker Thread 7,5,main]) started.
DexingNoClasspathTransform (Thread[Execution worker,5,main]) started.
:react-native-svg:bundleLibRuntimeToJarDebug (Thread[Execution worker Thread 7,5,main]) started.

> Task :react-native-svg:bundleLibRuntimeToJarDebug UP-TO-DATE
Caching disabled for task ':react-native-svg:bundleLibRuntimeToJarDebug' because:
  Build cache is disabled
  Simple merging task
Skipping task ':react-native-svg:bundleLibRuntimeToJarDebug' as it is up-to-date.
work action resolve classes.jar (project :react-native-svg) (Thread[Execution worker Thread 7,5,main]) started.
IdentityTransform (Thread[Execution worker Thread 7,5,main]) started.
DexingNoClasspathTransform (Thread[Execution worker Thread 7,5,main]) started.

> Transform classes.jar (project :react-native-fast-image) with DexingNoClasspathTransform
Caching disabled for DexingNoClasspathTransform: /Users/oem/Projects/KapraDaily/node_modules/react-native-fast-image/android/build/intermediates/runtime_library_classes_jar/debug/bundleLibRuntimeToJarDebug/classes.jar because:
  Build cache is disabled
Skipping DexingNoClasspathTransform: /Users/oem/Projects/KapraDaily/node_modules/react-native-fast-image/android/build/intermediates/runtime_library_classes_jar/debug/bundleLibRuntimeToJarDebug/classes.jar as it is up-to-date.
Resolve mutations for :react-native-vector-icons:bundleLibRuntimeToJarDebug (Thread[Execution worker Thread 2,5,main]) started.
DexingOutputSplitTransform (Thread[included builds,5,main]) started.

> Transform classes.jar (project :react-native-device-info) with DexingNoClasspathTransform
Caching disabled for DexingNoClasspathTransform: /Users/oem/Projects/KapraDaily/node_modules/react-native-device-info/android/build/intermediates/runtime_library_classes_jar/debug/bundleLibRuntimeToJarDebug/classes.jar because:
  Build cache is disabled
Skipping DexingNoClasspathTransform: /Users/oem/Projects/KapraDaily/node_modules/react-native-device-info/android/build/intermediates/runtime_library_classes_jar/debug/bundleLibRuntimeToJarDebug/classes.jar as it is up-to-date.
:react-native-vector-icons:bundleLibRuntimeToJarDebug (Thread[Execution worker Thread 2,5,main]) started.
DexingOutputSplitTransform (Thread[Execution worker Thread 4,5,main]) started.

> Task :react-native-vector-icons:bundleLibRuntimeToJarDebug UP-TO-DATE
Caching disabled for task ':react-native-vector-icons:bundleLibRuntimeToJarDebug' because:
  Build cache is disabled
  Simple merging task
Skipping task ':react-native-vector-icons:bundleLibRuntimeToJarDebug' as it is up-to-date.
work action resolve classes.jar (project :react-native-vector-icons) (Thread[Execution worker Thread 2,5,main]) started.
IdentityTransform (Thread[Execution worker Thread 2,5,main]) started.
Resolve mutations for :app:desugarDebugFileDependencies (Thread[Execution worker Thread 4,5,main]) started.

> Transform classes.jar (project :react-native-linear-gradient) with DexingNoClasspathTransform
Caching disabled for DexingNoClasspathTransform: /Users/oem/Projects/KapraDaily/node_modules/react-native-linear-gradient/android/build/intermediates/runtime_library_classes_jar/debug/bundleLibRuntimeToJarDebug/classes.jar because:
  Build cache is disabled
Skipping DexingNoClasspathTransform: /Users/oem/Projects/KapraDaily/node_modules/react-native-linear-gradient/android/build/intermediates/runtime_library_classes_jar/debug/bundleLibRuntimeToJarDebug/classes.jar as it is up-to-date.
DexingOutputSplitTransform (Thread[Execution worker Thread 5,5,main]) started.
DexingNoClasspathTransform (Thread[Execution worker Thread 2,5,main]) started.

> Transform classes.jar (project :react-native-onesignal) with DexingNoClasspathTransform
Caching disabled for DexingNoClasspathTransform: /Users/oem/Projects/KapraDaily/node_modules/react-native-onesignal/android/build/intermediates/runtime_library_classes_jar/debug/bundleLibRuntimeToJarDebug/classes.jar because:
  Build cache is disabled
Skipping DexingNoClasspathTransform: /Users/oem/Projects/KapraDaily/node_modules/react-native-onesignal/android/build/intermediates/runtime_library_classes_jar/debug/bundleLibRuntimeToJarDebug/classes.jar as it is up-to-date.
DexingOutputSplitTransform (Thread[Execution worker Thread 6,5,main]) started.
:app:desugarDebugFileDependencies (Thread[Execution worker Thread 4,5,main]) started.

> Transform classes.jar (project :react-native-otp-verify) with DexingNoClasspathTransform
Caching disabled for DexingNoClasspathTransform: /Users/oem/Projects/KapraDaily/node_modules/react-native-otp-verify/android/build/intermediates/runtime_library_classes_jar/debug/bundleLibRuntimeToJarDebug/classes.jar because:
  Build cache is disabled
Skipping DexingNoClasspathTransform: /Users/oem/Projects/KapraDaily/node_modules/react-native-otp-verify/android/build/intermediates/runtime_library_classes_jar/debug/bundleLibRuntimeToJarDebug/classes.jar as it is up-to-date.
DexingOutputSplitTransform (Thread[Execution worker Thread 3,5,main]) started.

> Transform classes.jar (project :react-native-svg) with DexingNoClasspathTransform
Caching disabled for DexingNoClasspathTransform: /Users/oem/Projects/KapraDaily/node_modules/react-native-svg/android/build/intermediates/runtime_library_classes_jar/debug/bundleLibRuntimeToJarDebug/classes.jar because:
  Build cache is disabled
Skipping DexingNoClasspathTransform: /Users/oem/Projects/KapraDaily/node_modules/react-native-svg/android/build/intermediates/runtime_library_classes_jar/debug/bundleLibRuntimeToJarDebug/classes.jar as it is up-to-date.
DexingOutputSplitTransform (Thread[Execution worker Thread 7,5,main]) started.

> Transform classes.jar (project :react-native-razorpay) with DexingNoClasspathTransform
Caching disabled for DexingNoClasspathTransform: /Users/oem/Projects/KapraDaily/node_modules/react-native-razorpay/android/build/intermediates/runtime_library_classes_jar/debug/bundleLibRuntimeToJarDebug/classes.jar because:
  Build cache is disabled
Skipping DexingNoClasspathTransform: /Users/oem/Projects/KapraDaily/node_modules/react-native-razorpay/android/build/intermediates/runtime_library_classes_jar/debug/bundleLibRuntimeToJarDebug/classes.jar as it is up-to-date.

> Transform classes.jar (project :react-native-vector-icons) with DexingNoClasspathTransform
Caching disabled for DexingNoClasspathTransform: /Users/oem/Projects/KapraDaily/node_modules/react-native-vector-icons/android/build/intermediates/runtime_library_classes_jar/debug/bundleLibRuntimeToJarDebug/classes.jar because:
  Build cache is disabled
Skipping DexingNoClasspathTransform: /Users/oem/Projects/KapraDaily/node_modules/react-native-vector-icons/android/build/intermediates/runtime_library_classes_jar/debug/bundleLibRuntimeToJarDebug/classes.jar as it is up-to-date.
DexingOutputSplitTransform (Thread[Execution worker Thread 2,5,main]) started.
DexingOutputSplitTransform (Thread[Execution worker,5,main]) started.

> Task :app:desugarDebugFileDependencies UP-TO-DATE
file or directory '/Users/oem/Projects/KapraDaily/node_modules/react-native-onesignal/android/libs', not found
Caching disabled for task ':app:desugarDebugFileDependencies' because:
  Build cache is disabled
Skipping task ':app:desugarDebugFileDependencies' as it is up-to-date.
Resolve mutations for :app:dexBuilderDebug (Thread[Execution worker Thread 4,5,main]) started.
:app:dexBuilderDebug (Thread[Execution worker Thread 4,5,main]) started.

> Task :app:dexBuilderDebug
Caching disabled for task ':app:dexBuilderDebug' because:
  Build cache is disabled
Task ':app:dexBuilderDebug' is not up-to-date because:
  Output property 'externalLibsFromArtifactTransformsOutputs.dex' file /Users/oem/Projects/KapraDaily/android/app/build/intermediates/external_libs_dex_archive_with_artifact_transforms/debug/dexBuilderDebug/out has been removed.
  Output property 'externalLibsFromArtifactTransformsOutputs.globalSynthetics' file /Users/oem/Projects/KapraDaily/android/app/build/intermediates/global_synthetics_external_libs_artifact_transform/debug/dexBuilderDebug/out has been removed.
  Output property 'externalLibsOutputs.dex' file /Users/oem/Projects/KapraDaily/android/app/build/intermediates/external_libs_dex_archive/debug/dexBuilderDebug/out has been removed.
  and more...
The input changes require a full rebuild for incremental task ':app:dexBuilderDebug'.
Dex builder is incremental : false 
Processing input /Users/oem/Projects/KapraDaily/android/app/build/tmp/kotlin-classes/debug
Processing input /Users/oem/Projects/KapraDaily/android/app/build/intermediates/javac/debug/compileDebugJavaWithJavac/classes
Dexing /Users/oem/Projects/KapraDaily/android/app/build/tmp/kotlin-classes/debug
Dexing /Users/oem/Projects/KapraDaily/android/app/build/intermediates/javac/debug/compileDebugJavaWithJavac/classes
Processing input /Users/oem/Projects/KapraDaily/android/app/build/intermediates/compile_and_runtime_not_namespaced_r_class_jar/debug/processDebugResources/R.jar
Dexing /Users/oem/Projects/KapraDaily/android/app/build/intermediates/compile_and_runtime_not_namespaced_r_class_jar/debug/processDebugResources/R.jar
Dexing '/Users/oem/Projects/KapraDaily/android/app/build/tmp/kotlin-classes/debug' to '/Users/oem/Projects/KapraDaily/android/app/build/intermediates/project_dex_archive/debug/dexBuilderDebug/out'
Dexing '/Users/oem/Projects/KapraDaily/android/app/build/intermediates/javac/debug/compileDebugJavaWithJavac/classes' to '/Users/oem/Projects/KapraDaily/android/app/build/intermediates/project_dex_archive/debug/dexBuilderDebug/out'
Dexing '/Users/oem/Projects/KapraDaily/android/app/build/tmp/kotlin-classes/debug' to '/Users/oem/Projects/KapraDaily/android/app/build/intermediates/project_dex_archive/debug/dexBuilderDebug/out'
Dexing '/Users/oem/Projects/KapraDaily/android/app/build/intermediates/javac/debug/compileDebugJavaWithJavac/classes' to '/Users/oem/Projects/KapraDaily/android/app/build/intermediates/project_dex_archive/debug/dexBuilderDebug/out'
Dexing '/Users/oem/Projects/KapraDaily/android/app/build/tmp/kotlin-classes/debug' to '/Users/oem/Projects/KapraDaily/android/app/build/intermediates/project_dex_archive/debug/dexBuilderDebug/out'
Dexing '/Users/oem/Projects/KapraDaily/android/app/build/tmp/kotlin-classes/debug' to '/Users/oem/Projects/KapraDaily/android/app/build/intermediates/project_dex_archive/debug/dexBuilderDebug/out'
Dexing '/Users/oem/Projects/KapraDaily/android/app/build/intermediates/javac/debug/compileDebugJavaWithJavac/classes' to '/Users/oem/Projects/KapraDaily/android/app/build/intermediates/project_dex_archive/debug/dexBuilderDebug/out'
Dexing '/Users/oem/Projects/KapraDaily/android/app/build/intermediates/javac/debug/compileDebugJavaWithJavac/classes' to '/Users/oem/Projects/KapraDaily/android/app/build/intermediates/project_dex_archive/debug/dexBuilderDebug/out'
Dexing '/Users/oem/Projects/KapraDaily/android/app/build/intermediates/compile_and_runtime_not_namespaced_r_class_jar/debug/processDebugResources/R.jar' to '/Users/oem/Projects/KapraDaily/android/app/build/intermediates/project_dex_archive/debug/dexBuilderDebug/out/db92e019cb30872e513b0757450c1b6061054e6b808051b491dea9ce7f05134e_0.jar'
Dexing '/Users/oem/Projects/KapraDaily/android/app/build/intermediates/compile_and_runtime_not_namespaced_r_class_jar/debug/processDebugResources/R.jar' to '/Users/oem/Projects/KapraDaily/android/app/build/intermediates/project_dex_archive/debug/dexBuilderDebug/out/db92e019cb30872e513b0757450c1b6061054e6b808051b491dea9ce7f05134e_2.jar'
Dexing '/Users/oem/Projects/KapraDaily/android/app/build/intermediates/compile_and_runtime_not_namespaced_r_class_jar/debug/processDebugResources/R.jar' to '/Users/oem/Projects/KapraDaily/android/app/build/intermediates/project_dex_archive/debug/dexBuilderDebug/out/db92e019cb30872e513b0757450c1b6061054e6b808051b491dea9ce7f05134e_1.jar'
Dexing '/Users/oem/Projects/KapraDaily/android/app/build/intermediates/compile_and_runtime_not_namespaced_r_class_jar/debug/processDebugResources/R.jar' to '/Users/oem/Projects/KapraDaily/android/app/build/intermediates/project_dex_archive/debug/dexBuilderDebug/out/db92e019cb30872e513b0757450c1b6061054e6b808051b491dea9ce7f05134e_3.jar'
Done with all dex archive conversions
Resolve mutations for :app:mergeDebugGlobalSynthetics (Thread[Execution worker Thread 4,5,main]) started.
:app:mergeDebugGlobalSynthetics (Thread[Execution worker Thread 4,5,main]) started.
Resolve mutations for :app:processDebugJavaRes (Thread[Execution worker Thread 5,5,main]) started.
:app:processDebugJavaRes (Thread[Execution worker Thread 5,5,main]) started.

> Task :app:processDebugJavaRes
file or directory '/Users/oem/Projects/KapraDaily/android/app/src/main/resources', not found
file or directory '/Users/oem/Projects/KapraDaily/android/app/src/debug/resources', not found
file or directory '/Users/oem/Projects/KapraDaily/android/app/src/main/resources', not found
file or directory '/Users/oem/Projects/KapraDaily/android/app/src/debug/resources', not found
Caching disabled for task ':app:processDebugJavaRes' because:
  Build cache is disabled
  Caching has been disabled for the task
Task ':app:processDebugJavaRes' is not up-to-date because:
  Output property 'destinationDir' file /Users/oem/Projects/KapraDaily/android/app/build/intermediates/java_res/debug/processDebugJavaRes/out has been removed.
  Output property 'destinationDir' file /Users/oem/Projects/KapraDaily/android/app/build/intermediates/java_res/debug/processDebugJavaRes/out/com has been removed.
  Output property 'destinationDir' file /Users/oem/Projects/KapraDaily/android/app/build/intermediates/java_res/debug/processDebugJavaRes/out/com/kapradaily has been removed.
  and more...
file or directory '/Users/oem/Projects/KapraDaily/android/app/src/main/resources', not found
file or directory '/Users/oem/Projects/KapraDaily/android/app/src/debug/resources', not found
file or directory '/Users/oem/Projects/KapraDaily/android/app/src/main/resources', not found
file or directory '/Users/oem/Projects/KapraDaily/android/app/src/debug/resources', not found
Resolve mutations for :lottie-react-native:processDebugJavaRes (Thread[Execution worker Thread 5,5,main]) started.
:lottie-react-native:processDebugJavaRes (Thread[Execution worker Thread 5,5,main]) started.

> Task :lottie-react-native:processDebugJavaRes UP-TO-DATE
file or directory '/Users/oem/Projects/KapraDaily/node_modules/lottie-react-native/android/src/main/resources', not found
file or directory '/Users/oem/Projects/KapraDaily/node_modules/lottie-react-native/android/src/debug/resources', not found
file or directory '/Users/oem/Projects/KapraDaily/node_modules/lottie-react-native/android/src/main/resources', not found
file or directory '/Users/oem/Projects/KapraDaily/node_modules/lottie-react-native/android/src/debug/resources', not found
Caching disabled for task ':lottie-react-native:processDebugJavaRes' because:
  Build cache is disabled
  Caching has been disabled for the task
Skipping task ':lottie-react-native:processDebugJavaRes' as it is up-to-date.
work action resolve out (project :lottie-react-native) (Thread[Execution worker Thread 5,5,main]) started.
Resolve mutations for :react-native-async-storage_async-storage:processDebugJavaRes (Thread[Execution worker Thread 5,5,main]) started.
:react-native-async-storage_async-storage:processDebugJavaRes (Thread[Execution worker Thread 5,5,main]) started.

> Task :react-native-async-storage_async-storage:processDebugJavaRes NO-SOURCE
file or directory '/Users/oem/Projects/KapraDaily/node_modules/@react-native-async-storage/async-storage/android/src/main/resources', not found
file or directory '/Users/oem/Projects/KapraDaily/node_modules/@react-native-async-storage/async-storage/android/src/debug/resources', not found
Skipping task ':react-native-async-storage_async-storage:processDebugJavaRes' as it has no source files and no previous output files.
work action resolve out (project :react-native-async-storage_async-storage) (Thread[Execution worker Thread 5,5,main]) started.
Resolve mutations for :react-native-community_blur:processDebugJavaRes (Thread[Execution worker Thread 5,5,main]) started.
:react-native-community_blur:processDebugJavaRes (Thread[Execution worker Thread 5,5,main]) started.

> Task :react-native-community_blur:processDebugJavaRes NO-SOURCE
file or directory '/Users/oem/Projects/KapraDaily/node_modules/@react-native-community/blur/android/src/main/resources', not found
file or directory '/Users/oem/Projects/KapraDaily/node_modules/@react-native-community/blur/android/src/debug/resources', not found
Skipping task ':react-native-community_blur:processDebugJavaRes' as it has no source files and no previous output files.
work action resolve out (project :react-native-community_blur) (Thread[Execution worker Thread 5,5,main]) started.
Resolve mutations for :react-native-community_geolocation:processDebugJavaRes (Thread[Execution worker Thread 5,5,main]) started.
:react-native-community_geolocation:processDebugJavaRes (Thread[Execution worker Thread 5,5,main]) started.

> Task :react-native-community_geolocation:processDebugJavaRes NO-SOURCE
file or directory '/Users/oem/Projects/KapraDaily/node_modules/@react-native-community/geolocation/android/src/main/resources', not found
file or directory '/Users/oem/Projects/KapraDaily/node_modules/@react-native-community/geolocation/android/src/debug/resources', not found
Skipping task ':react-native-community_geolocation:processDebugJavaRes' as it has no source files and no previous output files.
work action resolve out (project :react-native-community_geolocation) (Thread[Execution worker Thread 5,5,main]) started.
Resolve mutations for :react-native-device-info:processDebugJavaRes (Thread[Execution worker Thread 5,5,main]) started.
:react-native-device-info:processDebugJavaRes (Thread[Execution worker Thread 5,5,main]) started.

> Task :react-native-device-info:processDebugJavaRes NO-SOURCE
file or directory '/Users/oem/Projects/KapraDaily/node_modules/react-native-device-info/android/src/main/resources', not found
file or directory '/Users/oem/Projects/KapraDaily/node_modules/react-native-device-info/android/src/debug/resources', not found
Skipping task ':react-native-device-info:processDebugJavaRes' as it has no source files and no previous output files.
work action resolve out (project :react-native-device-info) (Thread[Execution worker Thread 5,5,main]) started.
Resolve mutations for :react-native-fast-image:processDebugJavaRes (Thread[Execution worker Thread 5,5,main]) started.
:react-native-fast-image:processDebugJavaRes (Thread[Execution worker Thread 5,5,main]) started.

> Task :react-native-fast-image:processDebugJavaRes UP-TO-DATE
file or directory '/Users/oem/Projects/KapraDaily/node_modules/react-native-fast-image/android/src/main/resources', not found
file or directory '/Users/oem/Projects/KapraDaily/node_modules/react-native-fast-image/android/src/debug/resources', not found
file or directory '/Users/oem/Projects/KapraDaily/node_modules/react-native-fast-image/android/src/main/resources', not found
file or directory '/Users/oem/Projects/KapraDaily/node_modules/react-native-fast-image/android/src/debug/resources', not found
Caching disabled for task ':react-native-fast-image:processDebugJavaRes' because:
  Build cache is disabled
  Caching has been disabled for the task
Skipping task ':react-native-fast-image:processDebugJavaRes' as it is up-to-date.
work action resolve out (project :react-native-fast-image) (Thread[Execution worker Thread 5,5,main]) started.
Resolve mutations for :react-native-linear-gradient:processDebugJavaRes (Thread[Execution worker Thread 5,5,main]) started.
:react-native-linear-gradient:processDebugJavaRes (Thread[Execution worker Thread 5,5,main]) started.

> Task :react-native-linear-gradient:processDebugJavaRes NO-SOURCE
file or directory '/Users/oem/Projects/KapraDaily/node_modules/react-native-linear-gradient/android/src/main/resources', not found
file or directory '/Users/oem/Projects/KapraDaily/node_modules/react-native-linear-gradient/android/src/debug/resources', not found
Skipping task ':react-native-linear-gradient:processDebugJavaRes' as it has no source files and no previous output files.
work action resolve out (project :react-native-linear-gradient) (Thread[Execution worker Thread 5,5,main]) started.
Resolve mutations for :react-native-maps:processDebugJavaRes (Thread[Execution worker Thread 5,5,main]) started.
:react-native-maps:processDebugJavaRes (Thread[Execution worker Thread 5,5,main]) started.

> Task :app:mergeDebugGlobalSynthetics
file or directory '/Users/oem/Projects/KapraDaily/node_modules/react-native-onesignal/android/libs', not found
file or directory '/Users/oem/Projects/KapraDaily/node_modules/react-native-onesignal/android/libs', not found
Caching disabled for task ':app:mergeDebugGlobalSynthetics' because:
  Build cache is disabled
Task ':app:mergeDebugGlobalSynthetics' is not up-to-date because:
  Output property 'globalSyntheticsOutput' file /Users/oem/Projects/KapraDaily/android/app/build/intermediates/global_synthetics_dex/debug/mergeDebugGlobalSynthetics has been removed.

> Task :react-native-maps:processDebugJavaRes NO-SOURCE
file or directory '/Users/oem/Projects/KapraDaily/node_modules/react-native-maps/android/src/main/resources', not found
file or directory '/Users/oem/Projects/KapraDaily/node_modules/react-native-maps/android/src/debug/resources', not found
Skipping task ':react-native-maps:processDebugJavaRes' as it has no source files and no previous output files.
work action resolve out (project :react-native-maps) (Thread[Execution worker Thread 5,5,main]) started.
Resolve mutations for :react-native-onesignal:processDebugJavaRes (Thread[Execution worker Thread 5,5,main]) started.
:react-native-onesignal:processDebugJavaRes (Thread[Execution worker Thread 5,5,main]) started.

> Task :react-native-onesignal:processDebugJavaRes NO-SOURCE
file or directory '/Users/oem/Projects/KapraDaily/node_modules/react-native-onesignal/android/src/main/resources', not found
file or directory '/Users/oem/Projects/KapraDaily/node_modules/react-native-onesignal/android/src/debug/resources', not found
Skipping task ':react-native-onesignal:processDebugJavaRes' as it has no source files and no previous output files.
work action resolve out (project :react-native-onesignal) (Thread[Execution worker Thread 5,5,main]) started.
Resolve mutations for :react-native-otp-verify:processDebugJavaRes (Thread[Execution worker Thread 5,5,main]) started.
:react-native-otp-verify:processDebugJavaRes (Thread[Execution worker Thread 5,5,main]) started.

> Task :react-native-otp-verify:processDebugJavaRes NO-SOURCE
file or directory '/Users/oem/Projects/KapraDaily/node_modules/react-native-otp-verify/android/src/main/resources', not found
file or directory '/Users/oem/Projects/KapraDaily/node_modules/react-native-otp-verify/android/src/debug/resources', not found
Skipping task ':react-native-otp-verify:processDebugJavaRes' as it has no source files and no previous output files.
work action resolve out (project :react-native-otp-verify) (Thread[Execution worker Thread 5,5,main]) started.
Resolve mutations for :react-native-permissions:processDebugJavaRes (Thread[Execution worker Thread 5,5,main]) started.
:react-native-permissions:processDebugJavaRes (Thread[Execution worker Thread 5,5,main]) started.

> Task :react-native-permissions:processDebugJavaRes UP-TO-DATE
file or directory '/Users/oem/Projects/KapraDaily/node_modules/react-native-permissions/android/src/main/resources', not found
file or directory '/Users/oem/Projects/KapraDaily/node_modules/react-native-permissions/android/src/debug/resources', not found
file or directory '/Users/oem/Projects/KapraDaily/node_modules/react-native-permissions/android/src/main/resources', not found
file or directory '/Users/oem/Projects/KapraDaily/node_modules/react-native-permissions/android/src/debug/resources', not found
Caching disabled for task ':react-native-permissions:processDebugJavaRes' because:
  Build cache is disabled
  Caching has been disabled for the task
Skipping task ':react-native-permissions:processDebugJavaRes' as it is up-to-date.
work action resolve out (project :react-native-permissions) (Thread[Execution worker Thread 5,5,main]) started.
Resolve mutations for :react-native-razorpay:processDebugJavaRes (Thread[Execution worker Thread 5,5,main]) started.
:react-native-razorpay:processDebugJavaRes (Thread[included builds,5,main]) started.

> Task :react-native-razorpay:processDebugJavaRes NO-SOURCE
file or directory '/Users/oem/Projects/KapraDaily/node_modules/react-native-razorpay/android/src/main/resources', not found
file or directory '/Users/oem/Projects/KapraDaily/node_modules/react-native-razorpay/android/src/debug/resources', not found
Skipping task ':react-native-razorpay:processDebugJavaRes' as it has no source files and no previous output files.
work action resolve out (project :react-native-razorpay) (Thread[included builds,5,main]) started.
Resolve mutations for :react-native-safe-area-context:processDebugJavaRes (Thread[included builds,5,main]) started.
:react-native-safe-area-context:processDebugJavaRes (Thread[included builds,5,main]) started.

> Task :react-native-safe-area-context:processDebugJavaRes UP-TO-DATE
file or directory '/Users/oem/Projects/KapraDaily/node_modules/react-native-safe-area-context/android/src/main/resources', not found
file or directory '/Users/oem/Projects/KapraDaily/node_modules/react-native-safe-area-context/android/src/debug/resources', not found
file or directory '/Users/oem/Projects/KapraDaily/node_modules/react-native-safe-area-context/android/src/main/resources', not found
file or directory '/Users/oem/Projects/KapraDaily/node_modules/react-native-safe-area-context/android/src/debug/resources', not found
Caching disabled for task ':react-native-safe-area-context:processDebugJavaRes' because:
  Build cache is disabled
  Caching has been disabled for the task
Skipping task ':react-native-safe-area-context:processDebugJavaRes' as it is up-to-date.
work action resolve out (project :react-native-safe-area-context) (Thread[included builds,5,main]) started.
Resolve mutations for :react-native-screens:processDebugJavaRes (Thread[included builds,5,main]) started.
:react-native-screens:processDebugJavaRes (Thread[included builds,5,main]) started.

> Task :react-native-screens:processDebugJavaRes UP-TO-DATE
file or directory '/Users/oem/Projects/KapraDaily/node_modules/react-native-screens/android/src/main/resources', not found
file or directory '/Users/oem/Projects/KapraDaily/node_modules/react-native-screens/android/src/debug/resources', not found
file or directory '/Users/oem/Projects/KapraDaily/node_modules/react-native-screens/android/src/main/resources', not found
file or directory '/Users/oem/Projects/KapraDaily/node_modules/react-native-screens/android/src/debug/resources', not found
Caching disabled for task ':react-native-screens:processDebugJavaRes' because:
  Build cache is disabled
  Caching has been disabled for the task
Skipping task ':react-native-screens:processDebugJavaRes' as it is up-to-date.
work action resolve out (project :react-native-screens) (Thread[included builds,5,main]) started.
Resolve mutations for :react-native-svg:processDebugJavaRes (Thread[included builds,5,main]) started.
:react-native-svg:processDebugJavaRes (Thread[included builds,5,main]) started.

> Task :react-native-svg:processDebugJavaRes NO-SOURCE
file or directory '/Users/oem/Projects/KapraDaily/node_modules/react-native-svg/android/src/main/resources', not found
file or directory '/Users/oem/Projects/KapraDaily/node_modules/react-native-svg/android/src/debug/resources', not found
Skipping task ':react-native-svg:processDebugJavaRes' as it has no source files and no previous output files.
work action resolve out (project :react-native-svg) (Thread[included builds,5,main]) started.
Resolve mutations for :react-native-vector-icons:processDebugJavaRes (Thread[included builds,5,main]) started.
:react-native-vector-icons:processDebugJavaRes (Thread[included builds,5,main]) started.

> Task :react-native-vector-icons:processDebugJavaRes NO-SOURCE
file or directory '/Users/oem/Projects/KapraDaily/node_modules/react-native-vector-icons/android/src/main/resources', not found
file or directory '/Users/oem/Projects/KapraDaily/node_modules/react-native-vector-icons/android/src/debug/resources', not found
Skipping task ':react-native-vector-icons:processDebugJavaRes' as it has no source files and no previous output files.
work action resolve out (project :react-native-vector-icons) (Thread[included builds,5,main]) started.
Resolve mutations for :app:mergeDebugJavaResource (Thread[included builds,5,main]) started.
:app:mergeDebugJavaResource (Thread[included builds,5,main]) started.
Resolve mutations for :app:checkDebugDuplicateClasses (Thread[Execution worker,5,main]) started.
:app:checkDebugDuplicateClasses (Thread[Execution worker,5,main]) started.

> Task :app:checkDebugDuplicateClasses UP-TO-DATE
file or directory '/Users/oem/Projects/KapraDaily/node_modules/react-native-onesignal/android/libs', not found
file or directory '/Users/oem/Projects/KapraDaily/node_modules/react-native-onesignal/android/libs', not found
Caching disabled for task ':app:checkDebugDuplicateClasses' because:
  Build cache is disabled
  Caching has been disabled for the task
Skipping task ':app:checkDebugDuplicateClasses' as it is up-to-date.
Resolve mutations for :app:mergeExtDexDebug (Thread[Execution worker,5,main]) started.
:app:mergeExtDexDebug (Thread[Execution worker,5,main]) started.

> Task :app:mergeExtDexDebug UP-TO-DATE
file or directory '/Users/oem/Projects/KapraDaily/node_modules/react-native-onesignal/android/libs', not found
file or directory '/Users/oem/Projects/KapraDaily/node_modules/react-native-onesignal/android/libs', not found
Caching disabled for task ':app:mergeExtDexDebug' because:
  Build cache is disabled
Skipping task ':app:mergeExtDexDebug' as it is up-to-date.
Resolve mutations for :lottie-react-native:bundleLibRuntimeToDirDebug (Thread[Execution worker,5,main]) started.
:lottie-react-native:bundleLibRuntimeToDirDebug (Thread[Execution worker,5,main]) started.

> Task :lottie-react-native:bundleLibRuntimeToDirDebug UP-TO-DATE
Caching disabled for task ':lottie-react-native:bundleLibRuntimeToDirDebug' because:
  Build cache is disabled
  Simple merging task
Skipping task ':lottie-react-native:bundleLibRuntimeToDirDebug' as it is up-to-date.
work action resolve bundleLibRuntimeToDirDebug (project :lottie-react-native) (Thread[Execution worker,5,main]) started.
ClassesDirToClassesTransform (Thread[Execution worker,5,main]) started.
Resolve mutations for :react-native-maps:bundleLibRuntimeToDirDebug (Thread[Execution worker Thread 3,5,main]) started.
:react-native-maps:bundleLibRuntimeToDirDebug (Thread[Execution worker Thread 3,5,main]) started.
DexingNoClasspathTransform (Thread[Execution worker,5,main]) started.

> Task :react-native-maps:bundleLibRuntimeToDirDebug UP-TO-DATE
Caching disabled for task ':react-native-maps:bundleLibRuntimeToDirDebug' because:
  Build cache is disabled
  Simple merging task
Skipping task ':react-native-maps:bundleLibRuntimeToDirDebug' as it is up-to-date.
work action resolve bundleLibRuntimeToDirDebug (project :react-native-maps) (Thread[Execution worker Thread 3,5,main]) started.
ClassesDirToClassesTransform (Thread[Execution worker Thread 3,5,main]) started.
Resolve mutations for :react-native-permissions:bundleLibRuntimeToDirDebug (Thread[Execution worker Thread 2,5,main]) started.
:react-native-permissions:bundleLibRuntimeToDirDebug (Thread[Execution worker Thread 2,5,main]) started.
DexingNoClasspathTransform (Thread[Execution worker Thread 3,5,main]) started.

> Task :react-native-permissions:bundleLibRuntimeToDirDebug UP-TO-DATE
Caching disabled for task ':react-native-permissions:bundleLibRuntimeToDirDebug' because:
  Build cache is disabled
  Simple merging task
Skipping task ':react-native-permissions:bundleLibRuntimeToDirDebug' as it is up-to-date.
work action resolve bundleLibRuntimeToDirDebug (project :react-native-permissions) (Thread[Execution worker Thread 2,5,main]) started.
ClassesDirToClassesTransform (Thread[Execution worker Thread 2,5,main]) started.
DexingNoClasspathTransform (Thread[Execution worker Thread 2,5,main]) started.
Resolve mutations for :react-native-safe-area-context:bundleLibRuntimeToDirDebug (Thread[Execution worker Thread 6,5,main]) started.
:react-native-safe-area-context:bundleLibRuntimeToDirDebug (Thread[Execution worker Thread 6,5,main]) started.

> Transform bundleLibRuntimeToDirDebug (project :lottie-react-native) with DexingNoClasspathTransform
Caching disabled for DexingNoClasspathTransform: /Users/oem/Projects/KapraDaily/node_modules/lottie-react-native/android/build/intermediates/runtime_library_classes_dir/debug/bundleLibRuntimeToDirDebug because:
  Build cache is disabled
Skipping DexingNoClasspathTransform: /Users/oem/Projects/KapraDaily/node_modules/lottie-react-native/android/build/intermediates/runtime_library_classes_dir/debug/bundleLibRuntimeToDirDebug as it is up-to-date.
DexingOutputSplitTransform (Thread[Execution worker,5,main]) started.

> Transform bundleLibRuntimeToDirDebug (project :react-native-permissions) with DexingNoClasspathTransform
Caching disabled for DexingNoClasspathTransform: /Users/oem/Projects/KapraDaily/node_modules/react-native-permissions/android/build/intermediates/runtime_library_classes_dir/debug/bundleLibRuntimeToDirDebug because:
  Build cache is disabled
Skipping DexingNoClasspathTransform: /Users/oem/Projects/KapraDaily/node_modules/react-native-permissions/android/build/intermediates/runtime_library_classes_dir/debug/bundleLibRuntimeToDirDebug as it is up-to-date.
DexingOutputSplitTransform (Thread[Execution worker Thread 2,5,main]) started.

> Task :react-native-safe-area-context:bundleLibRuntimeToDirDebug UP-TO-DATE
Caching disabled for task ':react-native-safe-area-context:bundleLibRuntimeToDirDebug' because:
  Build cache is disabled
  Simple merging task
Skipping task ':react-native-safe-area-context:bundleLibRuntimeToDirDebug' as it is up-to-date.
work action resolve bundleLibRuntimeToDirDebug (project :react-native-safe-area-context) (Thread[Execution worker Thread 6,5,main]) started.

> Transform bundleLibRuntimeToDirDebug (project :react-native-maps) with DexingNoClasspathTransform
Caching disabled for DexingNoClasspathTransform: /Users/oem/Projects/KapraDaily/node_modules/react-native-maps/android/build/intermediates/runtime_library_classes_dir/debug/bundleLibRuntimeToDirDebug because:
  Build cache is disabled
Skipping DexingNoClasspathTransform: /Users/oem/Projects/KapraDaily/node_modules/react-native-maps/android/build/intermediates/runtime_library_classes_dir/debug/bundleLibRuntimeToDirDebug as it is up-to-date.
ClassesDirToClassesTransform (Thread[Execution worker Thread 6,5,main]) started.
Resolve mutations for :react-native-screens:bundleLibRuntimeToDirDebug (Thread[Execution worker Thread 5,5,main]) started.
DexingOutputSplitTransform (Thread[Execution worker Thread 3,5,main]) started.
:react-native-screens:bundleLibRuntimeToDirDebug (Thread[Execution worker Thread 5,5,main]) started.
DexingNoClasspathTransform (Thread[Execution worker Thread 6,5,main]) started.

> Transform bundleLibRuntimeToDirDebug (project :react-native-safe-area-context) with DexingNoClasspathTransform
Caching disabled for DexingNoClasspathTransform: /Users/oem/Projects/KapraDaily/node_modules/react-native-safe-area-context/android/build/intermediates/runtime_library_classes_dir/debug/bundleLibRuntimeToDirDebug because:
  Build cache is disabled
Skipping DexingNoClasspathTransform: /Users/oem/Projects/KapraDaily/node_modules/react-native-safe-area-context/android/build/intermediates/runtime_library_classes_dir/debug/bundleLibRuntimeToDirDebug as it is up-to-date.
DexingOutputSplitTransform (Thread[Execution worker Thread 6,5,main]) started.

> Task :react-native-screens:bundleLibRuntimeToDirDebug UP-TO-DATE
Caching disabled for task ':react-native-screens:bundleLibRuntimeToDirDebug' because:
  Build cache is disabled
  Simple merging task
Skipping task ':react-native-screens:bundleLibRuntimeToDirDebug' as it is up-to-date.
work action resolve bundleLibRuntimeToDirDebug (project :react-native-screens) (Thread[Execution worker Thread 5,5,main]) started.
ClassesDirToClassesTransform (Thread[Execution worker Thread 5,5,main]) started.
Resolve mutations for :react-native-async-storage_async-storage:bundleLibRuntimeToDirDebug (Thread[Execution worker Thread 6,5,main]) started.
:react-native-async-storage_async-storage:bundleLibRuntimeToDirDebug (Thread[Execution worker Thread 6,5,main]) started.
DexingNoClasspathTransform (Thread[Execution worker Thread 5,5,main]) started.

> Task :react-native-async-storage_async-storage:bundleLibRuntimeToDirDebug UP-TO-DATE
Caching disabled for task ':react-native-async-storage_async-storage:bundleLibRuntimeToDirDebug' because:
  Build cache is disabled
  Simple merging task
Skipping task ':react-native-async-storage_async-storage:bundleLibRuntimeToDirDebug' as it is up-to-date.
work action resolve bundleLibRuntimeToDirDebug (project :react-native-async-storage_async-storage) (Thread[Execution worker Thread 6,5,main]) started.
ClassesDirToClassesTransform (Thread[Execution worker Thread 6,5,main]) started.
Resolve mutations for :react-native-community_blur:bundleLibRuntimeToDirDebug (Thread[Execution worker Thread 4,5,main]) started.
:react-native-community_blur:bundleLibRuntimeToDirDebug (Thread[Execution worker Thread 4,5,main]) started.
DexingNoClasspathTransform (Thread[Execution worker Thread 6,5,main]) started.

> Task :react-native-community_blur:bundleLibRuntimeToDirDebug UP-TO-DATE
Caching disabled for task ':react-native-community_blur:bundleLibRuntimeToDirDebug' because:
  Build cache is disabled
  Simple merging task
Skipping task ':react-native-community_blur:bundleLibRuntimeToDirDebug' as it is up-to-date.
work action resolve bundleLibRuntimeToDirDebug (project :react-native-community_blur) (Thread[Execution worker Thread 4,5,main]) started.
ClassesDirToClassesTransform (Thread[Execution worker Thread 4,5,main]) started.
Resolve mutations for :react-native-community_geolocation:bundleLibRuntimeToDirDebug (Thread[Execution worker Thread 7,5,main]) started.
DexingNoClasspathTransform (Thread[Execution worker Thread 4,5,main]) started.
:react-native-community_geolocation:bundleLibRuntimeToDirDebug (Thread[Execution worker,5,main]) started.

> Transform bundleLibRuntimeToDirDebug (project :react-native-async-storage_async-storage) with DexingNoClasspathTransform
Caching disabled for DexingNoClasspathTransform: /Users/oem/Projects/KapraDaily/node_modules/@react-native-async-storage/async-storage/android/build/intermediates/runtime_library_classes_dir/debug/bundleLibRuntimeToDirDebug because:
  Build cache is disabled
Skipping DexingNoClasspathTransform: /Users/oem/Projects/KapraDaily/node_modules/@react-native-async-storage/async-storage/android/build/intermediates/runtime_library_classes_dir/debug/bundleLibRuntimeToDirDebug as it is up-to-date.
DexingOutputSplitTransform (Thread[Execution worker Thread 6,5,main]) started.

> Task :react-native-community_geolocation:bundleLibRuntimeToDirDebug UP-TO-DATE
Caching disabled for task ':react-native-community_geolocation:bundleLibRuntimeToDirDebug' because:
  Build cache is disabled
  Simple merging task
Skipping task ':react-native-community_geolocation:bundleLibRuntimeToDirDebug' as it is up-to-date.
work action resolve bundleLibRuntimeToDirDebug (project :react-native-community_geolocation) (Thread[Execution worker,5,main]) started.
ClassesDirToClassesTransform (Thread[Execution worker,5,main]) started.

> Transform bundleLibRuntimeToDirDebug (project :react-native-community_blur) with DexingNoClasspathTransform
Caching disabled for DexingNoClasspathTransform: /Users/oem/Projects/KapraDaily/node_modules/@react-native-community/blur/android/build/intermediates/runtime_library_classes_dir/debug/bundleLibRuntimeToDirDebug because:
  Build cache is disabled
Skipping DexingNoClasspathTransform: /Users/oem/Projects/KapraDaily/node_modules/@react-native-community/blur/android/build/intermediates/runtime_library_classes_dir/debug/bundleLibRuntimeToDirDebug as it is up-to-date.
DexingOutputSplitTransform (Thread[Execution worker Thread 4,5,main]) started.
Resolve mutations for :react-native-device-info:bundleLibRuntimeToDirDebug (Thread[Execution worker Thread 6,5,main]) started.
DexingNoClasspathTransform (Thread[Execution worker,5,main]) started.
:react-native-device-info:bundleLibRuntimeToDirDebug (Thread[Execution worker Thread 6,5,main]) started.

> Transform bundleLibRuntimeToDirDebug (project :react-native-community_geolocation) with DexingNoClasspathTransform
Caching disabled for DexingNoClasspathTransform: /Users/oem/Projects/KapraDaily/node_modules/@react-native-community/geolocation/android/build/intermediates/runtime_library_classes_dir/debug/bundleLibRuntimeToDirDebug because:
  Build cache is disabled
Skipping DexingNoClasspathTransform: /Users/oem/Projects/KapraDaily/node_modules/@react-native-community/geolocation/android/build/intermediates/runtime_library_classes_dir/debug/bundleLibRuntimeToDirDebug as it is up-to-date.
DexingOutputSplitTransform (Thread[Execution worker Thread 2,5,main]) started.

> Task :react-native-device-info:bundleLibRuntimeToDirDebug UP-TO-DATE
Caching disabled for task ':react-native-device-info:bundleLibRuntimeToDirDebug' because:
  Build cache is disabled
  Simple merging task
Skipping task ':react-native-device-info:bundleLibRuntimeToDirDebug' as it is up-to-date.
work action resolve bundleLibRuntimeToDirDebug (project :react-native-device-info) (Thread[Execution worker Thread 6,5,main]) started.
ClassesDirToClassesTransform (Thread[Execution worker Thread 6,5,main]) started.
DexingNoClasspathTransform (Thread[Execution worker Thread 6,5,main]) started.
Resolve mutations for :react-native-fast-image:bundleLibRuntimeToDirDebug (Thread[Execution worker,5,main]) started.
:react-native-fast-image:bundleLibRuntimeToDirDebug (Thread[Execution worker,5,main]) started.

> Task :react-native-fast-image:bundleLibRuntimeToDirDebug UP-TO-DATE
Caching disabled for task ':react-native-fast-image:bundleLibRuntimeToDirDebug' because:
  Build cache is disabled
  Simple merging task
Skipping task ':react-native-fast-image:bundleLibRuntimeToDirDebug' as it is up-to-date.
work action resolve bundleLibRuntimeToDirDebug (project :react-native-fast-image) (Thread[Execution worker,5,main]) started.
ClassesDirToClassesTransform (Thread[Execution worker,5,main]) started.
Resolve mutations for :react-native-linear-gradient:bundleLibRuntimeToDirDebug (Thread[Execution worker Thread 2,5,main]) started.
:react-native-linear-gradient:bundleLibRuntimeToDirDebug (Thread[Execution worker Thread 2,5,main]) started.

> Transform bundleLibRuntimeToDirDebug (project :react-native-device-info) with DexingNoClasspathTransform
Caching disabled for DexingNoClasspathTransform: /Users/oem/Projects/KapraDaily/node_modules/react-native-device-info/android/build/intermediates/runtime_library_classes_dir/debug/bundleLibRuntimeToDirDebug because:
  Build cache is disabled
Skipping DexingNoClasspathTransform: /Users/oem/Projects/KapraDaily/node_modules/react-native-device-info/android/build/intermediates/runtime_library_classes_dir/debug/bundleLibRuntimeToDirDebug as it is up-to-date.
DexingOutputSplitTransform (Thread[Execution worker Thread 6,5,main]) started.
DexingNoClasspathTransform (Thread[Execution worker,5,main]) started.

> Task :react-native-linear-gradient:bundleLibRuntimeToDirDebug UP-TO-DATE
Caching disabled for task ':react-native-linear-gradient:bundleLibRuntimeToDirDebug' because:
  Build cache is disabled
  Simple merging task
Skipping task ':react-native-linear-gradient:bundleLibRuntimeToDirDebug' as it is up-to-date.
work action resolve bundleLibRuntimeToDirDebug (project :react-native-linear-gradient) (Thread[Execution worker Thread 2,5,main]) started.
ClassesDirToClassesTransform (Thread[Execution worker Thread 2,5,main]) started.
DexingNoClasspathTransform (Thread[Execution worker Thread 2,5,main]) started.
Resolve mutations for :react-native-onesignal:bundleLibRuntimeToDirDebug (Thread[Execution worker Thread 4,5,main]) started.
:react-native-onesignal:bundleLibRuntimeToDirDebug (Thread[Execution worker Thread 4,5,main]) started.

> Task :react-native-onesignal:bundleLibRuntimeToDirDebug UP-TO-DATE
Caching disabled for task ':react-native-onesignal:bundleLibRuntimeToDirDebug' because:
  Build cache is disabled
  Simple merging task
Skipping task ':react-native-onesignal:bundleLibRuntimeToDirDebug' as it is up-to-date.
work action resolve bundleLibRuntimeToDirDebug (project :react-native-onesignal) (Thread[Execution worker Thread 4,5,main]) started.
ClassesDirToClassesTransform (Thread[Execution worker Thread 4,5,main]) started.
DexingNoClasspathTransform (Thread[Execution worker Thread 4,5,main]) started.
Resolve mutations for :react-native-otp-verify:bundleLibRuntimeToDirDebug (Thread[Execution worker Thread 3,5,main]) started.

> Transform bundleLibRuntimeToDirDebug (project :react-native-fast-image) with DexingNoClasspathTransform
Caching disabled for DexingNoClasspathTransform: /Users/oem/Projects/KapraDaily/node_modules/react-native-fast-image/android/build/intermediates/runtime_library_classes_dir/debug/bundleLibRuntimeToDirDebug because:
  Build cache is disabled
Skipping DexingNoClasspathTransform: /Users/oem/Projects/KapraDaily/node_modules/react-native-fast-image/android/build/intermediates/runtime_library_classes_dir/debug/bundleLibRuntimeToDirDebug as it is up-to-date.
DexingOutputSplitTransform (Thread[Execution worker,5,main]) started.
:react-native-otp-verify:bundleLibRuntimeToDirDebug (Thread[Execution worker Thread 3,5,main]) started.

> Transform bundleLibRuntimeToDirDebug (project :react-native-linear-gradient) with DexingNoClasspathTransform
Caching disabled for DexingNoClasspathTransform: /Users/oem/Projects/KapraDaily/node_modules/react-native-linear-gradient/android/build/intermediates/runtime_library_classes_dir/debug/bundleLibRuntimeToDirDebug because:
  Build cache is disabled
Skipping DexingNoClasspathTransform: /Users/oem/Projects/KapraDaily/node_modules/react-native-linear-gradient/android/build/intermediates/runtime_library_classes_dir/debug/bundleLibRuntimeToDirDebug as it is up-to-date.
DexingOutputSplitTransform (Thread[Execution worker Thread 2,5,main]) started.

> Transform bundleLibRuntimeToDirDebug (project :react-native-onesignal) with DexingNoClasspathTransform
Caching disabled for DexingNoClasspathTransform: /Users/oem/Projects/KapraDaily/node_modules/react-native-onesignal/android/build/intermediates/runtime_library_classes_dir/debug/bundleLibRuntimeToDirDebug because:
  Build cache is disabled
Skipping DexingNoClasspathTransform: /Users/oem/Projects/KapraDaily/node_modules/react-native-onesignal/android/build/intermediates/runtime_library_classes_dir/debug/bundleLibRuntimeToDirDebug as it is up-to-date.
DexingOutputSplitTransform (Thread[Execution worker Thread 4,5,main]) started.

> Transform bundleLibRuntimeToDirDebug (project :react-native-screens) with DexingNoClasspathTransform
Caching disabled for DexingNoClasspathTransform: /Users/oem/Projects/KapraDaily/node_modules/react-native-screens/android/build/intermediates/runtime_library_classes_dir/debug/bundleLibRuntimeToDirDebug because:
  Build cache is disabled
Skipping DexingNoClasspathTransform: /Users/oem/Projects/KapraDaily/node_modules/react-native-screens/android/build/intermediates/runtime_library_classes_dir/debug/bundleLibRuntimeToDirDebug as it is up-to-date.

> Task :react-native-otp-verify:bundleLibRuntimeToDirDebug UP-TO-DATE
Caching disabled for task ':react-native-otp-verify:bundleLibRuntimeToDirDebug' because:
  Build cache is disabled
  Simple merging task
Skipping task ':react-native-otp-verify:bundleLibRuntimeToDirDebug' as it is up-to-date.
DexingOutputSplitTransform (Thread[Execution worker Thread 5,5,main]) started.
work action resolve bundleLibRuntimeToDirDebug (project :react-native-otp-verify) (Thread[Execution worker Thread 3,5,main]) started.
ClassesDirToClassesTransform (Thread[Execution worker Thread 3,5,main]) started.
Resolve mutations for :react-native-razorpay:bundleLibRuntimeToDirDebug (Thread[Execution worker Thread 6,5,main]) started.
:react-native-razorpay:bundleLibRuntimeToDirDebug (Thread[Execution worker Thread 6,5,main]) started.
DexingNoClasspathTransform (Thread[Execution worker Thread 3,5,main]) started.

> Task :react-native-razorpay:bundleLibRuntimeToDirDebug UP-TO-DATE
Caching disabled for task ':react-native-razorpay:bundleLibRuntimeToDirDebug' because:
  Build cache is disabled
  Simple merging task
Skipping task ':react-native-razorpay:bundleLibRuntimeToDirDebug' as it is up-to-date.
work action resolve bundleLibRuntimeToDirDebug (project :react-native-razorpay) (Thread[Execution worker Thread 6,5,main]) started.
ClassesDirToClassesTransform (Thread[Execution worker Thread 6,5,main]) started.
Resolve mutations for :react-native-svg:bundleLibRuntimeToDirDebug (Thread[Execution worker Thread 2,5,main]) started.
DexingNoClasspathTransform (Thread[Execution worker Thread 6,5,main]) started.
:react-native-svg:bundleLibRuntimeToDirDebug (Thread[Execution worker Thread 2,5,main]) started.

> Transform bundleLibRuntimeToDirDebug (project :react-native-otp-verify) with DexingNoClasspathTransform
Caching disabled for DexingNoClasspathTransform: /Users/oem/Projects/KapraDaily/node_modules/react-native-otp-verify/android/build/intermediates/runtime_library_classes_dir/debug/bundleLibRuntimeToDirDebug because:
  Build cache is disabled
Skipping DexingNoClasspathTransform: /Users/oem/Projects/KapraDaily/node_modules/react-native-otp-verify/android/build/intermediates/runtime_library_classes_dir/debug/bundleLibRuntimeToDirDebug as it is up-to-date.
DexingOutputSplitTransform (Thread[Execution worker Thread 3,5,main]) started.

> Transform bundleLibRuntimeToDirDebug (project :react-native-razorpay) with DexingNoClasspathTransform
Caching disabled for DexingNoClasspathTransform: /Users/oem/Projects/KapraDaily/node_modules/react-native-razorpay/android/build/intermediates/runtime_library_classes_dir/debug/bundleLibRuntimeToDirDebug because:
  Build cache is disabled
Skipping DexingNoClasspathTransform: /Users/oem/Projects/KapraDaily/node_modules/react-native-razorpay/android/build/intermediates/runtime_library_classes_dir/debug/bundleLibRuntimeToDirDebug as it is up-to-date.
DexingOutputSplitTransform (Thread[Execution worker Thread 6,5,main]) started.

> Task :react-native-svg:bundleLibRuntimeToDirDebug UP-TO-DATE
Caching disabled for task ':react-native-svg:bundleLibRuntimeToDirDebug' because:
  Build cache is disabled
  Simple merging task
Skipping task ':react-native-svg:bundleLibRuntimeToDirDebug' as it is up-to-date.
work action resolve bundleLibRuntimeToDirDebug (project :react-native-svg) (Thread[Execution worker Thread 2,5,main]) started.
ClassesDirToClassesTransform (Thread[Execution worker Thread 2,5,main]) started.
DexingNoClasspathTransform (Thread[Execution worker Thread 2,5,main]) started.
Resolve mutations for :react-native-vector-icons:bundleLibRuntimeToDirDebug (Thread[Execution worker Thread 6,5,main]) started.
:react-native-vector-icons:bundleLibRuntimeToDirDebug (Thread[Execution worker Thread 6,5,main]) started.

> Task :react-native-vector-icons:bundleLibRuntimeToDirDebug UP-TO-DATE
Caching disabled for task ':react-native-vector-icons:bundleLibRuntimeToDirDebug' because:
  Build cache is disabled
  Simple merging task
Skipping task ':react-native-vector-icons:bundleLibRuntimeToDirDebug' as it is up-to-date.
work action resolve bundleLibRuntimeToDirDebug (project :react-native-vector-icons) (Thread[Execution worker Thread 6,5,main]) started.
ClassesDirToClassesTransform (Thread[Execution worker Thread 6,5,main]) started.
DexingNoClasspathTransform (Thread[Execution worker Thread 6,5,main]) started.
Resolve mutations for :app:mergeProjectDexDebug (Thread[Execution worker Thread 7,5,main]) started.
:app:mergeProjectDexDebug (Thread[Execution worker Thread 7,5,main]) started.

> Transform bundleLibRuntimeToDirDebug (project :react-native-vector-icons) with DexingNoClasspathTransform
Caching disabled for DexingNoClasspathTransform: /Users/oem/Projects/KapraDaily/node_modules/react-native-vector-icons/android/build/intermediates/runtime_library_classes_dir/debug/bundleLibRuntimeToDirDebug because:
  Build cache is disabled
Skipping DexingNoClasspathTransform: /Users/oem/Projects/KapraDaily/node_modules/react-native-vector-icons/android/build/intermediates/runtime_library_classes_dir/debug/bundleLibRuntimeToDirDebug as it is up-to-date.
DexingOutputSplitTransform (Thread[Execution worker Thread 6,5,main]) started.
Resolve mutations for :app:configureCMakeDebug[arm64-v8a] (Thread[Execution worker,5,main]) started.

> Transform bundleLibRuntimeToDirDebug (project :react-native-svg) with DexingNoClasspathTransform
Caching disabled for DexingNoClasspathTransform: /Users/oem/Projects/KapraDaily/node_modules/react-native-svg/android/build/intermediates/runtime_library_classes_dir/debug/bundleLibRuntimeToDirDebug because:
  Build cache is disabled
Skipping DexingNoClasspathTransform: /Users/oem/Projects/KapraDaily/node_modules/react-native-svg/android/build/intermediates/runtime_library_classes_dir/debug/bundleLibRuntimeToDirDebug as it is up-to-date.
DexingOutputSplitTransform (Thread[Execution worker Thread 2,5,main]) started.
Resolve mutations for :app:mergeLibDexDebug (Thread[Execution worker,5,main]) started.
:app:mergeLibDexDebug (Thread[Execution worker,5,main]) started.
:app:configureCMakeDebug[arm64-v8a] (Thread[Execution worker Thread 2,5,main]) started.

> Task :app:mergeProjectDexDebug
Caching disabled for task ':app:mergeProjectDexDebug' because:
  Build cache is disabled
Task ':app:mergeProjectDexDebug' is not up-to-date because:
  Output property 'outputDir' file /Users/oem/Projects/KapraDaily/android/app/build/intermediates/dex/debug/mergeProjectDexDebug has been removed.
  Output property 'outputDir' file /Users/oem/Projects/KapraDaily/android/app/build/intermediates/dex/debug/mergeProjectDexDebug/0 has been removed.
  Output property 'outputDir' file /Users/oem/Projects/KapraDaily/android/app/build/intermediates/dex/debug/mergeProjectDexDebug/0/classes.dex has been removed.
  and more...
The input changes require a full rebuild for incremental task ':app:mergeProjectDexDebug'.
Merging to '/Users/oem/Projects/KapraDaily/android/app/build/intermediates/dex/debug/mergeProjectDexDebug/14' with D8 from all or a subset of dex files in /Users/oem/Projects/KapraDaily/android/app/build/intermediates/project_dex_archive/debug/dexBuilderDebug/out, /Users/oem/Projects/KapraDaily/android/app/build/intermediates/project_dex_archive/debug/dexBuilderDebug/out, and from all global synthetics files in 
Merging to '/Users/oem/Projects/KapraDaily/android/app/build/intermediates/dex/debug/mergeProjectDexDebug/15' with D8 from all or a subset of dex files in /Users/oem/Projects/KapraDaily/android/app/build/intermediates/project_dex_archive/debug/dexBuilderDebug/out, /Users/oem/Projects/KapraDaily/android/app/build/intermediates/project_dex_archive/debug/dexBuilderDebug/out, /Users/oem/Projects/KapraDaily/android/app/build/intermediates/project_dex_archive/debug/dexBuilderDebug/out, and from all global synthetics files in 
Merging to '/Users/oem/Projects/KapraDaily/android/app/build/intermediates/dex/debug/mergeProjectDexDebug/0' with D8 from all or a subset of dex files in /Users/oem/Projects/KapraDaily/android/app/build/intermediates/project_dex_archive/debug/dexBuilderDebug/out/db92e019cb30872e513b0757450c1b6061054e6b808051b491dea9ce7f05134e_0.jar, /Users/oem/Projects/KapraDaily/android/app/build/intermediates/project_dex_archive/debug/dexBuilderDebug/out/db92e019cb30872e513b0757450c1b6061054e6b808051b491dea9ce7f05134e_1.jar, /Users/oem/Projects/KapraDaily/android/app/build/intermediates/project_dex_archive/debug/dexBuilderDebug/out/db92e019cb30872e513b0757450c1b6061054e6b808051b491dea9ce7f05134e_2.jar, /Users/oem/Projects/KapraDaily/android/app/build/intermediates/project_dex_archive/debug/dexBuilderDebug/out/db92e019cb30872e513b0757450c1b6061054e6b808051b491dea9ce7f05134e_3.jar, and from all global synthetics files in 

> Task :app:mergeLibDexDebug
file or directory '/Users/oem/Projects/KapraDaily/node_modules/react-native-onesignal/android/libs', not found
file or directory '/Users/oem/Projects/KapraDaily/node_modules/react-native-onesignal/android/libs', not found
Caching disabled for task ':app:mergeLibDexDebug' because:
  Build cache is disabled
Task ':app:mergeLibDexDebug' is not up-to-date because:
  Output property 'outputDir' file /Users/oem/Projects/KapraDaily/android/app/build/intermediates/dex/debug/mergeLibDexDebug has been removed.
  Output property 'outputDir' file /Users/oem/Projects/KapraDaily/android/app/build/intermediates/dex/debug/mergeLibDexDebug/0 has been removed.
  Output property 'outputDir' file /Users/oem/Projects/KapraDaily/android/app/build/intermediates/dex/debug/mergeLibDexDebug/1 has been removed.
  and more...
The input changes require a full rebuild for incremental task ':app:mergeLibDexDebug'.
file or directory '/Users/oem/Projects/KapraDaily/node_modules/react-native-onesignal/android/libs', not found
file or directory '/Users/oem/Projects/KapraDaily/node_modules/react-native-onesignal/android/libs', not found
Merging to '/Users/oem/Projects/KapraDaily/android/app/build/intermediates/dex/debug/mergeLibDexDebug/3' with D8 from all or a subset of dex files in /Users/oem/Projects/KapraDaily/node_modules/react-native-screens/android/build/.transforms/b1adbfdc04d8f5b9b3513ace69cbbf14/transformed/bundleLibRuntimeToDirDebug/bundleLibRuntimeToDirDebug_dex, /Users/oem/Projects/KapraDaily/node_modules/react-native-screens/android/build/.transforms/b1adbfdc04d8f5b9b3513ace69cbbf14/transformed/bundleLibRuntimeToDirDebug/bundleLibRuntimeToDirDebug_dex, /Users/oem/Projects/KapraDaily/node_modules/react-native-screens/android/build/.transforms/b1adbfdc04d8f5b9b3513ace69cbbf14/transformed/bundleLibRuntimeToDirDebug/bundleLibRuntimeToDirDebug_dex, /Users/oem/Projects/KapraDaily/node_modules/react-native-screens/android/build/.transforms/b1adbfdc04d8f5b9b3513ace69cbbf14/transformed/bundleLibRuntimeToDirDebug/bundleLibRuntimeToDirDebug_dex, /Users/oem/Projects/KapraDaily/node_modules/react-native-screens/android/build/.transforms/b1adbfdc04d8f5b9b3513ace69cbbf14/transformed/bundleLibRuntimeToDirDebug/bundleLibRuntimeToDirDebug_dex, /Users/oem/Projects/KapraDaily/node_modules/react-native-screens/android/build/.transforms/b1adbfdc04d8f5b9b3513ace69cbbf14/transformed/bundleLibRuntimeToDirDebug/bundleLibRuntimeToDirDebug_dex, /Users/oem/Projects/KapraDaily/node_modules/react-native-screens/android/build/.transforms/b1adbfdc04d8f5b9b3513ace69cbbf14/transformed/bundleLibRuntimeToDirDebug/bundleLibRuntimeToDirDebug_dex, /Users/oem/Projects/KapraDaily/node_modules/react-native-screens/android/build/.transforms/b1adbfdc04d8f5b9b3513ace69cbbf14/transformed/bundleLibRuntimeToDirDebug/bundleLibRuntimeToDirDebug_dex, /Users/oem/Projects/KapraDaily/node_modules/react-native-screens/android/build/.transforms/b1adbfdc04d8f5b9b3513ace69cbbf14/transformed/bundleLibRuntimeToDirDebug/bundleLibRuntimeToDirDebug_dex, /Users/oem/Projects/KapraDaily/node_modules/react-native-screens/android/build/.transforms/b1adbfdc04d8f5b9b3513ace69cbbf14/transformed/bundleLibRuntimeToDirDebug/bundleLibRuntimeToDirDebug_dex, /Users/oem/Projects/KapraDaily/node_modules/react-native-screens/android/build/.transforms/b1adbfdc04d8f5b9b3513ace69cbbf14/transformed/bundleLibRuntimeToDirDebug/bundleLibRuntimeToDirDebug_dex, /Users/oem/Projects/KapraDaily/node_modules/react-native-screens/android/build/.transforms/b1adbfdc04d8f5b9b3513ace69cbbf14/transformed/bundleLibRuntimeToDirDebug/bundleLibRuntimeToDirDebug_dex, /Users/oem/Projects/KapraDaily/node_modules/react-native-screens/android/build/.transforms/b1adbfdc04d8f5b9b3513ace69cbbf14/transformed/bundleLibRuntimeToDirDebug/bundleLibRuntimeToDirDebug_dex, /Users/oem/Projects/KapraDaily/node_modules/react-native-screens/android/build/.transforms/b1adbfdc04d8f5b9b3513ace69cbbf14/transformed/bundleLibRuntimeToDirDebug/bundleLibRuntimeToDirDebug_dex, and from all global synthetics files in 
Merging to '/Users/oem/Projects/KapraDaily/android/app/build/intermediates/dex/debug/mergeLibDexDebug/2' with D8 from all or a subset of dex files in /Users/oem/Projects/KapraDaily/node_modules/react-native-screens/android/build/.transforms/b1adbfdc04d8f5b9b3513ace69cbbf14/transformed/bundleLibRuntimeToDirDebug/bundleLibRuntimeToDirDebug_dex, /Users/oem/Projects/KapraDaily/node_modules/react-native-screens/android/build/.transforms/b1adbfdc04d8f5b9b3513ace69cbbf14/transformed/bundleLibRuntimeToDirDebug/bundleLibRuntimeToDirDebug_dex, /Users/oem/Projects/KapraDaily/node_modules/react-native-screens/android/build/.transforms/b1adbfdc04d8f5b9b3513ace69cbbf14/transformed/bundleLibRuntimeToDirDebug/bundleLibRuntimeToDirDebug_dex, /Users/oem/Projects/KapraDaily/node_modules/react-native-screens/android/build/.transforms/b1adbfdc04d8f5b9b3513ace69cbbf14/transformed/bundleLibRuntimeToDirDebug/bundleLibRuntimeToDirDebug_dex, /Users/oem/Projects/KapraDaily/node_modules/react-native-screens/android/build/.transforms/b1adbfdc04d8f5b9b3513ace69cbbf14/transformed/bundleLibRuntimeToDirDebug/bundleLibRuntimeToDirDebug_dex, /Users/oem/Projects/KapraDaily/node_modules/react-native-screens/android/build/.transforms/b1adbfdc04d8f5b9b3513ace69cbbf14/transformed/bundleLibRuntimeToDirDebug/bundleLibRuntimeToDirDebug_dex, /Users/oem/Projects/KapraDaily/node_modules/react-native-screens/android/build/.transforms/b1adbfdc04d8f5b9b3513ace69cbbf14/transformed/bundleLibRuntimeToDirDebug/bundleLibRuntimeToDirDebug_dex, /Users/oem/Projects/KapraDaily/node_modules/react-native-screens/android/build/.transforms/b1adbfdc04d8f5b9b3513ace69cbbf14/transformed/bundleLibRuntimeToDirDebug/bundleLibRuntimeToDirDebug_dex, /Users/oem/Projects/KapraDaily/node_modules/react-native-screens/android/build/.transforms/b1adbfdc04d8f5b9b3513ace69cbbf14/transformed/bundleLibRuntimeToDirDebug/bundleLibRuntimeToDirDebug_dex, /Users/oem/Projects/KapraDaily/node_modules/react-native-screens/android/build/.transforms/b1adbfdc04d8f5b9b3513ace69cbbf14/transformed/bundleLibRuntimeToDirDebug/bundleLibRuntimeToDirDebug_dex, /Users/oem/Projects/KapraDaily/node_modules/react-native-vector-icons/android/build/.transforms/151c3007ef5845131b7b2b9547c98edb/transformed/bundleLibRuntimeToDirDebug/bundleLibRuntimeToDirDebug_dex, /Users/oem/Projects/KapraDaily/node_modules/react-native-vector-icons/android/build/.transforms/151c3007ef5845131b7b2b9547c98edb/transformed/bundleLibRuntimeToDirDebug/bundleLibRuntimeToDirDebug_dex, /Users/oem/Projects/KapraDaily/node_modules/react-native-vector-icons/android/build/.transforms/151c3007ef5845131b7b2b9547c98edb/transformed/bundleLibRuntimeToDirDebug/bundleLibRuntimeToDirDebug_dex, /Users/oem/Projects/KapraDaily/node_modules/react-native-vector-icons/android/build/.transforms/151c3007ef5845131b7b2b9547c98edb/transformed/bundleLibRuntimeToDirDebug/bundleLibRuntimeToDirDebug_dex, /Users/oem/Projects/KapraDaily/node_modules/react-native-vector-icons/android/build/.transforms/151c3007ef5845131b7b2b9547c98edb/transformed/bundleLibRuntimeToDirDebug/bundleLibRuntimeToDirDebug_dex, /Users/oem/Projects/KapraDaily/node_modules/react-native-vector-icons/android/build/.transforms/151c3007ef5845131b7b2b9547c98edb/transformed/bundleLibRuntimeToDirDebug/bundleLibRuntimeToDirDebug_dex, and from all global synthetics files in 
Merging to '/Users/oem/Projects/KapraDaily/android/app/build/intermediates/dex/debug/mergeLibDexDebug/4' with D8 from all or a subset of dex files in /Users/oem/Projects/KapraDaily/node_modules/react-native-device-info/android/build/.transforms/aba8646ae167643ffa24089458f57761/transformed/bundleLibRuntimeToDirDebug/bundleLibRuntimeToDirDebug_dex, /Users/oem/Projects/KapraDaily/node_modules/react-native-device-info/android/build/.transforms/aba8646ae167643ffa24089458f57761/transformed/bundleLibRuntimeToDirDebug/bundleLibRuntimeToDirDebug_dex, /Users/oem/Projects/KapraDaily/node_modules/react-native-device-info/android/build/.transforms/aba8646ae167643ffa24089458f57761/transformed/bundleLibRuntimeToDirDebug/bundleLibRuntimeToDirDebug_dex, /Users/oem/Projects/KapraDaily/node_modules/react-native-device-info/android/build/.transforms/aba8646ae167643ffa24089458f57761/transformed/bundleLibRuntimeToDirDebug/bundleLibRuntimeToDirDebug_dex, /Users/oem/Projects/KapraDaily/node_modules/react-native-device-info/android/build/.transforms/aba8646ae167643ffa24089458f57761/transformed/bundleLibRuntimeToDirDebug/bundleLibRuntimeToDirDebug_dex, /Users/oem/Projects/KapraDaily/node_modules/react-native-device-info/android/build/.transforms/aba8646ae167643ffa24089458f57761/transformed/bundleLibRuntimeToDirDebug/bundleLibRuntimeToDirDebug_dex, /Users/oem/Projects/KapraDaily/node_modules/react-native-device-info/android/build/.transforms/aba8646ae167643ffa24089458f57761/transformed/bundleLibRuntimeToDirDebug/bundleLibRuntimeToDirDebug_dex, /Users/oem/Projects/KapraDaily/node_modules/react-native-device-info/android/build/.transforms/aba8646ae167643ffa24089458f57761/transformed/bundleLibRuntimeToDirDebug/bundleLibRuntimeToDirDebug_dex, /Users/oem/Projects/KapraDaily/node_modules/react-native-device-info/android/build/.transforms/aba8646ae167643ffa24089458f57761/transformed/bundleLibRuntimeToDirDebug/bundleLibRuntimeToDirDebug_dex, /Users/oem/Projects/KapraDaily/node_modules/react-native-device-info/android/build/.transforms/aba8646ae167643ffa24089458f57761/transformed/bundleLibRuntimeToDirDebug/bundleLibRuntimeToDirDebug_dex, /Users/oem/Projects/KapraDaily/node_modules/react-native-device-info/android/build/.transforms/aba8646ae167643ffa24089458f57761/transformed/bundleLibRuntimeToDirDebug/bundleLibRuntimeToDirDebug_dex, /Users/oem/Projects/KapraDaily/node_modules/react-native-device-info/android/build/.transforms/aba8646ae167643ffa24089458f57761/transformed/bundleLibRuntimeToDirDebug/bundleLibRuntimeToDirDebug_dex, /Users/oem/Projects/KapraDaily/node_modules/react-native-device-info/android/build/.transforms/aba8646ae167643ffa24089458f57761/transformed/bundleLibRuntimeToDirDebug/bundleLibRuntimeToDirDebug_dex, /Users/oem/Projects/KapraDaily/node_modules/react-native-fast-image/android/build/.transforms/aac4aebf1bd10f0c0c57cf468a943f01/transformed/bundleLibRuntimeToDirDebug/bundleLibRuntimeToDirDebug_dex, /Users/oem/Projects/KapraDaily/node_modules/react-native-fast-image/android/build/.transforms/aac4aebf1bd10f0c0c57cf468a943f01/transformed/bundleLibRuntimeToDirDebug/bundleLibRuntimeToDirDebug_dex, and from all global synthetics files in 
Merging to '/Users/oem/Projects/KapraDaily/android/app/build/intermediates/dex/debug/mergeLibDexDebug/5' with D8 from all or a subset of dex files in /Users/oem/Projects/KapraDaily/node_modules/lottie-react-native/android/build/.transforms/559be5f552bfeb8bf165fb372de5a0dd/transformed/bundleLibRuntimeToDirDebug/bundleLibRuntimeToDirDebug_dex, /Users/oem/Projects/KapraDaily/node_modules/lottie-react-native/android/build/.transforms/559be5f552bfeb8bf165fb372de5a0dd/transformed/bundleLibRuntimeToDirDebug/bundleLibRuntimeToDirDebug_dex, /Users/oem/Projects/KapraDaily/node_modules/lottie-react-native/android/build/.transforms/559be5f552bfeb8bf165fb372de5a0dd/transformed/bundleLibRuntimeToDirDebug/bundleLibRuntimeToDirDebug_dex, /Users/oem/Projects/KapraDaily/node_modules/lottie-react-native/android/build/.transforms/559be5f552bfeb8bf165fb372de5a0dd/transformed/bundleLibRuntimeToDirDebug/bundleLibRuntimeToDirDebug_dex, /Users/oem/Projects/KapraDaily/node_modules/lottie-react-native/android/build/.transforms/559be5f552bfeb8bf165fb372de5a0dd/transformed/bundleLibRuntimeToDirDebug/bundleLibRuntimeToDirDebug_dex, /Users/oem/Projects/KapraDaily/node_modules/lottie-react-native/android/build/.transforms/559be5f552bfeb8bf165fb372de5a0dd/transformed/bundleLibRuntimeToDirDebug/bundleLibRuntimeToDirDebug_dex, /Users/oem/Projects/KapraDaily/node_modules/lottie-react-native/android/build/.transforms/559be5f552bfeb8bf165fb372de5a0dd/transformed/bundleLibRuntimeToDirDebug/bundleLibRuntimeToDirDebug_dex, /Users/oem/Projects/KapraDaily/node_modules/lottie-react-native/android/build/.transforms/559be5f552bfeb8bf165fb372de5a0dd/transformed/bundleLibRuntimeToDirDebug/bundleLibRuntimeToDirDebug_dex, /Users/oem/Projects/KapraDaily/node_modules/lottie-react-native/android/build/.transforms/559be5f552bfeb8bf165fb372de5a0dd/transformed/bundleLibRuntimeToDirDebug/bundleLibRuntimeToDirDebug_dex, /Users/oem/Projects/KapraDaily/node_modules/lottie-react-native/android/build/.transforms/559be5f552bfeb8bf165fb372de5a0dd/transformed/bundleLibRuntimeToDirDebug/bundleLibRuntimeToDirDebug_dex, /Users/oem/Projects/KapraDaily/node_modules/lottie-react-native/android/build/.transforms/559be5f552bfeb8bf165fb372de5a0dd/transformed/bundleLibRuntimeToDirDebug/bundleLibRuntimeToDirDebug_dex, /Users/oem/Projects/KapraDaily/node_modules/lottie-react-native/android/build/.transforms/559be5f552bfeb8bf165fb372de5a0dd/transformed/bundleLibRuntimeToDirDebug/bundleLibRuntimeToDirDebug_dex, /Users/oem/Projects/KapraDaily/node_modules/lottie-react-native/android/build/.transforms/559be5f552bfeb8bf165fb372de5a0dd/transformed/bundleLibRuntimeToDirDebug/bundleLibRuntimeToDirDebug_dex, /Users/oem/Projects/KapraDaily/node_modules/lottie-react-native/android/build/.transforms/559be5f552bfeb8bf165fb372de5a0dd/transformed/bundleLibRuntimeToDirDebug/bundleLibRuntimeToDirDebug_dex, /Users/oem/Projects/KapraDaily/node_modules/react-native-fast-image/android/build/.transforms/aac4aebf1bd10f0c0c57cf468a943f01/transformed/bundleLibRuntimeToDirDebug/bundleLibRuntimeToDirDebug_dex, /Users/oem/Projects/KapraDaily/node_modules/react-native-fast-image/android/build/.transforms/aac4aebf1bd10f0c0c57cf468a943f01/transformed/bundleLibRuntimeToDirDebug/bundleLibRuntimeToDirDebug_dex, /Users/oem/Projects/KapraDaily/node_modules/react-native-fast-image/android/build/.transforms/aac4aebf1bd10f0c0c57cf468a943f01/transformed/bundleLibRuntimeToDirDebug/bundleLibRuntimeToDirDebug_dex, /Users/oem/Projects/KapraDaily/node_modules/react-native-fast-image/android/build/.transforms/aac4aebf1bd10f0c0c57cf468a943f01/transformed/bundleLibRuntimeToDirDebug/bundleLibRuntimeToDirDebug_dex, /Users/oem/Projects/KapraDaily/node_modules/react-native-fast-image/android/build/.transforms/aac4aebf1bd10f0c0c57cf468a943f01/transformed/bundleLibRuntimeToDirDebug/bundleLibRuntimeToDirDebug_dex, /Users/oem/Projects/KapraDaily/node_modules/react-native-fast-image/android/build/.transforms/aac4aebf1bd10f0c0c57cf468a943f01/transformed/bundleLibRuntimeToDirDebug/bundleLibRuntimeToDirDebug_dex, /Users/oem/Projects/KapraDaily/node_modules/react-native-fast-image/android/build/.transforms/aac4aebf1bd10f0c0c57cf468a943f01/transformed/bundleLibRuntimeToDirDebug/bundleLibRuntimeToDirDebug_dex, /Users/oem/Projects/KapraDaily/node_modules/react-native-fast-image/android/build/.transforms/aac4aebf1bd10f0c0c57cf468a943f01/transformed/bundleLibRuntimeToDirDebug/bundleLibRuntimeToDirDebug_dex, /Users/oem/Projects/KapraDaily/node_modules/react-native-fast-image/android/build/.transforms/aac4aebf1bd10f0c0c57cf468a943f01/transformed/bundleLibRuntimeToDirDebug/bundleLibRuntimeToDirDebug_dex, /Users/oem/Projects/KapraDaily/node_modules/react-native-fast-image/android/build/.transforms/aac4aebf1bd10f0c0c57cf468a943f01/transformed/bundleLibRuntimeToDirDebug/bundleLibRuntimeToDirDebug_dex, /Users/oem/Projects/KapraDaily/node_modules/react-native-fast-image/android/build/.transforms/aac4aebf1bd10f0c0c57cf468a943f01/transformed/bundleLibRuntimeToDirDebug/bundleLibRuntimeToDirDebug_dex, /Users/oem/Projects/KapraDaily/node_modules/react-native-fast-image/android/build/.transforms/aac4aebf1bd10f0c0c57cf468a943f01/transformed/bundleLibRuntimeToDirDebug/bundleLibRuntimeToDirDebug_dex, /Users/oem/Projects/KapraDaily/node_modules/react-native-fast-image/android/build/.transforms/aac4aebf1bd10f0c0c57cf468a943f01/transformed/bundleLibRuntimeToDirDebug/bundleLibRuntimeToDirDebug_dex, /Users/oem/Projects/KapraDaily/node_modules/react-native-fast-image/android/build/.transforms/aac4aebf1bd10f0c0c57cf468a943f01/transformed/bundleLibRuntimeToDirDebug/bundleLibRuntimeToDirDebug_dex, /Users/oem/Projects/KapraDaily/node_modules/react-native-fast-image/android/build/.transforms/aac4aebf1bd10f0c0c57cf468a943f01/transformed/bundleLibRuntimeToDirDebug/bundleLibRuntimeToDirDebug_dex, /Users/oem/Projects/KapraDaily/node_modules/react-native-fast-image/android/build/.transforms/aac4aebf1bd10f0c0c57cf468a943f01/transformed/bundleLibRuntimeToDirDebug/bundleLibRuntimeToDirDebug_dex, /Users/oem/Projects/KapraDaily/node_modules/react-native-fast-image/android/build/.transforms/aac4aebf1bd10f0c0c57cf468a943f01/transformed/bundleLibRuntimeToDirDebug/bundleLibRuntimeToDirDebug_dex, /Users/oem/Projects/KapraDaily/node_modules/react-native-fast-image/android/build/.transforms/aac4aebf1bd10f0c0c57cf468a943f01/transformed/bundleLibRuntimeToDirDebug/bundleLibRuntimeToDirDebug_dex, /Users/oem/Projects/KapraDaily/node_modules/react-native-fast-image/android/build/.transforms/aac4aebf1bd10f0c0c57cf468a943f01/transformed/bundleLibRuntimeToDirDebug/bundleLibRuntimeToDirDebug_dex, /Users/oem/Projects/KapraDaily/node_modules/react-native-fast-image/android/build/.transforms/aac4aebf1bd10f0c0c57cf468a943f01/transformed/bundleLibRuntimeToDirDebug/bundleLibRuntimeToDirDebug_dex, /Users/oem/Projects/KapraDaily/node_modules/react-native-fast-image/android/build/.transforms/aac4aebf1bd10f0c0c57cf468a943f01/transformed/bundleLibRuntimeToDirDebug/bundleLibRuntimeToDirDebug_dex, /Users/oem/Projects/KapraDaily/node_modules/react-native-fast-image/android/build/.transforms/aac4aebf1bd10f0c0c57cf468a943f01/transformed/bundleLibRuntimeToDirDebug/bundleLibRuntimeToDirDebug_dex, /Users/oem/Projects/KapraDaily/node_modules/react-native-fast-image/android/build/.transforms/aac4aebf1bd10f0c0c57cf468a943f01/transformed/bundleLibRuntimeToDirDebug/bundleLibRuntimeToDirDebug_dex, /Users/oem/Projects/KapraDaily/node_modules/react-native-fast-image/android/build/.transforms/aac4aebf1bd10f0c0c57cf468a943f01/transformed/bundleLibRuntimeToDirDebug/bundleLibRuntimeToDirDebug_dex, /Users/oem/Projects/KapraDaily/node_modules/react-native-fast-image/android/build/.transforms/aac4aebf1bd10f0c0c57cf468a943f01/transformed/bundleLibRuntimeToDirDebug/bundleLibRuntimeToDirDebug_dex, /Users/oem/Projects/KapraDaily/node_modules/react-native-fast-image/android/build/.transforms/aac4aebf1bd10f0c0c57cf468a943f01/transformed/bundleLibRuntimeToDirDebug/bundleLibRuntimeToDirDebug_dex, /Users/oem/Projects/KapraDaily/node_modules/react-native-fast-image/android/build/.transforms/aac4aebf1bd10f0c0c57cf468a943f01/transformed/bundleLibRuntimeToDirDebug/bundleLibRuntimeToDirDebug_dex, and from all global synthetics files in 
Merging to '/Users/oem/Projects/KapraDaily/android/app/build/intermediates/dex/debug/mergeLibDexDebug/8' with D8 from all or a subset of dex files in /Users/oem/Projects/KapraDaily/node_modules/@react-native-community/geolocation/android/build/.transforms/54c793afa0beed7ee8112c906d270e20/transformed/bundleLibRuntimeToDirDebug/bundleLibRuntimeToDirDebug_dex, /Users/oem/Projects/KapraDaily/node_modules/@react-native-community/geolocation/android/build/.transforms/54c793afa0beed7ee8112c906d270e20/transformed/bundleLibRuntimeToDirDebug/bundleLibRuntimeToDirDebug_dex, /Users/oem/Projects/KapraDaily/node_modules/@react-native-community/geolocation/android/build/.transforms/54c793afa0beed7ee8112c906d270e20/transformed/bundleLibRuntimeToDirDebug/bundleLibRuntimeToDirDebug_dex, /Users/oem/Projects/KapraDaily/node_modules/@react-native-community/geolocation/android/build/.transforms/54c793afa0beed7ee8112c906d270e20/transformed/bundleLibRuntimeToDirDebug/bundleLibRuntimeToDirDebug_dex, /Users/oem/Projects/KapraDaily/node_modules/@react-native-community/geolocation/android/build/.transforms/54c793afa0beed7ee8112c906d270e20/transformed/bundleLibRuntimeToDirDebug/bundleLibRuntimeToDirDebug_dex, /Users/oem/Projects/KapraDaily/node_modules/@react-native-community/geolocation/android/build/.transforms/54c793afa0beed7ee8112c906d270e20/transformed/bundleLibRuntimeToDirDebug/bundleLibRuntimeToDirDebug_dex, /Users/oem/Projects/KapraDaily/node_modules/@react-native-community/geolocation/android/build/.transforms/54c793afa0beed7ee8112c906d270e20/transformed/bundleLibRuntimeToDirDebug/bundleLibRuntimeToDirDebug_dex, /Users/oem/Projects/KapraDaily/node_modules/@react-native-community/geolocation/android/build/.transforms/54c793afa0beed7ee8112c906d270e20/transformed/bundleLibRuntimeToDirDebug/bundleLibRuntimeToDirDebug_dex, /Users/oem/Projects/KapraDaily/node_modules/@react-native-community/geolocation/android/build/.transforms/54c793afa0beed7ee8112c906d270e20/transformed/bundleLibRuntimeToDirDebug/bundleLibRuntimeToDirDebug_dex, /Users/oem/Projects/KapraDaily/node_modules/@react-native-community/geolocation/android/build/.transforms/54c793afa0beed7ee8112c906d270e20/transformed/bundleLibRuntimeToDirDebug/bundleLibRuntimeToDirDebug_dex, /Users/oem/Projects/KapraDaily/node_modules/@react-native-community/geolocation/android/build/.transforms/54c793afa0beed7ee8112c906d270e20/transformed/bundleLibRuntimeToDirDebug/bundleLibRuntimeToDirDebug_dex, /Users/oem/Projects/KapraDaily/node_modules/@react-native-community/geolocation/android/build/.transforms/54c793afa0beed7ee8112c906d270e20/transformed/bundleLibRuntimeToDirDebug/bundleLibRuntimeToDirDebug_dex, /Users/oem/Projects/KapraDaily/node_modules/@react-native-community/geolocation/android/build/.transforms/54c793afa0beed7ee8112c906d270e20/transformed/bundleLibRuntimeToDirDebug/bundleLibRuntimeToDirDebug_dex, /Users/oem/Projects/KapraDaily/node_modules/@react-native-community/geolocation/android/build/.transforms/54c793afa0beed7ee8112c906d270e20/transformed/bundleLibRuntimeToDirDebug/bundleLibRuntimeToDirDebug_dex, /Users/oem/Projects/KapraDaily/node_modules/@react-native-community/geolocation/android/build/.transforms/54c793afa0beed7ee8112c906d270e20/transformed/bundleLibRuntimeToDirDebug/bundleLibRuntimeToDirDebug_dex, /Users/oem/Projects/KapraDaily/node_modules/@react-native-community/geolocation/android/build/.transforms/54c793afa0beed7ee8112c906d270e20/transformed/bundleLibRuntimeToDirDebug/bundleLibRuntimeToDirDebug_dex, /Users/oem/Projects/KapraDaily/node_modules/@react-native-community/geolocation/android/build/.transforms/54c793afa0beed7ee8112c906d270e20/transformed/bundleLibRuntimeToDirDebug/bundleLibRuntimeToDirDebug_dex, /Users/oem/Projects/KapraDaily/node_modules/react-native-otp-verify/android/build/.transforms/7fc5821ac22e1496adc0875f28e6c479/transformed/bundleLibRuntimeToDirDebug/bundleLibRuntimeToDirDebug_dex, /Users/oem/Projects/KapraDaily/node_modules/react-native-otp-verify/android/build/.transforms/7fc5821ac22e1496adc0875f28e6c479/transformed/bundleLibRuntimeToDirDebug/bundleLibRuntimeToDirDebug_dex, /Users/oem/Projects/KapraDaily/node_modules/react-native-otp-verify/android/build/.transforms/7fc5821ac22e1496adc0875f28e6c479/transformed/bundleLibRuntimeToDirDebug/bundleLibRuntimeToDirDebug_dex, /Users/oem/Projects/KapraDaily/node_modules/react-native-otp-verify/android/build/.transforms/7fc5821ac22e1496adc0875f28e6c479/transformed/bundleLibRuntimeToDirDebug/bundleLibRuntimeToDirDebug_dex, /Users/oem/Projects/KapraDaily/node_modules/react-native-otp-verify/android/build/.transforms/7fc5821ac22e1496adc0875f28e6c479/transformed/bundleLibRuntimeToDirDebug/bundleLibRuntimeToDirDebug_dex, /Users/oem/Projects/KapraDaily/node_modules/react-native-otp-verify/android/build/.transforms/7fc5821ac22e1496adc0875f28e6c479/transformed/bundleLibRuntimeToDirDebug/bundleLibRuntimeToDirDebug_dex, /Users/oem/Projects/KapraDaily/node_modules/react-native-otp-verify/android/build/.transforms/7fc5821ac22e1496adc0875f28e6c479/transformed/bundleLibRuntimeToDirDebug/bundleLibRuntimeToDirDebug_dex, /Users/oem/Projects/KapraDaily/node_modules/react-native-otp-verify/android/build/.transforms/7fc5821ac22e1496adc0875f28e6c479/transformed/bundleLibRuntimeToDirDebug/bundleLibRuntimeToDirDebug_dex, /Users/oem/Projects/KapraDaily/node_modules/react-native-otp-verify/android/build/.transforms/7fc5821ac22e1496adc0875f28e6c479/transformed/bundleLibRuntimeToDirDebug/bundleLibRuntimeToDirDebug_dex, and from all global synthetics files in 
Merging to '/Users/oem/Projects/KapraDaily/android/app/build/intermediates/dex/debug/mergeLibDexDebug/7' with D8 from all or a subset of dex files in /Users/oem/Projects/KapraDaily/node_modules/react-native-screens/android/build/.transforms/b1adbfdc04d8f5b9b3513ace69cbbf14/transformed/bundleLibRuntimeToDirDebug/bundleLibRuntimeToDirDebug_dex, /Users/oem/Projects/KapraDaily/node_modules/react-native-screens/android/build/.transforms/b1adbfdc04d8f5b9b3513ace69cbbf14/transformed/bundleLibRuntimeToDirDebug/bundleLibRuntimeToDirDebug_dex, /Users/oem/Projects/KapraDaily/node_modules/react-native-screens/android/build/.transforms/b1adbfdc04d8f5b9b3513ace69cbbf14/transformed/bundleLibRuntimeToDirDebug/bundleLibRuntimeToDirDebug_dex, /Users/oem/Projects/KapraDaily/node_modules/react-native-screens/android/build/.transforms/b1adbfdc04d8f5b9b3513ace69cbbf14/transformed/bundleLibRuntimeToDirDebug/bundleLibRuntimeToDirDebug_dex, /Users/oem/Projects/KapraDaily/node_modules/react-native-screens/android/build/.transforms/b1adbfdc04d8f5b9b3513ace69cbbf14/transformed/bundleLibRuntimeToDirDebug/bundleLibRuntimeToDirDebug_dex, /Users/oem/Projects/KapraDaily/node_modules/react-native-screens/android/build/.transforms/b1adbfdc04d8f5b9b3513ace69cbbf14/transformed/bundleLibRuntimeToDirDebug/bundleLibRuntimeToDirDebug_dex, /Users/oem/Projects/KapraDaily/node_modules/react-native-screens/android/build/.transforms/b1adbfdc04d8f5b9b3513ace69cbbf14/transformed/bundleLibRuntimeToDirDebug/bundleLibRuntimeToDirDebug_dex, /Users/oem/Projects/KapraDaily/node_modules/react-native-screens/android/build/.transforms/b1adbfdc04d8f5b9b3513ace69cbbf14/transformed/bundleLibRuntimeToDirDebug/bundleLibRuntimeToDirDebug_dex, /Users/oem/Projects/KapraDaily/node_modules/react-native-screens/android/build/.transforms/b1adbfdc04d8f5b9b3513ace69cbbf14/transformed/bundleLibRuntimeToDirDebug/bundleLibRuntimeToDirDebug_dex, /Users/oem/Projects/KapraDaily/node_modules/react-native-screens/android/build/.transforms/b1adbfdc04d8f5b9b3513ace69cbbf14/transformed/bundleLibRuntimeToDirDebug/bundleLibRuntimeToDirDebug_dex, /Users/oem/Projects/KapraDaily/node_modules/react-native-screens/android/build/.transforms/b1adbfdc04d8f5b9b3513ace69cbbf14/transformed/bundleLibRuntimeToDirDebug/bundleLibRuntimeToDirDebug_dex, /Users/oem/Projects/KapraDaily/node_modules/react-native-screens/android/build/.transforms/b1adbfdc04d8f5b9b3513ace69cbbf14/transformed/bundleLibRuntimeToDirDebug/bundleLibRuntimeToDirDebug_dex, /Users/oem/Projects/KapraDaily/node_modules/react-native-screens/android/build/.transforms/b1adbfdc04d8f5b9b3513ace69cbbf14/transformed/bundleLibRuntimeToDirDebug/bundleLibRuntimeToDirDebug_dex, /Users/oem/Projects/KapraDaily/node_modules/react-native-screens/android/build/.transforms/b1adbfdc04d8f5b9b3513ace69cbbf14/transformed/bundleLibRuntimeToDirDebug/bundleLibRuntimeToDirDebug_dex, /Users/oem/Projects/KapraDaily/node_modules/react-native-screens/android/build/.transforms/b1adbfdc04d8f5b9b3513ace69cbbf14/transformed/bundleLibRuntimeToDirDebug/bundleLibRuntimeToDirDebug_dex, /Users/oem/Projects/KapraDaily/node_modules/react-native-screens/android/build/.transforms/b1adbfdc04d8f5b9b3513ace69cbbf14/transformed/bundleLibRuntimeToDirDebug/bundleLibRuntimeToDirDebug_dex, /Users/oem/Projects/KapraDaily/node_modules/react-native-screens/android/build/.transforms/b1adbfdc04d8f5b9b3513ace69cbbf14/transformed/bundleLibRuntimeToDirDebug/bundleLibRuntimeToDirDebug_dex, /Users/oem/Projects/KapraDaily/node_modules/react-native-screens/android/build/.transforms/b1adbfdc04d8f5b9b3513ace69cbbf14/transformed/bundleLibRuntimeToDirDebug/bundleLibRuntimeToDirDebug_dex, /Users/oem/Projects/KapraDaily/node_modules/react-native-screens/android/build/.transforms/b1adbfdc04d8f5b9b3513ace69cbbf14/transformed/bundleLibRuntimeToDirDebug/bundleLibRuntimeToDirDebug_dex, /Users/oem/Projects/KapraDaily/node_modules/react-native-screens/android/build/.transforms/b1adbfdc04d8f5b9b3513ace69cbbf14/transformed/bundleLibRuntimeToDirDebug/bundleLibRuntimeToDirDebug_dex, /Users/oem/Projects/KapraDaily/node_modules/react-native-screens/android/build/.transforms/b1adbfdc04d8f5b9b3513ace69cbbf14/transformed/bundleLibRuntimeToDirDebug/bundleLibRuntimeToDirDebug_dex, /Users/oem/Projects/KapraDaily/node_modules/react-native-screens/android/build/.transforms/b1adbfdc04d8f5b9b3513ace69cbbf14/transformed/bundleLibRuntimeToDirDebug/bundleLibRuntimeToDirDebug_dex, /Users/oem/Projects/KapraDaily/node_modules/react-native-screens/android/build/.transforms/b1adbfdc04d8f5b9b3513ace69cbbf14/transformed/bundleLibRuntimeToDirDebug/bundleLibRuntimeToDirDebug_dex, /Users/oem/Projects/KapraDaily/node_modules/react-native-screens/android/build/.transforms/b1adbfdc04d8f5b9b3513ace69cbbf14/transformed/bundleLibRuntimeToDirDebug/bundleLibRuntimeToDirDebug_dex, /Users/oem/Projects/KapraDaily/node_modules/react-native-screens/android/build/.transforms/b1adbfdc04d8f5b9b3513ace69cbbf14/transformed/bundleLibRuntimeToDirDebug/bundleLibRuntimeToDirDebug_dex, /Users/oem/Projects/KapraDaily/node_modules/react-native-screens/android/build/.transforms/b1adbfdc04d8f5b9b3513ace69cbbf14/transformed/bundleLibRuntimeToDirDebug/bundleLibRuntimeToDirDebug_dex, /Users/oem/Projects/KapraDaily/node_modules/react-native-screens/android/build/.transforms/b1adbfdc04d8f5b9b3513ace69cbbf14/transformed/bundleLibRuntimeToDirDebug/bundleLibRuntimeToDirDebug_dex, /Users/oem/Projects/KapraDaily/node_modules/react-native-screens/android/build/.transforms/b1adbfdc04d8f5b9b3513ace69cbbf14/transformed/bundleLibRuntimeToDirDebug/bundleLibRuntimeToDirDebug_dex, /Users/oem/Projects/KapraDaily/node_modules/react-native-screens/android/build/.transforms/b1adbfdc04d8f5b9b3513ace69cbbf14/transformed/bundleLibRuntimeToDirDebug/bundleLibRuntimeToDirDebug_dex, /Users/oem/Projects/KapraDaily/node_modules/react-native-screens/android/build/.transforms/b1adbfdc04d8f5b9b3513ace69cbbf14/transformed/bundleLibRuntimeToDirDebug/bundleLibRuntimeToDirDebug_dex, /Users/oem/Projects/KapraDaily/node_modules/react-native-screens/android/build/.transforms/b1adbfdc04d8f5b9b3513ace69cbbf14/transformed/bundleLibRuntimeToDirDebug/bundleLibRuntimeToDirDebug_dex, /Users/oem/Projects/KapraDaily/node_modules/react-native-screens/android/build/.transforms/b1adbfdc04d8f5b9b3513ace69cbbf14/transformed/bundleLibRuntimeToDirDebug/bundleLibRuntimeToDirDebug_dex, /Users/oem/Projects/KapraDaily/node_modules/react-native-screens/android/build/.transforms/b1adbfdc04d8f5b9b3513ace69cbbf14/transformed/bundleLibRuntimeToDirDebug/bundleLibRuntimeToDirDebug_dex, /Users/oem/Projects/KapraDaily/node_modules/react-native-screens/android/build/.transforms/b1adbfdc04d8f5b9b3513ace69cbbf14/transformed/bundleLibRuntimeToDirDebug/bundleLibRuntimeToDirDebug_dex, /Users/oem/Projects/KapraDaily/node_modules/react-native-screens/android/build/.transforms/b1adbfdc04d8f5b9b3513ace69cbbf14/transformed/bundleLibRuntimeToDirDebug/bundleLibRuntimeToDirDebug_dex, /Users/oem/Projects/KapraDaily/node_modules/react-native-screens/android/build/.transforms/b1adbfdc04d8f5b9b3513ace69cbbf14/transformed/bundleLibRuntimeToDirDebug/bundleLibRuntimeToDirDebug_dex, /Users/oem/Projects/KapraDaily/node_modules/react-native-screens/android/build/.transforms/b1adbfdc04d8f5b9b3513ace69cbbf14/transformed/bundleLibRuntimeToDirDebug/bundleLibRuntimeToDirDebug_dex, /Users/oem/Projects/KapraDaily/node_modules/react-native-screens/android/build/.transforms/b1adbfdc04d8f5b9b3513ace69cbbf14/transformed/bundleLibRuntimeToDirDebug/bundleLibRuntimeToDirDebug_dex, /Users/oem/Projects/KapraDaily/node_modules/react-native-screens/android/build/.transforms/b1adbfdc04d8f5b9b3513ace69cbbf14/transformed/bundleLibRuntimeToDirDebug/bundleLibRuntimeToDirDebug_dex, /Users/oem/Projects/KapraDaily/node_modules/react-native-screens/android/build/.transforms/b1adbfdc04d8f5b9b3513ace69cbbf14/transformed/bundleLibRuntimeToDirDebug/bundleLibRuntimeToDirDebug_dex, /Users/oem/Projects/KapraDaily/node_modules/react-native-screens/android/build/.transforms/b1adbfdc04d8f5b9b3513ace69cbbf14/transformed/bundleLibRuntimeToDirDebug/bundleLibRuntimeToDirDebug_dex, /Users/oem/Projects/KapraDaily/node_modules/react-native-screens/android/build/.transforms/b1adbfdc04d8f5b9b3513ace69cbbf14/transformed/bundleLibRuntimeToDirDebug/bundleLibRuntimeToDirDebug_dex, /Users/oem/Projects/KapraDaily/node_modules/react-native-screens/android/build/.transforms/b1adbfdc04d8f5b9b3513ace69cbbf14/transformed/bundleLibRuntimeToDirDebug/bundleLibRuntimeToDirDebug_dex, /Users/oem/Projects/KapraDaily/node_modules/react-native-svg/android/build/.transforms/c639f12165a4f8a6ed1698a45a99d497/transformed/bundleLibRuntimeToDirDebug/bundleLibRuntimeToDirDebug_dex, /Users/oem/Projects/KapraDaily/node_modules/react-native-svg/android/build/.transforms/c639f12165a4f8a6ed1698a45a99d497/transformed/bundleLibRuntimeToDirDebug/bundleLibRuntimeToDirDebug_dex, and from all global synthetics files in 
Merging to '/Users/oem/Projects/KapraDaily/android/app/build/intermediates/dex/debug/mergeLibDexDebug/1' with D8 from all or a subset of dex files in /Users/oem/Projects/KapraDaily/node_modules/react-native-maps/android/build/.transforms/a16ce52319d4564261a5ea570b0b2757/transformed/bundleLibRuntimeToDirDebug/bundleLibRuntimeToDirDebug_dex, /Users/oem/Projects/KapraDaily/node_modules/react-native-maps/android/build/.transforms/a16ce52319d4564261a5ea570b0b2757/transformed/bundleLibRuntimeToDirDebug/bundleLibRuntimeToDirDebug_dex, /Users/oem/Projects/KapraDaily/node_modules/react-native-maps/android/build/.transforms/a16ce52319d4564261a5ea570b0b2757/transformed/bundleLibRuntimeToDirDebug/bundleLibRuntimeToDirDebug_dex, /Users/oem/Projects/KapraDaily/node_modules/react-native-maps/android/build/.transforms/a16ce52319d4564261a5ea570b0b2757/transformed/bundleLibRuntimeToDirDebug/bundleLibRuntimeToDirDebug_dex, /Users/oem/Projects/KapraDaily/node_modules/react-native-maps/android/build/.transforms/a16ce52319d4564261a5ea570b0b2757/transformed/bundleLibRuntimeToDirDebug/bundleLibRuntimeToDirDebug_dex, /Users/oem/Projects/KapraDaily/node_modules/react-native-maps/android/build/.transforms/a16ce52319d4564261a5ea570b0b2757/transformed/bundleLibRuntimeToDirDebug/bundleLibRuntimeToDirDebug_dex, /Users/oem/Projects/KapraDaily/node_modules/react-native-maps/android/build/.transforms/a16ce52319d4564261a5ea570b0b2757/transformed/bundleLibRuntimeToDirDebug/bundleLibRuntimeToDirDebug_dex, /Users/oem/Projects/KapraDaily/node_modules/react-native-maps/android/build/.transforms/a16ce52319d4564261a5ea570b0b2757/transformed/bundleLibRuntimeToDirDebug/bundleLibRuntimeToDirDebug_dex, /Users/oem/Projects/KapraDaily/node_modules/react-native-maps/android/build/.transforms/a16ce52319d4564261a5ea570b0b2757/transformed/bundleLibRuntimeToDirDebug/bundleLibRuntimeToDirDebug_dex, /Users/oem/Projects/KapraDaily/node_modules/react-native-maps/android/build/.transforms/a16ce52319d4564261a5ea570b0b2757/transformed/bundleLibRuntimeToDirDebug/bundleLibRuntimeToDirDebug_dex, /Users/oem/Projects/KapraDaily/node_modules/react-native-maps/android/build/.transforms/a16ce52319d4564261a5ea570b0b2757/transformed/bundleLibRuntimeToDirDebug/bundleLibRuntimeToDirDebug_dex, /Users/oem/Projects/KapraDaily/node_modules/react-native-maps/android/build/.transforms/a16ce52319d4564261a5ea570b0b2757/transformed/bundleLibRuntimeToDirDebug/bundleLibRuntimeToDirDebug_dex, /Users/oem/Projects/KapraDaily/node_modules/react-native-maps/android/build/.transforms/a16ce52319d4564261a5ea570b0b2757/transformed/bundleLibRuntimeToDirDebug/bundleLibRuntimeToDirDebug_dex, /Users/oem/Projects/KapraDaily/node_modules/react-native-maps/android/build/.transforms/a16ce52319d4564261a5ea570b0b2757/transformed/bundleLibRuntimeToDirDebug/bundleLibRuntimeToDirDebug_dex, /Users/oem/Projects/KapraDaily/node_modules/react-native-maps/android/build/.transforms/a16ce52319d4564261a5ea570b0b2757/transformed/bundleLibRuntimeToDirDebug/bundleLibRuntimeToDirDebug_dex, /Users/oem/Projects/KapraDaily/node_modules/react-native-maps/android/build/.transforms/a16ce52319d4564261a5ea570b0b2757/transformed/bundleLibRuntimeToDirDebug/bundleLibRuntimeToDirDebug_dex, /Users/oem/Projects/KapraDaily/node_modules/react-native-maps/android/build/.transforms/a16ce52319d4564261a5ea570b0b2757/transformed/bundleLibRuntimeToDirDebug/bundleLibRuntimeToDirDebug_dex, /Users/oem/Projects/KapraDaily/node_modules/react-native-maps/android/build/.transforms/a16ce52319d4564261a5ea570b0b2757/transformed/bundleLibRuntimeToDirDebug/bundleLibRuntimeToDirDebug_dex, /Users/oem/Projects/KapraDaily/node_modules/react-native-maps/android/build/.transforms/a16ce52319d4564261a5ea570b0b2757/transformed/bundleLibRuntimeToDirDebug/bundleLibRuntimeToDirDebug_dex, /Users/oem/Projects/KapraDaily/node_modules/react-native-maps/android/build/.transforms/a16ce52319d4564261a5ea570b0b2757/transformed/bundleLibRuntimeToDirDebug/bundleLibRuntimeToDirDebug_dex, /Users/oem/Projects/KapraDaily/node_modules/react-native-maps/android/build/.transforms/a16ce52319d4564261a5ea570b0b2757/transformed/bundleLibRuntimeToDirDebug/bundleLibRuntimeToDirDebug_dex, /Users/oem/Projects/KapraDaily/node_modules/react-native-maps/android/build/.transforms/a16ce52319d4564261a5ea570b0b2757/transformed/bundleLibRuntimeToDirDebug/bundleLibRuntimeToDirDebug_dex, /Users/oem/Projects/KapraDaily/node_modules/react-native-maps/android/build/.transforms/a16ce52319d4564261a5ea570b0b2757/transformed/bundleLibRuntimeToDirDebug/bundleLibRuntimeToDirDebug_dex, /Users/oem/Projects/KapraDaily/node_modules/react-native-maps/android/build/.transforms/a16ce52319d4564261a5ea570b0b2757/transformed/bundleLibRuntimeToDirDebug/bundleLibRuntimeToDirDebug_dex, /Users/oem/Projects/KapraDaily/node_modules/react-native-maps/android/build/.transforms/a16ce52319d4564261a5ea570b0b2757/transformed/bundleLibRuntimeToDirDebug/bundleLibRuntimeToDirDebug_dex, /Users/oem/Projects/KapraDaily/node_modules/react-native-maps/android/build/.transforms/a16ce52319d4564261a5ea570b0b2757/transformed/bundleLibRuntimeToDirDebug/bundleLibRuntimeToDirDebug_dex, /Users/oem/Projects/KapraDaily/node_modules/react-native-maps/android/build/.transforms/a16ce52319d4564261a5ea570b0b2757/transformed/bundleLibRuntimeToDirDebug/bundleLibRuntimeToDirDebug_dex, /Users/oem/Projects/KapraDaily/node_modules/react-native-maps/android/build/.transforms/a16ce52319d4564261a5ea570b0b2757/transformed/bundleLibRuntimeToDirDebug/bundleLibRuntimeToDirDebug_dex, /Users/oem/Projects/KapraDaily/node_modules/react-native-maps/android/build/.transforms/a16ce52319d4564261a5ea570b0b2757/transformed/bundleLibRuntimeToDirDebug/bundleLibRuntimeToDirDebug_dex, /Users/oem/Projects/KapraDaily/node_modules/react-native-maps/android/build/.transforms/a16ce52319d4564261a5ea570b0b2757/transformed/bundleLibRuntimeToDirDebug/bundleLibRuntimeToDirDebug_dex, /Users/oem/Projects/KapraDaily/node_modules/react-native-maps/android/build/.transforms/a16ce52319d4564261a5ea570b0b2757/transformed/bundleLibRuntimeToDirDebug/bundleLibRuntimeToDirDebug_dex, /Users/oem/Projects/KapraDaily/node_modules/react-native-maps/android/build/.transforms/a16ce52319d4564261a5ea570b0b2757/transformed/bundleLibRuntimeToDirDebug/bundleLibRuntimeToDirDebug_dex, /Users/oem/Projects/KapraDaily/node_modules/react-native-maps/android/build/.transforms/a16ce52319d4564261a5ea570b0b2757/transformed/bundleLibRuntimeToDirDebug/bundleLibRuntimeToDirDebug_dex, /Users/oem/Projects/KapraDaily/node_modules/react-native-maps/android/build/.transforms/a16ce52319d4564261a5ea570b0b2757/transformed/bundleLibRuntimeToDirDebug/bundleLibRuntimeToDirDebug_dex, /Users/oem/Projects/KapraDaily/node_modules/react-native-maps/android/build/.transforms/a16ce52319d4564261a5ea570b0b2757/transformed/bundleLibRuntimeToDirDebug/bundleLibRuntimeToDirDebug_dex, /Users/oem/Projects/KapraDaily/node_modules/react-native-maps/android/build/.transforms/a16ce52319d4564261a5ea570b0b2757/transformed/bundleLibRuntimeToDirDebug/bundleLibRuntimeToDirDebug_dex, /Users/oem/Projects/KapraDaily/node_modules/react-native-maps/android/build/.transforms/a16ce52319d4564261a5ea570b0b2757/transformed/bundleLibRuntimeToDirDebug/bundleLibRuntimeToDirDebug_dex, /Users/oem/Projects/KapraDaily/node_modules/react-native-maps/android/build/.transforms/a16ce52319d4564261a5ea570b0b2757/transformed/bundleLibRuntimeToDirDebug/bundleLibRuntimeToDirDebug_dex, /Users/oem/Projects/KapraDaily/node_modules/react-native-maps/android/build/.transforms/a16ce52319d4564261a5ea570b0b2757/transformed/bundleLibRuntimeToDirDebug/bundleLibRuntimeToDirDebug_dex, /Users/oem/Projects/KapraDaily/node_modules/react-native-maps/android/build/.transforms/a16ce52319d4564261a5ea570b0b2757/transformed/bundleLibRuntimeToDirDebug/bundleLibRuntimeToDirDebug_dex, /Users/oem/Projects/KapraDaily/node_modules/react-native-maps/android/build/.transforms/a16ce52319d4564261a5ea570b0b2757/transformed/bundleLibRuntimeToDirDebug/bundleLibRuntimeToDirDebug_dex, /Users/oem/Projects/KapraDaily/node_modules/react-native-maps/android/build/.transforms/a16ce52319d4564261a5ea570b0b2757/transformed/bundleLibRuntimeToDirDebug/bundleLibRuntimeToDirDebug_dex, /Users/oem/Projects/KapraDaily/node_modules/react-native-maps/android/build/.transforms/a16ce52319d4564261a5ea570b0b2757/transformed/bundleLibRuntimeToDirDebug/bundleLibRuntimeToDirDebug_dex, /Users/oem/Projects/KapraDaily/node_modules/react-native-maps/android/build/.transforms/a16ce52319d4564261a5ea570b0b2757/transformed/bundleLibRuntimeToDirDebug/bundleLibRuntimeToDirDebug_dex, /Users/oem/Projects/KapraDaily/node_modules/react-native-maps/android/build/.transforms/a16ce52319d4564261a5ea570b0b2757/transformed/bundleLibRuntimeToDirDebug/bundleLibRuntimeToDirDebug_dex, /Users/oem/Projects/KapraDaily/node_modules/react-native-maps/android/build/.transforms/a16ce52319d4564261a5ea570b0b2757/transformed/bundleLibRuntimeToDirDebug/bundleLibRuntimeToDirDebug_dex, /Users/oem/Projects/KapraDaily/node_modules/react-native-maps/android/build/.transforms/a16ce52319d4564261a5ea570b0b2757/transformed/bundleLibRuntimeToDirDebug/bundleLibRuntimeToDirDebug_dex, /Users/oem/Projects/KapraDaily/node_modules/react-native-maps/android/build/.transforms/a16ce52319d4564261a5ea570b0b2757/transformed/bundleLibRuntimeToDirDebug/bundleLibRuntimeToDirDebug_dex, /Users/oem/Projects/KapraDaily/node_modules/react-native-maps/android/build/.transforms/a16ce52319d4564261a5ea570b0b2757/transformed/bundleLibRuntimeToDirDebug/bundleLibRuntimeToDirDebug_dex, /Users/oem/Projects/KapraDaily/node_modules/react-native-maps/android/build/.transforms/a16ce52319d4564261a5ea570b0b2757/transformed/bundleLibRuntimeToDirDebug/bundleLibRuntimeToDirDebug_dex, /Users/oem/Projects/KapraDaily/node_modules/react-native-maps/android/build/.transforms/a16ce52319d4564261a5ea570b0b2757/transformed/bundleLibRuntimeToDirDebug/bundleLibRuntimeToDirDebug_dex, /Users/oem/Projects/KapraDaily/node_modules/react-native-maps/android/build/.transforms/a16ce52319d4564261a5ea570b0b2757/transformed/bundleLibRuntimeToDirDebug/bundleLibRuntimeToDirDebug_dex, /Users/oem/Projects/KapraDaily/node_modules/react-native-maps/android/build/.transforms/a16ce52319d4564261a5ea570b0b2757/transformed/bundleLibRuntimeToDirDebug/bundleLibRuntimeToDirDebug_dex, /Users/oem/Projects/KapraDaily/node_modules/react-native-maps/android/build/.transforms/a16ce52319d4564261a5ea570b0b2757/transformed/bundleLibRuntimeToDirDebug/bundleLibRuntimeToDirDebug_dex, /Users/oem/Projects/KapraDaily/node_modules/react-native-maps/android/build/.transforms/a16ce52319d4564261a5ea570b0b2757/transformed/bundleLibRuntimeToDirDebug/bundleLibRuntimeToDirDebug_dex, /Users/oem/Projects/KapraDaily/node_modules/react-native-maps/android/build/.transforms/a16ce52319d4564261a5ea570b0b2757/transformed/bundleLibRuntimeToDirDebug/bundleLibRuntimeToDirDebug_dex, /Users/oem/Projects/KapraDaily/node_modules/react-native-maps/android/build/.transforms/a16ce52319d4564261a5ea570b0b2757/transformed/bundleLibRuntimeToDirDebug/bundleLibRuntimeToDirDebug_dex, /Users/oem/Projects/KapraDaily/node_modules/react-native-maps/android/build/.transforms/a16ce52319d4564261a5ea570b0b2757/transformed/bundleLibRuntimeToDirDebug/bundleLibRuntimeToDirDebug_dex, /Users/oem/Projects/KapraDaily/node_modules/react-native-maps/android/build/.transforms/a16ce52319d4564261a5ea570b0b2757/transformed/bundleLibRuntimeToDirDebug/bundleLibRuntimeToDirDebug_dex, /Users/oem/Projects/KapraDaily/node_modules/react-native-maps/android/build/.transforms/a16ce52319d4564261a5ea570b0b2757/transformed/bundleLibRuntimeToDirDebug/bundleLibRuntimeToDirDebug_dex, /Users/oem/Projects/KapraDaily/node_modules/react-native-maps/android/build/.transforms/a16ce52319d4564261a5ea570b0b2757/transformed/bundleLibRuntimeToDirDebug/bundleLibRuntimeToDirDebug_dex, /Users/oem/Projects/KapraDaily/node_modules/react-native-maps/android/build/.transforms/a16ce52319d4564261a5ea570b0b2757/transformed/bundleLibRuntimeToDirDebug/bundleLibRuntimeToDirDebug_dex, /Users/oem/Projects/KapraDaily/node_modules/react-native-maps/android/build/.transforms/a16ce52319d4564261a5ea570b0b2757/transformed/bundleLibRuntimeToDirDebug/bundleLibRuntimeToDirDebug_dex, /Users/oem/Projects/KapraDaily/node_modules/react-native-maps/android/build/.transforms/a16ce52319d4564261a5ea570b0b2757/transformed/bundleLibRuntimeToDirDebug/bundleLibRuntimeToDirDebug_dex, /Users/oem/Projects/KapraDaily/node_modules/react-native-maps/android/build/.transforms/a16ce52319d4564261a5ea570b0b2757/transformed/bundleLibRuntimeToDirDebug/bundleLibRuntimeToDirDebug_dex, /Users/oem/Projects/KapraDaily/node_modules/react-native-maps/android/build/.transforms/a16ce52319d4564261a5ea570b0b2757/transformed/bundleLibRuntimeToDirDebug/bundleLibRuntimeToDirDebug_dex, /Users/oem/Projects/KapraDaily/node_modules/react-native-maps/android/build/.transforms/a16ce52319d4564261a5ea570b0b2757/transformed/bundleLibRuntimeToDirDebug/bundleLibRuntimeToDirDebug_dex, /Users/oem/Projects/KapraDaily/node_modules/react-native-maps/android/build/.transforms/a16ce52319d4564261a5ea570b0b2757/transformed/bundleLibRuntimeToDirDebug/bundleLibRuntimeToDirDebug_dex, /Users/oem/Projects/KapraDaily/node_modules/react-native-maps/android/build/.transforms/a16ce52319d4564261a5ea570b0b2757/transformed/bundleLibRuntimeToDirDebug/bundleLibRuntimeToDirDebug_dex, /Users/oem/Projects/KapraDaily/node_modules/react-native-maps/android/build/.transforms/a16ce52319d4564261a5ea570b0b2757/transformed/bundleLibRuntimeToDirDebug/bundleLibRuntimeToDirDebug_dex, /Users/oem/Projects/KapraDaily/node_modules/react-native-maps/android/build/.transforms/a16ce52319d4564261a5ea570b0b2757/transformed/bundleLibRuntimeToDirDebug/bundleLibRuntimeToDirDebug_dex, /Users/oem/Projects/KapraDaily/node_modules/react-native-maps/android/build/.transforms/a16ce52319d4564261a5ea570b0b2757/transformed/bundleLibRuntimeToDirDebug/bundleLibRuntimeToDirDebug_dex, /Users/oem/Projects/KapraDaily/node_modules/react-native-maps/android/build/.transforms/a16ce52319d4564261a5ea570b0b2757/transformed/bundleLibRuntimeToDirDebug/bundleLibRuntimeToDirDebug_dex, /Users/oem/Projects/KapraDaily/node_modules/react-native-permissions/android/build/.transforms/9bcd1acc43828ee6dfd45943d9193212/transformed/bundleLibRuntimeToDirDebug/bundleLibRuntimeToDirDebug_dex, /Users/oem/Projects/KapraDaily/node_modules/react-native-permissions/android/build/.transforms/9bcd1acc43828ee6dfd45943d9193212/transformed/bundleLibRuntimeToDirDebug/bundleLibRuntimeToDirDebug_dex, /Users/oem/Projects/KapraDaily/node_modules/react-native-permissions/android/build/.transforms/9bcd1acc43828ee6dfd45943d9193212/transformed/bundleLibRuntimeToDirDebug/bundleLibRuntimeToDirDebug_dex, /Users/oem/Projects/KapraDaily/node_modules/react-native-permissions/android/build/.transforms/9bcd1acc43828ee6dfd45943d9193212/transformed/bundleLibRuntimeToDirDebug/bundleLibRuntimeToDirDebug_dex, /Users/oem/Projects/KapraDaily/node_modules/react-native-permissions/android/build/.transforms/9bcd1acc43828ee6dfd45943d9193212/transformed/bundleLibRuntimeToDirDebug/bundleLibRuntimeToDirDebug_dex, /Users/oem/Projects/KapraDaily/node_modules/react-native-screens/android/build/.transforms/b1adbfdc04d8f5b9b3513ace69cbbf14/transformed/bundleLibRuntimeToDirDebug/bundleLibRuntimeToDirDebug_dex, /Users/oem/Projects/KapraDaily/node_modules/react-native-screens/android/build/.transforms/b1adbfdc04d8f5b9b3513ace69cbbf14/transformed/bundleLibRuntimeToDirDebug/bundleLibRuntimeToDirDebug_dex, /Users/oem/Projects/KapraDaily/node_modules/react-native-screens/android/build/.transforms/b1adbfdc04d8f5b9b3513ace69cbbf14/transformed/bundleLibRuntimeToDirDebug/bundleLibRuntimeToDirDebug_dex, /Users/oem/Projects/KapraDaily/node_modules/react-native-screens/android/build/.transforms/b1adbfdc04d8f5b9b3513ace69cbbf14/transformed/bundleLibRuntimeToDirDebug/bundleLibRuntimeToDirDebug_dex, /Users/oem/Projects/KapraDaily/node_modules/react-native-screens/android/build/.transforms/b1adbfdc04d8f5b9b3513ace69cbbf14/transformed/bundleLibRuntimeToDirDebug/bundleLibRuntimeToDirDebug_dex, /Users/oem/Projects/KapraDaily/node_modules/react-native-screens/android/build/.transforms/b1adbfdc04d8f5b9b3513ace69cbbf14/transformed/bundleLibRuntimeToDirDebug/bundleLibRuntimeToDirDebug_dex, /Users/oem/Projects/KapraDaily/node_modules/react-native-screens/android/build/.transforms/b1adbfdc04d8f5b9b3513ace69cbbf14/transformed/bundleLibRuntimeToDirDebug/bundleLibRuntimeToDirDebug_dex, /Users/oem/Projects/KapraDaily/node_modules/react-native-screens/android/build/.transforms/b1adbfdc04d8f5b9b3513ace69cbbf14/transformed/bundleLibRuntimeToDirDebug/bundleLibRuntimeToDirDebug_dex, /Users/oem/Projects/KapraDaily/node_modules/react-native-screens/android/build/.transforms/b1adbfdc04d8f5b9b3513ace69cbbf14/transformed/bundleLibRuntimeToDirDebug/bundleLibRuntimeToDirDebug_dex, /Users/oem/Projects/KapraDaily/node_modules/react-native-screens/android/build/.transforms/b1adbfdc04d8f5b9b3513ace69cbbf14/transformed/bundleLibRuntimeToDirDebug/bundleLibRuntimeToDirDebug_dex, /Users/oem/Projects/KapraDaily/node_modules/react-native-screens/android/build/.transforms/b1adbfdc04d8f5b9b3513ace69cbbf14/transformed/bundleLibRuntimeToDirDebug/bundleLibRuntimeToDirDebug_dex, /Users/oem/Projects/KapraDaily/node_modules/react-native-screens/android/build/.transforms/b1adbfdc04d8f5b9b3513ace69cbbf14/transformed/bundleLibRuntimeToDirDebug/bundleLibRuntimeToDirDebug_dex, /Users/oem/Projects/KapraDaily/node_modules/react-native-screens/android/build/.transforms/b1adbfdc04d8f5b9b3513ace69cbbf14/transformed/bundleLibRuntimeToDirDebug/bundleLibRuntimeToDirDebug_dex, /Users/oem/Projects/KapraDaily/node_modules/react-native-screens/android/build/.transforms/b1adbfdc04d8f5b9b3513ace69cbbf14/transformed/bundleLibRuntimeToDirDebug/bundleLibRuntimeToDirDebug_dex, /Users/oem/Projects/KapraDaily/node_modules/react-native-screens/android/build/.transforms/b1adbfdc04d8f5b9b3513ace69cbbf14/transformed/bundleLibRuntimeToDirDebug/bundleLibRuntimeToDirDebug_dex, /Users/oem/Projects/KapraDaily/node_modules/react-native-screens/android/build/.transforms/b1adbfdc04d8f5b9b3513ace69cbbf14/transformed/bundleLibRuntimeToDirDebug/bundleLibRuntimeToDirDebug_dex, /Users/oem/Projects/KapraDaily/node_modules/react-native-screens/android/build/.transforms/b1adbfdc04d8f5b9b3513ace69cbbf14/transformed/bundleLibRuntimeToDirDebug/bundleLibRuntimeToDirDebug_dex, /Users/oem/Projects/KapraDaily/node_modules/react-native-screens/android/build/.transforms/b1adbfdc04d8f5b9b3513ace69cbbf14/transformed/bundleLibRuntimeToDirDebug/bundleLibRuntimeToDirDebug_dex, /Users/oem/Projects/KapraDaily/node_modules/react-native-screens/android/build/.transforms/b1adbfdc04d8f5b9b3513ace69cbbf14/transformed/bundleLibRuntimeToDirDebug/bundleLibRuntimeToDirDebug_dex, /Users/oem/Projects/KapraDaily/node_modules/react-native-screens/android/build/.transforms/b1adbfdc04d8f5b9b3513ace69cbbf14/transformed/bundleLibRuntimeToDirDebug/bundleLibRuntimeToDirDebug_dex, /Users/oem/Projects/KapraDaily/node_modules/react-native-screens/android/build/.transforms/b1adbfdc04d8f5b9b3513ace69cbbf14/transformed/bundleLibRuntimeToDirDebug/bundleLibRuntimeToDirDebug_dex, /Users/oem/Projects/KapraDaily/node_modules/@react-native-async-storage/async-storage/android/build/.transforms/e6bc916951be2d05ed103b2e780219b2/transformed/bundleLibRuntimeToDirDebug/bundleLibRuntimeToDirDebug_dex, /Users/oem/Projects/KapraDaily/node_modules/@react-native-async-storage/async-storage/android/build/.transforms/e6bc916951be2d05ed103b2e780219b2/transformed/bundleLibRuntimeToDirDebug/bundleLibRuntimeToDirDebug_dex, /Users/oem/Projects/KapraDaily/node_modules/@react-native-async-storage/async-storage/android/build/.transforms/e6bc916951be2d05ed103b2e780219b2/transformed/bundleLibRuntimeToDirDebug/bundleLibRuntimeToDirDebug_dex, /Users/oem/Projects/KapraDaily/node_modules/@react-native-async-storage/async-storage/android/build/.transforms/e6bc916951be2d05ed103b2e780219b2/transformed/bundleLibRuntimeToDirDebug/bundleLibRuntimeToDirDebug_dex, /Users/oem/Projects/KapraDaily/node_modules/@react-native-async-storage/async-storage/android/build/.transforms/e6bc916951be2d05ed103b2e780219b2/transformed/bundleLibRuntimeToDirDebug/bundleLibRuntimeToDirDebug_dex, /Users/oem/Projects/KapraDaily/node_modules/@react-native-async-storage/async-storage/android/build/.transforms/e6bc916951be2d05ed103b2e780219b2/transformed/bundleLibRuntimeToDirDebug/bundleLibRuntimeToDirDebug_dex, /Users/oem/Projects/KapraDaily/node_modules/@react-native-async-storage/async-storage/android/build/.transforms/e6bc916951be2d05ed103b2e780219b2/transformed/bundleLibRuntimeToDirDebug/bundleLibRuntimeToDirDebug_dex, /Users/oem/Projects/KapraDaily/node_modules/@react-native-async-storage/async-storage/android/build/.transforms/e6bc916951be2d05ed103b2e780219b2/transformed/bundleLibRuntimeToDirDebug/bundleLibRuntimeToDirDebug_dex, /Users/oem/Projects/KapraDaily/node_modules/@react-native-async-storage/async-storage/android/build/.transforms/e6bc916951be2d05ed103b2e780219b2/transformed/bundleLibRuntimeToDirDebug/bundleLibRuntimeToDirDebug_dex, /Users/oem/Projects/KapraDaily/node_modules/@react-native-async-storage/async-storage/android/build/.transforms/e6bc916951be2d05ed103b2e780219b2/transformed/bundleLibRuntimeToDirDebug/bundleLibRuntimeToDirDebug_dex, /Users/oem/Projects/KapraDaily/node_modules/@react-native-async-storage/async-storage/android/build/.transforms/e6bc916951be2d05ed103b2e780219b2/transformed/bundleLibRuntimeToDirDebug/bundleLibRuntimeToDirDebug_dex, /Users/oem/Projects/KapraDaily/node_modules/@react-native-async-storage/async-storage/android/build/.transforms/e6bc916951be2d05ed103b2e780219b2/transformed/bundleLibRuntimeToDirDebug/bundleLibRuntimeToDirDebug_dex, /Users/oem/Projects/KapraDaily/node_modules/@react-native-async-storage/async-storage/android/build/.transforms/e6bc916951be2d05ed103b2e780219b2/transformed/bundleLibRuntimeToDirDebug/bundleLibRuntimeToDirDebug_dex, /Users/oem/Projects/KapraDaily/node_modules/@react-native-async-storage/async-storage/android/build/.transforms/e6bc916951be2d05ed103b2e780219b2/transformed/bundleLibRuntimeToDirDebug/bundleLibRuntimeToDirDebug_dex, /Users/oem/Projects/KapraDaily/node_modules/@react-native-async-storage/async-storage/android/build/.transforms/e6bc916951be2d05ed103b2e780219b2/transformed/bundleLibRuntimeToDirDebug/bundleLibRuntimeToDirDebug_dex, /Users/oem/Projects/KapraDaily/node_modules/@react-native-async-storage/async-storage/android/build/.transforms/e6bc916951be2d05ed103b2e780219b2/transformed/bundleLibRuntimeToDirDebug/bundleLibRuntimeToDirDebug_dex, /Users/oem/Projects/KapraDaily/node_modules/@react-native-async-storage/async-storage/android/build/.transforms/e6bc916951be2d05ed103b2e780219b2/transformed/bundleLibRuntimeToDirDebug/bundleLibRuntimeToDirDebug_dex, /Users/oem/Projects/KapraDaily/node_modules/react-native-device-info/android/build/.transforms/aba8646ae167643ffa24089458f57761/transformed/bundleLibRuntimeToDirDebug/bundleLibRuntimeToDirDebug_dex, /Users/oem/Projects/KapraDaily/node_modules/react-native-device-info/android/build/.transforms/aba8646ae167643ffa24089458f57761/transformed/bundleLibRuntimeToDirDebug/bundleLibRuntimeToDirDebug_dex, and from all global synthetics files in 
Merging to '/Users/oem/Projects/KapraDaily/android/app/build/intermediates/dex/debug/mergeLibDexDebug/11' with D8 from all or a subset of dex files in /Users/oem/Projects/KapraDaily/node_modules/react-native-screens/android/build/.transforms/b1adbfdc04d8f5b9b3513ace69cbbf14/transformed/bundleLibRuntimeToDirDebug/bundleLibRuntimeToDirDebug_dex, /Users/oem/Projects/KapraDaily/node_modules/react-native-screens/android/build/.transforms/b1adbfdc04d8f5b9b3513ace69cbbf14/transformed/bundleLibRuntimeToDirDebug/bundleLibRuntimeToDirDebug_dex, /Users/oem/Projects/KapraDaily/node_modules/react-native-screens/android/build/.transforms/b1adbfdc04d8f5b9b3513ace69cbbf14/transformed/bundleLibRuntimeToDirDebug/bundleLibRuntimeToDirDebug_dex, /Users/oem/Projects/KapraDaily/node_modules/react-native-screens/android/build/.transforms/b1adbfdc04d8f5b9b3513ace69cbbf14/transformed/bundleLibRuntimeToDirDebug/bundleLibRuntimeToDirDebug_dex, /Users/oem/Projects/KapraDaily/node_modules/react-native-screens/android/build/.transforms/b1adbfdc04d8f5b9b3513ace69cbbf14/transformed/bundleLibRuntimeToDirDebug/bundleLibRuntimeToDirDebug_dex, /Users/oem/Projects/KapraDaily/node_modules/react-native-screens/android/build/.transforms/b1adbfdc04d8f5b9b3513ace69cbbf14/transformed/bundleLibRuntimeToDirDebug/bundleLibRuntimeToDirDebug_dex, /Users/oem/Projects/KapraDaily/node_modules/react-native-screens/android/build/.transforms/b1adbfdc04d8f5b9b3513ace69cbbf14/transformed/bundleLibRuntimeToDirDebug/bundleLibRuntimeToDirDebug_dex, /Users/oem/Projects/KapraDaily/node_modules/react-native-screens/android/build/.transforms/b1adbfdc04d8f5b9b3513ace69cbbf14/transformed/bundleLibRuntimeToDirDebug/bundleLibRuntimeToDirDebug_dex, /Users/oem/Projects/KapraDaily/node_modules/react-native-screens/android/build/.transforms/b1adbfdc04d8f5b9b3513ace69cbbf14/transformed/bundleLibRuntimeToDirDebug/bundleLibRuntimeToDirDebug_dex, /Users/oem/Projects/KapraDaily/node_modules/react-native-screens/android/build/.transforms/b1adbfdc04d8f5b9b3513ace69cbbf14/transformed/bundleLibRuntimeToDirDebug/bundleLibRuntimeToDirDebug_dex, /Users/oem/Projects/KapraDaily/node_modules/react-native-screens/android/build/.transforms/b1adbfdc04d8f5b9b3513ace69cbbf14/transformed/bundleLibRuntimeToDirDebug/bundleLibRuntimeToDirDebug_dex, /Users/oem/Projects/KapraDaily/node_modules/react-native-screens/android/build/.transforms/b1adbfdc04d8f5b9b3513ace69cbbf14/transformed/bundleLibRuntimeToDirDebug/bundleLibRuntimeToDirDebug_dex, /Users/oem/Projects/KapraDaily/node_modules/react-native-screens/android/build/.transforms/b1adbfdc04d8f5b9b3513ace69cbbf14/transformed/bundleLibRuntimeToDirDebug/bundleLibRuntimeToDirDebug_dex, /Users/oem/Projects/KapraDaily/node_modules/react-native-screens/android/build/.transforms/b1adbfdc04d8f5b9b3513ace69cbbf14/transformed/bundleLibRuntimeToDirDebug/bundleLibRuntimeToDirDebug_dex, /Users/oem/Projects/KapraDaily/node_modules/react-native-screens/android/build/.transforms/b1adbfdc04d8f5b9b3513ace69cbbf14/transformed/bundleLibRuntimeToDirDebug/bundleLibRuntimeToDirDebug_dex, and from all global synthetics files in 
Merging to '/Users/oem/Projects/KapraDaily/android/app/build/intermediates/dex/debug/mergeLibDexDebug/6' with D8 from all or a subset of dex files in /Users/oem/Projects/KapraDaily/node_modules/lottie-react-native/android/build/.transforms/559be5f552bfeb8bf165fb372de5a0dd/transformed/bundleLibRuntimeToDirDebug/bundleLibRuntimeToDirDebug_dex, /Users/oem/Projects/KapraDaily/node_modules/lottie-react-native/android/build/.transforms/559be5f552bfeb8bf165fb372de5a0dd/transformed/bundleLibRuntimeToDirDebug/bundleLibRuntimeToDirDebug_dex, /Users/oem/Projects/KapraDaily/node_modules/react-native-maps/android/build/.transforms/a16ce52319d4564261a5ea570b0b2757/transformed/bundleLibRuntimeToDirDebug/bundleLibRuntimeToDirDebug_dex, /Users/oem/Projects/KapraDaily/node_modules/react-native-maps/android/build/.transforms/a16ce52319d4564261a5ea570b0b2757/transformed/bundleLibRuntimeToDirDebug/bundleLibRuntimeToDirDebug_dex, /Users/oem/Projects/KapraDaily/node_modules/react-native-maps/android/build/.transforms/a16ce52319d4564261a5ea570b0b2757/transformed/bundleLibRuntimeToDirDebug/bundleLibRuntimeToDirDebug_dex, /Users/oem/Projects/KapraDaily/node_modules/react-native-maps/android/build/.transforms/a16ce52319d4564261a5ea570b0b2757/transformed/bundleLibRuntimeToDirDebug/bundleLibRuntimeToDirDebug_dex, /Users/oem/Projects/KapraDaily/node_modules/react-native-maps/android/build/.transforms/a16ce52319d4564261a5ea570b0b2757/transformed/bundleLibRuntimeToDirDebug/bundleLibRuntimeToDirDebug_dex, /Users/oem/Projects/KapraDaily/node_modules/react-native-maps/android/build/.transforms/a16ce52319d4564261a5ea570b0b2757/transformed/bundleLibRuntimeToDirDebug/bundleLibRuntimeToDirDebug_dex, /Users/oem/Projects/KapraDaily/node_modules/react-native-maps/android/build/.transforms/a16ce52319d4564261a5ea570b0b2757/transformed/bundleLibRuntimeToDirDebug/bundleLibRuntimeToDirDebug_dex, /Users/oem/Projects/KapraDaily/node_modules/react-native-maps/android/build/.transforms/a16ce52319d4564261a5ea570b0b2757/transformed/bundleLibRuntimeToDirDebug/bundleLibRuntimeToDirDebug_dex, /Users/oem/Projects/KapraDaily/node_modules/react-native-maps/android/build/.transforms/a16ce52319d4564261a5ea570b0b2757/transformed/bundleLibRuntimeToDirDebug/bundleLibRuntimeToDirDebug_dex, /Users/oem/Projects/KapraDaily/node_modules/react-native-maps/android/build/.transforms/a16ce52319d4564261a5ea570b0b2757/transformed/bundleLibRuntimeToDirDebug/bundleLibRuntimeToDirDebug_dex, /Users/oem/Projects/KapraDaily/node_modules/react-native-maps/android/build/.transforms/a16ce52319d4564261a5ea570b0b2757/transformed/bundleLibRuntimeToDirDebug/bundleLibRuntimeToDirDebug_dex, /Users/oem/Projects/KapraDaily/node_modules/react-native-maps/android/build/.transforms/a16ce52319d4564261a5ea570b0b2757/transformed/bundleLibRuntimeToDirDebug/bundleLibRuntimeToDirDebug_dex, /Users/oem/Projects/KapraDaily/node_modules/react-native-maps/android/build/.transforms/a16ce52319d4564261a5ea570b0b2757/transformed/bundleLibRuntimeToDirDebug/bundleLibRuntimeToDirDebug_dex, /Users/oem/Projects/KapraDaily/node_modules/react-native-maps/android/build/.transforms/a16ce52319d4564261a5ea570b0b2757/transformed/bundleLibRuntimeToDirDebug/bundleLibRuntimeToDirDebug_dex, /Users/oem/Projects/KapraDaily/node_modules/react-native-maps/android/build/.transforms/a16ce52319d4564261a5ea570b0b2757/transformed/bundleLibRuntimeToDirDebug/bundleLibRuntimeToDirDebug_dex, /Users/oem/Projects/KapraDaily/node_modules/react-native-maps/android/build/.transforms/a16ce52319d4564261a5ea570b0b2757/transformed/bundleLibRuntimeToDirDebug/bundleLibRuntimeToDirDebug_dex, /Users/oem/Projects/KapraDaily/node_modules/react-native-maps/android/build/.transforms/a16ce52319d4564261a5ea570b0b2757/transformed/bundleLibRuntimeToDirDebug/bundleLibRuntimeToDirDebug_dex, /Users/oem/Projects/KapraDaily/node_modules/react-native-maps/android/build/.transforms/a16ce52319d4564261a5ea570b0b2757/transformed/bundleLibRuntimeToDirDebug/bundleLibRuntimeToDirDebug_dex, /Users/oem/Projects/KapraDaily/node_modules/react-native-safe-area-context/android/build/.transforms/6e06f8f53a43bc10e89f33397f9e0b54/transformed/bundleLibRuntimeToDirDebug/bundleLibRuntimeToDirDebug_dex, /Users/oem/Projects/KapraDaily/node_modules/react-native-safe-area-context/android/build/.transforms/6e06f8f53a43bc10e89f33397f9e0b54/transformed/bundleLibRuntimeToDirDebug/bundleLibRuntimeToDirDebug_dex, /Users/oem/Projects/KapraDaily/node_modules/react-native-safe-area-context/android/build/.transforms/6e06f8f53a43bc10e89f33397f9e0b54/transformed/bundleLibRuntimeToDirDebug/bundleLibRuntimeToDirDebug_dex, /Users/oem/Projects/KapraDaily/node_modules/react-native-safe-area-context/android/build/.transforms/6e06f8f53a43bc10e89f33397f9e0b54/transformed/bundleLibRuntimeToDirDebug/bundleLibRuntimeToDirDebug_dex, /Users/oem/Projects/KapraDaily/node_modules/react-native-screens/android/build/.transforms/b1adbfdc04d8f5b9b3513ace69cbbf14/transformed/bundleLibRuntimeToDirDebug/bundleLibRuntimeToDirDebug_dex, /Users/oem/Projects/KapraDaily/node_modules/react-native-screens/android/build/.transforms/b1adbfdc04d8f5b9b3513ace69cbbf14/transformed/bundleLibRuntimeToDirDebug/bundleLibRuntimeToDirDebug_dex, /Users/oem/Projects/KapraDaily/node_modules/react-native-screens/android/build/.transforms/b1adbfdc04d8f5b9b3513ace69cbbf14/transformed/bundleLibRuntimeToDirDebug/bundleLibRuntimeToDirDebug_dex, /Users/oem/Projects/KapraDaily/node_modules/react-native-screens/android/build/.transforms/b1adbfdc04d8f5b9b3513ace69cbbf14/transformed/bundleLibRuntimeToDirDebug/bundleLibRuntimeToDirDebug_dex, /Users/oem/Projects/KapraDaily/node_modules/react-native-screens/android/build/.transforms/b1adbfdc04d8f5b9b3513ace69cbbf14/transformed/bundleLibRuntimeToDirDebug/bundleLibRuntimeToDirDebug_dex, /Users/oem/Projects/KapraDaily/node_modules/react-native-screens/android/build/.transforms/b1adbfdc04d8f5b9b3513ace69cbbf14/transformed/bundleLibRuntimeToDirDebug/bundleLibRuntimeToDirDebug_dex, /Users/oem/Projects/KapraDaily/node_modules/react-native-screens/android/build/.transforms/b1adbfdc04d8f5b9b3513ace69cbbf14/transformed/bundleLibRuntimeToDirDebug/bundleLibRuntimeToDirDebug_dex, /Users/oem/Projects/KapraDaily/node_modules/react-native-screens/android/build/.transforms/b1adbfdc04d8f5b9b3513ace69cbbf14/transformed/bundleLibRuntimeToDirDebug/bundleLibRuntimeToDirDebug_dex, /Users/oem/Projects/KapraDaily/node_modules/react-native-screens/android/build/.transforms/b1adbfdc04d8f5b9b3513ace69cbbf14/transformed/bundleLibRuntimeToDirDebug/bundleLibRuntimeToDirDebug_dex, /Users/oem/Projects/KapraDaily/node_modules/react-native-screens/android/build/.transforms/b1adbfdc04d8f5b9b3513ace69cbbf14/transformed/bundleLibRuntimeToDirDebug/bundleLibRuntimeToDirDebug_dex, /Users/oem/Projects/KapraDaily/node_modules/react-native-screens/android/build/.transforms/b1adbfdc04d8f5b9b3513ace69cbbf14/transformed/bundleLibRuntimeToDirDebug/bundleLibRuntimeToDirDebug_dex, /Users/oem/Projects/KapraDaily/node_modules/react-native-screens/android/build/.transforms/b1adbfdc04d8f5b9b3513ace69cbbf14/transformed/bundleLibRuntimeToDirDebug/bundleLibRuntimeToDirDebug_dex, /Users/oem/Projects/KapraDaily/node_modules/react-native-screens/android/build/.transforms/b1adbfdc04d8f5b9b3513ace69cbbf14/transformed/bundleLibRuntimeToDirDebug/bundleLibRuntimeToDirDebug_dex, /Users/oem/Projects/KapraDaily/node_modules/react-native-screens/android/build/.transforms/b1adbfdc04d8f5b9b3513ace69cbbf14/transformed/bundleLibRuntimeToDirDebug/bundleLibRuntimeToDirDebug_dex, /Users/oem/Projects/KapraDaily/node_modules/react-native-screens/android/build/.transforms/b1adbfdc04d8f5b9b3513ace69cbbf14/transformed/bundleLibRuntimeToDirDebug/bundleLibRuntimeToDirDebug_dex, /Users/oem/Projects/KapraDaily/node_modules/react-native-screens/android/build/.transforms/b1adbfdc04d8f5b9b3513ace69cbbf14/transformed/bundleLibRuntimeToDirDebug/bundleLibRuntimeToDirDebug_dex, /Users/oem/Projects/KapraDaily/node_modules/react-native-screens/android/build/.transforms/b1adbfdc04d8f5b9b3513ace69cbbf14/transformed/bundleLibRuntimeToDirDebug/bundleLibRuntimeToDirDebug_dex, /Users/oem/Projects/KapraDaily/node_modules/react-native-screens/android/build/.transforms/b1adbfdc04d8f5b9b3513ace69cbbf14/transformed/bundleLibRuntimeToDirDebug/bundleLibRuntimeToDirDebug_dex, /Users/oem/Projects/KapraDaily/node_modules/react-native-screens/android/build/.transforms/b1adbfdc04d8f5b9b3513ace69cbbf14/transformed/bundleLibRuntimeToDirDebug/bundleLibRuntimeToDirDebug_dex, /Users/oem/Projects/KapraDaily/node_modules/react-native-screens/android/build/.transforms/b1adbfdc04d8f5b9b3513ace69cbbf14/transformed/bundleLibRuntimeToDirDebug/bundleLibRuntimeToDirDebug_dex, /Users/oem/Projects/KapraDaily/node_modules/react-native-screens/android/build/.transforms/b1adbfdc04d8f5b9b3513ace69cbbf14/transformed/bundleLibRuntimeToDirDebug/bundleLibRuntimeToDirDebug_dex, /Users/oem/Projects/KapraDaily/node_modules/react-native-screens/android/build/.transforms/b1adbfdc04d8f5b9b3513ace69cbbf14/transformed/bundleLibRuntimeToDirDebug/bundleLibRuntimeToDirDebug_dex, /Users/oem/Projects/KapraDaily/node_modules/react-native-screens/android/build/.transforms/b1adbfdc04d8f5b9b3513ace69cbbf14/transformed/bundleLibRuntimeToDirDebug/bundleLibRuntimeToDirDebug_dex, /Users/oem/Projects/KapraDaily/node_modules/react-native-screens/android/build/.transforms/b1adbfdc04d8f5b9b3513ace69cbbf14/transformed/bundleLibRuntimeToDirDebug/bundleLibRuntimeToDirDebug_dex, /Users/oem/Projects/KapraDaily/node_modules/react-native-screens/android/build/.transforms/b1adbfdc04d8f5b9b3513ace69cbbf14/transformed/bundleLibRuntimeToDirDebug/bundleLibRuntimeToDirDebug_dex, /Users/oem/Projects/KapraDaily/node_modules/react-native-screens/android/build/.transforms/b1adbfdc04d8f5b9b3513ace69cbbf14/transformed/bundleLibRuntimeToDirDebug/bundleLibRuntimeToDirDebug_dex, /Users/oem/Projects/KapraDaily/node_modules/react-native-screens/android/build/.transforms/b1adbfdc04d8f5b9b3513ace69cbbf14/transformed/bundleLibRuntimeToDirDebug/bundleLibRuntimeToDirDebug_dex, /Users/oem/Projects/KapraDaily/node_modules/react-native-screens/android/build/.transforms/b1adbfdc04d8f5b9b3513ace69cbbf14/transformed/bundleLibRuntimeToDirDebug/bundleLibRuntimeToDirDebug_dex, /Users/oem/Projects/KapraDaily/node_modules/react-native-screens/android/build/.transforms/b1adbfdc04d8f5b9b3513ace69cbbf14/transformed/bundleLibRuntimeToDirDebug/bundleLibRuntimeToDirDebug_dex, /Users/oem/Projects/KapraDaily/node_modules/react-native-screens/android/build/.transforms/b1adbfdc04d8f5b9b3513ace69cbbf14/transformed/bundleLibRuntimeToDirDebug/bundleLibRuntimeToDirDebug_dex, /Users/oem/Projects/KapraDaily/node_modules/react-native-screens/android/build/.transforms/b1adbfdc04d8f5b9b3513ace69cbbf14/transformed/bundleLibRuntimeToDirDebug/bundleLibRuntimeToDirDebug_dex, /Users/oem/Projects/KapraDaily/node_modules/react-native-screens/android/build/.transforms/b1adbfdc04d8f5b9b3513ace69cbbf14/transformed/bundleLibRuntimeToDirDebug/bundleLibRuntimeToDirDebug_dex, /Users/oem/Projects/KapraDaily/node_modules/react-native-screens/android/build/.transforms/b1adbfdc04d8f5b9b3513ace69cbbf14/transformed/bundleLibRuntimeToDirDebug/bundleLibRuntimeToDirDebug_dex, /Users/oem/Projects/KapraDaily/node_modules/react-native-screens/android/build/.transforms/b1adbfdc04d8f5b9b3513ace69cbbf14/transformed/bundleLibRuntimeToDirDebug/bundleLibRuntimeToDirDebug_dex, /Users/oem/Projects/KapraDaily/node_modules/react-native-screens/android/build/.transforms/b1adbfdc04d8f5b9b3513ace69cbbf14/transformed/bundleLibRuntimeToDirDebug/bundleLibRuntimeToDirDebug_dex, /Users/oem/Projects/KapraDaily/node_modules/react-native-screens/android/build/.transforms/b1adbfdc04d8f5b9b3513ace69cbbf14/transformed/bundleLibRuntimeToDirDebug/bundleLibRuntimeToDirDebug_dex, /Users/oem/Projects/KapraDaily/node_modules/react-native-screens/android/build/.transforms/b1adbfdc04d8f5b9b3513ace69cbbf14/transformed/bundleLibRuntimeToDirDebug/bundleLibRuntimeToDirDebug_dex, /Users/oem/Projects/KapraDaily/node_modules/react-native-screens/android/build/.transforms/b1adbfdc04d8f5b9b3513ace69cbbf14/transformed/bundleLibRuntimeToDirDebug/bundleLibRuntimeToDirDebug_dex, /Users/oem/Projects/KapraDaily/node_modules/react-native-screens/android/build/.transforms/b1adbfdc04d8f5b9b3513ace69cbbf14/transformed/bundleLibRuntimeToDirDebug/bundleLibRuntimeToDirDebug_dex, /Users/oem/Projects/KapraDaily/node_modules/react-native-screens/android/build/.transforms/b1adbfdc04d8f5b9b3513ace69cbbf14/transformed/bundleLibRuntimeToDirDebug/bundleLibRuntimeToDirDebug_dex, /Users/oem/Projects/KapraDaily/node_modules/react-native-screens/android/build/.transforms/b1adbfdc04d8f5b9b3513ace69cbbf14/transformed/bundleLibRuntimeToDirDebug/bundleLibRuntimeToDirDebug_dex, /Users/oem/Projects/KapraDaily/node_modules/react-native-screens/android/build/.transforms/b1adbfdc04d8f5b9b3513ace69cbbf14/transformed/bundleLibRuntimeToDirDebug/bundleLibRuntimeToDirDebug_dex, /Users/oem/Projects/KapraDaily/node_modules/react-native-screens/android/build/.transforms/b1adbfdc04d8f5b9b3513ace69cbbf14/transformed/bundleLibRuntimeToDirDebug/bundleLibRuntimeToDirDebug_dex, /Users/oem/Projects/KapraDaily/node_modules/react-native-screens/android/build/.transforms/b1adbfdc04d8f5b9b3513ace69cbbf14/transformed/bundleLibRuntimeToDirDebug/bundleLibRuntimeToDirDebug_dex, /Users/oem/Projects/KapraDaily/node_modules/react-native-screens/android/build/.transforms/b1adbfdc04d8f5b9b3513ace69cbbf14/transformed/bundleLibRuntimeToDirDebug/bundleLibRuntimeToDirDebug_dex, /Users/oem/Projects/KapraDaily/node_modules/react-native-screens/android/build/.transforms/b1adbfdc04d8f5b9b3513ace69cbbf14/transformed/bundleLibRuntimeToDirDebug/bundleLibRuntimeToDirDebug_dex, /Users/oem/Projects/KapraDaily/node_modules/react-native-screens/android/build/.transforms/b1adbfdc04d8f5b9b3513ace69cbbf14/transformed/bundleLibRuntimeToDirDebug/bundleLibRuntimeToDirDebug_dex, /Users/oem/Projects/KapraDaily/node_modules/react-native-screens/android/build/.transforms/b1adbfdc04d8f5b9b3513ace69cbbf14/transformed/bundleLibRuntimeToDirDebug/bundleLibRuntimeToDirDebug_dex, /Users/oem/Projects/KapraDaily/node_modules/react-native-screens/android/build/.transforms/b1adbfdc04d8f5b9b3513ace69cbbf14/transformed/bundleLibRuntimeToDirDebug/bundleLibRuntimeToDirDebug_dex, /Users/oem/Projects/KapraDaily/node_modules/react-native-screens/android/build/.transforms/b1adbfdc04d8f5b9b3513ace69cbbf14/transformed/bundleLibRuntimeToDirDebug/bundleLibRuntimeToDirDebug_dex, /Users/oem/Projects/KapraDaily/node_modules/react-native-screens/android/build/.transforms/b1adbfdc04d8f5b9b3513ace69cbbf14/transformed/bundleLibRuntimeToDirDebug/bundleLibRuntimeToDirDebug_dex, /Users/oem/Projects/KapraDaily/node_modules/react-native-screens/android/build/.transforms/b1adbfdc04d8f5b9b3513ace69cbbf14/transformed/bundleLibRuntimeToDirDebug/bundleLibRuntimeToDirDebug_dex, /Users/oem/Projects/KapraDaily/node_modules/react-native-screens/android/build/.transforms/b1adbfdc04d8f5b9b3513ace69cbbf14/transformed/bundleLibRuntimeToDirDebug/bundleLibRuntimeToDirDebug_dex, /Users/oem/Projects/KapraDaily/node_modules/react-native-screens/android/build/.transforms/b1adbfdc04d8f5b9b3513ace69cbbf14/transformed/bundleLibRuntimeToDirDebug/bundleLibRuntimeToDirDebug_dex, /Users/oem/Projects/KapraDaily/node_modules/react-native-screens/android/build/.transforms/b1adbfdc04d8f5b9b3513ace69cbbf14/transformed/bundleLibRuntimeToDirDebug/bundleLibRuntimeToDirDebug_dex, /Users/oem/Projects/KapraDaily/node_modules/react-native-screens/android/build/.transforms/b1adbfdc04d8f5b9b3513ace69cbbf14/transformed/bundleLibRuntimeToDirDebug/bundleLibRuntimeToDirDebug_dex, /Users/oem/Projects/KapraDaily/node_modules/react-native-screens/android/build/.transforms/b1adbfdc04d8f5b9b3513ace69cbbf14/transformed/bundleLibRuntimeToDirDebug/bundleLibRuntimeToDirDebug_dex, /Users/oem/Projects/KapraDaily/node_modules/react-native-screens/android/build/.transforms/b1adbfdc04d8f5b9b3513ace69cbbf14/transformed/bundleLibRuntimeToDirDebug/bundleLibRuntimeToDirDebug_dex, /Users/oem/Projects/KapraDaily/node_modules/react-native-svg/android/build/.transforms/c639f12165a4f8a6ed1698a45a99d497/transformed/bundleLibRuntimeToDirDebug/bundleLibRuntimeToDirDebug_dex, /Users/oem/Projects/KapraDaily/node_modules/react-native-svg/android/build/.transforms/c639f12165a4f8a6ed1698a45a99d497/transformed/bundleLibRuntimeToDirDebug/bundleLibRuntimeToDirDebug_dex, /Users/oem/Projects/KapraDaily/node_modules/react-native-svg/android/build/.transforms/c639f12165a4f8a6ed1698a45a99d497/transformed/bundleLibRuntimeToDirDebug/bundleLibRuntimeToDirDebug_dex, /Users/oem/Projects/KapraDaily/node_modules/react-native-svg/android/build/.transforms/c639f12165a4f8a6ed1698a45a99d497/transformed/bundleLibRuntimeToDirDebug/bundleLibRuntimeToDirDebug_dex, /Users/oem/Projects/KapraDaily/node_modules/react-native-svg/android/build/.transforms/c639f12165a4f8a6ed1698a45a99d497/transformed/bundleLibRuntimeToDirDebug/bundleLibRuntimeToDirDebug_dex, /Users/oem/Projects/KapraDaily/node_modules/react-native-svg/android/build/.transforms/c639f12165a4f8a6ed1698a45a99d497/transformed/bundleLibRuntimeToDirDebug/bundleLibRuntimeToDirDebug_dex, /Users/oem/Projects/KapraDaily/node_modules/react-native-svg/android/build/.transforms/c639f12165a4f8a6ed1698a45a99d497/transformed/bundleLibRuntimeToDirDebug/bundleLibRuntimeToDirDebug_dex, /Users/oem/Projects/KapraDaily/node_modules/react-native-svg/android/build/.transforms/c639f12165a4f8a6ed1698a45a99d497/transformed/bundleLibRuntimeToDirDebug/bundleLibRuntimeToDirDebug_dex, /Users/oem/Projects/KapraDaily/node_modules/react-native-svg/android/build/.transforms/c639f12165a4f8a6ed1698a45a99d497/transformed/bundleLibRuntimeToDirDebug/bundleLibRuntimeToDirDebug_dex, /Users/oem/Projects/KapraDaily/node_modules/react-native-svg/android/build/.transforms/c639f12165a4f8a6ed1698a45a99d497/transformed/bundleLibRuntimeToDirDebug/bundleLibRuntimeToDirDebug_dex, /Users/oem/Projects/KapraDaily/node_modules/react-native-svg/android/build/.transforms/c639f12165a4f8a6ed1698a45a99d497/transformed/bundleLibRuntimeToDirDebug/bundleLibRuntimeToDirDebug_dex, /Users/oem/Projects/KapraDaily/node_modules/react-native-svg/android/build/.transforms/c639f12165a4f8a6ed1698a45a99d497/transformed/bundleLibRuntimeToDirDebug/bundleLibRuntimeToDirDebug_dex, /Users/oem/Projects/KapraDaily/node_modules/react-native-svg/android/build/.transforms/c639f12165a4f8a6ed1698a45a99d497/transformed/bundleLibRuntimeToDirDebug/bundleLibRuntimeToDirDebug_dex, /Users/oem/Projects/KapraDaily/node_modules/react-native-svg/android/build/.transforms/c639f12165a4f8a6ed1698a45a99d497/transformed/bundleLibRuntimeToDirDebug/bundleLibRuntimeToDirDebug_dex, /Users/oem/Projects/KapraDaily/node_modules/react-native-svg/android/build/.transforms/c639f12165a4f8a6ed1698a45a99d497/transformed/bundleLibRuntimeToDirDebug/bundleLibRuntimeToDirDebug_dex, /Users/oem/Projects/KapraDaily/node_modules/react-native-svg/android/build/.transforms/c639f12165a4f8a6ed1698a45a99d497/transformed/bundleLibRuntimeToDirDebug/bundleLibRuntimeToDirDebug_dex, /Users/oem/Projects/KapraDaily/node_modules/react-native-svg/android/build/.transforms/c639f12165a4f8a6ed1698a45a99d497/transformed/bundleLibRuntimeToDirDebug/bundleLibRuntimeToDirDebug_dex, /Users/oem/Projects/KapraDaily/node_modules/react-native-svg/android/build/.transforms/c639f12165a4f8a6ed1698a45a99d497/transformed/bundleLibRuntimeToDirDebug/bundleLibRuntimeToDirDebug_dex, /Users/oem/Projects/KapraDaily/node_modules/react-native-svg/android/build/.transforms/c639f12165a4f8a6ed1698a45a99d497/transformed/bundleLibRuntimeToDirDebug/bundleLibRuntimeToDirDebug_dex, /Users/oem/Projects/KapraDaily/node_modules/react-native-svg/android/build/.transforms/c639f12165a4f8a6ed1698a45a99d497/transformed/bundleLibRuntimeToDirDebug/bundleLibRuntimeToDirDebug_dex, /Users/oem/Projects/KapraDaily/node_modules/react-native-svg/android/build/.transforms/c639f12165a4f8a6ed1698a45a99d497/transformed/bundleLibRuntimeToDirDebug/bundleLibRuntimeToDirDebug_dex, /Users/oem/Projects/KapraDaily/node_modules/react-native-svg/android/build/.transforms/c639f12165a4f8a6ed1698a45a99d497/transformed/bundleLibRuntimeToDirDebug/bundleLibRuntimeToDirDebug_dex, /Users/oem/Projects/KapraDaily/node_modules/react-native-svg/android/build/.transforms/c639f12165a4f8a6ed1698a45a99d497/transformed/bundleLibRuntimeToDirDebug/bundleLibRuntimeToDirDebug_dex, /Users/oem/Projects/KapraDaily/node_modules/react-native-svg/android/build/.transforms/c639f12165a4f8a6ed1698a45a99d497/transformed/bundleLibRuntimeToDirDebug/bundleLibRuntimeToDirDebug_dex, /Users/oem/Projects/KapraDaily/node_modules/react-native-svg/android/build/.transforms/c639f12165a4f8a6ed1698a45a99d497/transformed/bundleLibRuntimeToDirDebug/bundleLibRuntimeToDirDebug_dex, /Users/oem/Projects/KapraDaily/node_modules/react-native-svg/android/build/.transforms/c639f12165a4f8a6ed1698a45a99d497/transformed/bundleLibRuntimeToDirDebug/bundleLibRuntimeToDirDebug_dex, /Users/oem/Projects/KapraDaily/node_modules/react-native-svg/android/build/.transforms/c639f12165a4f8a6ed1698a45a99d497/transformed/bundleLibRuntimeToDirDebug/bundleLibRuntimeToDirDebug_dex, /Users/oem/Projects/KapraDaily/node_modules/react-native-svg/android/build/.transforms/c639f12165a4f8a6ed1698a45a99d497/transformed/bundleLibRuntimeToDirDebug/bundleLibRuntimeToDirDebug_dex, /Users/oem/Projects/KapraDaily/node_modules/react-native-svg/android/build/.transforms/c639f12165a4f8a6ed1698a45a99d497/transformed/bundleLibRuntimeToDirDebug/bundleLibRuntimeToDirDebug_dex, /Users/oem/Projects/KapraDaily/node_modules/react-native-svg/android/build/.transforms/c639f12165a4f8a6ed1698a45a99d497/transformed/bundleLibRuntimeToDirDebug/bundleLibRuntimeToDirDebug_dex, /Users/oem/Projects/KapraDaily/node_modules/react-native-svg/android/build/.transforms/c639f12165a4f8a6ed1698a45a99d497/transformed/bundleLibRuntimeToDirDebug/bundleLibRuntimeToDirDebug_dex, /Users/oem/Projects/KapraDaily/node_modules/react-native-svg/android/build/.transforms/c639f12165a4f8a6ed1698a45a99d497/transformed/bundleLibRuntimeToDirDebug/bundleLibRuntimeToDirDebug_dex, /Users/oem/Projects/KapraDaily/node_modules/react-native-svg/android/build/.transforms/c639f12165a4f8a6ed1698a45a99d497/transformed/bundleLibRuntimeToDirDebug/bundleLibRuntimeToDirDebug_dex, /Users/oem/Projects/KapraDaily/node_modules/react-native-svg/android/build/.transforms/c639f12165a4f8a6ed1698a45a99d497/transformed/bundleLibRuntimeToDirDebug/bundleLibRuntimeToDirDebug_dex, /Users/oem/Projects/KapraDaily/node_modules/react-native-svg/android/build/.transforms/c639f12165a4f8a6ed1698a45a99d497/transformed/bundleLibRuntimeToDirDebug/bundleLibRuntimeToDirDebug_dex, /Users/oem/Projects/KapraDaily/node_modules/react-native-svg/android/build/.transforms/c639f12165a4f8a6ed1698a45a99d497/transformed/bundleLibRuntimeToDirDebug/bundleLibRuntimeToDirDebug_dex, /Users/oem/Projects/KapraDaily/node_modules/react-native-svg/android/build/.transforms/c639f12165a4f8a6ed1698a45a99d497/transformed/bundleLibRuntimeToDirDebug/bundleLibRuntimeToDirDebug_dex, /Users/oem/Projects/KapraDaily/node_modules/react-native-svg/android/build/.transforms/c639f12165a4f8a6ed1698a45a99d497/transformed/bundleLibRuntimeToDirDebug/bundleLibRuntimeToDirDebug_dex, /Users/oem/Projects/KapraDaily/node_modules/react-native-svg/android/build/.transforms/c639f12165a4f8a6ed1698a45a99d497/transformed/bundleLibRuntimeToDirDebug/bundleLibRuntimeToDirDebug_dex, /Users/oem/Projects/KapraDaily/node_modules/react-native-svg/android/build/.transforms/c639f12165a4f8a6ed1698a45a99d497/transformed/bundleLibRuntimeToDirDebug/bundleLibRuntimeToDirDebug_dex, /Users/oem/Projects/KapraDaily/node_modules/react-native-svg/android/build/.transforms/c639f12165a4f8a6ed1698a45a99d497/transformed/bundleLibRuntimeToDirDebug/bundleLibRuntimeToDirDebug_dex, /Users/oem/Projects/KapraDaily/node_modules/react-native-svg/android/build/.transforms/c639f12165a4f8a6ed1698a45a99d497/transformed/bundleLibRuntimeToDirDebug/bundleLibRuntimeToDirDebug_dex, /Users/oem/Projects/KapraDaily/node_modules/react-native-svg/android/build/.transforms/c639f12165a4f8a6ed1698a45a99d497/transformed/bundleLibRuntimeToDirDebug/bundleLibRuntimeToDirDebug_dex, /Users/oem/Projects/KapraDaily/node_modules/react-native-svg/android/build/.transforms/c639f12165a4f8a6ed1698a45a99d497/transformed/bundleLibRuntimeToDirDebug/bundleLibRuntimeToDirDebug_dex, /Users/oem/Projects/KapraDaily/node_modules/react-native-svg/android/build/.transforms/c639f12165a4f8a6ed1698a45a99d497/transformed/bundleLibRuntimeToDirDebug/bundleLibRuntimeToDirDebug_dex, /Users/oem/Projects/KapraDaily/node_modules/react-native-svg/android/build/.transforms/c639f12165a4f8a6ed1698a45a99d497/transformed/bundleLibRuntimeToDirDebug/bundleLibRuntimeToDirDebug_dex, /Users/oem/Projects/KapraDaily/node_modules/react-native-svg/android/build/.transforms/c639f12165a4f8a6ed1698a45a99d497/transformed/bundleLibRuntimeToDirDebug/bundleLibRuntimeToDirDebug_dex, /Users/oem/Projects/KapraDaily/node_modules/react-native-svg/android/build/.transforms/c639f12165a4f8a6ed1698a45a99d497/transformed/bundleLibRuntimeToDirDebug/bundleLibRuntimeToDirDebug_dex, /Users/oem/Projects/KapraDaily/node_modules/react-native-svg/android/build/.transforms/c639f12165a4f8a6ed1698a45a99d497/transformed/bundleLibRuntimeToDirDebug/bundleLibRuntimeToDirDebug_dex, /Users/oem/Projects/KapraDaily/node_modules/react-native-svg/android/build/.transforms/c639f12165a4f8a6ed1698a45a99d497/transformed/bundleLibRuntimeToDirDebug/bundleLibRuntimeToDirDebug_dex, /Users/oem/Projects/KapraDaily/node_modules/react-native-svg/android/build/.transforms/c639f12165a4f8a6ed1698a45a99d497/transformed/bundleLibRuntimeToDirDebug/bundleLibRuntimeToDirDebug_dex, /Users/oem/Projects/KapraDaily/node_modules/react-native-svg/android/build/.transforms/c639f12165a4f8a6ed1698a45a99d497/transformed/bundleLibRuntimeToDirDebug/bundleLibRuntimeToDirDebug_dex, /Users/oem/Projects/KapraDaily/node_modules/react-native-svg/android/build/.transforms/c639f12165a4f8a6ed1698a45a99d497/transformed/bundleLibRuntimeToDirDebug/bundleLibRuntimeToDirDebug_dex, /Users/oem/Projects/KapraDaily/node_modules/react-native-svg/android/build/.transforms/c639f12165a4f8a6ed1698a45a99d497/transformed/bundleLibRuntimeToDirDebug/bundleLibRuntimeToDirDebug_dex, /Users/oem/Projects/KapraDaily/node_modules/react-native-svg/android/build/.transforms/c639f12165a4f8a6ed1698a45a99d497/transformed/bundleLibRuntimeToDirDebug/bundleLibRuntimeToDirDebug_dex, /Users/oem/Projects/KapraDaily/node_modules/react-native-svg/android/build/.transforms/c639f12165a4f8a6ed1698a45a99d497/transformed/bundleLibRuntimeToDirDebug/bundleLibRuntimeToDirDebug_dex, /Users/oem/Projects/KapraDaily/node_modules/react-native-svg/android/build/.transforms/c639f12165a4f8a6ed1698a45a99d497/transformed/bundleLibRuntimeToDirDebug/bundleLibRuntimeToDirDebug_dex, /Users/oem/Projects/KapraDaily/node_modules/react-native-svg/android/build/.transforms/c639f12165a4f8a6ed1698a45a99d497/transformed/bundleLibRuntimeToDirDebug/bundleLibRuntimeToDirDebug_dex, and from all global synthetics files in 
Merging to '/Users/oem/Projects/KapraDaily/android/app/build/intermediates/dex/debug/mergeLibDexDebug/10' with D8 from all or a subset of dex files in /Users/oem/Projects/KapraDaily/node_modules/react-native-safe-area-context/android/build/.transforms/6e06f8f53a43bc10e89f33397f9e0b54/transformed/bundleLibRuntimeToDirDebug/bundleLibRuntimeToDirDebug_dex, /Users/oem/Projects/KapraDaily/node_modules/react-native-safe-area-context/android/build/.transforms/6e06f8f53a43bc10e89f33397f9e0b54/transformed/bundleLibRuntimeToDirDebug/bundleLibRuntimeToDirDebug_dex, /Users/oem/Projects/KapraDaily/node_modules/react-native-safe-area-context/android/build/.transforms/6e06f8f53a43bc10e89f33397f9e0b54/transformed/bundleLibRuntimeToDirDebug/bundleLibRuntimeToDirDebug_dex, /Users/oem/Projects/KapraDaily/node_modules/react-native-safe-area-context/android/build/.transforms/6e06f8f53a43bc10e89f33397f9e0b54/transformed/bundleLibRuntimeToDirDebug/bundleLibRuntimeToDirDebug_dex, /Users/oem/Projects/KapraDaily/node_modules/react-native-safe-area-context/android/build/.transforms/6e06f8f53a43bc10e89f33397f9e0b54/transformed/bundleLibRuntimeToDirDebug/bundleLibRuntimeToDirDebug_dex, /Users/oem/Projects/KapraDaily/node_modules/react-native-safe-area-context/android/build/.transforms/6e06f8f53a43bc10e89f33397f9e0b54/transformed/bundleLibRuntimeToDirDebug/bundleLibRuntimeToDirDebug_dex, /Users/oem/Projects/KapraDaily/node_modules/react-native-safe-area-context/android/build/.transforms/6e06f8f53a43bc10e89f33397f9e0b54/transformed/bundleLibRuntimeToDirDebug/bundleLibRuntimeToDirDebug_dex, /Users/oem/Projects/KapraDaily/node_modules/react-native-safe-area-context/android/build/.transforms/6e06f8f53a43bc10e89f33397f9e0b54/transformed/bundleLibRuntimeToDirDebug/bundleLibRuntimeToDirDebug_dex, /Users/oem/Projects/KapraDaily/node_modules/react-native-safe-area-context/android/build/.transforms/6e06f8f53a43bc10e89f33397f9e0b54/transformed/bundleLibRuntimeToDirDebug/bundleLibRuntimeToDirDebug_dex, /Users/oem/Projects/KapraDaily/node_modules/react-native-safe-area-context/android/build/.transforms/6e06f8f53a43bc10e89f33397f9e0b54/transformed/bundleLibRuntimeToDirDebug/bundleLibRuntimeToDirDebug_dex, /Users/oem/Projects/KapraDaily/node_modules/react-native-safe-area-context/android/build/.transforms/6e06f8f53a43bc10e89f33397f9e0b54/transformed/bundleLibRuntimeToDirDebug/bundleLibRuntimeToDirDebug_dex, /Users/oem/Projects/KapraDaily/node_modules/react-native-safe-area-context/android/build/.transforms/6e06f8f53a43bc10e89f33397f9e0b54/transformed/bundleLibRuntimeToDirDebug/bundleLibRuntimeToDirDebug_dex, /Users/oem/Projects/KapraDaily/node_modules/react-native-safe-area-context/android/build/.transforms/6e06f8f53a43bc10e89f33397f9e0b54/transformed/bundleLibRuntimeToDirDebug/bundleLibRuntimeToDirDebug_dex, /Users/oem/Projects/KapraDaily/node_modules/react-native-safe-area-context/android/build/.transforms/6e06f8f53a43bc10e89f33397f9e0b54/transformed/bundleLibRuntimeToDirDebug/bundleLibRuntimeToDirDebug_dex, /Users/oem/Projects/KapraDaily/node_modules/react-native-safe-area-context/android/build/.transforms/6e06f8f53a43bc10e89f33397f9e0b54/transformed/bundleLibRuntimeToDirDebug/bundleLibRuntimeToDirDebug_dex, /Users/oem/Projects/KapraDaily/node_modules/react-native-safe-area-context/android/build/.transforms/6e06f8f53a43bc10e89f33397f9e0b54/transformed/bundleLibRuntimeToDirDebug/bundleLibRuntimeToDirDebug_dex, /Users/oem/Projects/KapraDaily/node_modules/react-native-safe-area-context/android/build/.transforms/6e06f8f53a43bc10e89f33397f9e0b54/transformed/bundleLibRuntimeToDirDebug/bundleLibRuntimeToDirDebug_dex, /Users/oem/Projects/KapraDaily/node_modules/react-native-safe-area-context/android/build/.transforms/6e06f8f53a43bc10e89f33397f9e0b54/transformed/bundleLibRuntimeToDirDebug/bundleLibRuntimeToDirDebug_dex, /Users/oem/Projects/KapraDaily/node_modules/react-native-safe-area-context/android/build/.transforms/6e06f8f53a43bc10e89f33397f9e0b54/transformed/bundleLibRuntimeToDirDebug/bundleLibRuntimeToDirDebug_dex, /Users/oem/Projects/KapraDaily/node_modules/react-native-safe-area-context/android/build/.transforms/6e06f8f53a43bc10e89f33397f9e0b54/transformed/bundleLibRuntimeToDirDebug/bundleLibRuntimeToDirDebug_dex, /Users/oem/Projects/KapraDaily/node_modules/react-native-safe-area-context/android/build/.transforms/6e06f8f53a43bc10e89f33397f9e0b54/transformed/bundleLibRuntimeToDirDebug/bundleLibRuntimeToDirDebug_dex, /Users/oem/Projects/KapraDaily/node_modules/react-native-safe-area-context/android/build/.transforms/6e06f8f53a43bc10e89f33397f9e0b54/transformed/bundleLibRuntimeToDirDebug/bundleLibRuntimeToDirDebug_dex, /Users/oem/Projects/KapraDaily/node_modules/react-native-safe-area-context/android/build/.transforms/6e06f8f53a43bc10e89f33397f9e0b54/transformed/bundleLibRuntimeToDirDebug/bundleLibRuntimeToDirDebug_dex, /Users/oem/Projects/KapraDaily/node_modules/react-native-safe-area-context/android/build/.transforms/6e06f8f53a43bc10e89f33397f9e0b54/transformed/bundleLibRuntimeToDirDebug/bundleLibRuntimeToDirDebug_dex, /Users/oem/Projects/KapraDaily/node_modules/react-native-safe-area-context/android/build/.transforms/6e06f8f53a43bc10e89f33397f9e0b54/transformed/bundleLibRuntimeToDirDebug/bundleLibRuntimeToDirDebug_dex, /Users/oem/Projects/KapraDaily/node_modules/react-native-safe-area-context/android/build/.transforms/6e06f8f53a43bc10e89f33397f9e0b54/transformed/bundleLibRuntimeToDirDebug/bundleLibRuntimeToDirDebug_dex, /Users/oem/Projects/KapraDaily/node_modules/react-native-safe-area-context/android/build/.transforms/6e06f8f53a43bc10e89f33397f9e0b54/transformed/bundleLibRuntimeToDirDebug/bundleLibRuntimeToDirDebug_dex, /Users/oem/Projects/KapraDaily/node_modules/react-native-safe-area-context/android/build/.transforms/6e06f8f53a43bc10e89f33397f9e0b54/transformed/bundleLibRuntimeToDirDebug/bundleLibRuntimeToDirDebug_dex, /Users/oem/Projects/KapraDaily/node_modules/react-native-screens/android/build/.transforms/b1adbfdc04d8f5b9b3513ace69cbbf14/transformed/bundleLibRuntimeToDirDebug/bundleLibRuntimeToDirDebug_dex, /Users/oem/Projects/KapraDaily/node_modules/react-native-screens/android/build/.transforms/b1adbfdc04d8f5b9b3513ace69cbbf14/transformed/bundleLibRuntimeToDirDebug/bundleLibRuntimeToDirDebug_dex, /Users/oem/Projects/KapraDaily/node_modules/react-native-screens/android/build/.transforms/b1adbfdc04d8f5b9b3513ace69cbbf14/transformed/bundleLibRuntimeToDirDebug/bundleLibRuntimeToDirDebug_dex, /Users/oem/Projects/KapraDaily/node_modules/react-native-screens/android/build/.transforms/b1adbfdc04d8f5b9b3513ace69cbbf14/transformed/bundleLibRuntimeToDirDebug/bundleLibRuntimeToDirDebug_dex, /Users/oem/Projects/KapraDaily/node_modules/react-native-screens/android/build/.transforms/b1adbfdc04d8f5b9b3513ace69cbbf14/transformed/bundleLibRuntimeToDirDebug/bundleLibRuntimeToDirDebug_dex, /Users/oem/Projects/KapraDaily/node_modules/react-native-screens/android/build/.transforms/b1adbfdc04d8f5b9b3513ace69cbbf14/transformed/bundleLibRuntimeToDirDebug/bundleLibRuntimeToDirDebug_dex, /Users/oem/Projects/KapraDaily/node_modules/react-native-screens/android/build/.transforms/b1adbfdc04d8f5b9b3513ace69cbbf14/transformed/bundleLibRuntimeToDirDebug/bundleLibRuntimeToDirDebug_dex, /Users/oem/Projects/KapraDaily/node_modules/react-native-screens/android/build/.transforms/b1adbfdc04d8f5b9b3513ace69cbbf14/transformed/bundleLibRuntimeToDirDebug/bundleLibRuntimeToDirDebug_dex, /Users/oem/Projects/KapraDaily/node_modules/react-native-screens/android/build/.transforms/b1adbfdc04d8f5b9b3513ace69cbbf14/transformed/bundleLibRuntimeToDirDebug/bundleLibRuntimeToDirDebug_dex, /Users/oem/Projects/KapraDaily/node_modules/react-native-screens/android/build/.transforms/b1adbfdc04d8f5b9b3513ace69cbbf14/transformed/bundleLibRuntimeToDirDebug/bundleLibRuntimeToDirDebug_dex, /Users/oem/Projects/KapraDaily/node_modules/react-native-screens/android/build/.transforms/b1adbfdc04d8f5b9b3513ace69cbbf14/transformed/bundleLibRuntimeToDirDebug/bundleLibRuntimeToDirDebug_dex, /Users/oem/Projects/KapraDaily/node_modules/react-native-screens/android/build/.transforms/b1adbfdc04d8f5b9b3513ace69cbbf14/transformed/bundleLibRuntimeToDirDebug/bundleLibRuntimeToDirDebug_dex, /Users/oem/Projects/KapraDaily/node_modules/react-native-screens/android/build/.transforms/b1adbfdc04d8f5b9b3513ace69cbbf14/transformed/bundleLibRuntimeToDirDebug/bundleLibRuntimeToDirDebug_dex, /Users/oem/Projects/KapraDaily/node_modules/react-native-screens/android/build/.transforms/b1adbfdc04d8f5b9b3513ace69cbbf14/transformed/bundleLibRuntimeToDirDebug/bundleLibRuntimeToDirDebug_dex, /Users/oem/Projects/KapraDaily/node_modules/react-native-screens/android/build/.transforms/b1adbfdc04d8f5b9b3513ace69cbbf14/transformed/bundleLibRuntimeToDirDebug/bundleLibRuntimeToDirDebug_dex, /Users/oem/Projects/KapraDaily/node_modules/react-native-screens/android/build/.transforms/b1adbfdc04d8f5b9b3513ace69cbbf14/transformed/bundleLibRuntimeToDirDebug/bundleLibRuntimeToDirDebug_dex, /Users/oem/Projects/KapraDaily/node_modules/react-native-screens/android/build/.transforms/b1adbfdc04d8f5b9b3513ace69cbbf14/transformed/bundleLibRuntimeToDirDebug/bundleLibRuntimeToDirDebug_dex, /Users/oem/Projects/KapraDaily/node_modules/react-native-screens/android/build/.transforms/b1adbfdc04d8f5b9b3513ace69cbbf14/transformed/bundleLibRuntimeToDirDebug/bundleLibRuntimeToDirDebug_dex, /Users/oem/Projects/KapraDaily/node_modules/react-native-screens/android/build/.transforms/b1adbfdc04d8f5b9b3513ace69cbbf14/transformed/bundleLibRuntimeToDirDebug/bundleLibRuntimeToDirDebug_dex, /Users/oem/Projects/KapraDaily/node_modules/react-native-screens/android/build/.transforms/b1adbfdc04d8f5b9b3513ace69cbbf14/transformed/bundleLibRuntimeToDirDebug/bundleLibRuntimeToDirDebug_dex, /Users/oem/Projects/KapraDaily/node_modules/react-native-screens/android/build/.transforms/b1adbfdc04d8f5b9b3513ace69cbbf14/transformed/bundleLibRuntimeToDirDebug/bundleLibRuntimeToDirDebug_dex, /Users/oem/Projects/KapraDaily/node_modules/react-native-screens/android/build/.transforms/b1adbfdc04d8f5b9b3513ace69cbbf14/transformed/bundleLibRuntimeToDirDebug/bundleLibRuntimeToDirDebug_dex, /Users/oem/Projects/KapraDaily/node_modules/react-native-screens/android/build/.transforms/b1adbfdc04d8f5b9b3513ace69cbbf14/transformed/bundleLibRuntimeToDirDebug/bundleLibRuntimeToDirDebug_dex, /Users/oem/Projects/KapraDaily/node_modules/react-native-screens/android/build/.transforms/b1adbfdc04d8f5b9b3513ace69cbbf14/transformed/bundleLibRuntimeToDirDebug/bundleLibRuntimeToDirDebug_dex, /Users/oem/Projects/KapraDaily/node_modules/react-native-screens/android/build/.transforms/b1adbfdc04d8f5b9b3513ace69cbbf14/transformed/bundleLibRuntimeToDirDebug/bundleLibRuntimeToDirDebug_dex, /Users/oem/Projects/KapraDaily/node_modules/react-native-screens/android/build/.transforms/b1adbfdc04d8f5b9b3513ace69cbbf14/transformed/bundleLibRuntimeToDirDebug/bundleLibRuntimeToDirDebug_dex, /Users/oem/Projects/KapraDaily/node_modules/react-native-screens/android/build/.transforms/b1adbfdc04d8f5b9b3513ace69cbbf14/transformed/bundleLibRuntimeToDirDebug/bundleLibRuntimeToDirDebug_dex, /Users/oem/Projects/KapraDaily/node_modules/react-native-screens/android/build/.transforms/b1adbfdc04d8f5b9b3513ace69cbbf14/transformed/bundleLibRuntimeToDirDebug/bundleLibRuntimeToDirDebug_dex, /Users/oem/Projects/KapraDaily/node_modules/react-native-screens/android/build/.transforms/b1adbfdc04d8f5b9b3513ace69cbbf14/transformed/bundleLibRuntimeToDirDebug/bundleLibRuntimeToDirDebug_dex, /Users/oem/Projects/KapraDaily/node_modules/react-native-screens/android/build/.transforms/b1adbfdc04d8f5b9b3513ace69cbbf14/transformed/bundleLibRuntimeToDirDebug/bundleLibRuntimeToDirDebug_dex, /Users/oem/Projects/KapraDaily/node_modules/react-native-screens/android/build/.transforms/b1adbfdc04d8f5b9b3513ace69cbbf14/transformed/bundleLibRuntimeToDirDebug/bundleLibRuntimeToDirDebug_dex, /Users/oem/Projects/KapraDaily/node_modules/react-native-screens/android/build/.transforms/b1adbfdc04d8f5b9b3513ace69cbbf14/transformed/bundleLibRuntimeToDirDebug/bundleLibRuntimeToDirDebug_dex, /Users/oem/Projects/KapraDaily/node_modules/react-native-screens/android/build/.transforms/b1adbfdc04d8f5b9b3513ace69cbbf14/transformed/bundleLibRuntimeToDirDebug/bundleLibRuntimeToDirDebug_dex, /Users/oem/Projects/KapraDaily/node_modules/react-native-screens/android/build/.transforms/b1adbfdc04d8f5b9b3513ace69cbbf14/transformed/bundleLibRuntimeToDirDebug/bundleLibRuntimeToDirDebug_dex, /Users/oem/Projects/KapraDaily/node_modules/react-native-screens/android/build/.transforms/b1adbfdc04d8f5b9b3513ace69cbbf14/transformed/bundleLibRuntimeToDirDebug/bundleLibRuntimeToDirDebug_dex, /Users/oem/Projects/KapraDaily/node_modules/react-native-screens/android/build/.transforms/b1adbfdc04d8f5b9b3513ace69cbbf14/transformed/bundleLibRuntimeToDirDebug/bundleLibRuntimeToDirDebug_dex, /Users/oem/Projects/KapraDaily/node_modules/react-native-screens/android/build/.transforms/b1adbfdc04d8f5b9b3513ace69cbbf14/transformed/bundleLibRuntimeToDirDebug/bundleLibRuntimeToDirDebug_dex, /Users/oem/Projects/KapraDaily/node_modules/react-native-screens/android/build/.transforms/b1adbfdc04d8f5b9b3513ace69cbbf14/transformed/bundleLibRuntimeToDirDebug/bundleLibRuntimeToDirDebug_dex, /Users/oem/Projects/KapraDaily/node_modules/react-native-screens/android/build/.transforms/b1adbfdc04d8f5b9b3513ace69cbbf14/transformed/bundleLibRuntimeToDirDebug/bundleLibRuntimeToDirDebug_dex, /Users/oem/Projects/KapraDaily/node_modules/react-native-screens/android/build/.transforms/b1adbfdc04d8f5b9b3513ace69cbbf14/transformed/bundleLibRuntimeToDirDebug/bundleLibRuntimeToDirDebug_dex, /Users/oem/Projects/KapraDaily/node_modules/react-native-screens/android/build/.transforms/b1adbfdc04d8f5b9b3513ace69cbbf14/transformed/bundleLibRuntimeToDirDebug/bundleLibRuntimeToDirDebug_dex, /Users/oem/Projects/KapraDaily/node_modules/react-native-screens/android/build/.transforms/b1adbfdc04d8f5b9b3513ace69cbbf14/transformed/bundleLibRuntimeToDirDebug/bundleLibRuntimeToDirDebug_dex, /Users/oem/Projects/KapraDaily/node_modules/react-native-screens/android/build/.transforms/b1adbfdc04d8f5b9b3513ace69cbbf14/transformed/bundleLibRuntimeToDirDebug/bundleLibRuntimeToDirDebug_dex, /Users/oem/Projects/KapraDaily/node_modules/react-native-screens/android/build/.transforms/b1adbfdc04d8f5b9b3513ace69cbbf14/transformed/bundleLibRuntimeToDirDebug/bundleLibRuntimeToDirDebug_dex, /Users/oem/Projects/KapraDaily/node_modules/react-native-screens/android/build/.transforms/b1adbfdc04d8f5b9b3513ace69cbbf14/transformed/bundleLibRuntimeToDirDebug/bundleLibRuntimeToDirDebug_dex, /Users/oem/Projects/KapraDaily/node_modules/react-native-screens/android/build/.transforms/b1adbfdc04d8f5b9b3513ace69cbbf14/transformed/bundleLibRuntimeToDirDebug/bundleLibRuntimeToDirDebug_dex, /Users/oem/Projects/KapraDaily/node_modules/react-native-screens/android/build/.transforms/b1adbfdc04d8f5b9b3513ace69cbbf14/transformed/bundleLibRuntimeToDirDebug/bundleLibRuntimeToDirDebug_dex, /Users/oem/Projects/KapraDaily/node_modules/react-native-screens/android/build/.transforms/b1adbfdc04d8f5b9b3513ace69cbbf14/transformed/bundleLibRuntimeToDirDebug/bundleLibRuntimeToDirDebug_dex, /Users/oem/Projects/KapraDaily/node_modules/react-native-screens/android/build/.transforms/b1adbfdc04d8f5b9b3513ace69cbbf14/transformed/bundleLibRuntimeToDirDebug/bundleLibRuntimeToDirDebug_dex, /Users/oem/Projects/KapraDaily/node_modules/react-native-screens/android/build/.transforms/b1adbfdc04d8f5b9b3513ace69cbbf14/transformed/bundleLibRuntimeToDirDebug/bundleLibRuntimeToDirDebug_dex, /Users/oem/Projects/KapraDaily/node_modules/react-native-screens/android/build/.transforms/b1adbfdc04d8f5b9b3513ace69cbbf14/transformed/bundleLibRuntimeToDirDebug/bundleLibRuntimeToDirDebug_dex, and from all global synthetics files in 
Merging to '/Users/oem/Projects/KapraDaily/android/app/build/intermediates/dex/debug/mergeLibDexDebug/9' with D8 from all or a subset of dex files in /Users/oem/Projects/KapraDaily/node_modules/react-native-screens/android/build/.transforms/b1adbfdc04d8f5b9b3513ace69cbbf14/transformed/bundleLibRuntimeToDirDebug/bundleLibRuntimeToDirDebug_dex, /Users/oem/Projects/KapraDaily/node_modules/react-native-screens/android/build/.transforms/b1adbfdc04d8f5b9b3513ace69cbbf14/transformed/bundleLibRuntimeToDirDebug/bundleLibRuntimeToDirDebug_dex, /Users/oem/Projects/KapraDaily/node_modules/react-native-screens/android/build/.transforms/b1adbfdc04d8f5b9b3513ace69cbbf14/transformed/bundleLibRuntimeToDirDebug/bundleLibRuntimeToDirDebug_dex, /Users/oem/Projects/KapraDaily/node_modules/react-native-screens/android/build/.transforms/b1adbfdc04d8f5b9b3513ace69cbbf14/transformed/bundleLibRuntimeToDirDebug/bundleLibRuntimeToDirDebug_dex, /Users/oem/Projects/KapraDaily/node_modules/react-native-screens/android/build/.transforms/b1adbfdc04d8f5b9b3513ace69cbbf14/transformed/bundleLibRuntimeToDirDebug/bundleLibRuntimeToDirDebug_dex, /Users/oem/Projects/KapraDaily/node_modules/react-native-screens/android/build/.transforms/b1adbfdc04d8f5b9b3513ace69cbbf14/transformed/bundleLibRuntimeToDirDebug/bundleLibRuntimeToDirDebug_dex, /Users/oem/Projects/KapraDaily/node_modules/react-native-screens/android/build/.transforms/b1adbfdc04d8f5b9b3513ace69cbbf14/transformed/bundleLibRuntimeToDirDebug/bundleLibRuntimeToDirDebug_dex, /Users/oem/Projects/KapraDaily/node_modules/react-native-screens/android/build/.transforms/b1adbfdc04d8f5b9b3513ace69cbbf14/transformed/bundleLibRuntimeToDirDebug/bundleLibRuntimeToDirDebug_dex, /Users/oem/Projects/KapraDaily/node_modules/react-native-screens/android/build/.transforms/b1adbfdc04d8f5b9b3513ace69cbbf14/transformed/bundleLibRuntimeToDirDebug/bundleLibRuntimeToDirDebug_dex, /Users/oem/Projects/KapraDaily/node_modules/react-native-screens/android/build/.transforms/b1adbfdc04d8f5b9b3513ace69cbbf14/transformed/bundleLibRuntimeToDirDebug/bundleLibRuntimeToDirDebug_dex, /Users/oem/Projects/KapraDaily/node_modules/react-native-screens/android/build/.transforms/b1adbfdc04d8f5b9b3513ace69cbbf14/transformed/bundleLibRuntimeToDirDebug/bundleLibRuntimeToDirDebug_dex, /Users/oem/Projects/KapraDaily/node_modules/react-native-screens/android/build/.transforms/b1adbfdc04d8f5b9b3513ace69cbbf14/transformed/bundleLibRuntimeToDirDebug/bundleLibRuntimeToDirDebug_dex, /Users/oem/Projects/KapraDaily/node_modules/react-native-screens/android/build/.transforms/b1adbfdc04d8f5b9b3513ace69cbbf14/transformed/bundleLibRuntimeToDirDebug/bundleLibRuntimeToDirDebug_dex, /Users/oem/Projects/KapraDaily/node_modules/react-native-screens/android/build/.transforms/b1adbfdc04d8f5b9b3513ace69cbbf14/transformed/bundleLibRuntimeToDirDebug/bundleLibRuntimeToDirDebug_dex, /Users/oem/Projects/KapraDaily/node_modules/react-native-screens/android/build/.transforms/b1adbfdc04d8f5b9b3513ace69cbbf14/transformed/bundleLibRuntimeToDirDebug/bundleLibRuntimeToDirDebug_dex, /Users/oem/Projects/KapraDaily/node_modules/react-native-screens/android/build/.transforms/b1adbfdc04d8f5b9b3513ace69cbbf14/transformed/bundleLibRuntimeToDirDebug/bundleLibRuntimeToDirDebug_dex, /Users/oem/Projects/KapraDaily/node_modules/react-native-screens/android/build/.transforms/b1adbfdc04d8f5b9b3513ace69cbbf14/transformed/bundleLibRuntimeToDirDebug/bundleLibRuntimeToDirDebug_dex, /Users/oem/Projects/KapraDaily/node_modules/react-native-screens/android/build/.transforms/b1adbfdc04d8f5b9b3513ace69cbbf14/transformed/bundleLibRuntimeToDirDebug/bundleLibRuntimeToDirDebug_dex, /Users/oem/Projects/KapraDaily/node_modules/react-native-screens/android/build/.transforms/b1adbfdc04d8f5b9b3513ace69cbbf14/transformed/bundleLibRuntimeToDirDebug/bundleLibRuntimeToDirDebug_dex, /Users/oem/Projects/KapraDaily/node_modules/react-native-screens/android/build/.transforms/b1adbfdc04d8f5b9b3513ace69cbbf14/transformed/bundleLibRuntimeToDirDebug/bundleLibRuntimeToDirDebug_dex, /Users/oem/Projects/KapraDaily/node_modules/react-native-screens/android/build/.transforms/b1adbfdc04d8f5b9b3513ace69cbbf14/transformed/bundleLibRuntimeToDirDebug/bundleLibRuntimeToDirDebug_dex, /Users/oem/Projects/KapraDaily/node_modules/react-native-screens/android/build/.transforms/b1adbfdc04d8f5b9b3513ace69cbbf14/transformed/bundleLibRuntimeToDirDebug/bundleLibRuntimeToDirDebug_dex, /Users/oem/Projects/KapraDaily/node_modules/react-native-screens/android/build/.transforms/b1adbfdc04d8f5b9b3513ace69cbbf14/transformed/bundleLibRuntimeToDirDebug/bundleLibRuntimeToDirDebug_dex, /Users/oem/Projects/KapraDaily/node_modules/react-native-screens/android/build/.transforms/b1adbfdc04d8f5b9b3513ace69cbbf14/transformed/bundleLibRuntimeToDirDebug/bundleLibRuntimeToDirDebug_dex, /Users/oem/Projects/KapraDaily/node_modules/react-native-screens/android/build/.transforms/b1adbfdc04d8f5b9b3513ace69cbbf14/transformed/bundleLibRuntimeToDirDebug/bundleLibRuntimeToDirDebug_dex, /Users/oem/Projects/KapraDaily/node_modules/react-native-screens/android/build/.transforms/b1adbfdc04d8f5b9b3513ace69cbbf14/transformed/bundleLibRuntimeToDirDebug/bundleLibRuntimeToDirDebug_dex, /Users/oem/Projects/KapraDaily/node_modules/react-native-screens/android/build/.transforms/b1adbfdc04d8f5b9b3513ace69cbbf14/transformed/bundleLibRuntimeToDirDebug/bundleLibRuntimeToDirDebug_dex, /Users/oem/Projects/KapraDaily/node_modules/react-native-screens/android/build/.transforms/b1adbfdc04d8f5b9b3513ace69cbbf14/transformed/bundleLibRuntimeToDirDebug/bundleLibRuntimeToDirDebug_dex, /Users/oem/Projects/KapraDaily/node_modules/react-native-screens/android/build/.transforms/b1adbfdc04d8f5b9b3513ace69cbbf14/transformed/bundleLibRuntimeToDirDebug/bundleLibRuntimeToDirDebug_dex, /Users/oem/Projects/KapraDaily/node_modules/react-native-screens/android/build/.transforms/b1adbfdc04d8f5b9b3513ace69cbbf14/transformed/bundleLibRuntimeToDirDebug/bundleLibRuntimeToDirDebug_dex, /Users/oem/Projects/KapraDaily/node_modules/react-native-screens/android/build/.transforms/b1adbfdc04d8f5b9b3513ace69cbbf14/transformed/bundleLibRuntimeToDirDebug/bundleLibRuntimeToDirDebug_dex, /Users/oem/Projects/KapraDaily/node_modules/react-native-screens/android/build/.transforms/b1adbfdc04d8f5b9b3513ace69cbbf14/transformed/bundleLibRuntimeToDirDebug/bundleLibRuntimeToDirDebug_dex, /Users/oem/Projects/KapraDaily/node_modules/react-native-screens/android/build/.transforms/b1adbfdc04d8f5b9b3513ace69cbbf14/transformed/bundleLibRuntimeToDirDebug/bundleLibRuntimeToDirDebug_dex, /Users/oem/Projects/KapraDaily/node_modules/react-native-screens/android/build/.transforms/b1adbfdc04d8f5b9b3513ace69cbbf14/transformed/bundleLibRuntimeToDirDebug/bundleLibRuntimeToDirDebug_dex, /Users/oem/Projects/KapraDaily/node_modules/react-native-screens/android/build/.transforms/b1adbfdc04d8f5b9b3513ace69cbbf14/transformed/bundleLibRuntimeToDirDebug/bundleLibRuntimeToDirDebug_dex, /Users/oem/Projects/KapraDaily/node_modules/react-native-screens/android/build/.transforms/b1adbfdc04d8f5b9b3513ace69cbbf14/transformed/bundleLibRuntimeToDirDebug/bundleLibRuntimeToDirDebug_dex, /Users/oem/Projects/KapraDaily/node_modules/react-native-screens/android/build/.transforms/b1adbfdc04d8f5b9b3513ace69cbbf14/transformed/bundleLibRuntimeToDirDebug/bundleLibRuntimeToDirDebug_dex, /Users/oem/Projects/KapraDaily/node_modules/react-native-screens/android/build/.transforms/b1adbfdc04d8f5b9b3513ace69cbbf14/transformed/bundleLibRuntimeToDirDebug/bundleLibRuntimeToDirDebug_dex, /Users/oem/Projects/KapraDaily/node_modules/react-native-screens/android/build/.transforms/b1adbfdc04d8f5b9b3513ace69cbbf14/transformed/bundleLibRuntimeToDirDebug/bundleLibRuntimeToDirDebug_dex, /Users/oem/Projects/KapraDaily/node_modules/react-native-screens/android/build/.transforms/b1adbfdc04d8f5b9b3513ace69cbbf14/transformed/bundleLibRuntimeToDirDebug/bundleLibRuntimeToDirDebug_dex, /Users/oem/Projects/KapraDaily/node_modules/react-native-screens/android/build/.transforms/b1adbfdc04d8f5b9b3513ace69cbbf14/transformed/bundleLibRuntimeToDirDebug/bundleLibRuntimeToDirDebug_dex, /Users/oem/Projects/KapraDaily/node_modules/react-native-screens/android/build/.transforms/b1adbfdc04d8f5b9b3513ace69cbbf14/transformed/bundleLibRuntimeToDirDebug/bundleLibRuntimeToDirDebug_dex, /Users/oem/Projects/KapraDaily/node_modules/react-native-screens/android/build/.transforms/b1adbfdc04d8f5b9b3513ace69cbbf14/transformed/bundleLibRuntimeToDirDebug/bundleLibRuntimeToDirDebug_dex, /Users/oem/Projects/KapraDaily/node_modules/react-native-screens/android/build/.transforms/b1adbfdc04d8f5b9b3513ace69cbbf14/transformed/bundleLibRuntimeToDirDebug/bundleLibRuntimeToDirDebug_dex, /Users/oem/Projects/KapraDaily/node_modules/react-native-screens/android/build/.transforms/b1adbfdc04d8f5b9b3513ace69cbbf14/transformed/bundleLibRuntimeToDirDebug/bundleLibRuntimeToDirDebug_dex, /Users/oem/Projects/KapraDaily/node_modules/react-native-screens/android/build/.transforms/b1adbfdc04d8f5b9b3513ace69cbbf14/transformed/bundleLibRuntimeToDirDebug/bundleLibRuntimeToDirDebug_dex, /Users/oem/Projects/KapraDaily/node_modules/react-native-screens/android/build/.transforms/b1adbfdc04d8f5b9b3513ace69cbbf14/transformed/bundleLibRuntimeToDirDebug/bundleLibRuntimeToDirDebug_dex, /Users/oem/Projects/KapraDaily/node_modules/react-native-screens/android/build/.transforms/b1adbfdc04d8f5b9b3513ace69cbbf14/transformed/bundleLibRuntimeToDirDebug/bundleLibRuntimeToDirDebug_dex, /Users/oem/Projects/KapraDaily/node_modules/react-native-screens/android/build/.transforms/b1adbfdc04d8f5b9b3513ace69cbbf14/transformed/bundleLibRuntimeToDirDebug/bundleLibRuntimeToDirDebug_dex, /Users/oem/Projects/KapraDaily/node_modules/react-native-screens/android/build/.transforms/b1adbfdc04d8f5b9b3513ace69cbbf14/transformed/bundleLibRuntimeToDirDebug/bundleLibRuntimeToDirDebug_dex, /Users/oem/Projects/KapraDaily/node_modules/react-native-screens/android/build/.transforms/b1adbfdc04d8f5b9b3513ace69cbbf14/transformed/bundleLibRuntimeToDirDebug/bundleLibRuntimeToDirDebug_dex, /Users/oem/Projects/KapraDaily/node_modules/react-native-screens/android/build/.transforms/b1adbfdc04d8f5b9b3513ace69cbbf14/transformed/bundleLibRuntimeToDirDebug/bundleLibRuntimeToDirDebug_dex, /Users/oem/Projects/KapraDaily/node_modules/react-native-screens/android/build/.transforms/b1adbfdc04d8f5b9b3513ace69cbbf14/transformed/bundleLibRuntimeToDirDebug/bundleLibRuntimeToDirDebug_dex, /Users/oem/Projects/KapraDaily/node_modules/react-native-screens/android/build/.transforms/b1adbfdc04d8f5b9b3513ace69cbbf14/transformed/bundleLibRuntimeToDirDebug/bundleLibRuntimeToDirDebug_dex, /Users/oem/Projects/KapraDaily/node_modules/react-native-screens/android/build/.transforms/b1adbfdc04d8f5b9b3513ace69cbbf14/transformed/bundleLibRuntimeToDirDebug/bundleLibRuntimeToDirDebug_dex, /Users/oem/Projects/KapraDaily/node_modules/react-native-screens/android/build/.transforms/b1adbfdc04d8f5b9b3513ace69cbbf14/transformed/bundleLibRuntimeToDirDebug/bundleLibRuntimeToDirDebug_dex, /Users/oem/Projects/KapraDaily/node_modules/react-native-screens/android/build/.transforms/b1adbfdc04d8f5b9b3513ace69cbbf14/transformed/bundleLibRuntimeToDirDebug/bundleLibRuntimeToDirDebug_dex, /Users/oem/Projects/KapraDaily/node_modules/react-native-screens/android/build/.transforms/b1adbfdc04d8f5b9b3513ace69cbbf14/transformed/bundleLibRuntimeToDirDebug/bundleLibRuntimeToDirDebug_dex, /Users/oem/Projects/KapraDaily/node_modules/react-native-screens/android/build/.transforms/b1adbfdc04d8f5b9b3513ace69cbbf14/transformed/bundleLibRuntimeToDirDebug/bundleLibRuntimeToDirDebug_dex, /Users/oem/Projects/KapraDaily/node_modules/react-native-screens/android/build/.transforms/b1adbfdc04d8f5b9b3513ace69cbbf14/transformed/bundleLibRuntimeToDirDebug/bundleLibRuntimeToDirDebug_dex, /Users/oem/Projects/KapraDaily/node_modules/react-native-screens/android/build/.transforms/b1adbfdc04d8f5b9b3513ace69cbbf14/transformed/bundleLibRuntimeToDirDebug/bundleLibRuntimeToDirDebug_dex, /Users/oem/Projects/KapraDaily/node_modules/react-native-screens/android/build/.transforms/b1adbfdc04d8f5b9b3513ace69cbbf14/transformed/bundleLibRuntimeToDirDebug/bundleLibRuntimeToDirDebug_dex, /Users/oem/Projects/KapraDaily/node_modules/react-native-screens/android/build/.transforms/b1adbfdc04d8f5b9b3513ace69cbbf14/transformed/bundleLibRuntimeToDirDebug/bundleLibRuntimeToDirDebug_dex, /Users/oem/Projects/KapraDaily/node_modules/react-native-screens/android/build/.transforms/b1adbfdc04d8f5b9b3513ace69cbbf14/transformed/bundleLibRuntimeToDirDebug/bundleLibRuntimeToDirDebug_dex, /Users/oem/Projects/KapraDaily/node_modules/react-native-screens/android/build/.transforms/b1adbfdc04d8f5b9b3513ace69cbbf14/transformed/bundleLibRuntimeToDirDebug/bundleLibRuntimeToDirDebug_dex, /Users/oem/Projects/KapraDaily/node_modules/react-native-screens/android/build/.transforms/b1adbfdc04d8f5b9b3513ace69cbbf14/transformed/bundleLibRuntimeToDirDebug/bundleLibRuntimeToDirDebug_dex, /Users/oem/Projects/KapraDaily/node_modules/react-native-screens/android/build/.transforms/b1adbfdc04d8f5b9b3513ace69cbbf14/transformed/bundleLibRuntimeToDirDebug/bundleLibRuntimeToDirDebug_dex, /Users/oem/Projects/KapraDaily/node_modules/react-native-screens/android/build/.transforms/b1adbfdc04d8f5b9b3513ace69cbbf14/transformed/bundleLibRuntimeToDirDebug/bundleLibRuntimeToDirDebug_dex, /Users/oem/Projects/KapraDaily/node_modules/react-native-screens/android/build/.transforms/b1adbfdc04d8f5b9b3513ace69cbbf14/transformed/bundleLibRuntimeToDirDebug/bundleLibRuntimeToDirDebug_dex, /Users/oem/Projects/KapraDaily/node_modules/react-native-screens/android/build/.transforms/b1adbfdc04d8f5b9b3513ace69cbbf14/transformed/bundleLibRuntimeToDirDebug/bundleLibRuntimeToDirDebug_dex, /Users/oem/Projects/KapraDaily/node_modules/react-native-screens/android/build/.transforms/b1adbfdc04d8f5b9b3513ace69cbbf14/transformed/bundleLibRuntimeToDirDebug/bundleLibRuntimeToDirDebug_dex, /Users/oem/Projects/KapraDaily/node_modules/react-native-screens/android/build/.transforms/b1adbfdc04d8f5b9b3513ace69cbbf14/transformed/bundleLibRuntimeToDirDebug/bundleLibRuntimeToDirDebug_dex, /Users/oem/Projects/KapraDaily/node_modules/react-native-screens/android/build/.transforms/b1adbfdc04d8f5b9b3513ace69cbbf14/transformed/bundleLibRuntimeToDirDebug/bundleLibRuntimeToDirDebug_dex, /Users/oem/Projects/KapraDaily/node_modules/react-native-screens/android/build/.transforms/b1adbfdc04d8f5b9b3513ace69cbbf14/transformed/bundleLibRuntimeToDirDebug/bundleLibRuntimeToDirDebug_dex, /Users/oem/Projects/KapraDaily/node_modules/react-native-screens/android/build/.transforms/b1adbfdc04d8f5b9b3513ace69cbbf14/transformed/bundleLibRuntimeToDirDebug/bundleLibRuntimeToDirDebug_dex, /Users/oem/Projects/KapraDaily/node_modules/react-native-screens/android/build/.transforms/b1adbfdc04d8f5b9b3513ace69cbbf14/transformed/bundleLibRuntimeToDirDebug/bundleLibRuntimeToDirDebug_dex, /Users/oem/Projects/KapraDaily/node_modules/react-native-screens/android/build/.transforms/b1adbfdc04d8f5b9b3513ace69cbbf14/transformed/bundleLibRuntimeToDirDebug/bundleLibRuntimeToDirDebug_dex, /Users/oem/Projects/KapraDaily/node_modules/react-native-screens/android/build/.transforms/b1adbfdc04d8f5b9b3513ace69cbbf14/transformed/bundleLibRuntimeToDirDebug/bundleLibRuntimeToDirDebug_dex, /Users/oem/Projects/KapraDaily/node_modules/react-native-screens/android/build/.transforms/b1adbfdc04d8f5b9b3513ace69cbbf14/transformed/bundleLibRuntimeToDirDebug/bundleLibRuntimeToDirDebug_dex, /Users/oem/Projects/KapraDaily/node_modules/react-native-screens/android/build/.transforms/b1adbfdc04d8f5b9b3513ace69cbbf14/transformed/bundleLibRuntimeToDirDebug/bundleLibRuntimeToDirDebug_dex, /Users/oem/Projects/KapraDaily/node_modules/react-native-screens/android/build/.transforms/b1adbfdc04d8f5b9b3513ace69cbbf14/transformed/bundleLibRuntimeToDirDebug/bundleLibRuntimeToDirDebug_dex, /Users/oem/Projects/KapraDaily/node_modules/react-native-screens/android/build/.transforms/b1adbfdc04d8f5b9b3513ace69cbbf14/transformed/bundleLibRuntimeToDirDebug/bundleLibRuntimeToDirDebug_dex, /Users/oem/Projects/KapraDaily/node_modules/react-native-screens/android/build/.transforms/b1adbfdc04d8f5b9b3513ace69cbbf14/transformed/bundleLibRuntimeToDirDebug/bundleLibRuntimeToDirDebug_dex, /Users/oem/Projects/KapraDaily/node_modules/react-native-screens/android/build/.transforms/b1adbfdc04d8f5b9b3513ace69cbbf14/transformed/bundleLibRuntimeToDirDebug/bundleLibRuntimeToDirDebug_dex, /Users/oem/Projects/KapraDaily/node_modules/react-native-screens/android/build/.transforms/b1adbfdc04d8f5b9b3513ace69cbbf14/transformed/bundleLibRuntimeToDirDebug/bundleLibRuntimeToDirDebug_dex, /Users/oem/Projects/KapraDaily/node_modules/react-native-screens/android/build/.transforms/b1adbfdc04d8f5b9b3513ace69cbbf14/transformed/bundleLibRuntimeToDirDebug/bundleLibRuntimeToDirDebug_dex, /Users/oem/Projects/KapraDaily/node_modules/react-native-screens/android/build/.transforms/b1adbfdc04d8f5b9b3513ace69cbbf14/transformed/bundleLibRuntimeToDirDebug/bundleLibRuntimeToDirDebug_dex, /Users/oem/Projects/KapraDaily/node_modules/react-native-screens/android/build/.transforms/b1adbfdc04d8f5b9b3513ace69cbbf14/transformed/bundleLibRuntimeToDirDebug/bundleLibRuntimeToDirDebug_dex, /Users/oem/Projects/KapraDaily/node_modules/react-native-screens/android/build/.transforms/b1adbfdc04d8f5b9b3513ace69cbbf14/transformed/bundleLibRuntimeToDirDebug/bundleLibRuntimeToDirDebug_dex, /Users/oem/Projects/KapraDaily/node_modules/react-native-screens/android/build/.transforms/b1adbfdc04d8f5b9b3513ace69cbbf14/transformed/bundleLibRuntimeToDirDebug/bundleLibRuntimeToDirDebug_dex, /Users/oem/Projects/KapraDaily/node_modules/react-native-screens/android/build/.transforms/b1adbfdc04d8f5b9b3513ace69cbbf14/transformed/bundleLibRuntimeToDirDebug/bundleLibRuntimeToDirDebug_dex, /Users/oem/Projects/KapraDaily/node_modules/react-native-screens/android/build/.transforms/b1adbfdc04d8f5b9b3513ace69cbbf14/transformed/bundleLibRuntimeToDirDebug/bundleLibRuntimeToDirDebug_dex, /Users/oem/Projects/KapraDaily/node_modules/react-native-screens/android/build/.transforms/b1adbfdc04d8f5b9b3513ace69cbbf14/transformed/bundleLibRuntimeToDirDebug/bundleLibRuntimeToDirDebug_dex, /Users/oem/Projects/KapraDaily/node_modules/react-native-screens/android/build/.transforms/b1adbfdc04d8f5b9b3513ace69cbbf14/transformed/bundleLibRuntimeToDirDebug/bundleLibRuntimeToDirDebug_dex, /Users/oem/Projects/KapraDaily/node_modules/react-native-screens/android/build/.transforms/b1adbfdc04d8f5b9b3513ace69cbbf14/transformed/bundleLibRuntimeToDirDebug/bundleLibRuntimeToDirDebug_dex, /Users/oem/Projects/KapraDaily/node_modules/react-native-screens/android/build/.transforms/b1adbfdc04d8f5b9b3513ace69cbbf14/transformed/bundleLibRuntimeToDirDebug/bundleLibRuntimeToDirDebug_dex, /Users/oem/Projects/KapraDaily/node_modules/react-native-screens/android/build/.transforms/b1adbfdc04d8f5b9b3513ace69cbbf14/transformed/bundleLibRuntimeToDirDebug/bundleLibRuntimeToDirDebug_dex, /Users/oem/Projects/KapraDaily/node_modules/react-native-screens/android/build/.transforms/b1adbfdc04d8f5b9b3513ace69cbbf14/transformed/bundleLibRuntimeToDirDebug/bundleLibRuntimeToDirDebug_dex, /Users/oem/Projects/KapraDaily/node_modules/react-native-screens/android/build/.transforms/b1adbfdc04d8f5b9b3513ace69cbbf14/transformed/bundleLibRuntimeToDirDebug/bundleLibRuntimeToDirDebug_dex, /Users/oem/Projects/KapraDaily/node_modules/react-native-screens/android/build/.transforms/b1adbfdc04d8f5b9b3513ace69cbbf14/transformed/bundleLibRuntimeToDirDebug/bundleLibRuntimeToDirDebug_dex, /Users/oem/Projects/KapraDaily/node_modules/@react-native-community/blur/android/build/.transforms/f5e36bfd8cc4e8a85ae75982889d1e0a/transformed/bundleLibRuntimeToDirDebug/bundleLibRuntimeToDirDebug_dex, /Users/oem/Projects/KapraDaily/node_modules/@react-native-community/blur/android/build/.transforms/f5e36bfd8cc4e8a85ae75982889d1e0a/transformed/bundleLibRuntimeToDirDebug/bundleLibRuntimeToDirDebug_dex, /Users/oem/Projects/KapraDaily/node_modules/@react-native-community/blur/android/build/.transforms/f5e36bfd8cc4e8a85ae75982889d1e0a/transformed/bundleLibRuntimeToDirDebug/bundleLibRuntimeToDirDebug_dex, /Users/oem/Projects/KapraDaily/node_modules/@react-native-community/blur/android/build/.transforms/f5e36bfd8cc4e8a85ae75982889d1e0a/transformed/bundleLibRuntimeToDirDebug/bundleLibRuntimeToDirDebug_dex, /Users/oem/Projects/KapraDaily/node_modules/react-native-razorpay/android/build/.transforms/a371010f2748c16e8d727141b827fb85/transformed/bundleLibRuntimeToDirDebug/bundleLibRuntimeToDirDebug_dex, /Users/oem/Projects/KapraDaily/node_modules/react-native-razorpay/android/build/.transforms/a371010f2748c16e8d727141b827fb85/transformed/bundleLibRuntimeToDirDebug/bundleLibRuntimeToDirDebug_dex, /Users/oem/Projects/KapraDaily/node_modules/react-native-razorpay/android/build/.transforms/a371010f2748c16e8d727141b827fb85/transformed/bundleLibRuntimeToDirDebug/bundleLibRuntimeToDirDebug_dex, /Users/oem/Projects/KapraDaily/node_modules/react-native-razorpay/android/build/.transforms/a371010f2748c16e8d727141b827fb85/transformed/bundleLibRuntimeToDirDebug/bundleLibRuntimeToDirDebug_dex, /Users/oem/Projects/KapraDaily/node_modules/react-native-razorpay/android/build/.transforms/a371010f2748c16e8d727141b827fb85/transformed/bundleLibRuntimeToDirDebug/bundleLibRuntimeToDirDebug_dex, and from all global synthetics files in 
Merging to '/Users/oem/Projects/KapraDaily/android/app/build/intermediates/dex/debug/mergeLibDexDebug/13' with D8 from all or a subset of dex files in /Users/oem/Projects/KapraDaily/node_modules/react-native-maps/android/build/.transforms/a16ce52319d4564261a5ea570b0b2757/transformed/bundleLibRuntimeToDirDebug/bundleLibRuntimeToDirDebug_dex, /Users/oem/Projects/KapraDaily/node_modules/react-native-maps/android/build/.transforms/a16ce52319d4564261a5ea570b0b2757/transformed/bundleLibRuntimeToDirDebug/bundleLibRuntimeToDirDebug_dex, /Users/oem/Projects/KapraDaily/node_modules/react-native-maps/android/build/.transforms/a16ce52319d4564261a5ea570b0b2757/transformed/bundleLibRuntimeToDirDebug/bundleLibRuntimeToDirDebug_dex, /Users/oem/Projects/KapraDaily/node_modules/react-native-maps/android/build/.transforms/a16ce52319d4564261a5ea570b0b2757/transformed/bundleLibRuntimeToDirDebug/bundleLibRuntimeToDirDebug_dex, /Users/oem/Projects/KapraDaily/node_modules/react-native-maps/android/build/.transforms/a16ce52319d4564261a5ea570b0b2757/transformed/bundleLibRuntimeToDirDebug/bundleLibRuntimeToDirDebug_dex, /Users/oem/Projects/KapraDaily/node_modules/react-native-maps/android/build/.transforms/a16ce52319d4564261a5ea570b0b2757/transformed/bundleLibRuntimeToDirDebug/bundleLibRuntimeToDirDebug_dex, /Users/oem/Projects/KapraDaily/node_modules/react-native-maps/android/build/.transforms/a16ce52319d4564261a5ea570b0b2757/transformed/bundleLibRuntimeToDirDebug/bundleLibRuntimeToDirDebug_dex, /Users/oem/Projects/KapraDaily/node_modules/react-native-maps/android/build/.transforms/a16ce52319d4564261a5ea570b0b2757/transformed/bundleLibRuntimeToDirDebug/bundleLibRuntimeToDirDebug_dex, /Users/oem/Projects/KapraDaily/node_modules/react-native-maps/android/build/.transforms/a16ce52319d4564261a5ea570b0b2757/transformed/bundleLibRuntimeToDirDebug/bundleLibRuntimeToDirDebug_dex, /Users/oem/Projects/KapraDaily/node_modules/react-native-maps/android/build/.transforms/a16ce52319d4564261a5ea570b0b2757/transformed/bundleLibRuntimeToDirDebug/bundleLibRuntimeToDirDebug_dex, /Users/oem/Projects/KapraDaily/node_modules/react-native-maps/android/build/.transforms/a16ce52319d4564261a5ea570b0b2757/transformed/bundleLibRuntimeToDirDebug/bundleLibRuntimeToDirDebug_dex, /Users/oem/Projects/KapraDaily/node_modules/react-native-maps/android/build/.transforms/a16ce52319d4564261a5ea570b0b2757/transformed/bundleLibRuntimeToDirDebug/bundleLibRuntimeToDirDebug_dex, /Users/oem/Projects/KapraDaily/node_modules/react-native-maps/android/build/.transforms/a16ce52319d4564261a5ea570b0b2757/transformed/bundleLibRuntimeToDirDebug/bundleLibRuntimeToDirDebug_dex, /Users/oem/Projects/KapraDaily/node_modules/react-native-maps/android/build/.transforms/a16ce52319d4564261a5ea570b0b2757/transformed/bundleLibRuntimeToDirDebug/bundleLibRuntimeToDirDebug_dex, /Users/oem/Projects/KapraDaily/node_modules/react-native-maps/android/build/.transforms/a16ce52319d4564261a5ea570b0b2757/transformed/bundleLibRuntimeToDirDebug/bundleLibRuntimeToDirDebug_dex, /Users/oem/Projects/KapraDaily/node_modules/react-native-maps/android/build/.transforms/a16ce52319d4564261a5ea570b0b2757/transformed/bundleLibRuntimeToDirDebug/bundleLibRuntimeToDirDebug_dex, /Users/oem/Projects/KapraDaily/node_modules/react-native-maps/android/build/.transforms/a16ce52319d4564261a5ea570b0b2757/transformed/bundleLibRuntimeToDirDebug/bundleLibRuntimeToDirDebug_dex, /Users/oem/Projects/KapraDaily/node_modules/react-native-maps/android/build/.transforms/a16ce52319d4564261a5ea570b0b2757/transformed/bundleLibRuntimeToDirDebug/bundleLibRuntimeToDirDebug_dex, /Users/oem/Projects/KapraDaily/node_modules/react-native-maps/android/build/.transforms/a16ce52319d4564261a5ea570b0b2757/transformed/bundleLibRuntimeToDirDebug/bundleLibRuntimeToDirDebug_dex, /Users/oem/Projects/KapraDaily/node_modules/react-native-maps/android/build/.transforms/a16ce52319d4564261a5ea570b0b2757/transformed/bundleLibRuntimeToDirDebug/bundleLibRuntimeToDirDebug_dex, /Users/oem/Projects/KapraDaily/node_modules/react-native-maps/android/build/.transforms/a16ce52319d4564261a5ea570b0b2757/transformed/bundleLibRuntimeToDirDebug/bundleLibRuntimeToDirDebug_dex, /Users/oem/Projects/KapraDaily/node_modules/react-native-maps/android/build/.transforms/a16ce52319d4564261a5ea570b0b2757/transformed/bundleLibRuntimeToDirDebug/bundleLibRuntimeToDirDebug_dex, /Users/oem/Projects/KapraDaily/node_modules/react-native-maps/android/build/.transforms/a16ce52319d4564261a5ea570b0b2757/transformed/bundleLibRuntimeToDirDebug/bundleLibRuntimeToDirDebug_dex, /Users/oem/Projects/KapraDaily/node_modules/react-native-maps/android/build/.transforms/a16ce52319d4564261a5ea570b0b2757/transformed/bundleLibRuntimeToDirDebug/bundleLibRuntimeToDirDebug_dex, /Users/oem/Projects/KapraDaily/node_modules/react-native-maps/android/build/.transforms/a16ce52319d4564261a5ea570b0b2757/transformed/bundleLibRuntimeToDirDebug/bundleLibRuntimeToDirDebug_dex, /Users/oem/Projects/KapraDaily/node_modules/react-native-maps/android/build/.transforms/a16ce52319d4564261a5ea570b0b2757/transformed/bundleLibRuntimeToDirDebug/bundleLibRuntimeToDirDebug_dex, /Users/oem/Projects/KapraDaily/node_modules/react-native-svg/android/build/.transforms/c639f12165a4f8a6ed1698a45a99d497/transformed/bundleLibRuntimeToDirDebug/bundleLibRuntimeToDirDebug_dex, /Users/oem/Projects/KapraDaily/node_modules/react-native-svg/android/build/.transforms/c639f12165a4f8a6ed1698a45a99d497/transformed/bundleLibRuntimeToDirDebug/bundleLibRuntimeToDirDebug_dex, /Users/oem/Projects/KapraDaily/node_modules/react-native-svg/android/build/.transforms/c639f12165a4f8a6ed1698a45a99d497/transformed/bundleLibRuntimeToDirDebug/bundleLibRuntimeToDirDebug_dex, /Users/oem/Projects/KapraDaily/node_modules/react-native-svg/android/build/.transforms/c639f12165a4f8a6ed1698a45a99d497/transformed/bundleLibRuntimeToDirDebug/bundleLibRuntimeToDirDebug_dex, /Users/oem/Projects/KapraDaily/node_modules/react-native-svg/android/build/.transforms/c639f12165a4f8a6ed1698a45a99d497/transformed/bundleLibRuntimeToDirDebug/bundleLibRuntimeToDirDebug_dex, /Users/oem/Projects/KapraDaily/node_modules/react-native-svg/android/build/.transforms/c639f12165a4f8a6ed1698a45a99d497/transformed/bundleLibRuntimeToDirDebug/bundleLibRuntimeToDirDebug_dex, /Users/oem/Projects/KapraDaily/node_modules/react-native-svg/android/build/.transforms/c639f12165a4f8a6ed1698a45a99d497/transformed/bundleLibRuntimeToDirDebug/bundleLibRuntimeToDirDebug_dex, /Users/oem/Projects/KapraDaily/node_modules/react-native-svg/android/build/.transforms/c639f12165a4f8a6ed1698a45a99d497/transformed/bundleLibRuntimeToDirDebug/bundleLibRuntimeToDirDebug_dex, /Users/oem/Projects/KapraDaily/node_modules/react-native-svg/android/build/.transforms/c639f12165a4f8a6ed1698a45a99d497/transformed/bundleLibRuntimeToDirDebug/bundleLibRuntimeToDirDebug_dex, /Users/oem/Projects/KapraDaily/node_modules/react-native-svg/android/build/.transforms/c639f12165a4f8a6ed1698a45a99d497/transformed/bundleLibRuntimeToDirDebug/bundleLibRuntimeToDirDebug_dex, /Users/oem/Projects/KapraDaily/node_modules/react-native-svg/android/build/.transforms/c639f12165a4f8a6ed1698a45a99d497/transformed/bundleLibRuntimeToDirDebug/bundleLibRuntimeToDirDebug_dex, /Users/oem/Projects/KapraDaily/node_modules/react-native-svg/android/build/.transforms/c639f12165a4f8a6ed1698a45a99d497/transformed/bundleLibRuntimeToDirDebug/bundleLibRuntimeToDirDebug_dex, /Users/oem/Projects/KapraDaily/node_modules/react-native-svg/android/build/.transforms/c639f12165a4f8a6ed1698a45a99d497/transformed/bundleLibRuntimeToDirDebug/bundleLibRuntimeToDirDebug_dex, /Users/oem/Projects/KapraDaily/node_modules/react-native-svg/android/build/.transforms/c639f12165a4f8a6ed1698a45a99d497/transformed/bundleLibRuntimeToDirDebug/bundleLibRuntimeToDirDebug_dex, /Users/oem/Projects/KapraDaily/node_modules/react-native-svg/android/build/.transforms/c639f12165a4f8a6ed1698a45a99d497/transformed/bundleLibRuntimeToDirDebug/bundleLibRuntimeToDirDebug_dex, /Users/oem/Projects/KapraDaily/node_modules/react-native-svg/android/build/.transforms/c639f12165a4f8a6ed1698a45a99d497/transformed/bundleLibRuntimeToDirDebug/bundleLibRuntimeToDirDebug_dex, /Users/oem/Projects/KapraDaily/node_modules/react-native-svg/android/build/.transforms/c639f12165a4f8a6ed1698a45a99d497/transformed/bundleLibRuntimeToDirDebug/bundleLibRuntimeToDirDebug_dex, /Users/oem/Projects/KapraDaily/node_modules/react-native-svg/android/build/.transforms/c639f12165a4f8a6ed1698a45a99d497/transformed/bundleLibRuntimeToDirDebug/bundleLibRuntimeToDirDebug_dex, /Users/oem/Projects/KapraDaily/node_modules/react-native-svg/android/build/.transforms/c639f12165a4f8a6ed1698a45a99d497/transformed/bundleLibRuntimeToDirDebug/bundleLibRuntimeToDirDebug_dex, /Users/oem/Projects/KapraDaily/node_modules/react-native-svg/android/build/.transforms/c639f12165a4f8a6ed1698a45a99d497/transformed/bundleLibRuntimeToDirDebug/bundleLibRuntimeToDirDebug_dex, /Users/oem/Projects/KapraDaily/node_modules/react-native-svg/android/build/.transforms/c639f12165a4f8a6ed1698a45a99d497/transformed/bundleLibRuntimeToDirDebug/bundleLibRuntimeToDirDebug_dex, /Users/oem/Projects/KapraDaily/node_modules/react-native-svg/android/build/.transforms/c639f12165a4f8a6ed1698a45a99d497/transformed/bundleLibRuntimeToDirDebug/bundleLibRuntimeToDirDebug_dex, /Users/oem/Projects/KapraDaily/node_modules/react-native-svg/android/build/.transforms/c639f12165a4f8a6ed1698a45a99d497/transformed/bundleLibRuntimeToDirDebug/bundleLibRuntimeToDirDebug_dex, /Users/oem/Projects/KapraDaily/node_modules/react-native-svg/android/build/.transforms/c639f12165a4f8a6ed1698a45a99d497/transformed/bundleLibRuntimeToDirDebug/bundleLibRuntimeToDirDebug_dex, /Users/oem/Projects/KapraDaily/node_modules/react-native-svg/android/build/.transforms/c639f12165a4f8a6ed1698a45a99d497/transformed/bundleLibRuntimeToDirDebug/bundleLibRuntimeToDirDebug_dex, /Users/oem/Projects/KapraDaily/node_modules/react-native-svg/android/build/.transforms/c639f12165a4f8a6ed1698a45a99d497/transformed/bundleLibRuntimeToDirDebug/bundleLibRuntimeToDirDebug_dex, /Users/oem/Projects/KapraDaily/node_modules/react-native-svg/android/build/.transforms/c639f12165a4f8a6ed1698a45a99d497/transformed/bundleLibRuntimeToDirDebug/bundleLibRuntimeToDirDebug_dex, /Users/oem/Projects/KapraDaily/node_modules/react-native-svg/android/build/.transforms/c639f12165a4f8a6ed1698a45a99d497/transformed/bundleLibRuntimeToDirDebug/bundleLibRuntimeToDirDebug_dex, /Users/oem/Projects/KapraDaily/node_modules/react-native-svg/android/build/.transforms/c639f12165a4f8a6ed1698a45a99d497/transformed/bundleLibRuntimeToDirDebug/bundleLibRuntimeToDirDebug_dex, /Users/oem/Projects/KapraDaily/node_modules/react-native-svg/android/build/.transforms/c639f12165a4f8a6ed1698a45a99d497/transformed/bundleLibRuntimeToDirDebug/bundleLibRuntimeToDirDebug_dex, /Users/oem/Projects/KapraDaily/node_modules/react-native-svg/android/build/.transforms/c639f12165a4f8a6ed1698a45a99d497/transformed/bundleLibRuntimeToDirDebug/bundleLibRuntimeToDirDebug_dex, /Users/oem/Projects/KapraDaily/node_modules/react-native-svg/android/build/.transforms/c639f12165a4f8a6ed1698a45a99d497/transformed/bundleLibRuntimeToDirDebug/bundleLibRuntimeToDirDebug_dex, /Users/oem/Projects/KapraDaily/node_modules/react-native-svg/android/build/.transforms/c639f12165a4f8a6ed1698a45a99d497/transformed/bundleLibRuntimeToDirDebug/bundleLibRuntimeToDirDebug_dex, /Users/oem/Projects/KapraDaily/node_modules/react-native-svg/android/build/.transforms/c639f12165a4f8a6ed1698a45a99d497/transformed/bundleLibRuntimeToDirDebug/bundleLibRuntimeToDirDebug_dex, /Users/oem/Projects/KapraDaily/node_modules/react-native-svg/android/build/.transforms/c639f12165a4f8a6ed1698a45a99d497/transformed/bundleLibRuntimeToDirDebug/bundleLibRuntimeToDirDebug_dex, /Users/oem/Projects/KapraDaily/node_modules/react-native-svg/android/build/.transforms/c639f12165a4f8a6ed1698a45a99d497/transformed/bundleLibRuntimeToDirDebug/bundleLibRuntimeToDirDebug_dex, /Users/oem/Projects/KapraDaily/node_modules/react-native-svg/android/build/.transforms/c639f12165a4f8a6ed1698a45a99d497/transformed/bundleLibRuntimeToDirDebug/bundleLibRuntimeToDirDebug_dex, /Users/oem/Projects/KapraDaily/node_modules/react-native-svg/android/build/.transforms/c639f12165a4f8a6ed1698a45a99d497/transformed/bundleLibRuntimeToDirDebug/bundleLibRuntimeToDirDebug_dex, /Users/oem/Projects/KapraDaily/node_modules/react-native-svg/android/build/.transforms/c639f12165a4f8a6ed1698a45a99d497/transformed/bundleLibRuntimeToDirDebug/bundleLibRuntimeToDirDebug_dex, /Users/oem/Projects/KapraDaily/node_modules/react-native-svg/android/build/.transforms/c639f12165a4f8a6ed1698a45a99d497/transformed/bundleLibRuntimeToDirDebug/bundleLibRuntimeToDirDebug_dex, /Users/oem/Projects/KapraDaily/node_modules/react-native-svg/android/build/.transforms/c639f12165a4f8a6ed1698a45a99d497/transformed/bundleLibRuntimeToDirDebug/bundleLibRuntimeToDirDebug_dex, /Users/oem/Projects/KapraDaily/node_modules/react-native-svg/android/build/.transforms/c639f12165a4f8a6ed1698a45a99d497/transformed/bundleLibRuntimeToDirDebug/bundleLibRuntimeToDirDebug_dex, /Users/oem/Projects/KapraDaily/node_modules/react-native-svg/android/build/.transforms/c639f12165a4f8a6ed1698a45a99d497/transformed/bundleLibRuntimeToDirDebug/bundleLibRuntimeToDirDebug_dex, /Users/oem/Projects/KapraDaily/node_modules/react-native-svg/android/build/.transforms/c639f12165a4f8a6ed1698a45a99d497/transformed/bundleLibRuntimeToDirDebug/bundleLibRuntimeToDirDebug_dex, /Users/oem/Projects/KapraDaily/node_modules/react-native-svg/android/build/.transforms/c639f12165a4f8a6ed1698a45a99d497/transformed/bundleLibRuntimeToDirDebug/bundleLibRuntimeToDirDebug_dex, /Users/oem/Projects/KapraDaily/node_modules/react-native-svg/android/build/.transforms/c639f12165a4f8a6ed1698a45a99d497/transformed/bundleLibRuntimeToDirDebug/bundleLibRuntimeToDirDebug_dex, /Users/oem/Projects/KapraDaily/node_modules/react-native-svg/android/build/.transforms/c639f12165a4f8a6ed1698a45a99d497/transformed/bundleLibRuntimeToDirDebug/bundleLibRuntimeToDirDebug_dex, /Users/oem/Projects/KapraDaily/node_modules/react-native-svg/android/build/.transforms/c639f12165a4f8a6ed1698a45a99d497/transformed/bundleLibRuntimeToDirDebug/bundleLibRuntimeToDirDebug_dex, /Users/oem/Projects/KapraDaily/node_modules/react-native-svg/android/build/.transforms/c639f12165a4f8a6ed1698a45a99d497/transformed/bundleLibRuntimeToDirDebug/bundleLibRuntimeToDirDebug_dex, /Users/oem/Projects/KapraDaily/node_modules/react-native-svg/android/build/.transforms/c639f12165a4f8a6ed1698a45a99d497/transformed/bundleLibRuntimeToDirDebug/bundleLibRuntimeToDirDebug_dex, /Users/oem/Projects/KapraDaily/node_modules/react-native-svg/android/build/.transforms/c639f12165a4f8a6ed1698a45a99d497/transformed/bundleLibRuntimeToDirDebug/bundleLibRuntimeToDirDebug_dex, /Users/oem/Projects/KapraDaily/node_modules/react-native-svg/android/build/.transforms/c639f12165a4f8a6ed1698a45a99d497/transformed/bundleLibRuntimeToDirDebug/bundleLibRuntimeToDirDebug_dex, /Users/oem/Projects/KapraDaily/node_modules/react-native-svg/android/build/.transforms/c639f12165a4f8a6ed1698a45a99d497/transformed/bundleLibRuntimeToDirDebug/bundleLibRuntimeToDirDebug_dex, /Users/oem/Projects/KapraDaily/node_modules/react-native-svg/android/build/.transforms/c639f12165a4f8a6ed1698a45a99d497/transformed/bundleLibRuntimeToDirDebug/bundleLibRuntimeToDirDebug_dex, /Users/oem/Projects/KapraDaily/node_modules/react-native-svg/android/build/.transforms/c639f12165a4f8a6ed1698a45a99d497/transformed/bundleLibRuntimeToDirDebug/bundleLibRuntimeToDirDebug_dex, /Users/oem/Projects/KapraDaily/node_modules/react-native-svg/android/build/.transforms/c639f12165a4f8a6ed1698a45a99d497/transformed/bundleLibRuntimeToDirDebug/bundleLibRuntimeToDirDebug_dex, /Users/oem/Projects/KapraDaily/node_modules/react-native-svg/android/build/.transforms/c639f12165a4f8a6ed1698a45a99d497/transformed/bundleLibRuntimeToDirDebug/bundleLibRuntimeToDirDebug_dex, /Users/oem/Projects/KapraDaily/node_modules/react-native-svg/android/build/.transforms/c639f12165a4f8a6ed1698a45a99d497/transformed/bundleLibRuntimeToDirDebug/bundleLibRuntimeToDirDebug_dex, /Users/oem/Projects/KapraDaily/node_modules/react-native-svg/android/build/.transforms/c639f12165a4f8a6ed1698a45a99d497/transformed/bundleLibRuntimeToDirDebug/bundleLibRuntimeToDirDebug_dex, /Users/oem/Projects/KapraDaily/node_modules/react-native-svg/android/build/.transforms/c639f12165a4f8a6ed1698a45a99d497/transformed/bundleLibRuntimeToDirDebug/bundleLibRuntimeToDirDebug_dex, /Users/oem/Projects/KapraDaily/node_modules/react-native-svg/android/build/.transforms/c639f12165a4f8a6ed1698a45a99d497/transformed/bundleLibRuntimeToDirDebug/bundleLibRuntimeToDirDebug_dex, /Users/oem/Projects/KapraDaily/node_modules/react-native-svg/android/build/.transforms/c639f12165a4f8a6ed1698a45a99d497/transformed/bundleLibRuntimeToDirDebug/bundleLibRuntimeToDirDebug_dex, /Users/oem/Projects/KapraDaily/node_modules/react-native-svg/android/build/.transforms/c639f12165a4f8a6ed1698a45a99d497/transformed/bundleLibRuntimeToDirDebug/bundleLibRuntimeToDirDebug_dex, /Users/oem/Projects/KapraDaily/node_modules/react-native-svg/android/build/.transforms/c639f12165a4f8a6ed1698a45a99d497/transformed/bundleLibRuntimeToDirDebug/bundleLibRuntimeToDirDebug_dex, /Users/oem/Projects/KapraDaily/node_modules/react-native-svg/android/build/.transforms/c639f12165a4f8a6ed1698a45a99d497/transformed/bundleLibRuntimeToDirDebug/bundleLibRuntimeToDirDebug_dex, /Users/oem/Projects/KapraDaily/node_modules/react-native-svg/android/build/.transforms/c639f12165a4f8a6ed1698a45a99d497/transformed/bundleLibRuntimeToDirDebug/bundleLibRuntimeToDirDebug_dex, /Users/oem/Projects/KapraDaily/node_modules/react-native-svg/android/build/.transforms/c639f12165a4f8a6ed1698a45a99d497/transformed/bundleLibRuntimeToDirDebug/bundleLibRuntimeToDirDebug_dex, /Users/oem/Projects/KapraDaily/node_modules/react-native-svg/android/build/.transforms/c639f12165a4f8a6ed1698a45a99d497/transformed/bundleLibRuntimeToDirDebug/bundleLibRuntimeToDirDebug_dex, /Users/oem/Projects/KapraDaily/node_modules/react-native-svg/android/build/.transforms/c639f12165a4f8a6ed1698a45a99d497/transformed/bundleLibRuntimeToDirDebug/bundleLibRuntimeToDirDebug_dex, /Users/oem/Projects/KapraDaily/node_modules/react-native-svg/android/build/.transforms/c639f12165a4f8a6ed1698a45a99d497/transformed/bundleLibRuntimeToDirDebug/bundleLibRuntimeToDirDebug_dex, /Users/oem/Projects/KapraDaily/node_modules/react-native-svg/android/build/.transforms/c639f12165a4f8a6ed1698a45a99d497/transformed/bundleLibRuntimeToDirDebug/bundleLibRuntimeToDirDebug_dex, /Users/oem/Projects/KapraDaily/node_modules/react-native-svg/android/build/.transforms/c639f12165a4f8a6ed1698a45a99d497/transformed/bundleLibRuntimeToDirDebug/bundleLibRuntimeToDirDebug_dex, /Users/oem/Projects/KapraDaily/node_modules/react-native-svg/android/build/.transforms/c639f12165a4f8a6ed1698a45a99d497/transformed/bundleLibRuntimeToDirDebug/bundleLibRuntimeToDirDebug_dex, /Users/oem/Projects/KapraDaily/node_modules/react-native-svg/android/build/.transforms/c639f12165a4f8a6ed1698a45a99d497/transformed/bundleLibRuntimeToDirDebug/bundleLibRuntimeToDirDebug_dex, /Users/oem/Projects/KapraDaily/node_modules/react-native-svg/android/build/.transforms/c639f12165a4f8a6ed1698a45a99d497/transformed/bundleLibRuntimeToDirDebug/bundleLibRuntimeToDirDebug_dex, /Users/oem/Projects/KapraDaily/node_modules/react-native-svg/android/build/.transforms/c639f12165a4f8a6ed1698a45a99d497/transformed/bundleLibRuntimeToDirDebug/bundleLibRuntimeToDirDebug_dex, /Users/oem/Projects/KapraDaily/node_modules/react-native-svg/android/build/.transforms/c639f12165a4f8a6ed1698a45a99d497/transformed/bundleLibRuntimeToDirDebug/bundleLibRuntimeToDirDebug_dex, /Users/oem/Projects/KapraDaily/node_modules/react-native-svg/android/build/.transforms/c639f12165a4f8a6ed1698a45a99d497/transformed/bundleLibRuntimeToDirDebug/bundleLibRuntimeToDirDebug_dex, /Users/oem/Projects/KapraDaily/node_modules/react-native-svg/android/build/.transforms/c639f12165a4f8a6ed1698a45a99d497/transformed/bundleLibRuntimeToDirDebug/bundleLibRuntimeToDirDebug_dex, /Users/oem/Projects/KapraDaily/node_modules/react-native-svg/android/build/.transforms/c639f12165a4f8a6ed1698a45a99d497/transformed/bundleLibRuntimeToDirDebug/bundleLibRuntimeToDirDebug_dex, /Users/oem/Projects/KapraDaily/node_modules/react-native-svg/android/build/.transforms/c639f12165a4f8a6ed1698a45a99d497/transformed/bundleLibRuntimeToDirDebug/bundleLibRuntimeToDirDebug_dex, /Users/oem/Projects/KapraDaily/node_modules/react-native-svg/android/build/.transforms/c639f12165a4f8a6ed1698a45a99d497/transformed/bundleLibRuntimeToDirDebug/bundleLibRuntimeToDirDebug_dex, /Users/oem/Projects/KapraDaily/node_modules/react-native-svg/android/build/.transforms/c639f12165a4f8a6ed1698a45a99d497/transformed/bundleLibRuntimeToDirDebug/bundleLibRuntimeToDirDebug_dex, /Users/oem/Projects/KapraDaily/node_modules/react-native-svg/android/build/.transforms/c639f12165a4f8a6ed1698a45a99d497/transformed/bundleLibRuntimeToDirDebug/bundleLibRuntimeToDirDebug_dex, /Users/oem/Projects/KapraDaily/node_modules/react-native-svg/android/build/.transforms/c639f12165a4f8a6ed1698a45a99d497/transformed/bundleLibRuntimeToDirDebug/bundleLibRuntimeToDirDebug_dex, /Users/oem/Projects/KapraDaily/node_modules/react-native-svg/android/build/.transforms/c639f12165a4f8a6ed1698a45a99d497/transformed/bundleLibRuntimeToDirDebug/bundleLibRuntimeToDirDebug_dex, /Users/oem/Projects/KapraDaily/node_modules/react-native-svg/android/build/.transforms/c639f12165a4f8a6ed1698a45a99d497/transformed/bundleLibRuntimeToDirDebug/bundleLibRuntimeToDirDebug_dex, /Users/oem/Projects/KapraDaily/node_modules/react-native-svg/android/build/.transforms/c639f12165a4f8a6ed1698a45a99d497/transformed/bundleLibRuntimeToDirDebug/bundleLibRuntimeToDirDebug_dex, /Users/oem/Projects/KapraDaily/node_modules/react-native-svg/android/build/.transforms/c639f12165a4f8a6ed1698a45a99d497/transformed/bundleLibRuntimeToDirDebug/bundleLibRuntimeToDirDebug_dex, /Users/oem/Projects/KapraDaily/node_modules/react-native-svg/android/build/.transforms/c639f12165a4f8a6ed1698a45a99d497/transformed/bundleLibRuntimeToDirDebug/bundleLibRuntimeToDirDebug_dex, /Users/oem/Projects/KapraDaily/node_modules/react-native-svg/android/build/.transforms/c639f12165a4f8a6ed1698a45a99d497/transformed/bundleLibRuntimeToDirDebug/bundleLibRuntimeToDirDebug_dex, /Users/oem/Projects/KapraDaily/node_modules/react-native-svg/android/build/.transforms/c639f12165a4f8a6ed1698a45a99d497/transformed/bundleLibRuntimeToDirDebug/bundleLibRuntimeToDirDebug_dex, /Users/oem/Projects/KapraDaily/node_modules/react-native-svg/android/build/.transforms/c639f12165a4f8a6ed1698a45a99d497/transformed/bundleLibRuntimeToDirDebug/bundleLibRuntimeToDirDebug_dex, /Users/oem/Projects/KapraDaily/node_modules/react-native-svg/android/build/.transforms/c639f12165a4f8a6ed1698a45a99d497/transformed/bundleLibRuntimeToDirDebug/bundleLibRuntimeToDirDebug_dex, /Users/oem/Projects/KapraDaily/node_modules/react-native-svg/android/build/.transforms/c639f12165a4f8a6ed1698a45a99d497/transformed/bundleLibRuntimeToDirDebug/bundleLibRuntimeToDirDebug_dex, /Users/oem/Projects/KapraDaily/node_modules/react-native-svg/android/build/.transforms/c639f12165a4f8a6ed1698a45a99d497/transformed/bundleLibRuntimeToDirDebug/bundleLibRuntimeToDirDebug_dex, /Users/oem/Projects/KapraDaily/node_modules/react-native-svg/android/build/.transforms/c639f12165a4f8a6ed1698a45a99d497/transformed/bundleLibRuntimeToDirDebug/bundleLibRuntimeToDirDebug_dex, /Users/oem/Projects/KapraDaily/node_modules/react-native-svg/android/build/.transforms/c639f12165a4f8a6ed1698a45a99d497/transformed/bundleLibRuntimeToDirDebug/bundleLibRuntimeToDirDebug_dex, /Users/oem/Projects/KapraDaily/node_modules/react-native-svg/android/build/.transforms/c639f12165a4f8a6ed1698a45a99d497/transformed/bundleLibRuntimeToDirDebug/bundleLibRuntimeToDirDebug_dex, /Users/oem/Projects/KapraDaily/node_modules/react-native-svg/android/build/.transforms/c639f12165a4f8a6ed1698a45a99d497/transformed/bundleLibRuntimeToDirDebug/bundleLibRuntimeToDirDebug_dex, /Users/oem/Projects/KapraDaily/node_modules/react-native-svg/android/build/.transforms/c639f12165a4f8a6ed1698a45a99d497/transformed/bundleLibRuntimeToDirDebug/bundleLibRuntimeToDirDebug_dex, /Users/oem/Projects/KapraDaily/node_modules/react-native-svg/android/build/.transforms/c639f12165a4f8a6ed1698a45a99d497/transformed/bundleLibRuntimeToDirDebug/bundleLibRuntimeToDirDebug_dex, /Users/oem/Projects/KapraDaily/node_modules/react-native-svg/android/build/.transforms/c639f12165a4f8a6ed1698a45a99d497/transformed/bundleLibRuntimeToDirDebug/bundleLibRuntimeToDirDebug_dex, /Users/oem/Projects/KapraDaily/node_modules/react-native-svg/android/build/.transforms/c639f12165a4f8a6ed1698a45a99d497/transformed/bundleLibRuntimeToDirDebug/bundleLibRuntimeToDirDebug_dex, /Users/oem/Projects/KapraDaily/node_modules/react-native-svg/android/build/.transforms/c639f12165a4f8a6ed1698a45a99d497/transformed/bundleLibRuntimeToDirDebug/bundleLibRuntimeToDirDebug_dex, /Users/oem/Projects/KapraDaily/node_modules/react-native-svg/android/build/.transforms/c639f12165a4f8a6ed1698a45a99d497/transformed/bundleLibRuntimeToDirDebug/bundleLibRuntimeToDirDebug_dex, /Users/oem/Projects/KapraDaily/node_modules/react-native-svg/android/build/.transforms/c639f12165a4f8a6ed1698a45a99d497/transformed/bundleLibRuntimeToDirDebug/bundleLibRuntimeToDirDebug_dex, /Users/oem/Projects/KapraDaily/node_modules/react-native-svg/android/build/.transforms/c639f12165a4f8a6ed1698a45a99d497/transformed/bundleLibRuntimeToDirDebug/bundleLibRuntimeToDirDebug_dex, /Users/oem/Projects/KapraDaily/node_modules/react-native-svg/android/build/.transforms/c639f12165a4f8a6ed1698a45a99d497/transformed/bundleLibRuntimeToDirDebug/bundleLibRuntimeToDirDebug_dex, /Users/oem/Projects/KapraDaily/node_modules/react-native-svg/android/build/.transforms/c639f12165a4f8a6ed1698a45a99d497/transformed/bundleLibRuntimeToDirDebug/bundleLibRuntimeToDirDebug_dex, /Users/oem/Projects/KapraDaily/node_modules/react-native-svg/android/build/.transforms/c639f12165a4f8a6ed1698a45a99d497/transformed/bundleLibRuntimeToDirDebug/bundleLibRuntimeToDirDebug_dex, /Users/oem/Projects/KapraDaily/node_modules/react-native-svg/android/build/.transforms/c639f12165a4f8a6ed1698a45a99d497/transformed/bundleLibRuntimeToDirDebug/bundleLibRuntimeToDirDebug_dex, /Users/oem/Projects/KapraDaily/node_modules/react-native-svg/android/build/.transforms/c639f12165a4f8a6ed1698a45a99d497/transformed/bundleLibRuntimeToDirDebug/bundleLibRuntimeToDirDebug_dex, /Users/oem/Projects/KapraDaily/node_modules/react-native-svg/android/build/.transforms/c639f12165a4f8a6ed1698a45a99d497/transformed/bundleLibRuntimeToDirDebug/bundleLibRuntimeToDirDebug_dex, /Users/oem/Projects/KapraDaily/node_modules/react-native-svg/android/build/.transforms/c639f12165a4f8a6ed1698a45a99d497/transformed/bundleLibRuntimeToDirDebug/bundleLibRuntimeToDirDebug_dex, /Users/oem/Projects/KapraDaily/node_modules/react-native-svg/android/build/.transforms/c639f12165a4f8a6ed1698a45a99d497/transformed/bundleLibRuntimeToDirDebug/bundleLibRuntimeToDirDebug_dex, /Users/oem/Projects/KapraDaily/node_modules/react-native-svg/android/build/.transforms/c639f12165a4f8a6ed1698a45a99d497/transformed/bundleLibRuntimeToDirDebug/bundleLibRuntimeToDirDebug_dex, /Users/oem/Projects/KapraDaily/node_modules/react-native-svg/android/build/.transforms/c639f12165a4f8a6ed1698a45a99d497/transformed/bundleLibRuntimeToDirDebug/bundleLibRuntimeToDirDebug_dex, /Users/oem/Projects/KapraDaily/node_modules/react-native-svg/android/build/.transforms/c639f12165a4f8a6ed1698a45a99d497/transformed/bundleLibRuntimeToDirDebug/bundleLibRuntimeToDirDebug_dex, /Users/oem/Projects/KapraDaily/node_modules/react-native-svg/android/build/.transforms/c639f12165a4f8a6ed1698a45a99d497/transformed/bundleLibRuntimeToDirDebug/bundleLibRuntimeToDirDebug_dex, /Users/oem/Projects/KapraDaily/node_modules/react-native-svg/android/build/.transforms/c639f12165a4f8a6ed1698a45a99d497/transformed/bundleLibRuntimeToDirDebug/bundleLibRuntimeToDirDebug_dex, /Users/oem/Projects/KapraDaily/node_modules/react-native-svg/android/build/.transforms/c639f12165a4f8a6ed1698a45a99d497/transformed/bundleLibRuntimeToDirDebug/bundleLibRuntimeToDirDebug_dex, /Users/oem/Projects/KapraDaily/node_modules/react-native-svg/android/build/.transforms/c639f12165a4f8a6ed1698a45a99d497/transformed/bundleLibRuntimeToDirDebug/bundleLibRuntimeToDirDebug_dex, /Users/oem/Projects/KapraDaily/node_modules/react-native-svg/android/build/.transforms/c639f12165a4f8a6ed1698a45a99d497/transformed/bundleLibRuntimeToDirDebug/bundleLibRuntimeToDirDebug_dex, /Users/oem/Projects/KapraDaily/node_modules/react-native-svg/android/build/.transforms/c639f12165a4f8a6ed1698a45a99d497/transformed/bundleLibRuntimeToDirDebug/bundleLibRuntimeToDirDebug_dex, /Users/oem/Projects/KapraDaily/node_modules/react-native-svg/android/build/.transforms/c639f12165a4f8a6ed1698a45a99d497/transformed/bundleLibRuntimeToDirDebug/bundleLibRuntimeToDirDebug_dex, /Users/oem/Projects/KapraDaily/node_modules/react-native-svg/android/build/.transforms/c639f12165a4f8a6ed1698a45a99d497/transformed/bundleLibRuntimeToDirDebug/bundleLibRuntimeToDirDebug_dex, /Users/oem/Projects/KapraDaily/node_modules/react-native-svg/android/build/.transforms/c639f12165a4f8a6ed1698a45a99d497/transformed/bundleLibRuntimeToDirDebug/bundleLibRuntimeToDirDebug_dex, /Users/oem/Projects/KapraDaily/node_modules/react-native-svg/android/build/.transforms/c639f12165a4f8a6ed1698a45a99d497/transformed/bundleLibRuntimeToDirDebug/bundleLibRuntimeToDirDebug_dex, /Users/oem/Projects/KapraDaily/node_modules/react-native-svg/android/build/.transforms/c639f12165a4f8a6ed1698a45a99d497/transformed/bundleLibRuntimeToDirDebug/bundleLibRuntimeToDirDebug_dex, /Users/oem/Projects/KapraDaily/node_modules/react-native-svg/android/build/.transforms/c639f12165a4f8a6ed1698a45a99d497/transformed/bundleLibRuntimeToDirDebug/bundleLibRuntimeToDirDebug_dex, /Users/oem/Projects/KapraDaily/node_modules/react-native-svg/android/build/.transforms/c639f12165a4f8a6ed1698a45a99d497/transformed/bundleLibRuntimeToDirDebug/bundleLibRuntimeToDirDebug_dex, /Users/oem/Projects/KapraDaily/node_modules/react-native-svg/android/build/.transforms/c639f12165a4f8a6ed1698a45a99d497/transformed/bundleLibRuntimeToDirDebug/bundleLibRuntimeToDirDebug_dex, /Users/oem/Projects/KapraDaily/node_modules/react-native-svg/android/build/.transforms/c639f12165a4f8a6ed1698a45a99d497/transformed/bundleLibRuntimeToDirDebug/bundleLibRuntimeToDirDebug_dex, /Users/oem/Projects/KapraDaily/node_modules/react-native-svg/android/build/.transforms/c639f12165a4f8a6ed1698a45a99d497/transformed/bundleLibRuntimeToDirDebug/bundleLibRuntimeToDirDebug_dex, /Users/oem/Projects/KapraDaily/node_modules/react-native-svg/android/build/.transforms/c639f12165a4f8a6ed1698a45a99d497/transformed/bundleLibRuntimeToDirDebug/bundleLibRuntimeToDirDebug_dex, /Users/oem/Projects/KapraDaily/node_modules/react-native-svg/android/build/.transforms/c639f12165a4f8a6ed1698a45a99d497/transformed/bundleLibRuntimeToDirDebug/bundleLibRuntimeToDirDebug_dex, /Users/oem/Projects/KapraDaily/node_modules/react-native-svg/android/build/.transforms/c639f12165a4f8a6ed1698a45a99d497/transformed/bundleLibRuntimeToDirDebug/bundleLibRuntimeToDirDebug_dex, /Users/oem/Projects/KapraDaily/node_modules/react-native-svg/android/build/.transforms/c639f12165a4f8a6ed1698a45a99d497/transformed/bundleLibRuntimeToDirDebug/bundleLibRuntimeToDirDebug_dex, /Users/oem/Projects/KapraDaily/node_modules/react-native-svg/android/build/.transforms/c639f12165a4f8a6ed1698a45a99d497/transformed/bundleLibRuntimeToDirDebug/bundleLibRuntimeToDirDebug_dex, /Users/oem/Projects/KapraDaily/node_modules/react-native-svg/android/build/.transforms/c639f12165a4f8a6ed1698a45a99d497/transformed/bundleLibRuntimeToDirDebug/bundleLibRuntimeToDirDebug_dex, /Users/oem/Projects/KapraDaily/node_modules/react-native-svg/android/build/.transforms/c639f12165a4f8a6ed1698a45a99d497/transformed/bundleLibRuntimeToDirDebug/bundleLibRuntimeToDirDebug_dex, /Users/oem/Projects/KapraDaily/node_modules/react-native-svg/android/build/.transforms/c639f12165a4f8a6ed1698a45a99d497/transformed/bundleLibRuntimeToDirDebug/bundleLibRuntimeToDirDebug_dex, /Users/oem/Projects/KapraDaily/node_modules/react-native-svg/android/build/.transforms/c639f12165a4f8a6ed1698a45a99d497/transformed/bundleLibRuntimeToDirDebug/bundleLibRuntimeToDirDebug_dex, /Users/oem/Projects/KapraDaily/node_modules/react-native-svg/android/build/.transforms/c639f12165a4f8a6ed1698a45a99d497/transformed/bundleLibRuntimeToDirDebug/bundleLibRuntimeToDirDebug_dex, /Users/oem/Projects/KapraDaily/node_modules/react-native-svg/android/build/.transforms/c639f12165a4f8a6ed1698a45a99d497/transformed/bundleLibRuntimeToDirDebug/bundleLibRuntimeToDirDebug_dex, /Users/oem/Projects/KapraDaily/node_modules/react-native-svg/android/build/.transforms/c639f12165a4f8a6ed1698a45a99d497/transformed/bundleLibRuntimeToDirDebug/bundleLibRuntimeToDirDebug_dex, /Users/oem/Projects/KapraDaily/node_modules/react-native-svg/android/build/.transforms/c639f12165a4f8a6ed1698a45a99d497/transformed/bundleLibRuntimeToDirDebug/bundleLibRuntimeToDirDebug_dex, /Users/oem/Projects/KapraDaily/node_modules/react-native-svg/android/build/.transforms/c639f12165a4f8a6ed1698a45a99d497/transformed/bundleLibRuntimeToDirDebug/bundleLibRuntimeToDirDebug_dex, /Users/oem/Projects/KapraDaily/node_modules/react-native-svg/android/build/.transforms/c639f12165a4f8a6ed1698a45a99d497/transformed/bundleLibRuntimeToDirDebug/bundleLibRuntimeToDirDebug_dex, /Users/oem/Projects/KapraDaily/node_modules/react-native-svg/android/build/.transforms/c639f12165a4f8a6ed1698a45a99d497/transformed/bundleLibRuntimeToDirDebug/bundleLibRuntimeToDirDebug_dex, /Users/oem/Projects/KapraDaily/node_modules/react-native-svg/android/build/.transforms/c639f12165a4f8a6ed1698a45a99d497/transformed/bundleLibRuntimeToDirDebug/bundleLibRuntimeToDirDebug_dex, /Users/oem/Projects/KapraDaily/node_modules/react-native-svg/android/build/.transforms/c639f12165a4f8a6ed1698a45a99d497/transformed/bundleLibRuntimeToDirDebug/bundleLibRuntimeToDirDebug_dex, /Users/oem/Projects/KapraDaily/node_modules/react-native-svg/android/build/.transforms/c639f12165a4f8a6ed1698a45a99d497/transformed/bundleLibRuntimeToDirDebug/bundleLibRuntimeToDirDebug_dex, /Users/oem/Projects/KapraDaily/node_modules/react-native-svg/android/build/.transforms/c639f12165a4f8a6ed1698a45a99d497/transformed/bundleLibRuntimeToDirDebug/bundleLibRuntimeToDirDebug_dex, /Users/oem/Projects/KapraDaily/node_modules/react-native-svg/android/build/.transforms/c639f12165a4f8a6ed1698a45a99d497/transformed/bundleLibRuntimeToDirDebug/bundleLibRuntimeToDirDebug_dex, /Users/oem/Projects/KapraDaily/node_modules/react-native-svg/android/build/.transforms/c639f12165a4f8a6ed1698a45a99d497/transformed/bundleLibRuntimeToDirDebug/bundleLibRuntimeToDirDebug_dex, /Users/oem/Projects/KapraDaily/node_modules/react-native-svg/android/build/.transforms/c639f12165a4f8a6ed1698a45a99d497/transformed/bundleLibRuntimeToDirDebug/bundleLibRuntimeToDirDebug_dex, /Users/oem/Projects/KapraDaily/node_modules/react-native-svg/android/build/.transforms/c639f12165a4f8a6ed1698a45a99d497/transformed/bundleLibRuntimeToDirDebug/bundleLibRuntimeToDirDebug_dex, /Users/oem/Projects/KapraDaily/node_modules/react-native-svg/android/build/.transforms/c639f12165a4f8a6ed1698a45a99d497/transformed/bundleLibRuntimeToDirDebug/bundleLibRuntimeToDirDebug_dex, /Users/oem/Projects/KapraDaily/node_modules/react-native-svg/android/build/.transforms/c639f12165a4f8a6ed1698a45a99d497/transformed/bundleLibRuntimeToDirDebug/bundleLibRuntimeToDirDebug_dex, /Users/oem/Projects/KapraDaily/node_modules/react-native-svg/android/build/.transforms/c639f12165a4f8a6ed1698a45a99d497/transformed/bundleLibRuntimeToDirDebug/bundleLibRuntimeToDirDebug_dex, /Users/oem/Projects/KapraDaily/node_modules/react-native-svg/android/build/.transforms/c639f12165a4f8a6ed1698a45a99d497/transformed/bundleLibRuntimeToDirDebug/bundleLibRuntimeToDirDebug_dex, /Users/oem/Projects/KapraDaily/node_modules/react-native-svg/android/build/.transforms/c639f12165a4f8a6ed1698a45a99d497/transformed/bundleLibRuntimeToDirDebug/bundleLibRuntimeToDirDebug_dex, /Users/oem/Projects/KapraDaily/node_modules/react-native-svg/android/build/.transforms/c639f12165a4f8a6ed1698a45a99d497/transformed/bundleLibRuntimeToDirDebug/bundleLibRuntimeToDirDebug_dex, /Users/oem/Projects/KapraDaily/node_modules/react-native-svg/android/build/.transforms/c639f12165a4f8a6ed1698a45a99d497/transformed/bundleLibRuntimeToDirDebug/bundleLibRuntimeToDirDebug_dex, /Users/oem/Projects/KapraDaily/node_modules/react-native-svg/android/build/.transforms/c639f12165a4f8a6ed1698a45a99d497/transformed/bundleLibRuntimeToDirDebug/bundleLibRuntimeToDirDebug_dex, /Users/oem/Projects/KapraDaily/node_modules/react-native-svg/android/build/.transforms/c639f12165a4f8a6ed1698a45a99d497/transformed/bundleLibRuntimeToDirDebug/bundleLibRuntimeToDirDebug_dex, /Users/oem/Projects/KapraDaily/node_modules/react-native-svg/android/build/.transforms/c639f12165a4f8a6ed1698a45a99d497/transformed/bundleLibRuntimeToDirDebug/bundleLibRuntimeToDirDebug_dex, /Users/oem/Projects/KapraDaily/node_modules/react-native-svg/android/build/.transforms/c639f12165a4f8a6ed1698a45a99d497/transformed/bundleLibRuntimeToDirDebug/bundleLibRuntimeToDirDebug_dex, /Users/oem/Projects/KapraDaily/node_modules/react-native-svg/android/build/.transforms/c639f12165a4f8a6ed1698a45a99d497/transformed/bundleLibRuntimeToDirDebug/bundleLibRuntimeToDirDebug_dex, /Users/oem/Projects/KapraDaily/node_modules/react-native-svg/android/build/.transforms/c639f12165a4f8a6ed1698a45a99d497/transformed/bundleLibRuntimeToDirDebug/bundleLibRuntimeToDirDebug_dex, and from all global synthetics files in 
Merging to '/Users/oem/Projects/KapraDaily/android/app/build/intermediates/dex/debug/mergeLibDexDebug/14' with D8 from all or a subset of dex files in /Users/oem/Projects/KapraDaily/node_modules/react-native-maps/android/build/.transforms/a16ce52319d4564261a5ea570b0b2757/transformed/bundleLibRuntimeToDirDebug/bundleLibRuntimeToDirDebug_dex, /Users/oem/Projects/KapraDaily/node_modules/react-native-maps/android/build/.transforms/a16ce52319d4564261a5ea570b0b2757/transformed/bundleLibRuntimeToDirDebug/bundleLibRuntimeToDirDebug_dex, /Users/oem/Projects/KapraDaily/node_modules/react-native-maps/android/build/.transforms/a16ce52319d4564261a5ea570b0b2757/transformed/bundleLibRuntimeToDirDebug/bundleLibRuntimeToDirDebug_dex, /Users/oem/Projects/KapraDaily/node_modules/react-native-maps/android/build/.transforms/a16ce52319d4564261a5ea570b0b2757/transformed/bundleLibRuntimeToDirDebug/bundleLibRuntimeToDirDebug_dex, /Users/oem/Projects/KapraDaily/node_modules/react-native-maps/android/build/.transforms/a16ce52319d4564261a5ea570b0b2757/transformed/bundleLibRuntimeToDirDebug/bundleLibRuntimeToDirDebug_dex, /Users/oem/Projects/KapraDaily/node_modules/react-native-maps/android/build/.transforms/a16ce52319d4564261a5ea570b0b2757/transformed/bundleLibRuntimeToDirDebug/bundleLibRuntimeToDirDebug_dex, /Users/oem/Projects/KapraDaily/node_modules/react-native-maps/android/build/.transforms/a16ce52319d4564261a5ea570b0b2757/transformed/bundleLibRuntimeToDirDebug/bundleLibRuntimeToDirDebug_dex, /Users/oem/Projects/KapraDaily/node_modules/react-native-maps/android/build/.transforms/a16ce52319d4564261a5ea570b0b2757/transformed/bundleLibRuntimeToDirDebug/bundleLibRuntimeToDirDebug_dex, /Users/oem/Projects/KapraDaily/node_modules/react-native-maps/android/build/.transforms/a16ce52319d4564261a5ea570b0b2757/transformed/bundleLibRuntimeToDirDebug/bundleLibRuntimeToDirDebug_dex, /Users/oem/Projects/KapraDaily/node_modules/react-native-maps/android/build/.transforms/a16ce52319d4564261a5ea570b0b2757/transformed/bundleLibRuntimeToDirDebug/bundleLibRuntimeToDirDebug_dex, /Users/oem/Projects/KapraDaily/node_modules/react-native-maps/android/build/.transforms/a16ce52319d4564261a5ea570b0b2757/transformed/bundleLibRuntimeToDirDebug/bundleLibRuntimeToDirDebug_dex, /Users/oem/Projects/KapraDaily/node_modules/react-native-maps/android/build/.transforms/a16ce52319d4564261a5ea570b0b2757/transformed/bundleLibRuntimeToDirDebug/bundleLibRuntimeToDirDebug_dex, /Users/oem/Projects/KapraDaily/node_modules/react-native-maps/android/build/.transforms/a16ce52319d4564261a5ea570b0b2757/transformed/bundleLibRuntimeToDirDebug/bundleLibRuntimeToDirDebug_dex, /Users/oem/Projects/KapraDaily/node_modules/react-native-maps/android/build/.transforms/a16ce52319d4564261a5ea570b0b2757/transformed/bundleLibRuntimeToDirDebug/bundleLibRuntimeToDirDebug_dex, /Users/oem/Projects/KapraDaily/node_modules/react-native-maps/android/build/.transforms/a16ce52319d4564261a5ea570b0b2757/transformed/bundleLibRuntimeToDirDebug/bundleLibRuntimeToDirDebug_dex, /Users/oem/Projects/KapraDaily/node_modules/react-native-screens/android/build/.transforms/b1adbfdc04d8f5b9b3513ace69cbbf14/transformed/bundleLibRuntimeToDirDebug/bundleLibRuntimeToDirDebug_dex, /Users/oem/Projects/KapraDaily/node_modules/react-native-screens/android/build/.transforms/b1adbfdc04d8f5b9b3513ace69cbbf14/transformed/bundleLibRuntimeToDirDebug/bundleLibRuntimeToDirDebug_dex, /Users/oem/Projects/KapraDaily/node_modules/react-native-screens/android/build/.transforms/b1adbfdc04d8f5b9b3513ace69cbbf14/transformed/bundleLibRuntimeToDirDebug/bundleLibRuntimeToDirDebug_dex, /Users/oem/Projects/KapraDaily/node_modules/react-native-screens/android/build/.transforms/b1adbfdc04d8f5b9b3513ace69cbbf14/transformed/bundleLibRuntimeToDirDebug/bundleLibRuntimeToDirDebug_dex, /Users/oem/Projects/KapraDaily/node_modules/react-native-screens/android/build/.transforms/b1adbfdc04d8f5b9b3513ace69cbbf14/transformed/bundleLibRuntimeToDirDebug/bundleLibRuntimeToDirDebug_dex, /Users/oem/Projects/KapraDaily/node_modules/react-native-screens/android/build/.transforms/b1adbfdc04d8f5b9b3513ace69cbbf14/transformed/bundleLibRuntimeToDirDebug/bundleLibRuntimeToDirDebug_dex, /Users/oem/Projects/KapraDaily/node_modules/react-native-screens/android/build/.transforms/b1adbfdc04d8f5b9b3513ace69cbbf14/transformed/bundleLibRuntimeToDirDebug/bundleLibRuntimeToDirDebug_dex, /Users/oem/Projects/KapraDaily/node_modules/react-native-screens/android/build/.transforms/b1adbfdc04d8f5b9b3513ace69cbbf14/transformed/bundleLibRuntimeToDirDebug/bundleLibRuntimeToDirDebug_dex, /Users/oem/Projects/KapraDaily/node_modules/react-native-screens/android/build/.transforms/b1adbfdc04d8f5b9b3513ace69cbbf14/transformed/bundleLibRuntimeToDirDebug/bundleLibRuntimeToDirDebug_dex, /Users/oem/Projects/KapraDaily/node_modules/react-native-screens/android/build/.transforms/b1adbfdc04d8f5b9b3513ace69cbbf14/transformed/bundleLibRuntimeToDirDebug/bundleLibRuntimeToDirDebug_dex, /Users/oem/Projects/KapraDaily/node_modules/react-native-screens/android/build/.transforms/b1adbfdc04d8f5b9b3513ace69cbbf14/transformed/bundleLibRuntimeToDirDebug/bundleLibRuntimeToDirDebug_dex, /Users/oem/Projects/KapraDaily/node_modules/react-native-screens/android/build/.transforms/b1adbfdc04d8f5b9b3513ace69cbbf14/transformed/bundleLibRuntimeToDirDebug/bundleLibRuntimeToDirDebug_dex, /Users/oem/Projects/KapraDaily/node_modules/react-native-screens/android/build/.transforms/b1adbfdc04d8f5b9b3513ace69cbbf14/transformed/bundleLibRuntimeToDirDebug/bundleLibRuntimeToDirDebug_dex, /Users/oem/Projects/KapraDaily/node_modules/react-native-linear-gradient/android/build/.transforms/51d5adba203d75da02cfaa7d05b4f37b/transformed/bundleLibRuntimeToDirDebug/bundleLibRuntimeToDirDebug_dex, /Users/oem/Projects/KapraDaily/node_modules/react-native-linear-gradient/android/build/.transforms/51d5adba203d75da02cfaa7d05b4f37b/transformed/bundleLibRuntimeToDirDebug/bundleLibRuntimeToDirDebug_dex, /Users/oem/Projects/KapraDaily/node_modules/react-native-linear-gradient/android/build/.transforms/51d5adba203d75da02cfaa7d05b4f37b/transformed/bundleLibRuntimeToDirDebug/bundleLibRuntimeToDirDebug_dex, /Users/oem/Projects/KapraDaily/node_modules/react-native-linear-gradient/android/build/.transforms/51d5adba203d75da02cfaa7d05b4f37b/transformed/bundleLibRuntimeToDirDebug/bundleLibRuntimeToDirDebug_dex, and from all global synthetics files in 
Merging to '/Users/oem/Projects/KapraDaily/android/app/build/intermediates/dex/debug/mergeLibDexDebug/15' with D8 from all or a subset of dex files in /Users/oem/Projects/KapraDaily/node_modules/react-native-screens/android/build/.transforms/b1adbfdc04d8f5b9b3513ace69cbbf14/transformed/bundleLibRuntimeToDirDebug/bundleLibRuntimeToDirDebug_dex, /Users/oem/Projects/KapraDaily/node_modules/react-native-screens/android/build/.transforms/b1adbfdc04d8f5b9b3513ace69cbbf14/transformed/bundleLibRuntimeToDirDebug/bundleLibRuntimeToDirDebug_dex, /Users/oem/Projects/KapraDaily/node_modules/react-native-screens/android/build/.transforms/b1adbfdc04d8f5b9b3513ace69cbbf14/transformed/bundleLibRuntimeToDirDebug/bundleLibRuntimeToDirDebug_dex, /Users/oem/Projects/KapraDaily/node_modules/react-native-screens/android/build/.transforms/b1adbfdc04d8f5b9b3513ace69cbbf14/transformed/bundleLibRuntimeToDirDebug/bundleLibRuntimeToDirDebug_dex, /Users/oem/Projects/KapraDaily/node_modules/react-native-screens/android/build/.transforms/b1adbfdc04d8f5b9b3513ace69cbbf14/transformed/bundleLibRuntimeToDirDebug/bundleLibRuntimeToDirDebug_dex, /Users/oem/Projects/KapraDaily/node_modules/react-native-screens/android/build/.transforms/b1adbfdc04d8f5b9b3513ace69cbbf14/transformed/bundleLibRuntimeToDirDebug/bundleLibRuntimeToDirDebug_dex, /Users/oem/Projects/KapraDaily/node_modules/react-native-screens/android/build/.transforms/b1adbfdc04d8f5b9b3513ace69cbbf14/transformed/bundleLibRuntimeToDirDebug/bundleLibRuntimeToDirDebug_dex, /Users/oem/Projects/KapraDaily/node_modules/react-native-screens/android/build/.transforms/b1adbfdc04d8f5b9b3513ace69cbbf14/transformed/bundleLibRuntimeToDirDebug/bundleLibRuntimeToDirDebug_dex, /Users/oem/Projects/KapraDaily/node_modules/react-native-screens/android/build/.transforms/b1adbfdc04d8f5b9b3513ace69cbbf14/transformed/bundleLibRuntimeToDirDebug/bundleLibRuntimeToDirDebug_dex, /Users/oem/Projects/KapraDaily/node_modules/react-native-screens/android/build/.transforms/b1adbfdc04d8f5b9b3513ace69cbbf14/transformed/bundleLibRuntimeToDirDebug/bundleLibRuntimeToDirDebug_dex, /Users/oem/Projects/KapraDaily/node_modules/react-native-screens/android/build/.transforms/b1adbfdc04d8f5b9b3513ace69cbbf14/transformed/bundleLibRuntimeToDirDebug/bundleLibRuntimeToDirDebug_dex, /Users/oem/Projects/KapraDaily/node_modules/react-native-screens/android/build/.transforms/b1adbfdc04d8f5b9b3513ace69cbbf14/transformed/bundleLibRuntimeToDirDebug/bundleLibRuntimeToDirDebug_dex, /Users/oem/Projects/KapraDaily/node_modules/react-native-screens/android/build/.transforms/b1adbfdc04d8f5b9b3513ace69cbbf14/transformed/bundleLibRuntimeToDirDebug/bundleLibRuntimeToDirDebug_dex, /Users/oem/Projects/KapraDaily/node_modules/react-native-screens/android/build/.transforms/b1adbfdc04d8f5b9b3513ace69cbbf14/transformed/bundleLibRuntimeToDirDebug/bundleLibRuntimeToDirDebug_dex, /Users/oem/Projects/KapraDaily/node_modules/react-native-screens/android/build/.transforms/b1adbfdc04d8f5b9b3513ace69cbbf14/transformed/bundleLibRuntimeToDirDebug/bundleLibRuntimeToDirDebug_dex, /Users/oem/Projects/KapraDaily/node_modules/react-native-screens/android/build/.transforms/b1adbfdc04d8f5b9b3513ace69cbbf14/transformed/bundleLibRuntimeToDirDebug/bundleLibRuntimeToDirDebug_dex, /Users/oem/Projects/KapraDaily/node_modules/react-native-screens/android/build/.transforms/b1adbfdc04d8f5b9b3513ace69cbbf14/transformed/bundleLibRuntimeToDirDebug/bundleLibRuntimeToDirDebug_dex, /Users/oem/Projects/KapraDaily/node_modules/react-native-screens/android/build/.transforms/b1adbfdc04d8f5b9b3513ace69cbbf14/transformed/bundleLibRuntimeToDirDebug/bundleLibRuntimeToDirDebug_dex, /Users/oem/Projects/KapraDaily/node_modules/react-native-screens/android/build/.transforms/b1adbfdc04d8f5b9b3513ace69cbbf14/transformed/bundleLibRuntimeToDirDebug/bundleLibRuntimeToDirDebug_dex, /Users/oem/Projects/KapraDaily/node_modules/react-native-screens/android/build/.transforms/b1adbfdc04d8f5b9b3513ace69cbbf14/transformed/bundleLibRuntimeToDirDebug/bundleLibRuntimeToDirDebug_dex, /Users/oem/Projects/KapraDaily/node_modules/react-native-screens/android/build/.transforms/b1adbfdc04d8f5b9b3513ace69cbbf14/transformed/bundleLibRuntimeToDirDebug/bundleLibRuntimeToDirDebug_dex, /Users/oem/Projects/KapraDaily/node_modules/react-native-screens/android/build/.transforms/b1adbfdc04d8f5b9b3513ace69cbbf14/transformed/bundleLibRuntimeToDirDebug/bundleLibRuntimeToDirDebug_dex, /Users/oem/Projects/KapraDaily/node_modules/react-native-screens/android/build/.transforms/b1adbfdc04d8f5b9b3513ace69cbbf14/transformed/bundleLibRuntimeToDirDebug/bundleLibRuntimeToDirDebug_dex, /Users/oem/Projects/KapraDaily/node_modules/react-native-screens/android/build/.transforms/b1adbfdc04d8f5b9b3513ace69cbbf14/transformed/bundleLibRuntimeToDirDebug/bundleLibRuntimeToDirDebug_dex, /Users/oem/Projects/KapraDaily/node_modules/react-native-screens/android/build/.transforms/b1adbfdc04d8f5b9b3513ace69cbbf14/transformed/bundleLibRuntimeToDirDebug/bundleLibRuntimeToDirDebug_dex, /Users/oem/Projects/KapraDaily/node_modules/react-native-screens/android/build/.transforms/b1adbfdc04d8f5b9b3513ace69cbbf14/transformed/bundleLibRuntimeToDirDebug/bundleLibRuntimeToDirDebug_dex, /Users/oem/Projects/KapraDaily/node_modules/react-native-screens/android/build/.transforms/b1adbfdc04d8f5b9b3513ace69cbbf14/transformed/bundleLibRuntimeToDirDebug/bundleLibRuntimeToDirDebug_dex, /Users/oem/Projects/KapraDaily/node_modules/react-native-screens/android/build/.transforms/b1adbfdc04d8f5b9b3513ace69cbbf14/transformed/bundleLibRuntimeToDirDebug/bundleLibRuntimeToDirDebug_dex, /Users/oem/Projects/KapraDaily/node_modules/react-native-screens/android/build/.transforms/b1adbfdc04d8f5b9b3513ace69cbbf14/transformed/bundleLibRuntimeToDirDebug/bundleLibRuntimeToDirDebug_dex, /Users/oem/Projects/KapraDaily/node_modules/react-native-screens/android/build/.transforms/b1adbfdc04d8f5b9b3513ace69cbbf14/transformed/bundleLibRuntimeToDirDebug/bundleLibRuntimeToDirDebug_dex, /Users/oem/Projects/KapraDaily/node_modules/react-native-screens/android/build/.transforms/b1adbfdc04d8f5b9b3513ace69cbbf14/transformed/bundleLibRuntimeToDirDebug/bundleLibRuntimeToDirDebug_dex, /Users/oem/Projects/KapraDaily/node_modules/react-native-screens/android/build/.transforms/b1adbfdc04d8f5b9b3513ace69cbbf14/transformed/bundleLibRuntimeToDirDebug/bundleLibRuntimeToDirDebug_dex, /Users/oem/Projects/KapraDaily/node_modules/react-native-screens/android/build/.transforms/b1adbfdc04d8f5b9b3513ace69cbbf14/transformed/bundleLibRuntimeToDirDebug/bundleLibRuntimeToDirDebug_dex, /Users/oem/Projects/KapraDaily/node_modules/react-native-screens/android/build/.transforms/b1adbfdc04d8f5b9b3513ace69cbbf14/transformed/bundleLibRuntimeToDirDebug/bundleLibRuntimeToDirDebug_dex, /Users/oem/Projects/KapraDaily/node_modules/react-native-fast-image/android/build/.transforms/aac4aebf1bd10f0c0c57cf468a943f01/transformed/bundleLibRuntimeToDirDebug/bundleLibRuntimeToDirDebug_dex, /Users/oem/Projects/KapraDaily/node_modules/react-native-onesignal/android/build/.transforms/896f92cde502080c3382ecfa5d5420e5/transformed/bundleLibRuntimeToDirDebug/bundleLibRuntimeToDirDebug_dex, /Users/oem/Projects/KapraDaily/node_modules/react-native-onesignal/android/build/.transforms/896f92cde502080c3382ecfa5d5420e5/transformed/bundleLibRuntimeToDirDebug/bundleLibRuntimeToDirDebug_dex, /Users/oem/Projects/KapraDaily/node_modules/react-native-onesignal/android/build/.transforms/896f92cde502080c3382ecfa5d5420e5/transformed/bundleLibRuntimeToDirDebug/bundleLibRuntimeToDirDebug_dex, /Users/oem/Projects/KapraDaily/node_modules/react-native-onesignal/android/build/.transforms/896f92cde502080c3382ecfa5d5420e5/transformed/bundleLibRuntimeToDirDebug/bundleLibRuntimeToDirDebug_dex, /Users/oem/Projects/KapraDaily/node_modules/react-native-onesignal/android/build/.transforms/896f92cde502080c3382ecfa5d5420e5/transformed/bundleLibRuntimeToDirDebug/bundleLibRuntimeToDirDebug_dex, /Users/oem/Projects/KapraDaily/node_modules/react-native-onesignal/android/build/.transforms/896f92cde502080c3382ecfa5d5420e5/transformed/bundleLibRuntimeToDirDebug/bundleLibRuntimeToDirDebug_dex, /Users/oem/Projects/KapraDaily/node_modules/react-native-onesignal/android/build/.transforms/896f92cde502080c3382ecfa5d5420e5/transformed/bundleLibRuntimeToDirDebug/bundleLibRuntimeToDirDebug_dex, and from all global synthetics files in 

> Task :app:mergeDebugJavaResource
file or directory '/Users/oem/Projects/KapraDaily/node_modules/react-native-onesignal/android/libs', not found
file or directory '/Users/oem/Projects/KapraDaily/node_modules/react-native-onesignal/android/libs', not found
Caching disabled for task ':app:mergeDebugJavaResource' because:
  Build cache is disabled
  Caching has been disabled for the task
Task ':app:mergeDebugJavaResource' is not up-to-date because:
  Output property 'cacheDir' file /Users/oem/Projects/KapraDaily/android/app/build/intermediates/incremental/debug-mergeJavaRes/zip-cache has been removed.
  Output property 'cacheDir' file /Users/oem/Projects/KapraDaily/android/app/build/intermediates/incremental/debug-mergeJavaRes/zip-cache/+6kQkzvriidX6K7mF7a3bQ== has been removed.
  Output property 'cacheDir' file /Users/oem/Projects/KapraDaily/android/app/build/intermediates/incremental/debug-mergeJavaRes/zip-cache/+t1ctsbjrbSlmxA0afqReA== has been removed.
  and more...
The input changes require a full rebuild for incremental task ':app:mergeDebugJavaResource'.
file or directory '/Users/oem/Projects/KapraDaily/node_modules/react-native-onesignal/android/libs', not found
file or directory '/Users/oem/Projects/KapraDaily/node_modules/react-native-onesignal/android/libs', not found

> Task :app:configureCMakeDebug[arm64-v8a]
Caching disabled for task ':app:configureCMakeDebug[arm64-v8a]' because:
  Build cache is disabled
  Caching has been disabled for the task
Task ':app:configureCMakeDebug[arm64-v8a]' is not up-to-date because:
  Task.upToDateWhen is false.
C/C++: /Users/oem/Projects/KapraDaily/node_modules/react-native/ReactAndroid/cmake-utils/default-app-setup/CMakeLists.txt debug|arm64-v8a : Start JSON generation. Platform version: 24 min SDK version: arm64-v8a
C/C++: /Users/oem/Projects/KapraDaily/node_modules/react-native/ReactAndroid/cmake-utils/default-app-setup/CMakeLists.txt debug|arm64-v8a : rebuilding JSON /Users/oem/Projects/KapraDaily/android/app/.cxx/Debug/4t1j4h31/arm64-v8a/android_gradle_build.json due to:
C/C++: /Users/oem/Projects/KapraDaily/node_modules/react-native/ReactAndroid/cmake-utils/default-app-setup/CMakeLists.txt debug|arm64-v8a : - no fingerprint file, will remove stale configuration folder
C/C++: /Users/oem/Projects/KapraDaily/node_modules/react-native/ReactAndroid/cmake-utils/default-app-setup/CMakeLists.txt debug|arm64-v8a : /Library/Java/JavaVirtualMachines/temurin-17.jdk/Contents/Home/bin/java \
  --class-path \
  /Users/oem/.gradle/caches/modules-2/files-2.1/com.google.prefab/cli/2.1.0/aa32fec809c44fa531f01dcfb739b5b3304d3050/cli-2.1.0-all.jar \
  com.google.prefab.cli.AppKt \
  --build-system \
  cmake \
  --platform \
  android \
  --abi \
  arm64-v8a \
  --os-version \
  24 \
  --stl \
  c++_shared \
  --ndk-version \
  25 \
  --output \
  /var/folders/bg/7v8s3j592_s22ntrfzck9rsh0000gn/T/agp-prefab-staging12131700622213023406/staged-cli-output \
  /Users/oem/.gradle/caches/8.13/transforms/1a605be92e232fc57f5124a2f7631a5e/transformed/react-android-0.82.1-debug/prefab \
  /Users/oem/.gradle/caches/8.13/transforms/05d88a454e859816b9bc0b86d187f0da/transformed/hermes-android-0.82.1-debug/prefab \
  /Users/oem/.gradle/caches/8.13/transforms/066ab4ee048cd2b737a2cef809d0db8a/transformed/fbjni-0.7.0/prefab

Starting process 'command '/Users/oem/Projects/KapraDaily/android/app/build/intermediates/cxx/Debug/4t1j4h31/logs/arm64-v8a/prefab_command''. Working directory: /Users/oem/Projects/KapraDaily/android/app Command: /Users/oem/Projects/KapraDaily/android/app/build/intermediates/cxx/Debug/4t1j4h31/logs/arm64-v8a/prefab_command 
Successfully started process 'command '/Users/oem/Projects/KapraDaily/android/app/build/intermediates/cxx/Debug/4t1j4h31/logs/arm64-v8a/prefab_command''
C/C++: /Users/oem/Projects/KapraDaily/node_modules/react-native/ReactAndroid/cmake-utils/default-app-setup/CMakeLists.txt debug|arm64-v8a : Received process result: 0
C/C++: /Users/oem/Projects/KapraDaily/node_modules/react-native/ReactAndroid/cmake-utils/default-app-setup/CMakeLists.txt debug|arm64-v8a : removing stale contents from '/Users/oem/Projects/KapraDaily/android/app/.cxx/Debug/4t1j4h31/arm64-v8a'
C/C++: /Users/oem/Projects/KapraDaily/node_modules/react-native/ReactAndroid/cmake-utils/default-app-setup/CMakeLists.txt debug|arm64-v8a : created folder '/Users/oem/Projects/KapraDaily/android/app/.cxx/Debug/4t1j4h31/arm64-v8a'
C/C++: /Users/oem/Projects/KapraDaily/node_modules/react-native/ReactAndroid/cmake-utils/default-app-setup/CMakeLists.txt debug|arm64-v8a : executing cmake /Users/oem/Library/Android/sdk/cmake/3.22.1/bin/cmake \
  -H/Users/oem/Projects/KapraDaily/node_modules/react-native/ReactAndroid/cmake-utils/default-app-setup \
  -DCMAKE_SYSTEM_NAME=Android \
  -DCMAKE_EXPORT_COMPILE_COMMANDS=ON \
  -DCMAKE_SYSTEM_VERSION=24 \
  -DANDROID_PLATFORM=android-24 \
  -DANDROID_ABI=arm64-v8a \
  -DCMAKE_ANDROID_ARCH_ABI=arm64-v8a \
  -DANDROID_NDK=/Users/oem/Library/Android/sdk/ndk/25.1.8937393 \
  -DCMAKE_ANDROID_NDK=/Users/oem/Library/Android/sdk/ndk/25.1.8937393 \
  -DCMAKE_TOOLCHAIN_FILE=/Users/oem/Library/Android/sdk/ndk/25.1.8937393/build/cmake/android.toolchain.cmake \
  -DCMAKE_MAKE_PROGRAM=/Users/oem/Library/Android/sdk/cmake/3.22.1/bin/ninja \
  -DCMAKE_LIBRARY_OUTPUT_DIRECTORY=/Users/oem/Projects/KapraDaily/android/app/build/intermediates/cxx/Debug/4t1j4h31/obj/arm64-v8a \
  -DCMAKE_RUNTIME_OUTPUT_DIRECTORY=/Users/oem/Projects/KapraDaily/android/app/build/intermediates/cxx/Debug/4t1j4h31/obj/arm64-v8a \
  -DCMAKE_BUILD_TYPE=Debug \
  -DCMAKE_FIND_ROOT_PATH=/Users/oem/Projects/KapraDaily/android/app/.cxx/Debug/4t1j4h31/prefab/arm64-v8a/prefab \
  -B/Users/oem/Projects/KapraDaily/android/app/.cxx/Debug/4t1j4h31/arm64-v8a \
  -GNinja \
  -DANDROID_LD=lld \
  -DCMAKE_INTERPROCEDURAL_OPTIMIZATION=FALSE \
  -DPROJECT_BUILD_DIR=/Users/oem/Projects/KapraDaily/android/app/build \
  -DPROJECT_ROOT_DIR=/Users/oem/Projects/KapraDaily/android \
  -DREACT_ANDROID_DIR=/Users/oem/Projects/KapraDaily/node_modules/react-native/ReactAndroid \
  -DANDROID_STL=c++_shared \
  -DANDROID_SUPPORT_FLEXIBLE_PAGE_SIZES=ON

C/C++: /Users/oem/Projects/KapraDaily/node_modules/react-native/ReactAndroid/cmake-utils/default-app-setup/CMakeLists.txt debug|arm64-v8a : /Users/oem/Library/Android/sdk/cmake/3.22.1/bin/cmake \
  -H/Users/oem/Projects/KapraDaily/node_modules/react-native/ReactAndroid/cmake-utils/default-app-setup \
  -DCMAKE_SYSTEM_NAME=Android \
  -DCMAKE_EXPORT_COMPILE_COMMANDS=ON \
  -DCMAKE_SYSTEM_VERSION=24 \
  -DANDROID_PLATFORM=android-24 \
  -DANDROID_ABI=arm64-v8a \
  -DCMAKE_ANDROID_ARCH_ABI=arm64-v8a \
  -DANDROID_NDK=/Users/oem/Library/Android/sdk/ndk/25.1.8937393 \
  -DCMAKE_ANDROID_NDK=/Users/oem/Library/Android/sdk/ndk/25.1.8937393 \
  -DCMAKE_TOOLCHAIN_FILE=/Users/oem/Library/Android/sdk/ndk/25.1.8937393/build/cmake/android.toolchain.cmake \
  -DCMAKE_MAKE_PROGRAM=/Users/oem/Library/Android/sdk/cmake/3.22.1/bin/ninja \
  -DCMAKE_LIBRARY_OUTPUT_DIRECTORY=/Users/oem/Projects/KapraDaily/android/app/build/intermediates/cxx/Debug/4t1j4h31/obj/arm64-v8a \
  -DCMAKE_RUNTIME_OUTPUT_DIRECTORY=/Users/oem/Projects/KapraDaily/android/app/build/intermediates/cxx/Debug/4t1j4h31/obj/arm64-v8a \
  -DCMAKE_BUILD_TYPE=Debug \
  -DCMAKE_FIND_ROOT_PATH=/Users/oem/Projects/KapraDaily/android/app/.cxx/Debug/4t1j4h31/prefab/arm64-v8a/prefab \
  -B/Users/oem/Projects/KapraDaily/android/app/.cxx/Debug/4t1j4h31/arm64-v8a \
  -GNinja \
  -DANDROID_LD=lld \
  -DCMAKE_INTERPROCEDURAL_OPTIMIZATION=FALSE \
  -DPROJECT_BUILD_DIR=/Users/oem/Projects/KapraDaily/android/app/build \
  -DPROJECT_ROOT_DIR=/Users/oem/Projects/KapraDaily/android \
  -DREACT_ANDROID_DIR=/Users/oem/Projects/KapraDaily/node_modules/react-native/ReactAndroid \
  -DANDROID_STL=c++_shared \
  -DANDROID_SUPPORT_FLEXIBLE_PAGE_SIZES=ON

Starting process 'command '/Users/oem/Library/Android/sdk/cmake/3.22.1/bin/cmake''. Working directory: /Users/oem/Projects/KapraDaily/android/app Command: /Users/oem/Library/Android/sdk/cmake/3.22.1/bin/cmake -H/Users/oem/Projects/KapraDaily/node_modules/react-native/ReactAndroid/cmake-utils/default-app-setup -DCMAKE_SYSTEM_NAME=Android -DCMAKE_EXPORT_COMPILE_COMMANDS=ON -DCMAKE_SYSTEM_VERSION=24 -DANDROID_PLATFORM=android-24 -DANDROID_ABI=arm64-v8a -DCMAKE_ANDROID_ARCH_ABI=arm64-v8a -DANDROID_NDK=/Users/oem/Library/Android/sdk/ndk/25.1.8937393 -DCMAKE_ANDROID_NDK=/Users/oem/Library/Android/sdk/ndk/25.1.8937393 -DCMAKE_TOOLCHAIN_FILE=/Users/oem/Library/Android/sdk/ndk/25.1.8937393/build/cmake/android.toolchain.cmake -DCMAKE_MAKE_PROGRAM=/Users/oem/Library/Android/sdk/cmake/3.22.1/bin/ninja -DCMAKE_LIBRARY_OUTPUT_DIRECTORY=/Users/oem/Projects/KapraDaily/android/app/build/intermediates/cxx/Debug/4t1j4h31/obj/arm64-v8a -DCMAKE_RUNTIME_OUTPUT_DIRECTORY=/Users/oem/Projects/KapraDaily/android/app/build/intermediates/cxx/Debug/4t1j4h31/obj/arm64-v8a -DCMAKE_BUILD_TYPE=Debug -DCMAKE_FIND_ROOT_PATH=/Users/oem/Projects/KapraDaily/android/app/.cxx/Debug/4t1j4h31/prefab/arm64-v8a/prefab -B/Users/oem/Projects/KapraDaily/android/app/.cxx/Debug/4t1j4h31/arm64-v8a -GNinja -DANDROID_LD=lld -DCMAKE_INTERPROCEDURAL_OPTIMIZATION=FALSE -DPROJECT_BUILD_DIR=/Users/oem/Projects/KapraDaily/android/app/build -DPROJECT_ROOT_DIR=/Users/oem/Projects/KapraDaily/android -DREACT_ANDROID_DIR=/Users/oem/Projects/KapraDaily/node_modules/react-native/ReactAndroid -DANDROID_STL=c++_shared -DANDROID_SUPPORT_FLEXIBLE_PAGE_SIZES=ON
Successfully started process 'command '/Users/oem/Library/Android/sdk/cmake/3.22.1/bin/cmake''
C/C++: CMake Error at /Users/oem/Projects/KapraDaily/android/app/build/generated/autolinking/src/main/jni/Android-autolinking.cmake:10 (add_subdirectory):
C/C++:   add_subdirectory given source
C/C++:   "/Users/oem/Projects/KapraDaily/node_modules/@react-native-community/blur/android/build/generated/source/codegen/jni/"
C/C++:   which is not an existing directory.
C/C++: Call Stack (most recent call first):
C/C++:   /Users/oem/Projects/KapraDaily/node_modules/react-native/ReactAndroid/cmake-utils/ReactNative-application.cmake:94 (include)
C/C++:   CMakeLists.txt:31 (include)
C/C++: CMake Error at /Users/oem/Projects/KapraDaily/android/app/build/generated/autolinking/src/main/jni/Android-autolinking.cmake:11 (add_subdirectory):
C/C++:   add_subdirectory given source
C/C++:   "/Users/oem/Projects/KapraDaily/node_modules/@react-native-community/geolocation/android/build/generated/source/codegen/jni/"
C/C++:   which is not an existing directory.
C/C++: Call Stack (most recent call first):
C/C++:   /Users/oem/Projects/KapraDaily/node_modules/react-native/ReactAndroid/cmake-utils/ReactNative-application.cmake:94 (include)
C/C++:   CMakeLists.txt:31 (include)
C/C++: CMake Error at /Users/oem/Projects/KapraDaily/node_modules/react-native/ReactAndroid/cmake-utils/ReactNative-application.cmake:97 (target_link_libraries):
C/C++:   Cannot specify link libraries for target "react_codegen_rnblurview" which
C/C++:   is not built by this project.
C/C++: Call Stack (most recent call first):
C/C++:   CMakeLists.txt:31 (include)
C/C++: /Users/oem/Projects/KapraDaily/node_modules/react-native/ReactAndroid/cmake-utils/default-app-setup/CMakeLists.txt debug|arm64-v8a : Received process result: 1
C/C++: /Users/oem/Projects/KapraDaily/node_modules/react-native/ReactAndroid/cmake-utils/default-app-setup/CMakeLists.txt debug|arm64-v8a : JSON generation completed with problem. Exception: com.android.ide.common.process.ProcessException: -- The C compiler identification is Clang 14.0.6
-- The CXX compiler identification is Clang 14.0.6
-- Detecting C compiler ABI info
-- Detecting C compiler ABI info - done
-- Check for working C compiler: /Users/oem/Library/Android/sdk/ndk/25.1.8937393/toolchains/llvm/prebuilt/darwin-x86_64/bin/clang - skipped
-- Detecting C compile features
-- Detecting C compile features - done
-- Detecting CXX compiler ABI info
-- Detecting CXX compiler ABI info - done
-- Check for working CXX compiler: /Users/oem/Library/Android/sdk/ndk/25.1.8937393/toolchains/llvm/prebuilt/darwin-x86_64/bin/clang++ - skipped
-- Detecting CXX compile features
-- Detecting CXX compile features - done
-- Configuring incomplete, errors occurred!
See also "/Users/oem/Projects/KapraDaily/android/app/.cxx/Debug/4t1j4h31/arm64-v8a/CMakeFiles/CMakeOutput.log".

C++ build system [configure] failed while executing:
    /Users/oem/Library/Android/sdk/cmake/3.22.1/bin/cmake \
      -H/Users/oem/Projects/KapraDaily/node_modules/react-native/ReactAndroid/cmake-utils/default-app-setup \
      -DCMAKE_SYSTEM_NAME=Android \
      -DCMAKE_EXPORT_COMPILE_COMMANDS=ON \
      -DCMAKE_SYSTEM_VERSION=24 \
      -DANDROID_PLATFORM=android-24 \
      -DANDROID_ABI=arm64-v8a \
      -DCMAKE_ANDROID_ARCH_ABI=arm64-v8a \
      -DANDROID_NDK=/Users/oem/Library/Android/sdk/ndk/25.1.8937393 \
      -DCMAKE_ANDROID_NDK=/Users/oem/Library/Android/sdk/ndk/25.1.8937393 \
      -DCMAKE_TOOLCHAIN_FILE=/Users/oem/Library/Android/sdk/ndk/25.1.8937393/build/cmake/android.toolchain.cmake \
      -DCMAKE_MAKE_PROGRAM=/Users/oem/Library/Android/sdk/cmake/3.22.1/bin/ninja \
      -DCMAKE_LIBRARY_OUTPUT_DIRECTORY=/Users/oem/Projects/KapraDaily/android/app/build/intermediates/cxx/Debug/4t1j4h31/obj/arm64-v8a \
      -DCMAKE_RUNTIME_OUTPUT_DIRECTORY=/Users/oem/Projects/KapraDaily/android/app/build/intermediates/cxx/Debug/4t1j4h31/obj/arm64-v8a \
      -DCMAKE_BUILD_TYPE=Debug \
      -DCMAKE_FIND_ROOT_PATH=/Users/oem/Projects/KapraDaily/android/app/.cxx/Debug/4t1j4h31/prefab/arm64-v8a/prefab \
      -B/Users/oem/Projects/KapraDaily/android/app/.cxx/Debug/4t1j4h31/arm64-v8a \
      -GNinja \
      -DANDROID_LD=lld \
      -DCMAKE_INTERPROCEDURAL_OPTIMIZATION=FALSE \
      -DPROJECT_BUILD_DIR=/Users/oem/Projects/KapraDaily/android/app/build \
      -DPROJECT_ROOT_DIR=/Users/oem/Projects/KapraDaily/android \
      -DREACT_ANDROID_DIR=/Users/oem/Projects/KapraDaily/node_modules/react-native/ReactAndroid \
      -DANDROID_STL=c++_shared \
      -DANDROID_SUPPORT_FLEXIBLE_PAGE_SIZES=ON
  from /Users/oem/Projects/KapraDaily/android/app
CMake Error at /Users/oem/Projects/KapraDaily/android/app/build/generated/autolinking/src/main/jni/Android-autolinking.cmake:10 (add_subdirectory):
  add_subdirectory given source
  "/Users/oem/Projects/KapraDaily/node_modules/@react-native-community/blur/android/build/generated/source/codegen/jni/"
  which is not an existing directory.
Call Stack (most recent call first):
  /Users/oem/Projects/KapraDaily/node_modules/react-native/ReactAndroid/cmake-utils/ReactNative-application.cmake:94 (include)
  CMakeLists.txt:31 (include)


CMake Error at /Users/oem/Projects/KapraDaily/android/app/build/generated/autolinking/src/main/jni/Android-autolinking.cmake:11 (add_subdirectory):
  add_subdirectory given source
  "/Users/oem/Projects/KapraDaily/node_modules/@react-native-community/geolocation/android/build/generated/source/codegen/jni/"
  which is not an existing directory.
Call Stack (most recent call first):
  /Users/oem/Projects/KapraDaily/node_modules/react-native/ReactAndroid/cmake-utils/ReactNative-application.cmake:94 (include)
  CMakeLists.txt:31 (include)


CMake Error at /Users/oem/Projects/KapraDaily/node_modules/react-native/ReactAndroid/cmake-utils/ReactNative-application.cmake:97 (target_link_libraries):
  Cannot specify link libraries for target "react_codegen_rnblurview" which
  is not built by this project.
Call Stack (most recent call first):
  CMakeLists.txt:31 (include)
C/C++: /Users/oem/Projects/KapraDaily/node_modules/react-native/ReactAndroid/cmake-utils/default-app-setup/CMakeLists.txt debug|arm64-v8a : Writing build model to /Users/oem/Projects/KapraDaily/android/app/build/intermediates/cxx/Debug/4t1j4h31/logs/arm64-v8a/build_model.json

> Task :app:configureCMakeDebug[arm64-v8a] FAILED
Build 274f0ef6-02c9-4705-b1f4-2ce1a88762e6 is closed
Build fa284088-d393-4a1d-a00e-7f935ed40027 is closed

[Incubating] Problems report is available at: file:///Users/oem/Projects/KapraDaily/android/build/reports/problems/problems-report.html

FAILURE: Build failed with an exception.

* What went wrong:
Execution failed for task ':app:configureCMakeDebug[arm64-v8a]'.
> [CXX1429] error when building with cmake using /Users/oem/Projects/KapraDaily/node_modules/react-native/ReactAndroid/cmake-utils/default-app-setup/CMakeLists.txt: -- The C compiler identification is Clang 14.0.6
  -- The CXX compiler identification is Clang 14.0.6
  -- Detecting C compiler ABI info
  -- Detecting C compiler ABI info - done
  -- Check for working C compiler: /Users/oem/Library/Android/sdk/ndk/25.1.8937393/toolchains/llvm/prebuilt/darwin-x86_64/bin/clang - skipped
  -- Detecting C compile features
  -- Detecting C compile features - done
  -- Detecting CXX compiler ABI info
  -- Detecting CXX compiler ABI info - done
  -- Check for working CXX compiler: /Users/oem/Library/Android/sdk/ndk/25.1.8937393/toolchains/llvm/prebuilt/darwin-x86_64/bin/clang++ - skipped
  -- Detecting CXX compile features
  -- Detecting CXX compile features - done
  -- Configuring incomplete, errors occurred!
  See also "/Users/oem/Projects/KapraDaily/android/app/.cxx/Debug/4t1j4h31/arm64-v8a/CMakeFiles/CMakeOutput.log".
  
  C++ build system [configure] failed while executing:
      /Users/oem/Library/Android/sdk/cmake/3.22.1/bin/cmake \
        -H/Users/oem/Projects/KapraDaily/node_modules/react-native/ReactAndroid/cmake-utils/default-app-setup \
        -DCMAKE_SYSTEM_NAME=Android \
        -DCMAKE_EXPORT_COMPILE_COMMANDS=ON \
        -DCMAKE_SYSTEM_VERSION=24 \
        -DANDROID_PLATFORM=android-24 \
        -DANDROID_ABI=arm64-v8a \
        -DCMAKE_ANDROID_ARCH_ABI=arm64-v8a \
        -DANDROID_NDK=/Users/oem/Library/Android/sdk/ndk/25.1.8937393 \
        -DCMAKE_ANDROID_NDK=/Users/oem/Library/Android/sdk/ndk/25.1.8937393 \
        -DCMAKE_TOOLCHAIN_FILE=/Users/oem/Library/Android/sdk/ndk/25.1.8937393/build/cmake/android.toolchain.cmake \
        -DCMAKE_MAKE_PROGRAM=/Users/oem/Library/Android/sdk/cmake/3.22.1/bin/ninja \
        -DCMAKE_LIBRARY_OUTPUT_DIRECTORY=/Users/oem/Projects/KapraDaily/android/app/build/intermediates/cxx/Debug/4t1j4h31/obj/arm64-v8a \
        -DCMAKE_RUNTIME_OUTPUT_DIRECTORY=/Users/oem/Projects/KapraDaily/android/app/build/intermediates/cxx/Debug/4t1j4h31/obj/arm64-v8a \
        -DCMAKE_BUILD_TYPE=Debug \
        -DCMAKE_FIND_ROOT_PATH=/Users/oem/Projects/KapraDaily/android/app/.cxx/Debug/4t1j4h31/prefab/arm64-v8a/prefab \
        -B/Users/oem/Projects/KapraDaily/android/app/.cxx/Debug/4t1j4h31/arm64-v8a \
        -GNinja \
        -DANDROID_LD=lld \
        -DCMAKE_INTERPROCEDURAL_OPTIMIZATION=FALSE \
        -DPROJECT_BUILD_DIR=/Users/oem/Projects/KapraDaily/android/app/build \
        -DPROJECT_ROOT_DIR=/Users/oem/Projects/KapraDaily/android \
        -DREACT_ANDROID_DIR=/Users/oem/Projects/KapraDaily/node_modules/react-native/ReactAndroid \
        -DANDROID_STL=c++_shared \
        -DANDROID_SUPPORT_FLEXIBLE_PAGE_SIZES=ON
    from /Users/oem/Projects/KapraDaily/android/app
  CMake Error at /Users/oem/Projects/KapraDaily/android/app/build/generated/autolinking/src/main/jni/Android-autolinking.cmake:10 (add_subdirectory):
    add_subdirectory given source
    "/Users/oem/Projects/KapraDaily/node_modules/@react-native-community/blur/android/build/generated/source/codegen/jni/"
    which is not an existing directory.
  Call Stack (most recent call first):
    /Users/oem/Projects/KapraDaily/node_modules/react-native/ReactAndroid/cmake-utils/ReactNative-application.cmake:94 (include)
    CMakeLists.txt:31 (include)
  
  
  CMake Error at /Users/oem/Projects/KapraDaily/android/app/build/generated/autolinking/src/main/jni/Android-autolinking.cmake:11 (add_subdirectory):
    add_subdirectory given source
    "/Users/oem/Projects/KapraDaily/node_modules/@react-native-community/geolocation/android/build/generated/source/codegen/jni/"
    which is not an existing directory.
  Call Stack (most recent call first):
    /Users/oem/Projects/KapraDaily/node_modules/react-native/ReactAndroid/cmake-utils/ReactNative-application.cmake:94 (include)
    CMakeLists.txt:31 (include)
  
  
  CMake Error at /Users/oem/Projects/KapraDaily/node_modules/react-native/ReactAndroid/cmake-utils/ReactNative-application.cmake:97 (target_link_libraries):
    Cannot specify link libraries for target "react_codegen_rnblurview" which
    is not built by this project.
  Call Stack (most recent call first):
    CMakeLists.txt:31 (include) : com.android.ide.common.process.ProcessException: -- The C compiler identification is Clang 14.0.6
  -- The CXX compiler identification is Clang 14.0.6
  -- Detecting C compiler ABI info
  -- Detecting C compiler ABI info - done
  -- Check for working C compiler: /Users/oem/Library/Android/sdk/ndk/25.1.8937393/toolchains/llvm/prebuilt/darwin-x86_64/bin/clang - skipped
  -- Detecting C compile features
  -- Detecting C compile features - done
  -- Detecting CXX compiler ABI info
  -- Detecting CXX compiler ABI info - done
  -- Check for working CXX compiler: /Users/oem/Library/Android/sdk/ndk/25.1.8937393/toolchains/llvm/prebuilt/darwin-x86_64/bin/clang++ - skipped
  -- Detecting CXX compile features
  -- Detecting CXX compile features - done
  -- Configuring incomplete, errors occurred!
  See also "/Users/oem/Projects/KapraDaily/android/app/.cxx/Debug/4t1j4h31/arm64-v8a/CMakeFiles/CMakeOutput.log".
  
  C++ build system [configure] failed while executing:
      /Users/oem/Library/Android/sdk/cmake/3.22.1/bin/cmake \
        -H/Users/oem/Projects/KapraDaily/node_modules/react-native/ReactAndroid/cmake-utils/default-app-setup \
        -DCMAKE_SYSTEM_NAME=Android \
        -DCMAKE_EXPORT_COMPILE_COMMANDS=ON \
        -DCMAKE_SYSTEM_VERSION=24 \
        -DANDROID_PLATFORM=android-24 \
        -DANDROID_ABI=arm64-v8a \
        -DCMAKE_ANDROID_ARCH_ABI=arm64-v8a \
        -DANDROID_NDK=/Users/oem/Library/Android/sdk/ndk/25.1.8937393 \
        -DCMAKE_ANDROID_NDK=/Users/oem/Library/Android/sdk/ndk/25.1.8937393 \
        -DCMAKE_TOOLCHAIN_FILE=/Users/oem/Library/Android/sdk/ndk/25.1.8937393/build/cmake/android.toolchain.cmake \
        -DCMAKE_MAKE_PROGRAM=/Users/oem/Library/Android/sdk/cmake/3.22.1/bin/ninja \
        -DCMAKE_LIBRARY_OUTPUT_DIRECTORY=/Users/oem/Projects/KapraDaily/android/app/build/intermediates/cxx/Debug/4t1j4h31/obj/arm64-v8a \
        -DCMAKE_RUNTIME_OUTPUT_DIRECTORY=/Users/oem/Projects/KapraDaily/android/app/build/intermediates/cxx/Debug/4t1j4h31/obj/arm64-v8a \
        -DCMAKE_BUILD_TYPE=Debug \
        -DCMAKE_FIND_ROOT_PATH=/Users/oem/Projects/KapraDaily/android/app/.cxx/Debug/4t1j4h31/prefab/arm64-v8a/prefab \
        -B/Users/oem/Projects/KapraDaily/android/app/.cxx/Debug/4t1j4h31/arm64-v8a \
        -GNinja \
        -DANDROID_LD=lld \
        -DCMAKE_INTERPROCEDURAL_OPTIMIZATION=FALSE \
        -DPROJECT_BUILD_DIR=/Users/oem/Projects/KapraDaily/android/app/build \
        -DPROJECT_ROOT_DIR=/Users/oem/Projects/KapraDaily/android \
        -DREACT_ANDROID_DIR=/Users/oem/Projects/KapraDaily/node_modules/react-native/ReactAndroid \
        -DANDROID_STL=c++_shared \
        -DANDROID_SUPPORT_FLEXIBLE_PAGE_SIZES=ON
    from /Users/oem/Projects/KapraDaily/android/app
  CMake Error at /Users/oem/Projects/KapraDaily/android/app/build/generated/autolinking/src/main/jni/Android-autolinking.cmake:10 (add_subdirectory):
    add_subdirectory given source
    "/Users/oem/Projects/KapraDaily/node_modules/@react-native-community/blur/android/build/generated/source/codegen/jni/"
    which is not an existing directory.
  Call Stack (most recent call first):
    /Users/oem/Projects/KapraDaily/node_modules/react-native/ReactAndroid/cmake-utils/ReactNative-application.cmake:94 (include)
    CMakeLists.txt:31 (include)
  
  
  CMake Error at /Users/oem/Projects/KapraDaily/android/app/build/generated/autolinking/src/main/jni/Android-autolinking.cmake:11 (add_subdirectory):
    add_subdirectory given source
    "/Users/oem/Projects/KapraDaily/node_modules/@react-native-community/geolocation/android/build/generated/source/codegen/jni/"
    which is not an existing directory.
  Call Stack (most recent call first):
    /Users/oem/Projects/KapraDaily/node_modules/react-native/ReactAndroid/cmake-utils/ReactNative-application.cmake:94 (include)
    CMakeLists.txt:31 (include)
  
  
  CMake Error at /Users/oem/Projects/KapraDaily/node_modules/react-native/ReactAndroid/cmake-utils/ReactNative-application.cmake:97 (target_link_libraries):
    Cannot specify link libraries for target "react_codegen_rnblurview" which
    is not built by this project.
  Call Stack (most recent call first):
    CMakeLists.txt:31 (include)
  	at com.android.build.gradle.internal.cxx.process.ExecuteProcessKt.execute(ExecuteProcess.kt:288)
  	at com.android.build.gradle.internal.cxx.process.ExecuteProcessKt$executeProcess$1.invoke(ExecuteProcess.kt:108)
  	at com.android.build.gradle.internal.cxx.process.ExecuteProcessKt$executeProcess$1.invoke(ExecuteProcess.kt:106)
  	at com.android.build.gradle.internal.cxx.timing.TimingEnvironmentKt.time(TimingEnvironment.kt:32)
  	at com.android.build.gradle.internal.cxx.process.ExecuteProcessKt.executeProcess(ExecuteProcess.kt:106)
  	at com.android.build.gradle.internal.cxx.process.ExecuteProcessKt.executeProcess$default(ExecuteProcess.kt:85)
  	at com.android.build.gradle.tasks.CmakeQueryMetadataGenerator.executeProcess(CmakeFileApiMetadataGenerator.kt:59)
  	at com.android.build.gradle.tasks.ExternalNativeJsonGenerator$configureOneAbi$1$1$3.invoke(ExternalNativeJsonGenerator.kt:247)
  	at com.android.build.gradle.tasks.ExternalNativeJsonGenerator$configureOneAbi$1$1$3.invoke(ExternalNativeJsonGenerator.kt:247)
  	at com.android.build.gradle.internal.cxx.timing.TimingEnvironmentKt.time(TimingEnvironment.kt:32)
  	at com.android.build.gradle.tasks.ExternalNativeJsonGenerator.configureOneAbi(ExternalNativeJsonGenerator.kt:247)
  	at com.android.build.gradle.tasks.ExternalNativeJsonGenerator.configure(ExternalNativeJsonGenerator.kt:113)
  	at com.android.build.gradle.tasks.ExternalNativeBuildJsonTask.doTaskAction(ExternalNativeBuildJsonTask.kt:89)
  	at com.android.build.gradle.internal.tasks.UnsafeOutputsTask$taskAction$$inlined$recordTaskAction$1.invoke(BaseTask.kt:59)
  	at com.android.build.gradle.internal.tasks.Blocks.recordSpan(Blocks.java:51)
  	at com.android.build.gradle.internal.tasks.UnsafeOutputsTask.taskAction(UnsafeOutputsTask.kt:81)
  	at java.base/jdk.internal.reflect.NativeMethodAccessorImpl.invoke0(Native Method)
  	at java.base/jdk.internal.reflect.NativeMethodAccessorImpl.invoke(NativeMethodAccessorImpl.java:77)
  	at java.base/jdk.internal.reflect.DelegatingMethodAccessorImpl.invoke(DelegatingMethodAccessorImpl.java:43)
  	at java.base/java.lang.reflect.Method.invoke(Method.java:569)
  	at org.gradle.internal.reflect.JavaMethod.invoke(JavaMethod.java:125)
  	at org.gradle.api.internal.project.taskfactory.StandardTaskAction.doExecute(StandardTaskAction.java:58)
  	at org.gradle.api.internal.project.taskfactory.StandardTaskAction.execute(StandardTaskAction.java:51)
  	at org.gradle.api.internal.project.taskfactory.StandardTaskAction.execute(StandardTaskAction.java:29)
  	at org.gradle.api.internal.tasks.execution.TaskExecution$3.run(TaskExecution.java:244)
  	at org.gradle.internal.operations.DefaultBuildOperationRunner$1.execute(DefaultBuildOperationRunner.java:30)
  	at org.gradle.internal.operations.DefaultBuildOperationRunner$1.execute(DefaultBuildOperationRunner.java:27)
  	at org.gradle.internal.operations.DefaultBuildOperationRunner$2.execute(DefaultBuildOperationRunner.java:67)
  	at org.gradle.internal.operations.DefaultBuildOperationRunner$2.execute(DefaultBuildOperationRunner.java:60)
  	at org.gradle.internal.operations.DefaultBuildOperationRunner.execute(DefaultBuildOperationRunner.java:167)
  	at org.gradle.internal.operations.DefaultBuildOperationRunner.execute(DefaultBuildOperationRunner.java:60)
  	at org.gradle.internal.operations.DefaultBuildOperationRunner.run(DefaultBuildOperationRunner.java:48)
  	at org.gradle.api.internal.tasks.execution.TaskExecution.executeAction(TaskExecution.java:229)
  	at org.gradle.api.internal.tasks.execution.TaskExecution.executeActions(TaskExecution.java:212)
  	at org.gradle.api.internal.tasks.execution.TaskExecution.executeWithPreviousOutputFiles(TaskExecution.java:195)
  	at org.gradle.api.internal.tasks.execution.TaskExecution.execute(TaskExecution.java:162)
  	at org.gradle.internal.execution.steps.ExecuteStep.executeInternal(ExecuteStep.java:105)
  	at org.gradle.internal.execution.steps.ExecuteStep.access$000(ExecuteStep.java:44)
  	at org.gradle.internal.execution.steps.ExecuteStep$1.call(ExecuteStep.java:59)
  	at org.gradle.internal.execution.steps.ExecuteStep$1.call(ExecuteStep.java:56)
  	at org.gradle.internal.operations.DefaultBuildOperationRunner$CallableBuildOperationWorker.execute(DefaultBuildOperationRunner.java:210)
  	at org.gradle.internal.operations.DefaultBuildOperationRunner$CallableBuildOperationWorker.execute(DefaultBuildOperationRunner.java:205)
  	at org.gradle.internal.operations.DefaultBuildOperationRunner$2.execute(DefaultBuildOperationRunner.java:67)
  	at org.gradle.internal.operations.DefaultBuildOperationRunner$2.execute(DefaultBuildOperationRunner.java:60)
  	at org.gradle.internal.operations.DefaultBuildOperationRunner.execute(DefaultBuildOperationRunner.java:167)
  	at org.gradle.internal.operations.DefaultBuildOperationRunner.execute(DefaultBuildOperationRunner.java:60)
  	at org.gradle.internal.operations.DefaultBuildOperationRunner.call(DefaultBuildOperationRunner.java:54)
  	at org.gradle.internal.execution.steps.ExecuteStep.execute(ExecuteStep.java:56)
  	at org.gradle.internal.execution.steps.ExecuteStep.execute(ExecuteStep.java:44)
  	at org.gradle.internal.execution.steps.CancelExecutionStep.execute(CancelExecutionStep.java:42)
  	at org.gradle.internal.execution.steps.TimeoutStep.executeWithoutTimeout(TimeoutStep.java:75)
  	at org.gradle.internal.execution.steps.TimeoutStep.execute(TimeoutStep.java:55)
  	at org.gradle.internal.execution.steps.PreCreateOutputParentsStep.execute(PreCreateOutputParentsStep.java:50)
  	at org.gradle.internal.execution.steps.PreCreateOutputParentsStep.execute(PreCreateOutputParentsStep.java:28)
  	at org.gradle.internal.execution.steps.RemovePreviousOutputsStep.execute(RemovePreviousOutputsStep.java:67)
  	at org.gradle.internal.execution.steps.RemovePreviousOutputsStep.execute(RemovePreviousOutputsStep.java:37)
  	at org.gradle.internal.execution.steps.BroadcastChangingOutputsStep.execute(BroadcastChangingOutputsStep.java:61)
  	at org.gradle.internal.execution.steps.BroadcastChangingOutputsStep.execute(BroadcastChangingOutputsStep.java:26)
  	at org.gradle.internal.execution.steps.CaptureOutputsAfterExecutionStep.execute(CaptureOutputsAfterExecutionStep.java:69)
  	at org.gradle.internal.execution.steps.CaptureOutputsAfterExecutionStep.execute(CaptureOutputsAfterExecutionStep.java:46)
  	at org.gradle.internal.execution.steps.ResolveInputChangesStep.execute(ResolveInputChangesStep.java:40)
  	at org.gradle.internal.execution.steps.ResolveInputChangesStep.execute(ResolveInputChangesStep.java:29)
  	at org.gradle.internal.execution.steps.BuildCacheStep.executeWithoutCache(BuildCacheStep.java:189)
  	at org.gradle.internal.execution.steps.BuildCacheStep.lambda$execute$1(BuildCacheStep.java:75)
  	at org.gradle.internal.Either$Right.fold(Either.java:175)
  	at org.gradle.internal.execution.caching.CachingState.fold(CachingState.java:62)
  	at org.gradle.internal.execution.steps.BuildCacheStep.execute(BuildCacheStep.java:73)
  	at org.gradle.internal.execution.steps.BuildCacheStep.execute(BuildCacheStep.java:48)
  	at org.gradle.internal.execution.steps.StoreExecutionStateStep.execute(StoreExecutionStateStep.java:46)
  	at org.gradle.internal.execution.steps.StoreExecutionStateStep.execute(StoreExecutionStateStep.java:35)
  	at org.gradle.internal.execution.steps.SkipUpToDateStep.executeBecause(SkipUpToDateStep.java:75)
  	at org.gradle.internal.execution.steps.SkipUpToDateStep.lambda$execute$2(SkipUpToDateStep.java:53)
  	at java.base/java.util.Optional.orElseGet(Optional.java:364)
  	at org.gradle.internal.execution.steps.SkipUpToDateStep.execute(SkipUpToDateStep.java:53)
  	at org.gradle.internal.execution.steps.SkipUpToDateStep.execute(SkipUpToDateStep.java:35)
  	at org.gradle.internal.execution.steps.legacy.MarkSnapshottingInputsFinishedStep.execute(MarkSnapshottingInputsFinishedStep.java:37)
  	at org.gradle.internal.execution.steps.legacy.MarkSnapshottingInputsFinishedStep.execute(MarkSnapshottingInputsFinishedStep.java:27)
  	at org.gradle.internal.execution.steps.ResolveIncrementalCachingStateStep.executeDelegate(ResolveIncrementalCachingStateStep.java:49)
  	at org.gradle.internal.execution.steps.ResolveIncrementalCachingStateStep.executeDelegate(ResolveIncrementalCachingStateStep.java:27)
  	at org.gradle.internal.execution.steps.AbstractResolveCachingStateStep.execute(AbstractResolveCachingStateStep.java:71)
  	at org.gradle.internal.execution.steps.AbstractResolveCachingStateStep.execute(AbstractResolveCachingStateStep.java:39)
  	at org.gradle.internal.execution.steps.ResolveChangesStep.execute(ResolveChangesStep.java:65)
  	at org.gradle.internal.execution.steps.ResolveChangesStep.execute(ResolveChangesStep.java:36)
  	at org.gradle.internal.execution.steps.ValidateStep.execute(ValidateStep.java:107)
  	at org.gradle.internal.execution.steps.ValidateStep.execute(ValidateStep.java:56)
  	at org.gradle.internal.execution.steps.AbstractCaptureStateBeforeExecutionStep.execute(AbstractCaptureStateBeforeExecutionStep.java:64)
  	at org.gradle.internal.execution.steps.AbstractCaptureStateBeforeExecutionStep.execute(AbstractCaptureStateBeforeExecutionStep.java:43)
  	at org.gradle.internal.execution.steps.AbstractSkipEmptyWorkStep.executeWithNonEmptySources(AbstractSkipEmptyWorkStep.java:125)
  	at org.gradle.internal.execution.steps.AbstractSkipEmptyWorkStep.execute(AbstractSkipEmptyWorkStep.java:56)
  	at org.gradle.internal.execution.steps.AbstractSkipEmptyWorkStep.execute(AbstractSkipEmptyWorkStep.java:36)
  	at org.gradle.internal.execution.steps.legacy.MarkSnapshottingInputsStartedStep.execute(MarkSnapshottingInputsStartedStep.java:38)
  	at org.gradle.internal.execution.steps.LoadPreviousExecutionStateStep.execute(LoadPreviousExecutionStateStep.java:36)
  	at org.gradle.internal.execution.steps.LoadPreviousExecutionStateStep.execute(LoadPreviousExecutionStateStep.java:23)
  	at org.gradle.internal.execution.steps.HandleStaleOutputsStep.execute(HandleStaleOutputsStep.java:75)
  	at org.gradle.internal.execution.steps.HandleStaleOutputsStep.execute(HandleStaleOutputsStep.java:41)
  	at org.gradle.internal.execution.steps.AssignMutableWorkspaceStep.lambda$execute$0(AssignMutableWorkspaceStep.java:35)
  	at org.gradle.api.internal.tasks.execution.TaskExecution$4.withWorkspace(TaskExecution.java:289)
  	at org.gradle.internal.execution.steps.AssignMutableWorkspaceStep.execute(AssignMutableWorkspaceStep.java:31)
  	at org.gradle.internal.execution.steps.AssignMutableWorkspaceStep.execute(AssignMutableWorkspaceStep.java:22)
  	at org.gradle.internal.execution.steps.ChoosePipelineStep.execute(ChoosePipelineStep.java:40)
  	at org.gradle.internal.execution.steps.ChoosePipelineStep.execute(ChoosePipelineStep.java:23)
  	at org.gradle.internal.execution.steps.ExecuteWorkBuildOperationFiringStep.lambda$execute$2(ExecuteWorkBuildOperationFiringStep.java:67)
  	at java.base/java.util.Optional.orElseGet(Optional.java:364)
  	at org.gradle.internal.execution.steps.ExecuteWorkBuildOperationFiringStep.execute(ExecuteWorkBuildOperationFiringStep.java:67)
  	at org.gradle.internal.execution.steps.ExecuteWorkBuildOperationFiringStep.execute(ExecuteWorkBuildOperationFiringStep.java:39)
  	at org.gradle.internal.execution.steps.IdentityCacheStep.execute(IdentityCacheStep.java:46)
  	at org.gradle.internal.execution.steps.IdentityCacheStep.execute(IdentityCacheStep.java:34)
  	at org.gradle.internal.execution.steps.IdentifyStep.execute(IdentifyStep.java:48)
  	at org.gradle.internal.execution.steps.IdentifyStep.execute(IdentifyStep.java:35)
  	at org.gradle.internal.execution.impl.DefaultExecutionEngine$1.execute(DefaultExecutionEngine.java:61)
  	at org.gradle.api.internal.tasks.execution.ExecuteActionsTaskExecuter.executeIfValid(ExecuteActionsTaskExecuter.java:127)
  	at org.gradle.api.internal.tasks.execution.ExecuteActionsTaskExecuter.execute(ExecuteActionsTaskExecuter.java:116)
  	at org.gradle.api.internal.tasks.execution.ProblemsTaskPathTrackingTaskExecuter.execute(ProblemsTaskPathTrackingTaskExecuter.java:40)
  	at org.gradle.api.internal.tasks.execution.FinalizePropertiesTaskExecuter.execute(FinalizePropertiesTaskExecuter.java:46)
  	at org.gradle.api.internal.tasks.execution.ResolveTaskExecutionModeExecuter.execute(ResolveTaskExecutionModeExecuter.java:51)
  	at org.gradle.api.internal.tasks.execution.SkipTaskWithNoActionsExecuter.execute(SkipTaskWithNoActionsExecuter.java:57)
  	at org.gradle.api.internal.tasks.execution.SkipOnlyIfTaskExecuter.execute(SkipOnlyIfTaskExecuter.java:74)
  	at org.gradle.api.internal.tasks.execution.CatchExceptionTaskExecuter.execute(CatchExceptionTaskExecuter.java:36)
  	at org.gradle.api.internal.tasks.execution.EventFiringTaskExecuter$1.executeTask(EventFiringTaskExecuter.java:77)
  	at org.gradle.api.internal.tasks.execution.EventFiringTaskExecuter$1.call(EventFiringTaskExecuter.java:55)
  	at org.gradle.api.internal.tasks.execution.EventFiringTaskExecuter$1.call(EventFiringTaskExecuter.java:52)
  	at org.gradle.internal.operations.DefaultBuildOperationRunner$CallableBuildOperationWorker.execute(DefaultBuildOperationRunner.java:210)
  	at org.gradle.internal.operations.DefaultBuildOperationRunner$CallableBuildOperationWorker.execute(DefaultBuildOperationRunner.java:205)
  	at org.gradle.internal.operations.DefaultBuildOperationRunner$2.execute(DefaultBuildOperationRunner.java:67)
  	at org.gradle.internal.operations.DefaultBuildOperationRunner$2.execute(DefaultBuildOperationRunner.java:60)
  	at org.gradle.internal.operations.DefaultBuildOperationRunner.execute(DefaultBuildOperationRunner.java:167)
  	at org.gradle.internal.operations.DefaultBuildOperationRunner.execute(DefaultBuildOperationRunner.java:60)
  	at org.gradle.internal.operations.DefaultBuildOperationRunner.call(DefaultBuildOperationRunner.java:54)
  	at org.gradle.api.internal.tasks.execution.EventFiringTaskExecuter.execute(EventFiringTaskExecuter.java:52)
  	at org.gradle.execution.plan.LocalTaskNodeExecutor.execute(LocalTaskNodeExecutor.java:42)
  	at org.gradle.execution.taskgraph.DefaultTaskExecutionGraph$InvokeNodeExecutorsAction.execute(DefaultTaskExecutionGraph.java:331)
  	at org.gradle.execution.taskgraph.DefaultTaskExecutionGraph$InvokeNodeExecutorsAction.execute(DefaultTaskExecutionGraph.java:318)
  	at org.gradle.execution.taskgraph.DefaultTaskExecutionGraph$BuildOperationAwareExecutionAction.lambda$execute$0(DefaultTaskExecutionGraph.java:314)
  	at org.gradle.internal.operations.CurrentBuildOperationRef.with(CurrentBuildOperationRef.java:85)
  	at org.gradle.execution.taskgraph.DefaultTaskExecutionGraph$BuildOperationAwareExecutionAction.execute(DefaultTaskExecutionGraph.java:314)
  	at org.gradle.execution.taskgraph.DefaultTaskExecutionGraph$BuildOperationAwareExecutionAction.execute(DefaultTaskExecutionGraph.java:303)
  	at org.gradle.execution.plan.DefaultPlanExecutor$ExecutorWorker.execute(DefaultPlanExecutor.java:459)
  	at org.gradle.execution.plan.DefaultPlanExecutor$ExecutorWorker.run(DefaultPlanExecutor.java:376)
  	at org.gradle.internal.concurrent.ExecutorPolicy$CatchAndRecordFailures.onExecute(ExecutorPolicy.java:64)
  	at org.gradle.internal.concurrent.AbstractManagedExecutor$1.run(AbstractManagedExecutor.java:48)
  	at java.base/java.util.concurrent.ThreadPoolExecutor.runWorker(ThreadPoolExecutor.java:1136)
  	at java.base/java.util.concurrent.ThreadPoolExecutor$Worker.run(ThreadPoolExecutor.java:635)
  	at java.base/java.lang.Thread.run(Thread.java:840)
  Caused by: com.android.ide.common.process.ProcessException: Error while executing process /Users/oem/Library/Android/sdk/cmake/3.22.1/bin/cmake with arguments {-H/Users/oem/Projects/KapraDaily/node_modules/react-native/ReactAndroid/cmake-utils/default-app-setup -DCMAKE_SYSTEM_NAME=Android -DCMAKE_EXPORT_COMPILE_COMMANDS=ON -DCMAKE_SYSTEM_VERSION=24 -DANDROID_PLATFORM=android-24 -DANDROID_ABI=arm64-v8a -DCMAKE_ANDROID_ARCH_ABI=arm64-v8a -DANDROID_NDK=/Users/oem/Library/Android/sdk/ndk/25.1.8937393 -DCMAKE_ANDROID_NDK=/Users/oem/Library/Android/sdk/ndk/25.1.8937393 -DCMAKE_TOOLCHAIN_FILE=/Users/oem/Library/Android/sdk/ndk/25.1.8937393/build/cmake/android.toolchain.cmake -DCMAKE_MAKE_PROGRAM=/Users/oem/Library/Android/sdk/cmake/3.22.1/bin/ninja -DCMAKE_LIBRARY_OUTPUT_DIRECTORY=/Users/oem/Projects/KapraDaily/android/app/build/intermediates/cxx/Debug/4t1j4h31/obj/arm64-v8a -DCMAKE_RUNTIME_OUTPUT_DIRECTORY=/Users/oem/Projects/KapraDaily/android/app/build/intermediates/cxx/Debug/4t1j4h31/obj/arm64-v8a -DCMAKE_BUILD_TYPE=Debug -DCMAKE_FIND_ROOT_PATH=/Users/oem/Projects/KapraDaily/android/app/.cxx/Debug/4t1j4h31/prefab/arm64-v8a/prefab -B/Users/oem/Projects/KapraDaily/android/app/.cxx/Debug/4t1j4h31/arm64-v8a -GNinja -DANDROID_LD=lld -DCMAKE_INTERPROCEDURAL_OPTIMIZATION=FALSE -DPROJECT_BUILD_DIR=/Users/oem/Projects/KapraDaily/android/app/build -DPROJECT_ROOT_DIR=/Users/oem/Projects/KapraDaily/android -DREACT_ANDROID_DIR=/Users/oem/Projects/KapraDaily/node_modules/react-native/ReactAndroid -DANDROID_STL=c++_shared -DANDROID_SUPPORT_FLEXIBLE_PAGE_SIZES=ON}
  	at com.android.build.gradle.internal.process.GradleProcessResult.buildProcessException(GradleProcessResult.java:73)
  	at com.android.build.gradle.internal.process.GradleProcessResult.assertNormalExitValue(GradleProcessResult.java:48)
  	at com.android.build.gradle.internal.cxx.process.ExecuteProcessKt.execute(ExecuteProcess.kt:277)
  	... 142 more
  Caused by: org.gradle.process.internal.ExecException: Process 'command '/Users/oem/Library/Android/sdk/cmake/3.22.1/bin/cmake'' finished with non-zero exit value 1
  	at org.gradle.process.internal.DefaultExecHandle$ExecResultImpl.assertNormalExitValue(DefaultExecHandle.java:442)
  	at com.android.build.gradle.internal.process.GradleProcessResult.assertNormalExitValue(GradleProcessResult.java:46)
  	... 143 more


* Try:
> Run with --stacktrace option to get the stack trace.
> Run with --debug option to get more log output.
> Run with --scan to get full insights.
> Get more help at https://help.gradle.org.

BUILD FAILED in 12s
339 actionable tasks: 8 executed, 331 up-to-date
Watched directory hierarchies: [/Users/oem/Projects/KapraDaily/node_modules/@react-native/gradle-plugin, /Users/oem/Projects/KapraDaily/android]
