Initialized native services in: /Users/oem/.gradle/native
Initialized jansi services in: /Users/oem/.gradle/native
The client will now receive all logging from the daemon (pid: 40049). The daemon log file: /Users/oem/.gradle/daemon/8.13/daemon-40049.out.log
Starting 5th build in daemon [uptime: 8 mins 21.974 secs, performance: 98%, GC rate: 0.00/s, heap usage: 0% of 2 GiB, non-heap usage: 73% of 512 MiB]
Using 8 worker leases.
Now considering [/Users/oem/Projects/KapraDaily/android, /Users/oem/Projects/KapraDaily/node_modules/@react-native/gradle-plugin] as hierarchies to watch
Watching the file system is configured to be enabled if available
File system watching is active
Starting Build
Now considering [/Users/oem/Projects/KapraDaily/node_modules/@react-native/gradle-plugin, /Users/oem/Projects/KapraDaily/android] as hierarchies to watch
Resolved plugin [id: 'org.gradle.toolchains.foojay-resolver-convention', version: '0.5.0']

> Configure project :gradle-plugin
Evaluating project ':gradle-plugin' using build file '/Users/oem/Projects/KapraDaily/node_modules/@react-native/gradle-plugin/build.gradle.kts'.
Resolved plugin [id: 'org.jetbrains.kotlin.jvm', version: '2.1.20', apply: false]
Resolved plugin [id: 'com.ncorti.ktfmt.gradle', version: '0.22.0']

> Configure project :gradle-plugin:react-native-gradle-plugin
Evaluating project ':gradle-plugin:react-native-gradle-plugin' using build file '/Users/oem/Projects/KapraDaily/node_modules/@react-native/gradle-plugin/react-native-gradle-plugin/build.gradle.kts'.
Resolved plugin [id: 'org.jetbrains.kotlin.jvm', version: '2.1.20']
Resolved plugin [id: 'com.ncorti.ktfmt.gradle', version: '0.22.0']
Resolved plugin [id: 'java-gradle-plugin']
Build 82192e26-32a7-4cc1-b3e4-c722ed70668b is started
Using Kotlin Gradle Plugin gradle85 variant
kotlin scripting plugin: created the scripting discovery configuration: kotlinScriptDef
kotlin scripting plugin: created the scripting discovery configuration: testKotlinScriptDef

> Configure project :gradle-plugin:settings-plugin
Evaluating project ':gradle-plugin:settings-plugin' using build file '/Users/oem/Projects/KapraDaily/node_modules/@react-native/gradle-plugin/settings-plugin/build.gradle.kts'.
Resolved plugin [id: 'org.jetbrains.kotlin.jvm', version: '2.1.20']
Resolved plugin [id: 'com.ncorti.ktfmt.gradle', version: '0.22.0']
Resolved plugin [id: 'java-gradle-plugin']
Using Kotlin Gradle Plugin gradle85 variant
kotlin scripting plugin: created the scripting discovery configuration: kotlinScriptDef
kotlin scripting plugin: created the scripting discovery configuration: testKotlinScriptDef

> Configure project :gradle-plugin:shared
Evaluating project ':gradle-plugin:shared' using build file '/Users/oem/Projects/KapraDaily/node_modules/@react-native/gradle-plugin/shared/build.gradle.kts'.
Resolved plugin [id: 'org.jetbrains.kotlin.jvm', version: '2.1.20']
Resolved plugin [id: 'com.ncorti.ktfmt.gradle', version: '0.22.0']
Using Kotlin Gradle Plugin gradle85 variant
kotlin scripting plugin: created the scripting discovery configuration: kotlinScriptDef
kotlin scripting plugin: created the scripting discovery configuration: testKotlinScriptDef

> Configure project :gradle-plugin:shared-testutil
Evaluating project ':gradle-plugin:shared-testutil' using build file '/Users/oem/Projects/KapraDaily/node_modules/@react-native/gradle-plugin/shared-testutil/build.gradle.kts'.
Resolved plugin [id: 'org.jetbrains.kotlin.jvm', version: '2.1.20']
Resolved plugin [id: 'com.ncorti.ktfmt.gradle', version: '0.22.0']
Using Kotlin Gradle Plugin gradle85 variant
kotlin scripting plugin: created the scripting discovery configuration: kotlinScriptDef
kotlin scripting plugin: created the scripting discovery configuration: testKotlinScriptDef
Resolved plugin [id: 'com.facebook.react.settings']
Starting process 'command '/usr/libexec/java_home''. Working directory: /Users/oem/.gradle/daemon/8.13 Command: /usr/libexec/java_home -V
Successfully started process 'command '/usr/libexec/java_home''
Resolve mutations for :gradle-plugin:settings-plugin:checkKotlinGradlePluginConfigurationErrors (Thread[Execution worker,5,main]) started.
:gradle-plugin:settings-plugin:checkKotlinGradlePluginConfigurationErrors (Thread[Execution worker,5,main]) started.

> Task :gradle-plugin:settings-plugin:checkKotlinGradlePluginConfigurationErrors SKIPPED
Skipping task ':gradle-plugin:settings-plugin:checkKotlinGradlePluginConfigurationErrors' as task onlyIf 'errorDiagnostics are present' is false.
Resolve mutations for :gradle-plugin:shared:checkKotlinGradlePluginConfigurationErrors (Thread[Execution worker,5,main]) started.
:gradle-plugin:shared:checkKotlinGradlePluginConfigurationErrors (Thread[Execution worker,5,main]) started.

> Task :gradle-plugin:shared:checkKotlinGradlePluginConfigurationErrors SKIPPED
Skipping task ':gradle-plugin:shared:checkKotlinGradlePluginConfigurationErrors' as task onlyIf 'errorDiagnostics are present' is false.
Resolve mutations for :gradle-plugin:shared:compileKotlin (Thread[Execution worker,5,main]) started.
:gradle-plugin:shared:compileKotlin (Thread[Execution worker,5,main]) started.

> Task :gradle-plugin:shared:compileKotlin UP-TO-DATE
Caching disabled for task ':gradle-plugin:shared:compileKotlin' because:
  Build cache is disabled
Skipping task ':gradle-plugin:shared:compileKotlin' as it is up-to-date.
Resolve mutations for :gradle-plugin:shared:compileJava (Thread[Execution worker,5,main]) started.
:gradle-plugin:shared:compileJava (Thread[Execution worker,5,main]) started.

> Task :gradle-plugin:shared:compileJava NO-SOURCE
Skipping task ':gradle-plugin:shared:compileJava' as it has no source files and no previous output files.
Resolve mutations for :gradle-plugin:shared:processResources (Thread[Execution worker,5,main]) started.
:gradle-plugin:shared:processResources (Thread[Execution worker,5,main]) started.

> Task :gradle-plugin:shared:processResources NO-SOURCE
Skipping task ':gradle-plugin:shared:processResources' as it has no source files and no previous output files.
Resolve mutations for :gradle-plugin:shared:classes (Thread[Execution worker,5,main]) started.
:gradle-plugin:shared:classes (Thread[Execution worker,5,main]) started.

> Task :gradle-plugin:shared:classes UP-TO-DATE
Skipping task ':gradle-plugin:shared:classes' as it has no actions.
Resolve mutations for :gradle-plugin:shared:jar (Thread[Execution worker,5,main]) started.
:gradle-plugin:shared:jar (Thread[Execution worker,5,main]) started.

> Task :gradle-plugin:shared:jar UP-TO-DATE
Caching disabled for task ':gradle-plugin:shared:jar' because:
  Build cache is disabled
  Not worth caching
Skipping task ':gradle-plugin:shared:jar' as it is up-to-date.
work action resolve shared.jar (project :gradle-plugin:shared) (Thread[Execution worker,5,main]) started.
Resolve mutations for :gradle-plugin:settings-plugin:compileKotlin (Thread[Execution worker,5,main]) started.
:gradle-plugin:settings-plugin:compileKotlin (Thread[Execution worker,5,main]) started.

> Task :gradle-plugin:settings-plugin:compileKotlin UP-TO-DATE
Caching disabled for task ':gradle-plugin:settings-plugin:compileKotlin' because:
  Build cache is disabled
Skipping task ':gradle-plugin:settings-plugin:compileKotlin' as it is up-to-date.
Resolve mutations for :gradle-plugin:settings-plugin:compileJava (Thread[Execution worker,5,main]) started.
:gradle-plugin:settings-plugin:compileJava (Thread[Execution worker,5,main]) started.

> Task :gradle-plugin:settings-plugin:compileJava NO-SOURCE
Skipping task ':gradle-plugin:settings-plugin:compileJava' as it has no source files and no previous output files.
Resolve mutations for :gradle-plugin:settings-plugin:pluginDescriptors (Thread[Execution worker,5,main]) started.
:gradle-plugin:settings-plugin:pluginDescriptors (Thread[Execution worker,5,main]) started.

> Task :gradle-plugin:settings-plugin:pluginDescriptors UP-TO-DATE
Caching disabled for task ':gradle-plugin:settings-plugin:pluginDescriptors' because:
  Build cache is disabled
  Not worth caching
Skipping task ':gradle-plugin:settings-plugin:pluginDescriptors' as it is up-to-date.
Resolve mutations for :gradle-plugin:settings-plugin:processResources (Thread[Execution worker,5,main]) started.
:gradle-plugin:settings-plugin:processResources (Thread[Execution worker,5,main]) started.

> Task :gradle-plugin:settings-plugin:processResources UP-TO-DATE
Caching disabled for task ':gradle-plugin:settings-plugin:processResources' because:
  Build cache is disabled
  Not worth caching
Skipping task ':gradle-plugin:settings-plugin:processResources' as it is up-to-date.
Resolve mutations for :gradle-plugin:settings-plugin:classes (Thread[Execution worker,5,main]) started.
:gradle-plugin:settings-plugin:classes (Thread[Execution worker,5,main]) started.

> Task :gradle-plugin:settings-plugin:classes UP-TO-DATE
Skipping task ':gradle-plugin:settings-plugin:classes' as it has no actions.
Resolve mutations for :gradle-plugin:settings-plugin:jar (Thread[Execution worker,5,main]) started.
:gradle-plugin:settings-plugin:jar (Thread[Execution worker,5,main]) started.

> Task :gradle-plugin:settings-plugin:jar UP-TO-DATE
Caching disabled for task ':gradle-plugin:settings-plugin:jar' because:
  Build cache is disabled
  Not worth caching
Skipping task ':gradle-plugin:settings-plugin:jar' as it is up-to-date.
Settings evaluated using settings file '/Users/oem/Projects/KapraDaily/android/settings.gradle'.
Projects loaded. Root project using build file '/Users/oem/Projects/KapraDaily/android/build.gradle'.
Included projects: [root project 'KapraDaily', project ':app', project ':lottie-react-native', project ':react-native-async-storage_async-storage', project ':react-native-community_blur', project ':react-native-community_geolocation', project ':react-native-device-info', project ':react-native-fast-image', project ':react-native-linear-gradient', project ':react-native-maps', project ':react-native-onesignal', project ':react-native-otp-verify', project ':react-native-permissions', project ':react-native-razorpay', project ':react-native-safe-area-context', project ':react-native-screens', project ':react-native-svg', project ':react-native-vector-icons']
Registering project ':gradle-plugin' in composite build. Will substitute for module ':gradle-plugin-root'.
Registering project ':gradle-plugin:react-native-gradle-plugin' in composite build. Will substitute for module 'com.facebook.react:react-native-gradle-plugin'.
Registering project ':gradle-plugin:settings-plugin' in composite build. Will substitute for module 'com.facebook.react:settings-plugin'.
Registering project ':gradle-plugin:shared' in composite build. Will substitute for module 'com.facebook.react:shared'.
Registering project ':gradle-plugin:shared-testutil' in composite build. Will substitute for module 'com.facebook.react:shared-testutil'.
Resolve mutations for :gradle-plugin:react-native-gradle-plugin:checkKotlinGradlePluginConfigurationErrors (Thread[Execution worker Thread 3,5,main]) started.
:gradle-plugin:react-native-gradle-plugin:checkKotlinGradlePluginConfigurationErrors (Thread[Execution worker Thread 3,5,main]) started.

> Task :gradle-plugin:react-native-gradle-plugin:checkKotlinGradlePluginConfigurationErrors SKIPPED
Skipping task ':gradle-plugin:react-native-gradle-plugin:checkKotlinGradlePluginConfigurationErrors' as task onlyIf 'errorDiagnostics are present' is false.
Resolve mutations for :gradle-plugin:react-native-gradle-plugin:compileKotlin (Thread[Execution worker Thread 3,5,main]) started.
:gradle-plugin:react-native-gradle-plugin:compileKotlin (Thread[Execution worker Thread 3,5,main]) started.

> Task :gradle-plugin:react-native-gradle-plugin:compileKotlin UP-TO-DATE
Caching disabled for task ':gradle-plugin:react-native-gradle-plugin:compileKotlin' because:
  Build cache is disabled
Skipping task ':gradle-plugin:react-native-gradle-plugin:compileKotlin' as it is up-to-date.
Resolve mutations for :gradle-plugin:react-native-gradle-plugin:compileJava (Thread[Execution worker Thread 3,5,main]) started.
:gradle-plugin:react-native-gradle-plugin:compileJava (Thread[Execution worker Thread 3,5,main]) started.

> Task :gradle-plugin:react-native-gradle-plugin:compileJava NO-SOURCE
Skipping task ':gradle-plugin:react-native-gradle-plugin:compileJava' as it has no source files and no previous output files.
Resolve mutations for :gradle-plugin:react-native-gradle-plugin:pluginDescriptors (Thread[Execution worker Thread 3,5,main]) started.
:gradle-plugin:react-native-gradle-plugin:pluginDescriptors (Thread[Execution worker Thread 3,5,main]) started.

> Task :gradle-plugin:react-native-gradle-plugin:pluginDescriptors UP-TO-DATE
Caching disabled for task ':gradle-plugin:react-native-gradle-plugin:pluginDescriptors' because:
  Build cache is disabled
  Not worth caching
Skipping task ':gradle-plugin:react-native-gradle-plugin:pluginDescriptors' as it is up-to-date.
Resolve mutations for :gradle-plugin:react-native-gradle-plugin:processResources (Thread[Execution worker Thread 3,5,main]) started.
:gradle-plugin:react-native-gradle-plugin:processResources (Thread[Execution worker Thread 3,5,main]) started.

> Task :gradle-plugin:react-native-gradle-plugin:processResources UP-TO-DATE
Caching disabled for task ':gradle-plugin:react-native-gradle-plugin:processResources' because:
  Build cache is disabled
  Not worth caching
Skipping task ':gradle-plugin:react-native-gradle-plugin:processResources' as it is up-to-date.
Resolve mutations for :gradle-plugin:react-native-gradle-plugin:classes (Thread[Execution worker Thread 3,5,main]) started.
:gradle-plugin:react-native-gradle-plugin:classes (Thread[Execution worker Thread 3,5,main]) started.

> Task :gradle-plugin:react-native-gradle-plugin:classes UP-TO-DATE
Skipping task ':gradle-plugin:react-native-gradle-plugin:classes' as it has no actions.
Resolve mutations for :gradle-plugin:react-native-gradle-plugin:jar (Thread[Execution worker Thread 3,5,main]) started.
:gradle-plugin:react-native-gradle-plugin:jar (Thread[Execution worker Thread 3,5,main]) started.

> Task :gradle-plugin:react-native-gradle-plugin:jar UP-TO-DATE
Caching disabled for task ':gradle-plugin:react-native-gradle-plugin:jar' because:
  Build cache is disabled
  Not worth caching
Skipping task ':gradle-plugin:react-native-gradle-plugin:jar' as it is up-to-date.

> Configure project :app
Evaluating project ':app' using build file '/Users/oem/Projects/KapraDaily/android/app/build.gradle'.
Caching disabled for Groovy DSL script compilation (cp_proj) because:
  Build cache is disabled
  Not worth caching.
Compiling build file '/Users/oem/Projects/KapraDaily/android/app/build.gradle' using SubsetScriptTransformer.
Caching disabled for Groovy DSL script compilation (proj) because:
  Build cache is disabled
  Not worth caching.
Compiling build file '/Users/oem/Projects/KapraDaily/android/app/build.gradle' using BuildScriptTransformer.
Using default execution profile
Build b488e055-c247-491a-9de5-09659fecaa2d is started
Using Kotlin Gradle Plugin gradle85 variant
C/C++: android.ndkVersion from module build.gradle is [27.1.12297006]
C/C++: android.ndkPath from module build.gradle is not set
C/C++: ndk.dir in local.properties is not set
C/C++: Not considering ANDROID_NDK_HOME because support was removed after deprecation period.
C/C++: sdkFolder is /Users/oem/Library/Android/sdk
C/C++: android.ndkVersion from module build.gradle is [27.1.12297006]
C/C++: android.ndkPath from module build.gradle is not set
C/C++: ndk.dir in local.properties is not set
C/C++: Not considering ANDROID_NDK_HOME because support was removed after deprecation period.
C/C++: sdkFolder is /Users/oem/Library/Android/sdk
C/C++: android.ndkVersion from module build.gradle is [27.1.12297006]
C/C++: android.ndkPath from module build.gradle is not set
C/C++: ndk.dir in local.properties is not set
C/C++: Not considering ANDROID_NDK_HOME because support was removed after deprecation period.
C/C++: sdkFolder is /Users/oem/Library/Android/sdk
C/C++: android.ndkVersion from module build.gradle is [27.1.12297006]
C/C++: android.ndkPath from module build.gradle is not set
C/C++: ndk.dir in local.properties is not set
C/C++: Not considering ANDROID_NDK_HOME because support was removed after deprecation period.
C/C++: sdkFolder is /Users/oem/Library/Android/sdk
C/C++: android.ndkVersion from module build.gradle is [27.1.12297006]
C/C++: android.ndkPath from module build.gradle is not set
C/C++: ndk.dir in local.properties is not set
C/C++: Not considering ANDROID_NDK_HOME because support was removed after deprecation period.
C/C++: sdkFolder is /Users/oem/Library/Android/sdk
C/C++: android.ndkVersion from module build.gradle is [27.1.12297006]
C/C++: android.ndkPath from module build.gradle is not set
C/C++: ndk.dir in local.properties is not set
C/C++: Not considering ANDROID_NDK_HOME because support was removed after deprecation period.
C/C++: sdkFolder is /Users/oem/Library/Android/sdk
C/C++: android.ndkVersion from module build.gradle is [27.1.12297006]
C/C++: android.ndkPath from module build.gradle is not set
C/C++: ndk.dir in local.properties is not set
C/C++: Not considering ANDROID_NDK_HOME because support was removed after deprecation period.
C/C++: sdkFolder is /Users/oem/Library/Android/sdk
C/C++: android.ndkVersion from module build.gradle is [27.1.12297006]
C/C++: android.ndkPath from module build.gradle is not set
C/C++: ndk.dir in local.properties is not set
C/C++: Not considering ANDROID_NDK_HOME because support was removed after deprecation period.
C/C++: sdkFolder is /Users/oem/Library/Android/sdk
C/C++: android.ndkVersion from module build.gradle is [27.1.12297006]
C/C++: android.ndkPath from module build.gradle is not set
C/C++: ndk.dir in local.properties is not set
C/C++: Not considering ANDROID_NDK_HOME because support was removed after deprecation period.
C/C++: sdkFolder is /Users/oem/Library/Android/sdk
C/C++: android.ndkVersion from module build.gradle is [27.1.12297006]
C/C++: android.ndkPath from module build.gradle is not set
C/C++: ndk.dir in local.properties is not set
C/C++: Not considering ANDROID_NDK_HOME because support was removed after deprecation period.
C/C++: sdkFolder is /Users/oem/Library/Android/sdk
C/C++: android.ndkVersion from module build.gradle is [27.1.12297006]
C/C++: android.ndkPath from module build.gradle is not set
C/C++: ndk.dir in local.properties is not set
C/C++: Not considering ANDROID_NDK_HOME because support was removed after deprecation period.
C/C++: sdkFolder is /Users/oem/Library/Android/sdk
C/C++: android.ndkVersion from module build.gradle is [27.1.12297006]
C/C++: android.ndkPath from module build.gradle is not set
C/C++: ndk.dir in local.properties is not set
C/C++: Not considering ANDROID_NDK_HOME because support was removed after deprecation period.
C/C++: sdkFolder is /Users/oem/Library/Android/sdk
C/C++: android.ndkVersion from module build.gradle is [27.1.12297006]
C/C++: android.ndkPath from module build.gradle is not set
C/C++: ndk.dir in local.properties is not set
C/C++: Not considering ANDROID_NDK_HOME because support was removed after deprecation period.
C/C++: sdkFolder is /Users/oem/Library/Android/sdk
C/C++: android.ndkVersion from module build.gradle is [27.1.12297006]
C/C++: android.ndkPath from module build.gradle is not set
C/C++: ndk.dir in local.properties is not set
C/C++: Not considering ANDROID_NDK_HOME because support was removed after deprecation period.
C/C++: sdkFolder is /Users/oem/Library/Android/sdk
C/C++: android.ndkVersion from module build.gradle is [27.1.12297006]
C/C++: android.ndkPath from module build.gradle is not set
C/C++: ndk.dir in local.properties is not set
C/C++: Not considering ANDROID_NDK_HOME because support was removed after deprecation period.
C/C++: sdkFolder is /Users/oem/Library/Android/sdk
C/C++: android.ndkVersion from module build.gradle is [27.1.12297006]
C/C++: android.ndkPath from module build.gradle is not set
C/C++: ndk.dir in local.properties is not set
C/C++: Not considering ANDROID_NDK_HOME because support was removed after deprecation period.
C/C++: sdkFolder is /Users/oem/Library/Android/sdk
C/C++: android.ndkVersion from module build.gradle is [27.1.12297006]
C/C++: android.ndkPath from module build.gradle is not set
C/C++: ndk.dir in local.properties is not set
C/C++: Not considering ANDROID_NDK_HOME because support was removed after deprecation period.
C/C++: sdkFolder is /Users/oem/Library/Android/sdk
C/C++: android.ndkVersion from module build.gradle is [27.1.12297006]
C/C++: android.ndkPath from module build.gradle is not set
C/C++: ndk.dir in local.properties is not set
C/C++: Not considering ANDROID_NDK_HOME because support was removed after deprecation period.
C/C++: sdkFolder is /Users/oem/Library/Android/sdk
C/C++: android.ndkVersion from module build.gradle is [27.1.12297006]
C/C++: android.ndkPath from module build.gradle is not set
C/C++: ndk.dir in local.properties is not set
C/C++: Not considering ANDROID_NDK_HOME because support was removed after deprecation period.
C/C++: sdkFolder is /Users/oem/Library/Android/sdk

> Configure project :
Evaluating root project 'KapraDaily' using build file '/Users/oem/Projects/KapraDaily/android/build.gradle'.
Found project 'project :gradle-plugin:react-native-gradle-plugin' as substitute for module 'com.facebook.react:react-native-gradle-plugin'.
Ignoring listeners of task graph ready event, as this build (:gradle-plugin) has already executed work.

> Configure project :lottie-react-native
Evaluating project ':lottie-react-native' using build file '/Users/oem/Projects/KapraDaily/node_modules/lottie-react-native/android/build.gradle'.
Using default execution profile
Using Kotlin Gradle Plugin gradle85 variant

> Configure project :react-native-async-storage_async-storage
Evaluating project ':react-native-async-storage_async-storage' using build file '/Users/oem/Projects/KapraDaily/node_modules/@react-native-async-storage/async-storage/android/build.gradle'.
Using default execution profile
[AsyncStorage] Config used: {kotlinVersion=2.1.20, kspVersion=1.9.24-1.0.20, roomVersion=2.6.1, minSdkVersion=24, targetSdkVersion=36, compileSdkVersion=36, useNextStorage=false, databaseSizeMB=6, isNewArchitectureEnabled=true, useDedicatedExecutor=false}

> Configure project :react-native-community_blur
Evaluating project ':react-native-community_blur' using build file '/Users/oem/Projects/KapraDaily/node_modules/@react-native-community/blur/android/build.gradle'.
Using default execution profile
:react-native-community_blur:reactNativeAndroidRoot /Users/oem/Projects/KapraDaily/node_modules/react-native

> Configure project :react-native-community_geolocation
Evaluating project ':react-native-community_geolocation' using build file '/Users/oem/Projects/KapraDaily/node_modules/@react-native-community/geolocation/android/build.gradle'.
Using default execution profile
:react-native-community_geolocation:reactNativeAndroidRoot /Users/oem/Projects/KapraDaily/node_modules/react-native

> Configure project :react-native-device-info
Evaluating project ':react-native-device-info' using build file '/Users/oem/Projects/KapraDaily/node_modules/react-native-device-info/android/build.gradle'.
Using default execution profile

> Configure project :react-native-fast-image
Evaluating project ':react-native-fast-image' using build file '/Users/oem/Projects/KapraDaily/node_modules/react-native-fast-image/android/build.gradle'.
Using default execution profile

> Configure project :react-native-linear-gradient
Evaluating project ':react-native-linear-gradient' using build file '/Users/oem/Projects/KapraDaily/node_modules/react-native-linear-gradient/android/build.gradle'.
Using default execution profile

> Configure project :react-native-maps
Evaluating project ':react-native-maps' using build file '/Users/oem/Projects/KapraDaily/node_modules/react-native-maps/android/build.gradle'.
Using default execution profile
Using Kotlin Gradle Plugin gradle85 variant

> Configure project :react-native-onesignal
Evaluating project ':react-native-onesignal' using build file '/Users/oem/Projects/KapraDaily/node_modules/react-native-onesignal/android/build.gradle'.
Using default execution profile

> Configure project :react-native-otp-verify
Evaluating project ':react-native-otp-verify' using build file '/Users/oem/Projects/KapraDaily/node_modules/react-native-otp-verify/android/build.gradle'.
Using default execution profile

> Configure project :react-native-permissions
Evaluating project ':react-native-permissions' using build file '/Users/oem/Projects/KapraDaily/node_modules/react-native-permissions/android/build.gradle'.
Using default execution profile
Using Kotlin Gradle Plugin gradle85 variant

> Configure project :react-native-razorpay
Evaluating project ':react-native-razorpay' using build file '/Users/oem/Projects/KapraDaily/node_modules/react-native-razorpay/android/build.gradle'.
Using default execution profile

> Configure project :react-native-safe-area-context
Evaluating project ':react-native-safe-area-context' using build file '/Users/oem/Projects/KapraDaily/node_modules/react-native-safe-area-context/android/build.gradle'.
Using default execution profile
Using Kotlin Gradle Plugin gradle85 variant

> Configure project :react-native-screens
Evaluating project ':react-native-screens' using build file '/Users/oem/Projects/KapraDaily/node_modules/react-native-screens/android/build.gradle'.
Using default execution profile
Using Kotlin Gradle Plugin gradle85 variant
C/C++: android.ndkVersion from module build.gradle is [27.1.12297006]
C/C++: android.ndkPath from module build.gradle is not set
C/C++: ndk.dir in local.properties is not set
C/C++: Not considering ANDROID_NDK_HOME because support was removed after deprecation period.
C/C++: sdkFolder is /Users/oem/Library/Android/sdk
C/C++: android.ndkVersion from module build.gradle is [27.1.12297006]
C/C++: android.ndkPath from module build.gradle is not set
C/C++: ndk.dir in local.properties is not set
C/C++: Not considering ANDROID_NDK_HOME because support was removed after deprecation period.
C/C++: sdkFolder is /Users/oem/Library/Android/sdk
C/C++: android.ndkVersion from module build.gradle is [27.1.12297006]
C/C++: android.ndkPath from module build.gradle is not set
C/C++: ndk.dir in local.properties is not set
C/C++: Not considering ANDROID_NDK_HOME because support was removed after deprecation period.
C/C++: sdkFolder is /Users/oem/Library/Android/sdk
C/C++: android.ndkVersion from module build.gradle is [27.1.12297006]
C/C++: android.ndkPath from module build.gradle is not set
C/C++: ndk.dir in local.properties is not set
C/C++: Not considering ANDROID_NDK_HOME because support was removed after deprecation period.
C/C++: sdkFolder is /Users/oem/Library/Android/sdk
C/C++: android.ndkVersion from module build.gradle is [27.1.12297006]
C/C++: android.ndkPath from module build.gradle is not set
C/C++: ndk.dir in local.properties is not set
C/C++: Not considering ANDROID_NDK_HOME because support was removed after deprecation period.
C/C++: sdkFolder is /Users/oem/Library/Android/sdk
C/C++: android.ndkVersion from module build.gradle is [27.1.12297006]
C/C++: android.ndkPath from module build.gradle is not set
C/C++: ndk.dir in local.properties is not set
C/C++: Not considering ANDROID_NDK_HOME because support was removed after deprecation period.
C/C++: sdkFolder is /Users/oem/Library/Android/sdk
C/C++: android.ndkVersion from module build.gradle is [27.1.12297006]
C/C++: android.ndkPath from module build.gradle is not set
C/C++: ndk.dir in local.properties is not set
C/C++: Not considering ANDROID_NDK_HOME because support was removed after deprecation period.
C/C++: sdkFolder is /Users/oem/Library/Android/sdk
C/C++: android.ndkVersion from module build.gradle is [27.1.12297006]
C/C++: android.ndkPath from module build.gradle is not set
C/C++: ndk.dir in local.properties is not set
C/C++: Not considering ANDROID_NDK_HOME because support was removed after deprecation period.
C/C++: sdkFolder is /Users/oem/Library/Android/sdk
C/C++: android.ndkVersion from module build.gradle is [27.1.12297006]
C/C++: android.ndkPath from module build.gradle is not set
C/C++: ndk.dir in local.properties is not set
C/C++: Not considering ANDROID_NDK_HOME because support was removed after deprecation period.
C/C++: sdkFolder is /Users/oem/Library/Android/sdk
C/C++: android.ndkVersion from module build.gradle is [27.1.12297006]
C/C++: android.ndkPath from module build.gradle is not set
C/C++: ndk.dir in local.properties is not set
C/C++: Not considering ANDROID_NDK_HOME because support was removed after deprecation period.
C/C++: sdkFolder is /Users/oem/Library/Android/sdk
C/C++: android.ndkVersion from module build.gradle is [27.1.12297006]
C/C++: android.ndkPath from module build.gradle is not set
C/C++: ndk.dir in local.properties is not set
C/C++: Not considering ANDROID_NDK_HOME because support was removed after deprecation period.
C/C++: sdkFolder is /Users/oem/Library/Android/sdk
C/C++: android.ndkVersion from module build.gradle is [27.1.12297006]
C/C++: android.ndkPath from module build.gradle is not set
C/C++: ndk.dir in local.properties is not set
C/C++: Not considering ANDROID_NDK_HOME because support was removed after deprecation period.
C/C++: sdkFolder is /Users/oem/Library/Android/sdk
C/C++: android.ndkVersion from module build.gradle is [27.1.12297006]
C/C++: android.ndkPath from module build.gradle is not set
C/C++: ndk.dir in local.properties is not set
C/C++: Not considering ANDROID_NDK_HOME because support was removed after deprecation period.
C/C++: sdkFolder is /Users/oem/Library/Android/sdk

> Configure project :react-native-svg
Evaluating project ':react-native-svg' using build file '/Users/oem/Projects/KapraDaily/node_modules/react-native-svg/android/build.gradle'.
Using default execution profile
Starting process 'command 'node''. Working directory: /Users/oem/Projects/KapraDaily/android Command: node --print require.resolve('react-native/package.json')
Successfully started process 'command 'node''
Starting process 'command 'node''. Working directory: /Users/oem/Projects/KapraDaily/android Command: node --print require.resolve('react-native/package.json')
Successfully started process 'command 'node''

> Configure project :react-native-vector-icons
Evaluating project ':react-native-vector-icons' using build file '/Users/oem/Projects/KapraDaily/node_modules/react-native-vector-icons/android/build.gradle'.
Using default execution profile
All projects evaluated.
Task name matched 'assembleRelease'
Selected primary task 'assembleRelease' from project :
Starting process 'command '/usr/libexec/java_home''. Working directory: /Users/oem/.gradle/daemon/8.13 Command: /usr/libexec/java_home -V
Successfully started process 'command '/usr/libexec/java_home''
file or directory '/Users/oem/Projects/KapraDaily/node_modules/react-native-onesignal/android/libs', not found
file or directory '/Users/oem/Projects/KapraDaily/node_modules/react-native-onesignal/android/libs', not found
file or directory '/Users/oem/Projects/KapraDaily/node_modules/react-native-onesignal/android/libs', not found
file or directory '/Users/oem/Projects/KapraDaily/node_modules/react-native-onesignal/android/libs', not found
file or directory '/Users/oem/Projects/KapraDaily/node_modules/react-native-onesignal/android/libs', not found
Tasks to be executed: [task ':app:generateAutolinkingNewArchitectureFiles', task ':app:generateAutolinkingPackageList', task ':app:generateCodegenSchemaFromJavaScript', task ':app:generateCodegenArtifactsFromSchema', task ':app:generateReactNativeEntryPoint', task ':lottie-react-native:generateCodegenSchemaFromJavaScript', task ':lottie-react-native:generateCodegenArtifactsFromSchema', task ':lottie-react-native:preBuild', task ':react-native-async-storage_async-storage:generateCodegenSchemaFromJavaScript', task ':react-native-async-storage_async-storage:generateCodegenArtifactsFromSchema', task ':react-native-async-storage_async-storage:preBuild', task ':react-native-community_blur:generateCodegenSchemaFromJavaScript', task ':react-native-community_blur:generateCodegenArtifactsFromSchema', task ':react-native-community_blur:preBuild', task ':react-native-community_geolocation:generateCodegenSchemaFromJavaScript', task ':react-native-community_geolocation:generateCodegenArtifactsFromSchema', task ':react-native-community_geolocation:preBuild', task ':react-native-device-info:preBuild', task ':react-native-fast-image:preBuild', task ':react-native-linear-gradient:preBuild', task ':react-native-maps:generateCodegenSchemaFromJavaScript', task ':react-native-maps:generateCodegenArtifactsFromSchema', task ':react-native-maps:preBuild', task ':react-native-onesignal:preBuild', task ':react-native-otp-verify:preBuild', task ':react-native-permissions:generateCodegenSchemaFromJavaScript', task ':react-native-permissions:generateCodegenArtifactsFromSchema', task ':react-native-permissions:preBuild', task ':react-native-razorpay:preBuild', task ':react-native-safe-area-context:generateCodegenSchemaFromJavaScript', task ':react-native-safe-area-context:generateCodegenArtifactsFromSchema', task ':react-native-safe-area-context:preBuild', task ':react-native-screens:generateCodegenSchemaFromJavaScript', task ':react-native-screens:generateCodegenArtifactsFromSchema', task ':react-native-screens:preBuild', task ':react-native-svg:generateCodegenSchemaFromJavaScript', task ':react-native-svg:generateCodegenArtifactsFromSchema', task ':react-native-svg:preBuild', task ':react-native-vector-icons:generateCodegenSchemaFromJavaScript', task ':react-native-vector-icons:generateCodegenArtifactsFromSchema', task ':react-native-vector-icons:preBuild', task ':app:preBuild', task ':app:preReleaseBuild', task ':app:configureCMakeRelWithDebInfo[arm64-v8a]', task ':app:buildCMakeRelWithDebInfo[arm64-v8a]', task ':app:configureCMakeRelWithDebInfo[armeabi-v7a]', task ':app:buildCMakeRelWithDebInfo[armeabi-v7a]', task ':app:mergeReleaseJniLibFolders', task ':lottie-react-native:preReleaseBuild', task ':lottie-react-native:mergeReleaseJniLibFolders', task ':lottie-react-native:mergeReleaseNativeLibs', task ':lottie-react-native:copyReleaseJniLibsProjectOnly', task ':react-native-async-storage_async-storage:preReleaseBuild', task ':react-native-async-storage_async-storage:mergeReleaseJniLibFolders', task ':react-native-async-storage_async-storage:mergeReleaseNativeLibs', task ':react-native-async-storage_async-storage:copyReleaseJniLibsProjectOnly', task ':react-native-community_blur:preReleaseBuild', task ':react-native-community_blur:mergeReleaseJniLibFolders', task ':react-native-community_blur:mergeReleaseNativeLibs', task ':react-native-community_blur:copyReleaseJniLibsProjectOnly', task ':react-native-community_geolocation:preReleaseBuild', task ':react-native-community_geolocation:mergeReleaseJniLibFolders', task ':react-native-community_geolocation:mergeReleaseNativeLibs', task ':react-native-community_geolocation:copyReleaseJniLibsProjectOnly', task ':react-native-device-info:preReleaseBuild', task ':react-native-device-info:mergeReleaseJniLibFolders', task ':react-native-device-info:mergeReleaseNativeLibs', task ':react-native-device-info:copyReleaseJniLibsProjectOnly', task ':react-native-fast-image:preReleaseBuild', task ':react-native-fast-image:mergeReleaseJniLibFolders', task ':react-native-fast-image:mergeReleaseNativeLibs', task ':react-native-fast-image:copyReleaseJniLibsProjectOnly', task ':react-native-linear-gradient:preReleaseBuild', task ':react-native-linear-gradient:mergeReleaseJniLibFolders', task ':react-native-linear-gradient:mergeReleaseNativeLibs', task ':react-native-linear-gradient:copyReleaseJniLibsProjectOnly', task ':react-native-maps:preReleaseBuild', task ':react-native-maps:mergeReleaseJniLibFolders', task ':react-native-maps:mergeReleaseNativeLibs', task ':react-native-maps:copyReleaseJniLibsProjectOnly', task ':react-native-onesignal:preReleaseBuild', task ':react-native-onesignal:mergeReleaseJniLibFolders', task ':react-native-onesignal:mergeReleaseNativeLibs', task ':react-native-onesignal:copyReleaseJniLibsProjectOnly', task ':react-native-otp-verify:preReleaseBuild', task ':react-native-otp-verify:mergeReleaseJniLibFolders', task ':react-native-otp-verify:mergeReleaseNativeLibs', task ':react-native-otp-verify:copyReleaseJniLibsProjectOnly', task ':react-native-permissions:preReleaseBuild', task ':react-native-permissions:mergeReleaseJniLibFolders', task ':react-native-permissions:mergeReleaseNativeLibs', task ':react-native-permissions:copyReleaseJniLibsProjectOnly', task ':react-native-razorpay:preReleaseBuild', task ':react-native-razorpay:mergeReleaseJniLibFolders', task ':react-native-razorpay:mergeReleaseNativeLibs', task ':react-native-razorpay:copyReleaseJniLibsProjectOnly', task ':react-native-safe-area-context:preReleaseBuild', task ':react-native-safe-area-context:mergeReleaseJniLibFolders', task ':react-native-safe-area-context:mergeReleaseNativeLibs', task ':react-native-safe-area-context:copyReleaseJniLibsProjectOnly', task ':react-native-screens:preReleaseBuild', task ':react-native-screens:configureCMakeRelWithDebInfo[arm64-v8a]', task ':react-native-screens:buildCMakeRelWithDebInfo[arm64-v8a]', task ':react-native-screens:configureCMakeRelWithDebInfo[armeabi-v7a]', task ':react-native-screens:buildCMakeRelWithDebInfo[armeabi-v7a]', task ':react-native-screens:mergeReleaseJniLibFolders', task ':react-native-screens:mergeReleaseNativeLibs', task ':react-native-screens:copyReleaseJniLibsProjectOnly', task ':react-native-svg:preReleaseBuild', task ':react-native-svg:mergeReleaseJniLibFolders', task ':react-native-svg:mergeReleaseNativeLibs', task ':react-native-svg:copyReleaseJniLibsProjectOnly', task ':react-native-vector-icons:preReleaseBuild', task ':react-native-vector-icons:mergeReleaseJniLibFolders', task ':react-native-vector-icons:mergeReleaseNativeLibs', task ':react-native-vector-icons:copyReleaseJniLibsProjectOnly', task ':app:mergeReleaseNativeLibs', task ':app:stripReleaseDebugSymbols', task ':app:extractReleaseNativeSymbolTables', task ':app:mergeReleaseNativeDebugMetadata', task ':lottie-react-native:checkKotlinGradlePluginConfigurationErrors', task ':lottie-react-native:generateReleaseBuildConfig', task ':lottie-react-native:generateReleaseResValues', task ':lottie-react-native:generateReleaseResources', task ':lottie-react-native:packageReleaseResources', task ':lottie-react-native:parseReleaseLocalResources', task ':lottie-react-native:generateReleaseRFile', task ':lottie-react-native:compileReleaseKotlin', task ':lottie-react-native:javaPreCompileRelease', task ':lottie-react-native:compileReleaseJavaWithJavac', task ':lottie-react-native:bundleLibRuntimeToDirRelease', task ':react-native-maps:checkKotlinGradlePluginConfigurationErrors', task ':react-native-maps:generateReleaseBuildConfig', task ':react-native-maps:generateReleaseResValues', task ':react-native-maps:generateReleaseResources', task ':react-native-maps:packageReleaseResources', task ':react-native-maps:parseReleaseLocalResources', task ':react-native-maps:generateReleaseRFile', task ':react-native-maps:compileReleaseKotlin', task ':react-native-maps:javaPreCompileRelease', task ':react-native-maps:compileReleaseJavaWithJavac', task ':react-native-maps:bundleLibRuntimeToDirRelease', task ':react-native-permissions:checkKotlinGradlePluginConfigurationErrors', task ':react-native-permissions:generateReleaseBuildConfig', task ':react-native-permissions:generateReleaseResValues', task ':react-native-permissions:generateReleaseResources', task ':react-native-permissions:packageReleaseResources', task ':react-native-permissions:parseReleaseLocalResources', task ':react-native-permissions:generateReleaseRFile', task ':react-native-permissions:compileReleaseKotlin', task ':react-native-permissions:javaPreCompileRelease', task ':react-native-permissions:compileReleaseJavaWithJavac', task ':react-native-permissions:bundleLibRuntimeToDirRelease', task ':react-native-safe-area-context:checkKotlinGradlePluginConfigurationErrors', task ':react-native-safe-area-context:generateReleaseBuildConfig', task ':react-native-safe-area-context:generateReleaseResValues', task ':react-native-safe-area-context:generateReleaseResources', task ':react-native-safe-area-context:packageReleaseResources', task ':react-native-safe-area-context:parseReleaseLocalResources', task ':react-native-safe-area-context:generateReleaseRFile', task ':react-native-safe-area-context:compileReleaseKotlin', task ':react-native-safe-area-context:javaPreCompileRelease', task ':react-native-safe-area-context:compileReleaseJavaWithJavac', task ':react-native-safe-area-context:bundleLibRuntimeToDirRelease', task ':react-native-screens:checkKotlinGradlePluginConfigurationErrors', task ':react-native-screens:generateReleaseBuildConfig', task ':react-native-screens:generateReleaseResValues', task ':react-native-screens:generateReleaseResources', task ':react-native-screens:packageReleaseResources', task ':react-native-screens:parseReleaseLocalResources', task ':react-native-screens:generateReleaseRFile', task ':react-native-screens:compileReleaseKotlin', task ':react-native-screens:javaPreCompileRelease', task ':react-native-screens:compileReleaseJavaWithJavac', task ':react-native-screens:bundleLibRuntimeToDirRelease', task ':react-native-async-storage_async-storage:generateReleaseBuildConfig', task ':react-native-async-storage_async-storage:generateReleaseResValues', task ':react-native-async-storage_async-storage:generateReleaseResources', task ':react-native-async-storage_async-storage:packageReleaseResources', task ':react-native-async-storage_async-storage:parseReleaseLocalResources', task ':react-native-async-storage_async-storage:generateReleaseRFile', task ':react-native-async-storage_async-storage:javaPreCompileRelease', task ':react-native-async-storage_async-storage:compileReleaseJavaWithJavac', task ':react-native-async-storage_async-storage:bundleLibRuntimeToDirRelease', task ':react-native-community_blur:generateReleaseBuildConfig', task ':react-native-community_blur:generateReleaseResValues', task ':react-native-community_blur:generateReleaseResources', task ':react-native-community_blur:packageReleaseResources', task ':react-native-community_blur:parseReleaseLocalResources', task ':react-native-community_blur:generateReleaseRFile', task ':react-native-community_blur:javaPreCompileRelease', task ':react-native-community_blur:compileReleaseJavaWithJavac', task ':react-native-community_blur:bundleLibRuntimeToDirRelease', task ':react-native-community_geolocation:generateReleaseBuildConfig', task ':react-native-community_geolocation:generateReleaseResValues', task ':react-native-community_geolocation:generateReleaseResources', task ':react-native-community_geolocation:packageReleaseResources', task ':react-native-community_geolocation:parseReleaseLocalResources', task ':react-native-community_geolocation:generateReleaseRFile', task ':react-native-community_geolocation:javaPreCompileRelease', task ':react-native-community_geolocation:compileReleaseJavaWithJavac', task ':react-native-community_geolocation:bundleLibRuntimeToDirRelease', task ':react-native-device-info:generateReleaseBuildConfig', task ':react-native-device-info:generateReleaseResValues', task ':react-native-device-info:generateReleaseResources', task ':react-native-device-info:packageReleaseResources', task ':react-native-device-info:parseReleaseLocalResources', task ':react-native-device-info:generateReleaseRFile', task ':react-native-device-info:javaPreCompileRelease', task ':react-native-device-info:compileReleaseJavaWithJavac', task ':react-native-device-info:bundleLibRuntimeToDirRelease', task ':react-native-fast-image:generateReleaseBuildConfig', task ':react-native-fast-image:generateReleaseResValues', task ':react-native-fast-image:generateReleaseResources', task ':react-native-fast-image:packageReleaseResources', task ':react-native-fast-image:parseReleaseLocalResources', task ':react-native-fast-image:generateReleaseRFile', task ':react-native-fast-image:javaPreCompileRelease', task ':react-native-fast-image:compileReleaseJavaWithJavac', task ':react-native-fast-image:bundleLibRuntimeToDirRelease', task ':react-native-linear-gradient:generateReleaseBuildConfig', task ':react-native-linear-gradient:generateReleaseResValues', task ':react-native-linear-gradient:generateReleaseResources', task ':react-native-linear-gradient:packageReleaseResources', task ':react-native-linear-gradient:parseReleaseLocalResources', task ':react-native-linear-gradient:generateReleaseRFile', task ':react-native-linear-gradient:javaPreCompileRelease', task ':react-native-linear-gradient:compileReleaseJavaWithJavac', task ':react-native-linear-gradient:bundleLibRuntimeToDirRelease', task ':react-native-onesignal:generateReleaseBuildConfig', task ':react-native-onesignal:generateReleaseResValues', task ':react-native-onesignal:generateReleaseResources', task ':react-native-onesignal:packageReleaseResources', task ':react-native-onesignal:parseReleaseLocalResources', task ':react-native-onesignal:generateReleaseRFile', task ':react-native-onesignal:javaPreCompileRelease', task ':react-native-onesignal:compileReleaseJavaWithJavac', task ':react-native-onesignal:bundleLibRuntimeToDirRelease', task ':react-native-otp-verify:generateReleaseBuildConfig', task ':react-native-otp-verify:generateReleaseResValues', task ':react-native-otp-verify:generateReleaseResources', task ':react-native-otp-verify:packageReleaseResources', task ':react-native-otp-verify:parseReleaseLocalResources', task ':react-native-otp-verify:generateReleaseRFile', task ':react-native-otp-verify:javaPreCompileRelease', task ':react-native-otp-verify:compileReleaseJavaWithJavac', task ':react-native-otp-verify:bundleLibRuntimeToDirRelease', task ':react-native-razorpay:generateReleaseBuildConfig', task ':react-native-razorpay:generateReleaseResValues', task ':react-native-razorpay:generateReleaseResources', task ':react-native-razorpay:packageReleaseResources', task ':react-native-razorpay:parseReleaseLocalResources', task ':react-native-razorpay:generateReleaseRFile', task ':react-native-razorpay:javaPreCompileRelease', task ':react-native-razorpay:compileReleaseJavaWithJavac', task ':react-native-razorpay:bundleLibRuntimeToDirRelease', task ':react-native-svg:generateReleaseBuildConfig', task ':react-native-svg:generateReleaseResValues', task ':react-native-svg:generateReleaseResources', task ':react-native-svg:packageReleaseResources', task ':react-native-svg:parseReleaseLocalResources', task ':react-native-svg:generateReleaseRFile', task ':react-native-svg:javaPreCompileRelease', task ':react-native-svg:compileReleaseJavaWithJavac', task ':react-native-svg:bundleLibRuntimeToDirRelease', task ':react-native-vector-icons:generateReleaseBuildConfig', task ':react-native-vector-icons:generateReleaseResValues', task ':react-native-vector-icons:generateReleaseResources', task ':react-native-vector-icons:packageReleaseResources', task ':react-native-vector-icons:parseReleaseLocalResources', task ':react-native-vector-icons:generateReleaseRFile', task ':react-native-vector-icons:javaPreCompileRelease', task ':react-native-vector-icons:compileReleaseJavaWithJavac', task ':react-native-vector-icons:bundleLibRuntimeToDirRelease', task ':app:checkReleaseDuplicateClasses', task ':app:buildKotlinToolingMetadata', task ':app:checkKotlinGradlePluginConfigurationErrors', task ':app:generateReleaseBuildConfig', task ':lottie-react-native:writeReleaseAarMetadata', task ':react-native-async-storage_async-storage:writeReleaseAarMetadata', task ':react-native-community_blur:writeReleaseAarMetadata', task ':react-native-community_geolocation:writeReleaseAarMetadata', task ':react-native-device-info:writeReleaseAarMetadata', task ':react-native-fast-image:writeReleaseAarMetadata', task ':react-native-linear-gradient:writeReleaseAarMetadata', task ':react-native-maps:writeReleaseAarMetadata', task ':react-native-onesignal:writeReleaseAarMetadata', task ':react-native-otp-verify:writeReleaseAarMetadata', task ':react-native-permissions:writeReleaseAarMetadata', task ':react-native-razorpay:writeReleaseAarMetadata', task ':react-native-safe-area-context:writeReleaseAarMetadata', task ':react-native-screens:writeReleaseAarMetadata', task ':react-native-svg:writeReleaseAarMetadata', task ':react-native-vector-icons:writeReleaseAarMetadata', task ':app:checkReleaseAarMetadata', task ':app:createBundleReleaseJsAndAssets', task ':app:generateReleaseResValues', task ':app:mapReleaseSourceSetPaths', task ':app:generateReleaseResources', task ':app:mergeReleaseResources', task ':app:packageReleaseResources', task ':app:parseReleaseLocalResources', task ':app:createReleaseCompatibleScreenManifests', task ':app:extractDeepLinksRelease', task ':lottie-react-native:extractDeepLinksRelease', task ':lottie-react-native:processReleaseManifest', task ':react-native-async-storage_async-storage:extractDeepLinksRelease', task ':react-native-async-storage_async-storage:processReleaseManifest', task ':react-native-community_blur:extractDeepLinksRelease', task ':react-native-community_blur:processReleaseManifest', task ':react-native-community_geolocation:extractDeepLinksRelease', task ':react-native-community_geolocation:processReleaseManifest', task ':react-native-device-info:extractDeepLinksRelease', task ':react-native-device-info:processReleaseManifest', task ':react-native-fast-image:extractDeepLinksRelease', task ':react-native-fast-image:processReleaseManifest', task ':react-native-linear-gradient:extractDeepLinksRelease', task ':react-native-linear-gradient:processReleaseManifest', task ':react-native-maps:extractDeepLinksRelease', task ':react-native-maps:processReleaseManifest', task ':react-native-onesignal:extractDeepLinksRelease', task ':react-native-onesignal:processReleaseManifest', task ':react-native-otp-verify:extractDeepLinksRelease', task ':react-native-otp-verify:processReleaseManifest', task ':react-native-permissions:extractDeepLinksRelease', task ':react-native-permissions:processReleaseManifest', task ':react-native-razorpay:extractDeepLinksRelease', task ':react-native-razorpay:processReleaseManifest', task ':react-native-safe-area-context:extractDeepLinksRelease', task ':react-native-safe-area-context:processReleaseManifest', task ':react-native-screens:extractDeepLinksRelease', task ':react-native-screens:processReleaseManifest', task ':react-native-svg:extractDeepLinksRelease', task ':react-native-svg:processReleaseManifest', task ':react-native-vector-icons:extractDeepLinksRelease', task ':react-native-vector-icons:processReleaseManifest', task ':app:processReleaseMainManifest', task ':app:processReleaseManifest', task ':app:processReleaseManifestForPackage', task ':lottie-react-native:compileReleaseLibraryResources', task ':react-native-async-storage_async-storage:compileReleaseLibraryResources', task ':react-native-community_blur:compileReleaseLibraryResources', task ':react-native-community_geolocation:compileReleaseLibraryResources', task ':react-native-device-info:compileReleaseLibraryResources', task ':react-native-fast-image:compileReleaseLibraryResources', task ':react-native-linear-gradient:compileReleaseLibraryResources', task ':react-native-maps:compileReleaseLibraryResources', task ':react-native-onesignal:compileReleaseLibraryResources', task ':react-native-otp-verify:compileReleaseLibraryResources', task ':react-native-permissions:compileReleaseLibraryResources', task ':react-native-razorpay:compileReleaseLibraryResources', task ':react-native-safe-area-context:compileReleaseLibraryResources', task ':react-native-screens:compileReleaseLibraryResources', task ':react-native-svg:compileReleaseLibraryResources', task ':react-native-vector-icons:compileReleaseLibraryResources', task ':app:processReleaseResources', task ':lottie-react-native:bundleLibCompileToJarRelease', task ':react-native-async-storage_async-storage:bundleLibCompileToJarRelease', task ':react-native-community_blur:bundleLibCompileToJarRelease', task ':react-native-community_geolocation:bundleLibCompileToJarRelease', task ':react-native-device-info:bundleLibCompileToJarRelease', task ':react-native-fast-image:bundleLibCompileToJarRelease', task ':react-native-linear-gradient:bundleLibCompileToJarRelease', task ':react-native-maps:bundleLibCompileToJarRelease', task ':react-native-onesignal:bundleLibCompileToJarRelease', task ':react-native-otp-verify:bundleLibCompileToJarRelease', task ':react-native-permissions:bundleLibCompileToJarRelease', task ':react-native-razorpay:bundleLibCompileToJarRelease', task ':react-native-safe-area-context:bundleLibCompileToJarRelease', task ':react-native-screens:bundleLibCompileToJarRelease', task ':react-native-svg:bundleLibCompileToJarRelease', task ':react-native-vector-icons:bundleLibCompileToJarRelease', task ':app:compileReleaseKotlin', task ':app:javaPreCompileRelease', task ':app:compileReleaseJavaWithJavac', task ':app:dexBuilderRelease', task ':app:desugarReleaseFileDependencies', task ':app:mergeReleaseStartupProfile', task ':app:mergeExtDexRelease', task ':app:mergeDexRelease', task ':lottie-react-native:prepareReleaseArtProfile', task ':react-native-async-storage_async-storage:prepareReleaseArtProfile', task ':react-native-community_blur:prepareReleaseArtProfile', task ':react-native-community_geolocation:prepareReleaseArtProfile', task ':react-native-device-info:prepareReleaseArtProfile', task ':react-native-fast-image:prepareReleaseArtProfile', task ':react-native-linear-gradient:prepareReleaseArtProfile', task ':react-native-maps:prepareReleaseArtProfile', task ':react-native-onesignal:prepareReleaseArtProfile', task ':react-native-otp-verify:prepareReleaseArtProfile', task ':react-native-permissions:prepareReleaseArtProfile', task ':react-native-razorpay:prepareReleaseArtProfile', task ':react-native-safe-area-context:prepareReleaseArtProfile', task ':react-native-screens:prepareReleaseArtProfile', task ':react-native-svg:prepareReleaseArtProfile', task ':react-native-vector-icons:prepareReleaseArtProfile', task ':app:mergeReleaseArtProfile', task ':lottie-react-native:bundleLibRuntimeToJarRelease', task ':react-native-maps:bundleLibRuntimeToJarRelease', task ':react-native-permissions:bundleLibRuntimeToJarRelease', task ':react-native-safe-area-context:bundleLibRuntimeToJarRelease', task ':react-native-screens:bundleLibRuntimeToJarRelease', task ':react-native-async-storage_async-storage:bundleLibRuntimeToJarRelease', task ':react-native-community_blur:bundleLibRuntimeToJarRelease', task ':react-native-community_geolocation:bundleLibRuntimeToJarRelease', task ':react-native-device-info:bundleLibRuntimeToJarRelease', task ':react-native-fast-image:bundleLibRuntimeToJarRelease', task ':react-native-linear-gradient:bundleLibRuntimeToJarRelease', task ':react-native-onesignal:bundleLibRuntimeToJarRelease', task ':react-native-otp-verify:bundleLibRuntimeToJarRelease', task ':react-native-razorpay:bundleLibRuntimeToJarRelease', task ':react-native-svg:bundleLibRuntimeToJarRelease', task ':react-native-vector-icons:bundleLibRuntimeToJarRelease', task ':app:mergeReleaseGlobalSynthetics', task ':app:compileReleaseArtProfile', task ':app:mergeReleaseShaders', task ':app:compileReleaseShaders', task ':app:copyReactNativeVectorIconFonts', task ':app:generateReleaseAssets', task ':lottie-react-native:mergeReleaseShaders', task ':lottie-react-native:compileReleaseShaders', task ':lottie-react-native:generateReleaseAssets', task ':lottie-react-native:mergeReleaseAssets', task ':react-native-async-storage_async-storage:mergeReleaseShaders', task ':react-native-async-storage_async-storage:compileReleaseShaders', task ':react-native-async-storage_async-storage:generateReleaseAssets', task ':react-native-async-storage_async-storage:mergeReleaseAssets', task ':react-native-community_blur:mergeReleaseShaders', task ':react-native-community_blur:compileReleaseShaders', task ':react-native-community_blur:generateReleaseAssets', task ':react-native-community_blur:mergeReleaseAssets', task ':react-native-community_geolocation:mergeReleaseShaders', task ':react-native-community_geolocation:compileReleaseShaders', task ':react-native-community_geolocation:generateReleaseAssets', task ':react-native-community_geolocation:mergeReleaseAssets', task ':react-native-device-info:mergeReleaseShaders', task ':react-native-device-info:compileReleaseShaders', task ':react-native-device-info:generateReleaseAssets', task ':react-native-device-info:mergeReleaseAssets', task ':react-native-fast-image:mergeReleaseShaders', task ':react-native-fast-image:compileReleaseShaders', task ':react-native-fast-image:generateReleaseAssets', task ':react-native-fast-image:mergeReleaseAssets', task ':react-native-linear-gradient:mergeReleaseShaders', task ':react-native-linear-gradient:compileReleaseShaders', task ':react-native-linear-gradient:generateReleaseAssets', task ':react-native-linear-gradient:mergeReleaseAssets', task ':react-native-maps:mergeReleaseShaders', task ':react-native-maps:compileReleaseShaders', task ':react-native-maps:generateReleaseAssets', task ':react-native-maps:mergeReleaseAssets', task ':react-native-onesignal:mergeReleaseShaders', task ':react-native-onesignal:compileReleaseShaders', task ':react-native-onesignal:generateReleaseAssets', task ':react-native-onesignal:mergeReleaseAssets', task ':react-native-otp-verify:mergeReleaseShaders', task ':react-native-otp-verify:compileReleaseShaders', task ':react-native-otp-verify:generateReleaseAssets', task ':react-native-otp-verify:mergeReleaseAssets', task ':react-native-permissions:mergeReleaseShaders', task ':react-native-permissions:compileReleaseShaders', task ':react-native-permissions:generateReleaseAssets', task ':react-native-permissions:mergeReleaseAssets', task ':react-native-razorpay:mergeReleaseShaders', task ':react-native-razorpay:compileReleaseShaders', task ':react-native-razorpay:generateReleaseAssets', task ':react-native-razorpay:mergeReleaseAssets', task ':react-native-safe-area-context:mergeReleaseShaders', task ':react-native-safe-area-context:compileReleaseShaders', task ':react-native-safe-area-context:generateReleaseAssets', task ':react-native-safe-area-context:mergeReleaseAssets', task ':react-native-screens:mergeReleaseShaders', task ':react-native-screens:compileReleaseShaders', task ':react-native-screens:generateReleaseAssets', task ':react-native-screens:mergeReleaseAssets', task ':react-native-svg:mergeReleaseShaders', task ':react-native-svg:compileReleaseShaders', task ':react-native-svg:generateReleaseAssets', task ':react-native-svg:mergeReleaseAssets', task ':react-native-vector-icons:mergeReleaseShaders', task ':react-native-vector-icons:compileReleaseShaders', task ':react-native-vector-icons:generateReleaseAssets', task ':react-native-vector-icons:mergeReleaseAssets', task ':app:mergeReleaseAssets', task ':app:compressReleaseAssets', task ':app:extractReleaseVersionControlInfo', task ':app:extractProguardFiles', task ':lottie-react-native:processReleaseJavaRes', task ':lottie-react-native:createFullJarRelease', task ':lottie-react-native:extractProguardFiles', task ':lottie-react-native:generateReleaseLintModel', task ':lottie-react-native:prepareLintJarForPublish', task ':react-native-async-storage_async-storage:processReleaseJavaRes', task ':react-native-async-storage_async-storage:createFullJarRelease', task ':react-native-async-storage_async-storage:extractProguardFiles', task ':react-native-async-storage_async-storage:generateReleaseLintModel', task ':react-native-async-storage_async-storage:prepareLintJarForPublish', task ':react-native-community_blur:processReleaseJavaRes', task ':react-native-community_blur:createFullJarRelease', task ':react-native-community_blur:extractProguardFiles', task ':react-native-community_blur:generateReleaseLintModel', task ':react-native-community_blur:prepareLintJarForPublish', task ':react-native-community_geolocation:processReleaseJavaRes', task ':react-native-community_geolocation:createFullJarRelease', task ':react-native-community_geolocation:extractProguardFiles', task ':react-native-community_geolocation:generateReleaseLintModel', task ':react-native-community_geolocation:prepareLintJarForPublish', task ':react-native-device-info:processReleaseJavaRes', task ':react-native-device-info:createFullJarRelease', task ':react-native-device-info:extractProguardFiles', task ':react-native-device-info:generateReleaseLintModel', task ':react-native-device-info:prepareLintJarForPublish', task ':react-native-fast-image:processReleaseJavaRes', task ':react-native-fast-image:createFullJarRelease', task ':react-native-fast-image:extractProguardFiles', task ':react-native-fast-image:generateReleaseLintModel', task ':react-native-fast-image:prepareLintJarForPublish', task ':react-native-linear-gradient:processReleaseJavaRes', task ':react-native-linear-gradient:createFullJarRelease', task ':react-native-linear-gradient:extractProguardFiles', task ':react-native-linear-gradient:generateReleaseLintModel', task ':react-native-linear-gradient:prepareLintJarForPublish', task ':react-native-maps:processReleaseJavaRes', task ':react-native-maps:createFullJarRelease', task ':react-native-maps:extractProguardFiles', task ':react-native-maps:generateReleaseLintModel', task ':react-native-maps:prepareLintJarForPublish', task ':react-native-onesignal:processReleaseJavaRes', task ':react-native-onesignal:createFullJarRelease', task ':react-native-onesignal:extractProguardFiles', task ':react-native-onesignal:generateReleaseLintModel', task ':react-native-onesignal:prepareLintJarForPublish', task ':react-native-otp-verify:processReleaseJavaRes', task ':react-native-otp-verify:createFullJarRelease', task ':react-native-otp-verify:extractProguardFiles', task ':react-native-otp-verify:generateReleaseLintModel', task ':react-native-otp-verify:prepareLintJarForPublish', task ':react-native-permissions:processReleaseJavaRes', task ':react-native-permissions:createFullJarRelease', task ':react-native-permissions:extractProguardFiles', task ':react-native-permissions:generateReleaseLintModel', task ':react-native-permissions:prepareLintJarForPublish', task ':react-native-razorpay:processReleaseJavaRes', task ':react-native-razorpay:createFullJarRelease', task ':react-native-razorpay:extractProguardFiles', task ':react-native-razorpay:generateReleaseLintModel', task ':react-native-razorpay:prepareLintJarForPublish', task ':react-native-safe-area-context:processReleaseJavaRes', task ':react-native-safe-area-context:createFullJarRelease', task ':react-native-safe-area-context:extractProguardFiles', task ':react-native-safe-area-context:generateReleaseLintModel', task ':react-native-safe-area-context:prepareLintJarForPublish', task ':react-native-screens:processReleaseJavaRes', task ':react-native-screens:createFullJarRelease', task ':react-native-screens:extractProguardFiles', task ':react-native-screens:generateReleaseLintModel', task ':react-native-screens:prepareLintJarForPublish', task ':react-native-svg:processReleaseJavaRes', task ':react-native-svg:createFullJarRelease', task ':react-native-svg:extractProguardFiles', task ':react-native-svg:generateReleaseLintModel', task ':react-native-svg:prepareLintJarForPublish', task ':react-native-vector-icons:processReleaseJavaRes', task ':react-native-vector-icons:createFullJarRelease', task ':react-native-vector-icons:extractProguardFiles', task ':react-native-vector-icons:generateReleaseLintModel', task ':react-native-vector-icons:prepareLintJarForPublish', task ':app:generateReleaseLintVitalReportModel', task ':lottie-react-native:stripReleaseDebugSymbols', task ':lottie-react-native:copyReleaseJniLibsProjectAndLocalJars', task ':lottie-react-native:extractDeepLinksForAarRelease', task ':lottie-react-native:extractReleaseAnnotations', task ':lottie-react-native:mergeReleaseGeneratedProguardFiles', task ':lottie-react-native:mergeReleaseConsumerProguardFiles', task ':lottie-react-native:mergeReleaseJavaResource', task ':lottie-react-native:syncReleaseLibJars', task ':lottie-react-native:bundleReleaseLocalLintAar', task ':react-native-maps:stripReleaseDebugSymbols', task ':react-native-maps:copyReleaseJniLibsProjectAndLocalJars', task ':react-native-maps:extractDeepLinksForAarRelease', task ':react-native-maps:extractReleaseAnnotations', task ':react-native-maps:mergeReleaseGeneratedProguardFiles', task ':react-native-maps:mergeReleaseConsumerProguardFiles', task ':react-native-maps:mergeReleaseJavaResource', task ':react-native-maps:syncReleaseLibJars', task ':react-native-maps:bundleReleaseLocalLintAar', task ':react-native-permissions:stripReleaseDebugSymbols', task ':react-native-permissions:copyReleaseJniLibsProjectAndLocalJars', task ':react-native-permissions:extractDeepLinksForAarRelease', task ':react-native-permissions:extractReleaseAnnotations', task ':react-native-permissions:mergeReleaseGeneratedProguardFiles', task ':react-native-permissions:mergeReleaseConsumerProguardFiles', task ':react-native-permissions:mergeReleaseJavaResource', task ':react-native-permissions:syncReleaseLibJars', task ':react-native-permissions:bundleReleaseLocalLintAar', task ':react-native-safe-area-context:stripReleaseDebugSymbols', task ':react-native-safe-area-context:copyReleaseJniLibsProjectAndLocalJars', task ':react-native-safe-area-context:extractDeepLinksForAarRelease', task ':react-native-safe-area-context:extractReleaseAnnotations', task ':react-native-safe-area-context:mergeReleaseGeneratedProguardFiles', task ':react-native-safe-area-context:mergeReleaseConsumerProguardFiles', task ':react-native-safe-area-context:mergeReleaseJavaResource', task ':react-native-safe-area-context:syncReleaseLibJars', task ':react-native-safe-area-context:bundleReleaseLocalLintAar', task ':react-native-screens:stripReleaseDebugSymbols', task ':react-native-screens:copyReleaseJniLibsProjectAndLocalJars', task ':react-native-screens:extractDeepLinksForAarRelease', task ':react-native-screens:extractReleaseAnnotations', task ':react-native-screens:mergeReleaseGeneratedProguardFiles', task ':react-native-screens:mergeReleaseConsumerProguardFiles', task ':react-native-screens:mergeReleaseJavaResource', task ':react-native-screens:syncReleaseLibJars', task ':react-native-screens:bundleReleaseLocalLintAar', task ':react-native-async-storage_async-storage:stripReleaseDebugSymbols', task ':react-native-async-storage_async-storage:copyReleaseJniLibsProjectAndLocalJars', task ':react-native-async-storage_async-storage:extractDeepLinksForAarRelease', task ':react-native-async-storage_async-storage:extractReleaseAnnotations', task ':react-native-async-storage_async-storage:mergeReleaseGeneratedProguardFiles', task ':react-native-async-storage_async-storage:mergeReleaseConsumerProguardFiles', task ':react-native-async-storage_async-storage:mergeReleaseJavaResource', task ':react-native-async-storage_async-storage:syncReleaseLibJars', task ':react-native-async-storage_async-storage:bundleReleaseLocalLintAar', task ':react-native-community_blur:stripReleaseDebugSymbols', task ':react-native-community_blur:copyReleaseJniLibsProjectAndLocalJars', task ':react-native-community_blur:extractDeepLinksForAarRelease', task ':react-native-community_blur:extractReleaseAnnotations', task ':react-native-community_blur:mergeReleaseGeneratedProguardFiles', task ':react-native-community_blur:mergeReleaseConsumerProguardFiles', task ':react-native-community_blur:mergeReleaseJavaResource', task ':react-native-community_blur:syncReleaseLibJars', task ':react-native-community_blur:bundleReleaseLocalLintAar', task ':react-native-community_geolocation:stripReleaseDebugSymbols', task ':react-native-community_geolocation:copyReleaseJniLibsProjectAndLocalJars', task ':react-native-community_geolocation:extractDeepLinksForAarRelease', task ':react-native-community_geolocation:extractReleaseAnnotations', task ':react-native-community_geolocation:mergeReleaseGeneratedProguardFiles', task ':react-native-community_geolocation:mergeReleaseConsumerProguardFiles', task ':react-native-community_geolocation:mergeReleaseJavaResource', task ':react-native-community_geolocation:syncReleaseLibJars', task ':react-native-community_geolocation:bundleReleaseLocalLintAar', task ':react-native-device-info:stripReleaseDebugSymbols', task ':react-native-device-info:copyReleaseJniLibsProjectAndLocalJars', task ':react-native-device-info:extractDeepLinksForAarRelease', task ':react-native-device-info:extractReleaseAnnotations', task ':react-native-device-info:mergeReleaseGeneratedProguardFiles', task ':react-native-device-info:mergeReleaseConsumerProguardFiles', task ':react-native-device-info:mergeReleaseJavaResource', task ':react-native-device-info:syncReleaseLibJars', task ':react-native-device-info:bundleReleaseLocalLintAar', task ':react-native-fast-image:stripReleaseDebugSymbols', task ':react-native-fast-image:copyReleaseJniLibsProjectAndLocalJars', task ':react-native-fast-image:extractDeepLinksForAarRelease', task ':react-native-fast-image:extractReleaseAnnotations', task ':react-native-fast-image:mergeReleaseGeneratedProguardFiles', task ':react-native-fast-image:mergeReleaseConsumerProguardFiles', task ':react-native-fast-image:mergeReleaseJavaResource', task ':react-native-fast-image:syncReleaseLibJars', task ':react-native-fast-image:bundleReleaseLocalLintAar', task ':react-native-linear-gradient:stripReleaseDebugSymbols', task ':react-native-linear-gradient:copyReleaseJniLibsProjectAndLocalJars', task ':react-native-linear-gradient:extractDeepLinksForAarRelease', task ':react-native-linear-gradient:extractReleaseAnnotations', task ':react-native-linear-gradient:mergeReleaseGeneratedProguardFiles', task ':react-native-linear-gradient:mergeReleaseConsumerProguardFiles', task ':react-native-linear-gradient:mergeReleaseJavaResource', task ':react-native-linear-gradient:syncReleaseLibJars', task ':react-native-linear-gradient:bundleReleaseLocalLintAar', task ':react-native-onesignal:stripReleaseDebugSymbols', task ':react-native-onesignal:copyReleaseJniLibsProjectAndLocalJars', task ':react-native-onesignal:extractDeepLinksForAarRelease', task ':react-native-onesignal:extractReleaseAnnotations', task ':react-native-onesignal:mergeReleaseGeneratedProguardFiles', task ':react-native-onesignal:mergeReleaseConsumerProguardFiles', task ':react-native-onesignal:mergeReleaseJavaResource', task ':react-native-onesignal:syncReleaseLibJars', task ':react-native-onesignal:bundleReleaseLocalLintAar', task ':react-native-otp-verify:stripReleaseDebugSymbols', task ':react-native-otp-verify:copyReleaseJniLibsProjectAndLocalJars', task ':react-native-otp-verify:extractDeepLinksForAarRelease', task ':react-native-otp-verify:extractReleaseAnnotations', task ':react-native-otp-verify:mergeReleaseGeneratedProguardFiles', task ':react-native-otp-verify:mergeReleaseConsumerProguardFiles', task ':react-native-otp-verify:mergeReleaseJavaResource', task ':react-native-otp-verify:syncReleaseLibJars', task ':react-native-otp-verify:bundleReleaseLocalLintAar', task ':react-native-razorpay:stripReleaseDebugSymbols', task ':react-native-razorpay:copyReleaseJniLibsProjectAndLocalJars', task ':react-native-razorpay:extractDeepLinksForAarRelease', task ':react-native-razorpay:extractReleaseAnnotations', task ':react-native-razorpay:mergeReleaseGeneratedProguardFiles', task ':react-native-razorpay:mergeReleaseConsumerProguardFiles', task ':react-native-razorpay:mergeReleaseJavaResource', task ':react-native-razorpay:syncReleaseLibJars', task ':react-native-razorpay:bundleReleaseLocalLintAar', task ':react-native-svg:stripReleaseDebugSymbols', task ':react-native-svg:copyReleaseJniLibsProjectAndLocalJars', task ':react-native-svg:extractDeepLinksForAarRelease', task ':react-native-svg:extractReleaseAnnotations', task ':react-native-svg:mergeReleaseGeneratedProguardFiles', task ':react-native-svg:mergeReleaseConsumerProguardFiles', task ':react-native-svg:mergeReleaseJavaResource', task ':react-native-svg:syncReleaseLibJars', task ':react-native-svg:bundleReleaseLocalLintAar', task ':react-native-vector-icons:stripReleaseDebugSymbols', task ':react-native-vector-icons:copyReleaseJniLibsProjectAndLocalJars', task ':react-native-vector-icons:extractDeepLinksForAarRelease', task ':react-native-vector-icons:extractReleaseAnnotations', task ':react-native-vector-icons:mergeReleaseGeneratedProguardFiles', task ':react-native-vector-icons:mergeReleaseConsumerProguardFiles', task ':react-native-vector-icons:mergeReleaseJavaResource', task ':react-native-vector-icons:syncReleaseLibJars', task ':react-native-vector-icons:bundleReleaseLocalLintAar', task ':lottie-react-native:lintVitalAnalyzeRelease', task ':lottie-react-native:writeReleaseLintModelMetadata', task ':react-native-async-storage_async-storage:lintVitalAnalyzeRelease', task ':react-native-async-storage_async-storage:writeReleaseLintModelMetadata', task ':react-native-community_blur:lintVitalAnalyzeRelease', task ':react-native-community_blur:writeReleaseLintModelMetadata', task ':react-native-community_geolocation:lintVitalAnalyzeRelease', task ':react-native-community_geolocation:writeReleaseLintModelMetadata', task ':react-native-device-info:lintVitalAnalyzeRelease', task ':react-native-device-info:writeReleaseLintModelMetadata', task ':react-native-fast-image:lintVitalAnalyzeRelease', task ':react-native-fast-image:writeReleaseLintModelMetadata', task ':react-native-linear-gradient:lintVitalAnalyzeRelease', task ':react-native-linear-gradient:writeReleaseLintModelMetadata', task ':react-native-maps:lintVitalAnalyzeRelease', task ':react-native-maps:writeReleaseLintModelMetadata', task ':react-native-onesignal:lintVitalAnalyzeRelease', task ':react-native-onesignal:writeReleaseLintModelMetadata', task ':react-native-otp-verify:lintVitalAnalyzeRelease', task ':react-native-otp-verify:writeReleaseLintModelMetadata', task ':react-native-permissions:lintVitalAnalyzeRelease', task ':react-native-permissions:writeReleaseLintModelMetadata', task ':react-native-razorpay:lintVitalAnalyzeRelease', task ':react-native-razorpay:writeReleaseLintModelMetadata', task ':react-native-safe-area-context:lintVitalAnalyzeRelease', task ':react-native-safe-area-context:writeReleaseLintModelMetadata', task ':react-native-screens:lintVitalAnalyzeRelease', task ':react-native-screens:writeReleaseLintModelMetadata', task ':react-native-svg:lintVitalAnalyzeRelease', task ':react-native-svg:writeReleaseLintModelMetadata', task ':react-native-vector-icons:lintVitalAnalyzeRelease', task ':react-native-vector-icons:writeReleaseLintModelMetadata', task ':app:lintVitalAnalyzeRelease', task ':lottie-react-native:generateReleaseLintVitalModel', task ':react-native-async-storage_async-storage:generateReleaseLintVitalModel', task ':react-native-community_blur:generateReleaseLintVitalModel', task ':react-native-community_geolocation:generateReleaseLintVitalModel', task ':react-native-device-info:generateReleaseLintVitalModel', task ':react-native-fast-image:generateReleaseLintVitalModel', task ':react-native-linear-gradient:generateReleaseLintVitalModel', task ':react-native-maps:generateReleaseLintVitalModel', task ':react-native-onesignal:generateReleaseLintVitalModel', task ':react-native-otp-verify:generateReleaseLintVitalModel', task ':react-native-permissions:generateReleaseLintVitalModel', task ':react-native-razorpay:generateReleaseLintVitalModel', task ':react-native-safe-area-context:generateReleaseLintVitalModel', task ':react-native-screens:generateReleaseLintVitalModel', task ':react-native-svg:generateReleaseLintVitalModel', task ':react-native-vector-icons:generateReleaseLintVitalModel', task ':app:lintVitalReportRelease', task ':app:lintVitalRelease', task ':app:processReleaseJavaRes', task ':app:mergeReleaseJavaResource', task ':app:optimizeReleaseResources', task ':app:collectReleaseDependencies', task ':app:sdkReleaseDependencyData', task ':app:validateSigningRelease', task ':app:writeReleaseAppMetadata', task ':app:writeReleaseSigningConfigVersions', task ':app:packageRelease', task ':app:createReleaseApkListingFileRedirect', task ':app:assembleRelease', task ':lottie-react-native:bundleReleaseAar', task ':lottie-react-native:mapReleaseSourceSetPaths', task ':lottie-react-native:mergeReleaseResources', task ':lottie-react-native:verifyReleaseResources', task ':lottie-react-native:assembleRelease', task ':react-native-async-storage_async-storage:bundleReleaseAar', task ':react-native-async-storage_async-storage:mapReleaseSourceSetPaths', task ':react-native-async-storage_async-storage:mergeReleaseResources', task ':react-native-async-storage_async-storage:verifyReleaseResources', task ':react-native-async-storage_async-storage:assembleRelease', task ':react-native-community_blur:bundleReleaseAar', task ':react-native-community_blur:mapReleaseSourceSetPaths', task ':react-native-community_blur:mergeReleaseResources', task ':react-native-community_blur:verifyReleaseResources', task ':react-native-community_blur:assembleRelease', task ':react-native-community_geolocation:bundleReleaseAar', task ':react-native-community_geolocation:mapReleaseSourceSetPaths', task ':react-native-community_geolocation:mergeReleaseResources', task ':react-native-community_geolocation:verifyReleaseResources', task ':react-native-community_geolocation:assembleRelease', task ':react-native-device-info:bundleReleaseAar', task ':react-native-device-info:mapReleaseSourceSetPaths', task ':react-native-device-info:mergeReleaseResources', task ':react-native-device-info:verifyReleaseResources', task ':react-native-device-info:assembleRelease', task ':react-native-fast-image:bundleReleaseAar', task ':react-native-fast-image:mapReleaseSourceSetPaths', task ':react-native-fast-image:mergeReleaseResources', task ':react-native-fast-image:verifyReleaseResources', task ':react-native-fast-image:assembleRelease', task ':react-native-linear-gradient:bundleReleaseAar', task ':react-native-linear-gradient:mapReleaseSourceSetPaths', task ':react-native-linear-gradient:mergeReleaseResources', task ':react-native-linear-gradient:verifyReleaseResources', task ':react-native-linear-gradient:assembleRelease', task ':react-native-maps:bundleReleaseAar', task ':react-native-maps:mapReleaseSourceSetPaths', task ':react-native-maps:mergeReleaseResources', task ':react-native-maps:verifyReleaseResources', task ':react-native-maps:assembleRelease', task ':react-native-onesignal:bundleReleaseAar', task ':react-native-onesignal:mapReleaseSourceSetPaths', task ':react-native-onesignal:mergeReleaseResources', task ':react-native-onesignal:verifyReleaseResources', task ':react-native-onesignal:assembleRelease', task ':react-native-otp-verify:bundleReleaseAar', task ':react-native-otp-verify:mapReleaseSourceSetPaths', task ':react-native-otp-verify:mergeReleaseResources', task ':react-native-otp-verify:verifyReleaseResources', task ':react-native-otp-verify:assembleRelease', task ':react-native-permissions:bundleReleaseAar', task ':react-native-permissions:mapReleaseSourceSetPaths', task ':react-native-permissions:mergeReleaseResources', task ':react-native-permissions:verifyReleaseResources', task ':react-native-permissions:assembleRelease', task ':react-native-razorpay:bundleReleaseAar', task ':react-native-razorpay:mapReleaseSourceSetPaths', task ':react-native-razorpay:mergeReleaseResources', task ':react-native-razorpay:verifyReleaseResources', task ':react-native-razorpay:assembleRelease', task ':react-native-safe-area-context:bundleReleaseAar', task ':react-native-safe-area-context:mapReleaseSourceSetPaths', task ':react-native-safe-area-context:mergeReleaseResources', task ':react-native-safe-area-context:verifyReleaseResources', task ':react-native-safe-area-context:assembleRelease', task ':react-native-screens:bundleReleaseAar', task ':react-native-screens:mapReleaseSourceSetPaths', task ':react-native-screens:mergeReleaseResources', task ':react-native-screens:verifyReleaseResources', task ':react-native-screens:assembleRelease', task ':react-native-svg:bundleReleaseAar', task ':react-native-svg:mapReleaseSourceSetPaths', task ':react-native-svg:mergeReleaseResources', task ':react-native-svg:verifyReleaseResources', task ':react-native-svg:assembleRelease', task ':react-native-vector-icons:bundleReleaseAar', task ':react-native-vector-icons:mapReleaseSourceSetPaths', task ':react-native-vector-icons:mergeReleaseResources', task ':react-native-vector-icons:verifyReleaseResources', task ':react-native-vector-icons:assembleRelease']
Tasks that were excluded: []
work action Parameters of ClassesDirToClassesTransform (Thread[Execution worker Thread 4,5,main]) started.
work action Parameters of DexingNoClasspathTransform (Thread[Execution worker Thread 4,5,main]) started.
work action Parameters of DexingOutputSplitTransform (Thread[Execution worker Thread 4,5,main]) started.
work action Parameters of IdentityTransform (Thread[Execution worker Thread 4,5,main]) started.
work action Parameters of DexingOutputSplitTransform (Thread[Execution worker Thread 4,5,main]) started.
work action Parameters of ExtractAarTransform (Thread[Execution worker Thread 4,5,main]) started.
Resolve mutations for :app:generateAutolinkingNewArchitectureFiles (Thread[Execution worker Thread 4,5,main]) started.
:app:generateAutolinkingNewArchitectureFiles (Thread[Execution worker Thread 4,5,main]) started.

> Task :app:generateAutolinkingNewArchitectureFiles UP-TO-DATE
Caching disabled for task ':app:generateAutolinkingNewArchitectureFiles' because:
  Build cache is disabled
  Caching has not been enabled for the task
Skipping task ':app:generateAutolinkingNewArchitectureFiles' as it is up-to-date.
Resolve mutations for :app:generateAutolinkingPackageList (Thread[Execution worker Thread 4,5,main]) started.
:app:generateAutolinkingPackageList (Thread[Execution worker Thread 4,5,main]) started.

> Task :app:generateAutolinkingPackageList UP-TO-DATE
Caching disabled for task ':app:generateAutolinkingPackageList' because:
  Build cache is disabled
  Caching has not been enabled for the task
Skipping task ':app:generateAutolinkingPackageList' as it is up-to-date.
Resolve mutations for :app:generateCodegenSchemaFromJavaScript (Thread[Execution worker Thread 4,5,main]) started.
:app:generateCodegenSchemaFromJavaScript (Thread[Execution worker Thread 4,5,main]) started.

> Task :app:generateCodegenSchemaFromJavaScript SKIPPED
Skipping task ':app:generateCodegenSchemaFromJavaScript' as task onlyIf 'Task satisfies onlyIf spec' is false.
Resolve mutations for :app:generateCodegenArtifactsFromSchema (Thread[Execution worker Thread 4,5,main]) started.
:app:generateCodegenArtifactsFromSchema (Thread[Execution worker Thread 4,5,main]) started.

> Task :app:generateCodegenArtifactsFromSchema SKIPPED
Skipping task ':app:generateCodegenArtifactsFromSchema' as task onlyIf 'Task satisfies onlyIf spec' is false.
Resolve mutations for :app:generateReactNativeEntryPoint (Thread[Execution worker Thread 4,5,main]) started.
:app:generateReactNativeEntryPoint (Thread[Execution worker Thread 4,5,main]) started.

> Task :app:generateReactNativeEntryPoint UP-TO-DATE
Caching disabled for task ':app:generateReactNativeEntryPoint' because:
  Build cache is disabled
  Caching has not been enabled for the task
Skipping task ':app:generateReactNativeEntryPoint' as it is up-to-date.
Resolve mutations for :lottie-react-native:generateCodegenSchemaFromJavaScript (Thread[Execution worker Thread 4,5,main]) started.
:lottie-react-native:generateCodegenSchemaFromJavaScript (Thread[Execution worker Thread 4,5,main]) started.

> Task :lottie-react-native:generateCodegenSchemaFromJavaScript UP-TO-DATE
Caching disabled for task ':lottie-react-native:generateCodegenSchemaFromJavaScript' because:
  Build cache is disabled
  Caching has not been enabled for the task
Skipping task ':lottie-react-native:generateCodegenSchemaFromJavaScript' as it is up-to-date.
Resolve mutations for :lottie-react-native:generateCodegenArtifactsFromSchema (Thread[Execution worker Thread 4,5,main]) started.
:lottie-react-native:generateCodegenArtifactsFromSchema (Thread[Execution worker Thread 4,5,main]) started.

> Task :lottie-react-native:generateCodegenArtifactsFromSchema UP-TO-DATE
Caching disabled for task ':lottie-react-native:generateCodegenArtifactsFromSchema' because:
  Build cache is disabled
  Caching has not been enabled for the task
Skipping task ':lottie-react-native:generateCodegenArtifactsFromSchema' as it is up-to-date.
Resolve mutations for :lottie-react-native:preBuild (Thread[Execution worker Thread 4,5,main]) started.
:lottie-react-native:preBuild (Thread[Execution worker Thread 4,5,main]) started.

> Task :lottie-react-native:preBuild UP-TO-DATE
Skipping task ':lottie-react-native:preBuild' as it has no actions.
Resolve mutations for :react-native-async-storage_async-storage:generateCodegenSchemaFromJavaScript (Thread[Execution worker Thread 4,5,main]) started.
:react-native-async-storage_async-storage:generateCodegenSchemaFromJavaScript (Thread[Execution worker Thread 4,5,main]) started.

> Task :react-native-async-storage_async-storage:generateCodegenSchemaFromJavaScript UP-TO-DATE
Caching disabled for task ':react-native-async-storage_async-storage:generateCodegenSchemaFromJavaScript' because:
  Build cache is disabled
  Caching has not been enabled for the task
Skipping task ':react-native-async-storage_async-storage:generateCodegenSchemaFromJavaScript' as it is up-to-date.
Resolve mutations for :react-native-async-storage_async-storage:generateCodegenArtifactsFromSchema (Thread[Execution worker Thread 4,5,main]) started.
:react-native-async-storage_async-storage:generateCodegenArtifactsFromSchema (Thread[Execution worker Thread 4,5,main]) started.

> Task :react-native-async-storage_async-storage:generateCodegenArtifactsFromSchema UP-TO-DATE
Caching disabled for task ':react-native-async-storage_async-storage:generateCodegenArtifactsFromSchema' because:
  Build cache is disabled
  Caching has not been enabled for the task
Skipping task ':react-native-async-storage_async-storage:generateCodegenArtifactsFromSchema' as it is up-to-date.
Resolve mutations for :react-native-async-storage_async-storage:preBuild (Thread[Execution worker Thread 4,5,main]) started.
:react-native-async-storage_async-storage:preBuild (Thread[Execution worker Thread 4,5,main]) started.

> Task :react-native-async-storage_async-storage:preBuild UP-TO-DATE
Skipping task ':react-native-async-storage_async-storage:preBuild' as it has no actions.
Resolve mutations for :react-native-community_blur:generateCodegenSchemaFromJavaScript (Thread[Execution worker Thread 4,5,main]) started.
:react-native-community_blur:generateCodegenSchemaFromJavaScript (Thread[Execution worker Thread 4,5,main]) started.

> Task :react-native-community_blur:generateCodegenSchemaFromJavaScript UP-TO-DATE
Caching disabled for task ':react-native-community_blur:generateCodegenSchemaFromJavaScript' because:
  Build cache is disabled
  Caching has not been enabled for the task
Skipping task ':react-native-community_blur:generateCodegenSchemaFromJavaScript' as it is up-to-date.
Resolve mutations for :react-native-community_blur:generateCodegenArtifactsFromSchema (Thread[Execution worker Thread 4,5,main]) started.
:react-native-community_blur:generateCodegenArtifactsFromSchema (Thread[Execution worker Thread 4,5,main]) started.

> Task :react-native-community_blur:generateCodegenArtifactsFromSchema UP-TO-DATE
Caching disabled for task ':react-native-community_blur:generateCodegenArtifactsFromSchema' because:
  Build cache is disabled
  Caching has not been enabled for the task
Skipping task ':react-native-community_blur:generateCodegenArtifactsFromSchema' as it is up-to-date.
Resolve mutations for :react-native-community_blur:preBuild (Thread[Execution worker Thread 4,5,main]) started.
:react-native-community_blur:preBuild (Thread[Execution worker Thread 4,5,main]) started.

> Task :react-native-community_blur:preBuild UP-TO-DATE
Skipping task ':react-native-community_blur:preBuild' as it has no actions.
Resolve mutations for :react-native-community_geolocation:generateCodegenSchemaFromJavaScript (Thread[Execution worker Thread 4,5,main]) started.
:react-native-community_geolocation:generateCodegenSchemaFromJavaScript (Thread[Execution worker Thread 4,5,main]) started.

> Task :react-native-community_geolocation:generateCodegenSchemaFromJavaScript UP-TO-DATE
Caching disabled for task ':react-native-community_geolocation:generateCodegenSchemaFromJavaScript' because:
  Build cache is disabled
  Caching has not been enabled for the task
Skipping task ':react-native-community_geolocation:generateCodegenSchemaFromJavaScript' as it is up-to-date.
Resolve mutations for :react-native-community_geolocation:generateCodegenArtifactsFromSchema (Thread[Execution worker Thread 4,5,main]) started.
:react-native-community_geolocation:generateCodegenArtifactsFromSchema (Thread[Execution worker Thread 4,5,main]) started.

> Task :react-native-community_geolocation:generateCodegenArtifactsFromSchema UP-TO-DATE
Caching disabled for task ':react-native-community_geolocation:generateCodegenArtifactsFromSchema' because:
  Build cache is disabled
  Caching has not been enabled for the task
Skipping task ':react-native-community_geolocation:generateCodegenArtifactsFromSchema' as it is up-to-date.
Resolve mutations for :react-native-community_geolocation:preBuild (Thread[Execution worker Thread 4,5,main]) started.
:react-native-community_geolocation:preBuild (Thread[Execution worker Thread 4,5,main]) started.

> Task :react-native-community_geolocation:preBuild UP-TO-DATE
Skipping task ':react-native-community_geolocation:preBuild' as it has no actions.
Resolve mutations for :react-native-device-info:preBuild (Thread[Execution worker Thread 4,5,main]) started.
:react-native-device-info:preBuild (Thread[Execution worker Thread 4,5,main]) started.

> Task :react-native-device-info:preBuild UP-TO-DATE
Skipping task ':react-native-device-info:preBuild' as it has no actions.
Resolve mutations for :react-native-fast-image:preBuild (Thread[Execution worker Thread 4,5,main]) started.
:react-native-fast-image:preBuild (Thread[Execution worker Thread 4,5,main]) started.

> Task :react-native-fast-image:preBuild UP-TO-DATE
Skipping task ':react-native-fast-image:preBuild' as it has no actions.
Resolve mutations for :react-native-linear-gradient:preBuild (Thread[Execution worker Thread 4,5,main]) started.
:react-native-linear-gradient:preBuild (Thread[Execution worker Thread 4,5,main]) started.

> Task :react-native-linear-gradient:preBuild UP-TO-DATE
Skipping task ':react-native-linear-gradient:preBuild' as it has no actions.
Resolve mutations for :react-native-maps:generateCodegenSchemaFromJavaScript (Thread[Execution worker Thread 4,5,main]) started.
:react-native-maps:generateCodegenSchemaFromJavaScript (Thread[Execution worker Thread 4,5,main]) started.

> Task :react-native-maps:generateCodegenSchemaFromJavaScript SKIPPED
Skipping task ':react-native-maps:generateCodegenSchemaFromJavaScript' as task onlyIf 'Task satisfies onlyIf spec' is false.
Resolve mutations for :react-native-maps:generateCodegenArtifactsFromSchema (Thread[Execution worker Thread 4,5,main]) started.
:react-native-maps:generateCodegenArtifactsFromSchema (Thread[Execution worker Thread 4,5,main]) started.

> Task :react-native-maps:generateCodegenArtifactsFromSchema SKIPPED
Skipping task ':react-native-maps:generateCodegenArtifactsFromSchema' as task onlyIf 'Task satisfies onlyIf spec' is false.
Resolve mutations for :react-native-maps:preBuild (Thread[Execution worker Thread 4,5,main]) started.
:react-native-maps:preBuild (Thread[Execution worker Thread 4,5,main]) started.

> Task :react-native-maps:preBuild UP-TO-DATE
Skipping task ':react-native-maps:preBuild' as it has no actions.
Resolve mutations for :react-native-onesignal:preBuild (Thread[Execution worker Thread 4,5,main]) started.
:react-native-onesignal:preBuild (Thread[Execution worker Thread 4,5,main]) started.

> Task :react-native-onesignal:preBuild UP-TO-DATE
Skipping task ':react-native-onesignal:preBuild' as it has no actions.
Resolve mutations for :react-native-otp-verify:preBuild (Thread[Execution worker Thread 4,5,main]) started.
:react-native-otp-verify:preBuild (Thread[Execution worker Thread 4,5,main]) started.

> Task :react-native-otp-verify:preBuild UP-TO-DATE
Skipping task ':react-native-otp-verify:preBuild' as it has no actions.
Resolve mutations for :react-native-permissions:generateCodegenSchemaFromJavaScript (Thread[Execution worker Thread 4,5,main]) started.
:react-native-permissions:generateCodegenSchemaFromJavaScript (Thread[Execution worker Thread 4,5,main]) started.

> Task :react-native-permissions:generateCodegenSchemaFromJavaScript UP-TO-DATE
Caching disabled for task ':react-native-permissions:generateCodegenSchemaFromJavaScript' because:
  Build cache is disabled
  Caching has not been enabled for the task
Skipping task ':react-native-permissions:generateCodegenSchemaFromJavaScript' as it is up-to-date.
Resolve mutations for :react-native-permissions:generateCodegenArtifactsFromSchema (Thread[Execution worker Thread 4,5,main]) started.
:react-native-permissions:generateCodegenArtifactsFromSchema (Thread[Execution worker Thread 4,5,main]) started.

> Task :react-native-permissions:generateCodegenArtifactsFromSchema UP-TO-DATE
Caching disabled for task ':react-native-permissions:generateCodegenArtifactsFromSchema' because:
  Build cache is disabled
  Caching has not been enabled for the task
Skipping task ':react-native-permissions:generateCodegenArtifactsFromSchema' as it is up-to-date.
Resolve mutations for :react-native-permissions:preBuild (Thread[Execution worker Thread 4,5,main]) started.
:react-native-permissions:preBuild (Thread[Execution worker Thread 4,5,main]) started.

> Task :react-native-permissions:preBuild UP-TO-DATE
Skipping task ':react-native-permissions:preBuild' as it has no actions.
Resolve mutations for :react-native-razorpay:preBuild (Thread[Execution worker Thread 4,5,main]) started.
:react-native-razorpay:preBuild (Thread[Execution worker Thread 4,5,main]) started.

> Task :react-native-razorpay:preBuild UP-TO-DATE
Skipping task ':react-native-razorpay:preBuild' as it has no actions.
Resolve mutations for :react-native-safe-area-context:generateCodegenSchemaFromJavaScript (Thread[Execution worker Thread 4,5,main]) started.
:react-native-safe-area-context:generateCodegenSchemaFromJavaScript (Thread[Execution worker Thread 4,5,main]) started.

> Task :react-native-safe-area-context:generateCodegenSchemaFromJavaScript UP-TO-DATE
Caching disabled for task ':react-native-safe-area-context:generateCodegenSchemaFromJavaScript' because:
  Build cache is disabled
  Caching has not been enabled for the task
Skipping task ':react-native-safe-area-context:generateCodegenSchemaFromJavaScript' as it is up-to-date.
Resolve mutations for :react-native-safe-area-context:generateCodegenArtifactsFromSchema (Thread[Execution worker Thread 4,5,main]) started.
:react-native-safe-area-context:generateCodegenArtifactsFromSchema (Thread[Execution worker Thread 4,5,main]) started.

> Task :react-native-safe-area-context:generateCodegenArtifactsFromSchema UP-TO-DATE
Caching disabled for task ':react-native-safe-area-context:generateCodegenArtifactsFromSchema' because:
  Build cache is disabled
  Caching has not been enabled for the task
Skipping task ':react-native-safe-area-context:generateCodegenArtifactsFromSchema' as it is up-to-date.
Resolve mutations for :react-native-safe-area-context:preBuild (Thread[Execution worker Thread 4,5,main]) started.
:react-native-safe-area-context:preBuild (Thread[Execution worker Thread 4,5,main]) started.

> Task :react-native-safe-area-context:preBuild UP-TO-DATE
Skipping task ':react-native-safe-area-context:preBuild' as it has no actions.
Resolve mutations for :react-native-screens:generateCodegenSchemaFromJavaScript (Thread[Execution worker Thread 4,5,main]) started.
:react-native-screens:generateCodegenSchemaFromJavaScript (Thread[Execution worker Thread 4,5,main]) started.

> Task :react-native-screens:generateCodegenSchemaFromJavaScript UP-TO-DATE
Caching disabled for task ':react-native-screens:generateCodegenSchemaFromJavaScript' because:
  Build cache is disabled
  Caching has not been enabled for the task
Skipping task ':react-native-screens:generateCodegenSchemaFromJavaScript' as it is up-to-date.
Resolve mutations for :react-native-screens:generateCodegenArtifactsFromSchema (Thread[Execution worker Thread 4,5,main]) started.
:react-native-screens:generateCodegenArtifactsFromSchema (Thread[Execution worker Thread 4,5,main]) started.

> Task :react-native-screens:generateCodegenArtifactsFromSchema UP-TO-DATE
Caching disabled for task ':react-native-screens:generateCodegenArtifactsFromSchema' because:
  Build cache is disabled
  Caching has not been enabled for the task
Skipping task ':react-native-screens:generateCodegenArtifactsFromSchema' as it is up-to-date.
Resolve mutations for :react-native-screens:preBuild (Thread[Execution worker Thread 4,5,main]) started.
:react-native-screens:preBuild (Thread[Execution worker Thread 4,5,main]) started.

> Task :react-native-screens:preBuild UP-TO-DATE
Skipping task ':react-native-screens:preBuild' as it has no actions.
Resolve mutations for :react-native-svg:generateCodegenSchemaFromJavaScript (Thread[Execution worker Thread 4,5,main]) started.
:react-native-svg:generateCodegenSchemaFromJavaScript (Thread[Execution worker Thread 4,5,main]) started.

> Task :react-native-svg:generateCodegenSchemaFromJavaScript UP-TO-DATE
Caching disabled for task ':react-native-svg:generateCodegenSchemaFromJavaScript' because:
  Build cache is disabled
  Caching has not been enabled for the task
Skipping task ':react-native-svg:generateCodegenSchemaFromJavaScript' as it is up-to-date.
Resolve mutations for :react-native-svg:generateCodegenArtifactsFromSchema (Thread[Execution worker Thread 4,5,main]) started.
:react-native-svg:generateCodegenArtifactsFromSchema (Thread[Execution worker Thread 4,5,main]) started.

> Task :react-native-svg:generateCodegenArtifactsFromSchema UP-TO-DATE
Caching disabled for task ':react-native-svg:generateCodegenArtifactsFromSchema' because:
  Build cache is disabled
  Caching has not been enabled for the task
Skipping task ':react-native-svg:generateCodegenArtifactsFromSchema' as it is up-to-date.
Resolve mutations for :react-native-svg:preBuild (Thread[Execution worker Thread 4,5,main]) started.
:react-native-svg:preBuild (Thread[Execution worker Thread 4,5,main]) started.

> Task :react-native-svg:preBuild UP-TO-DATE
Skipping task ':react-native-svg:preBuild' as it has no actions.
Resolve mutations for :react-native-vector-icons:generateCodegenSchemaFromJavaScript (Thread[Execution worker Thread 4,5,main]) started.
:react-native-vector-icons:generateCodegenSchemaFromJavaScript (Thread[Execution worker Thread 4,5,main]) started.

> Task :react-native-vector-icons:generateCodegenSchemaFromJavaScript UP-TO-DATE
Caching disabled for task ':react-native-vector-icons:generateCodegenSchemaFromJavaScript' because:
  Build cache is disabled
  Caching has not been enabled for the task
Skipping task ':react-native-vector-icons:generateCodegenSchemaFromJavaScript' as it is up-to-date.
Resolve mutations for :react-native-vector-icons:generateCodegenArtifactsFromSchema (Thread[Execution worker Thread 4,5,main]) started.
:react-native-vector-icons:generateCodegenArtifactsFromSchema (Thread[Execution worker Thread 4,5,main]) started.

> Task :react-native-vector-icons:generateCodegenArtifactsFromSchema UP-TO-DATE
Caching disabled for task ':react-native-vector-icons:generateCodegenArtifactsFromSchema' because:
  Build cache is disabled
  Caching has not been enabled for the task
Skipping task ':react-native-vector-icons:generateCodegenArtifactsFromSchema' as it is up-to-date.
Resolve mutations for :react-native-vector-icons:preBuild (Thread[Execution worker Thread 4,5,main]) started.
:react-native-vector-icons:preBuild (Thread[Execution worker Thread 4,5,main]) started.

> Task :react-native-vector-icons:preBuild UP-TO-DATE
Skipping task ':react-native-vector-icons:preBuild' as it has no actions.
Resolve mutations for :app:preBuild (Thread[Execution worker Thread 4,5,main]) started.
:app:preBuild (Thread[Execution worker Thread 4,5,main]) started.

> Task :app:preBuild UP-TO-DATE
Skipping task ':app:preBuild' as it has no actions.
Resolve mutations for :app:preReleaseBuild (Thread[Execution worker Thread 4,5,main]) started.
:app:preReleaseBuild (Thread[Execution worker Thread 4,5,main]) started.

> Task :app:preReleaseBuild UP-TO-DATE
Skipping task ':app:preReleaseBuild' as it has no actions.
Resolve mutations for :app:configureCMakeRelWithDebInfo[arm64-v8a] (Thread[Execution worker Thread 4,5,main]) started.
:app:configureCMakeRelWithDebInfo[arm64-v8a] (Thread[Execution worker Thread 4,5,main]) started.

> Task :app:configureCMakeRelWithDebInfo[arm64-v8a]
Caching disabled for task ':app:configureCMakeRelWithDebInfo[arm64-v8a]' because:
  Build cache is disabled
  Caching has been disabled for the task
Task ':app:configureCMakeRelWithDebInfo[arm64-v8a]' is not up-to-date because:
  Task.upToDateWhen is false.
Starting process 'command '/opt/homebrew/share/android-commandlinetools/cmake/4.1.2/bin/cmake''. Working directory: /Users/oem/Projects/KapraDaily/android Command: /opt/homebrew/share/android-commandlinetools/cmake/4.1.2/bin/cmake --version
Successfully started process 'command '/opt/homebrew/share/android-commandlinetools/cmake/4.1.2/bin/cmake''
C/C++: /Users/oem/Projects/KapraDaily/node_modules/react-native/ReactAndroid/cmake-utils/default-app-setup/CMakeLists.txt release|arm64-v8a : Start JSON generation. Platform version: 24 min SDK version: arm64-v8a
C/C++: /Users/oem/Projects/KapraDaily/node_modules/react-native/ReactAndroid/cmake-utils/default-app-setup/CMakeLists.txt release|arm64-v8a : JSON '/Users/oem/Projects/KapraDaily/android/app/.cxx/RelWithDebInfo/6d565310/arm64-v8a/android_gradle_build.json' was up-to-date
C/C++: /Users/oem/Projects/KapraDaily/node_modules/react-native/ReactAndroid/cmake-utils/default-app-setup/CMakeLists.txt release|arm64-v8a : JSON generation completed without problems
C/C++: /Users/oem/Projects/KapraDaily/node_modules/react-native/ReactAndroid/cmake-utils/default-app-setup/CMakeLists.txt release|arm64-v8a : Writing build model to /Users/oem/Projects/KapraDaily/android/app/build/intermediates/cxx/RelWithDebInfo/6d565310/logs/arm64-v8a/build_model.json
Resolve mutations for :app:buildCMakeRelWithDebInfo[arm64-v8a] (Thread[Execution worker Thread 4,5,main]) started.
:app:buildCMakeRelWithDebInfo[arm64-v8a] (Thread[Execution worker Thread 4,5,main]) started.

> Task :app:buildCMakeRelWithDebInfo[arm64-v8a]
Caching disabled for task ':app:buildCMakeRelWithDebInfo[arm64-v8a]' because:
  Build cache is disabled
  Caching has been disabled for the task
Task ':app:buildCMakeRelWithDebInfo[arm64-v8a]' is not up-to-date because:
  Task.upToDateWhen is false.
C/C++: starting build
C/C++: reading expected JSONs
C/C++: done reading expected JSONs
C/C++: executing build commands for targets that produce .so files or executables
C/C++: evaluate miniconfig
C/C++: evaluate library react_codegen_RNVectorIconsSpec (arm64-v8a)
C/C++: not building target react_codegen_RNVectorIconsSpec because no targets are specified and library build output file is null
C/C++: evaluate library react_codegen_safeareacontext (arm64-v8a)
C/C++: building target library react_codegen_safeareacontext because no targets are specified.
C/C++: evaluate library react_codegen_rnblurview (arm64-v8a)
C/C++: not building target react_codegen_rnblurview because no targets are specified and library build output file is null
C/C++: evaluate library react_codegen_RNPermissionsSpec (arm64-v8a)
C/C++: not building target react_codegen_RNPermissionsSpec because no targets are specified and library build output file is null
C/C++: evaluate library react_codegen_rnscreens (arm64-v8a)
C/C++: building target library react_codegen_rnscreens because no targets are specified.
C/C++: evaluate library appmodules (arm64-v8a)
C/C++: building target library appmodules because no targets are specified.
C/C++: evaluate library react_codegen_lottiereactnative (arm64-v8a)
C/C++: not building target react_codegen_lottiereactnative because no targets are specified and library build output file is null
C/C++: evaluate library react_codegen_rnsvg (arm64-v8a)
C/C++: building target library react_codegen_rnsvg because no targets are specified.
C/C++: evaluate library react_codegen_RNMapsSpecs (arm64-v8a)
C/C++: not building target react_codegen_RNMapsSpecs because no targets are specified and library build output file is null
C/C++: evaluate library react_codegen_rnasyncstorage (arm64-v8a)
C/C++: not building target react_codegen_rnasyncstorage because no targets are specified and library build output file is null
C/C++: evaluate library react_codegen_RNCGeolocationSpec (arm64-v8a)
C/C++: not building target react_codegen_RNCGeolocationSpec because no targets are specified and library build output file is null
C/C++: about to build targets appmodules, react_codegen_rnscreens, react_codegen_rnsvg, react_codegen_safeareacontext
C/C++: Build multiple targets react_codegen_safeareacontext_arm64-v8a react_codegen_rnscreens_arm64-v8a appmodules_arm64-v8a react_codegen_rnsvg_arm64-v8a
C/C++: /opt/homebrew/share/android-commandlinetools/cmake/4.1.2/bin/ninja \
  -C \
  /Users/oem/Projects/KapraDaily/android/app/.cxx/RelWithDebInfo/6d565310/arm64-v8a \
  appmodules \
  react_codegen_rnscreens \
  react_codegen_rnsvg \
  react_codegen_safeareacontext

Starting process 'command '/opt/homebrew/share/android-commandlinetools/cmake/4.1.2/bin/ninja''. Working directory: /Users/oem/Projects/KapraDaily/android/app Command: /opt/homebrew/share/android-commandlinetools/cmake/4.1.2/bin/ninja -C /Users/oem/Projects/KapraDaily/android/app/.cxx/RelWithDebInfo/6d565310/arm64-v8a appmodules react_codegen_rnscreens react_codegen_rnsvg react_codegen_safeareacontext
Successfully started process 'command '/opt/homebrew/share/android-commandlinetools/cmake/4.1.2/bin/ninja''
C/C++: Received process result: 0
C/C++: check expected build outputs
C/C++: build complete
Resolve mutations for :app:configureCMakeRelWithDebInfo[armeabi-v7a] (Thread[Execution worker Thread 2,5,main]) started.
:app:configureCMakeRelWithDebInfo[armeabi-v7a] (Thread[Execution worker Thread 2,5,main]) started.

> Task :app:configureCMakeRelWithDebInfo[armeabi-v7a]
Caching disabled for task ':app:configureCMakeRelWithDebInfo[armeabi-v7a]' because:
  Build cache is disabled
  Caching has been disabled for the task
Task ':app:configureCMakeRelWithDebInfo[armeabi-v7a]' is not up-to-date because:
  Task.upToDateWhen is false.
C/C++: /Users/oem/Projects/KapraDaily/node_modules/react-native/ReactAndroid/cmake-utils/default-app-setup/CMakeLists.txt release|armeabi-v7a : Start JSON generation. Platform version: 24 min SDK version: armeabi-v7a
C/C++: /Users/oem/Projects/KapraDaily/node_modules/react-native/ReactAndroid/cmake-utils/default-app-setup/CMakeLists.txt release|armeabi-v7a : JSON '/Users/oem/Projects/KapraDaily/android/app/.cxx/RelWithDebInfo/6d565310/armeabi-v7a/android_gradle_build.json' was up-to-date
C/C++: /Users/oem/Projects/KapraDaily/node_modules/react-native/ReactAndroid/cmake-utils/default-app-setup/CMakeLists.txt release|armeabi-v7a : JSON generation completed without problems
C/C++: /Users/oem/Projects/KapraDaily/node_modules/react-native/ReactAndroid/cmake-utils/default-app-setup/CMakeLists.txt release|armeabi-v7a : Writing build model to /Users/oem/Projects/KapraDaily/android/app/build/intermediates/cxx/RelWithDebInfo/6d565310/logs/armeabi-v7a/build_model.json
Resolve mutations for :app:buildCMakeRelWithDebInfo[armeabi-v7a] (Thread[Execution worker Thread 2,5,main]) started.
:app:buildCMakeRelWithDebInfo[armeabi-v7a] (Thread[Execution worker Thread 2,5,main]) started.

> Task :app:buildCMakeRelWithDebInfo[armeabi-v7a]
Caching disabled for task ':app:buildCMakeRelWithDebInfo[armeabi-v7a]' because:
  Build cache is disabled
  Caching has been disabled for the task
Task ':app:buildCMakeRelWithDebInfo[armeabi-v7a]' is not up-to-date because:
  Task.upToDateWhen is false.
C/C++: starting build
C/C++: reading expected JSONs
C/C++: done reading expected JSONs
C/C++: executing build commands for targets that produce .so files or executables
C/C++: evaluate miniconfig
C/C++: evaluate library react_codegen_RNVectorIconsSpec (armeabi-v7a)
C/C++: not building target react_codegen_RNVectorIconsSpec because no targets are specified and library build output file is null
C/C++: evaluate library react_codegen_safeareacontext (armeabi-v7a)
C/C++: building target library react_codegen_safeareacontext because no targets are specified.
C/C++: evaluate library react_codegen_rnblurview (armeabi-v7a)
C/C++: not building target react_codegen_rnblurview because no targets are specified and library build output file is null
C/C++: evaluate library react_codegen_RNPermissionsSpec (armeabi-v7a)
C/C++: not building target react_codegen_RNPermissionsSpec because no targets are specified and library build output file is null
C/C++: evaluate library react_codegen_rnscreens (armeabi-v7a)
C/C++: building target library react_codegen_rnscreens because no targets are specified.
C/C++: evaluate library appmodules (armeabi-v7a)
C/C++: building target library appmodules because no targets are specified.
C/C++: evaluate library react_codegen_lottiereactnative (armeabi-v7a)
C/C++: not building target react_codegen_lottiereactnative because no targets are specified and library build output file is null
C/C++: evaluate library react_codegen_rnsvg (armeabi-v7a)
C/C++: building target library react_codegen_rnsvg because no targets are specified.
C/C++: evaluate library react_codegen_RNMapsSpecs (armeabi-v7a)
C/C++: not building target react_codegen_RNMapsSpecs because no targets are specified and library build output file is null
C/C++: evaluate library react_codegen_rnasyncstorage (armeabi-v7a)
C/C++: not building target react_codegen_rnasyncstorage because no targets are specified and library build output file is null
C/C++: evaluate library react_codegen_RNCGeolocationSpec (armeabi-v7a)
C/C++: not building target react_codegen_RNCGeolocationSpec because no targets are specified and library build output file is null
C/C++: about to build targets appmodules, react_codegen_rnscreens, react_codegen_rnsvg, react_codegen_safeareacontext
C/C++: Build multiple targets react_codegen_safeareacontext_armeabi-v7a react_codegen_rnscreens_armeabi-v7a appmodules_armeabi-v7a react_codegen_rnsvg_armeabi-v7a
C/C++: /opt/homebrew/share/android-commandlinetools/cmake/4.1.2/bin/ninja \
  -C \
  /Users/oem/Projects/KapraDaily/android/app/.cxx/RelWithDebInfo/6d565310/armeabi-v7a \
  appmodules \
  react_codegen_rnscreens \
  react_codegen_rnsvg \
  react_codegen_safeareacontext

Starting process 'command '/opt/homebrew/share/android-commandlinetools/cmake/4.1.2/bin/ninja''. Working directory: /Users/oem/Projects/KapraDaily/android/app Command: /opt/homebrew/share/android-commandlinetools/cmake/4.1.2/bin/ninja -C /Users/oem/Projects/KapraDaily/android/app/.cxx/RelWithDebInfo/6d565310/armeabi-v7a appmodules react_codegen_rnscreens react_codegen_rnsvg react_codegen_safeareacontext
Successfully started process 'command '/opt/homebrew/share/android-commandlinetools/cmake/4.1.2/bin/ninja''
C/C++: Received process result: 0
C/C++: check expected build outputs
C/C++: build complete
Resolve mutations for :app:mergeReleaseJniLibFolders (Thread[Execution worker Thread 4,5,main]) started.
:app:mergeReleaseJniLibFolders (Thread[Execution worker Thread 4,5,main]) started.

> Task :app:mergeReleaseJniLibFolders UP-TO-DATE
Caching disabled for task ':app:mergeReleaseJniLibFolders' because:
  Build cache is disabled
  Simple merging task
Skipping task ':app:mergeReleaseJniLibFolders' as it is up-to-date.
Resolve mutations for :lottie-react-native:preReleaseBuild (Thread[Execution worker Thread 4,5,main]) started.
:lottie-react-native:preReleaseBuild (Thread[Execution worker Thread 4,5,main]) started.

> Task :lottie-react-native:preReleaseBuild UP-TO-DATE
Skipping task ':lottie-react-native:preReleaseBuild' as it has no actions.
Resolve mutations for :lottie-react-native:mergeReleaseJniLibFolders (Thread[Execution worker Thread 4,5,main]) started.
:lottie-react-native:mergeReleaseJniLibFolders (Thread[Execution worker Thread 4,5,main]) started.

> Task :lottie-react-native:mergeReleaseJniLibFolders UP-TO-DATE
Caching disabled for task ':lottie-react-native:mergeReleaseJniLibFolders' because:
  Build cache is disabled
  Simple merging task
Skipping task ':lottie-react-native:mergeReleaseJniLibFolders' as it is up-to-date.
Resolve mutations for :lottie-react-native:mergeReleaseNativeLibs (Thread[Execution worker Thread 4,5,main]) started.
:lottie-react-native:mergeReleaseNativeLibs (Thread[Execution worker Thread 4,5,main]) started.

> Task :lottie-react-native:mergeReleaseNativeLibs NO-SOURCE
Skipping task ':lottie-react-native:mergeReleaseNativeLibs' as it has no source files and no previous output files.
Resolve mutations for :lottie-react-native:copyReleaseJniLibsProjectOnly (Thread[Execution worker Thread 4,5,main]) started.
:lottie-react-native:copyReleaseJniLibsProjectOnly (Thread[Execution worker Thread 4,5,main]) started.

> Task :lottie-react-native:copyReleaseJniLibsProjectOnly UP-TO-DATE
Caching disabled for task ':lottie-react-native:copyReleaseJniLibsProjectOnly' because:
  Build cache is disabled
  Caching has been disabled for the task
Skipping task ':lottie-react-native:copyReleaseJniLibsProjectOnly' as it is up-to-date.
work action resolve jni (project :lottie-react-native) (Thread[Execution worker Thread 4,5,main]) started.
Resolve mutations for :react-native-async-storage_async-storage:preReleaseBuild (Thread[Execution worker Thread 4,5,main]) started.
:react-native-async-storage_async-storage:preReleaseBuild (Thread[Execution worker Thread 4,5,main]) started.

> Task :react-native-async-storage_async-storage:preReleaseBuild UP-TO-DATE
Skipping task ':react-native-async-storage_async-storage:preReleaseBuild' as it has no actions.
Resolve mutations for :react-native-async-storage_async-storage:mergeReleaseJniLibFolders (Thread[Execution worker Thread 4,5,main]) started.
:react-native-async-storage_async-storage:mergeReleaseJniLibFolders (Thread[Execution worker Thread 4,5,main]) started.

> Task :react-native-async-storage_async-storage:mergeReleaseJniLibFolders UP-TO-DATE
Caching disabled for task ':react-native-async-storage_async-storage:mergeReleaseJniLibFolders' because:
  Build cache is disabled
  Simple merging task
Skipping task ':react-native-async-storage_async-storage:mergeReleaseJniLibFolders' as it is up-to-date.
Resolve mutations for :react-native-async-storage_async-storage:mergeReleaseNativeLibs (Thread[Execution worker Thread 4,5,main]) started.
:react-native-async-storage_async-storage:mergeReleaseNativeLibs (Thread[Execution worker Thread 4,5,main]) started.

> Task :react-native-async-storage_async-storage:mergeReleaseNativeLibs NO-SOURCE
Skipping task ':react-native-async-storage_async-storage:mergeReleaseNativeLibs' as it has no source files and no previous output files.
Resolve mutations for :react-native-async-storage_async-storage:copyReleaseJniLibsProjectOnly (Thread[Execution worker Thread 4,5,main]) started.
:react-native-async-storage_async-storage:copyReleaseJniLibsProjectOnly (Thread[Execution worker Thread 4,5,main]) started.

> Task :react-native-async-storage_async-storage:copyReleaseJniLibsProjectOnly UP-TO-DATE
Caching disabled for task ':react-native-async-storage_async-storage:copyReleaseJniLibsProjectOnly' because:
  Build cache is disabled
  Caching has been disabled for the task
Skipping task ':react-native-async-storage_async-storage:copyReleaseJniLibsProjectOnly' as it is up-to-date.
work action resolve jni (project :react-native-async-storage_async-storage) (Thread[Execution worker Thread 4,5,main]) started.
Resolve mutations for :react-native-community_blur:preReleaseBuild (Thread[Execution worker Thread 4,5,main]) started.
:react-native-community_blur:preReleaseBuild (Thread[Execution worker Thread 4,5,main]) started.

> Task :react-native-community_blur:preReleaseBuild UP-TO-DATE
Skipping task ':react-native-community_blur:preReleaseBuild' as it has no actions.
Resolve mutations for :react-native-community_blur:mergeReleaseJniLibFolders (Thread[Execution worker Thread 4,5,main]) started.
:react-native-community_blur:mergeReleaseJniLibFolders (Thread[Execution worker Thread 4,5,main]) started.

> Task :react-native-community_blur:mergeReleaseJniLibFolders UP-TO-DATE
Caching disabled for task ':react-native-community_blur:mergeReleaseJniLibFolders' because:
  Build cache is disabled
  Simple merging task
Skipping task ':react-native-community_blur:mergeReleaseJniLibFolders' as it is up-to-date.
Resolve mutations for :react-native-community_blur:mergeReleaseNativeLibs (Thread[Execution worker Thread 4,5,main]) started.
:react-native-community_blur:mergeReleaseNativeLibs (Thread[Execution worker Thread 4,5,main]) started.

> Task :react-native-community_blur:mergeReleaseNativeLibs NO-SOURCE
Skipping task ':react-native-community_blur:mergeReleaseNativeLibs' as it has no source files and no previous output files.
Resolve mutations for :react-native-community_blur:copyReleaseJniLibsProjectOnly (Thread[Execution worker Thread 4,5,main]) started.
:react-native-community_blur:copyReleaseJniLibsProjectOnly (Thread[Execution worker Thread 4,5,main]) started.

> Task :react-native-community_blur:copyReleaseJniLibsProjectOnly UP-TO-DATE
Caching disabled for task ':react-native-community_blur:copyReleaseJniLibsProjectOnly' because:
  Build cache is disabled
  Caching has been disabled for the task
Skipping task ':react-native-community_blur:copyReleaseJniLibsProjectOnly' as it is up-to-date.
work action resolve jni (project :react-native-community_blur) (Thread[Execution worker Thread 4,5,main]) started.
Resolve mutations for :react-native-community_geolocation:preReleaseBuild (Thread[Execution worker Thread 4,5,main]) started.
:react-native-community_geolocation:preReleaseBuild (Thread[Execution worker Thread 4,5,main]) started.

> Task :react-native-community_geolocation:preReleaseBuild UP-TO-DATE
Skipping task ':react-native-community_geolocation:preReleaseBuild' as it has no actions.
Resolve mutations for :react-native-community_geolocation:mergeReleaseJniLibFolders (Thread[Execution worker Thread 4,5,main]) started.
:react-native-community_geolocation:mergeReleaseJniLibFolders (Thread[Execution worker Thread 4,5,main]) started.

> Task :react-native-community_geolocation:mergeReleaseJniLibFolders UP-TO-DATE
Caching disabled for task ':react-native-community_geolocation:mergeReleaseJniLibFolders' because:
  Build cache is disabled
  Simple merging task
Skipping task ':react-native-community_geolocation:mergeReleaseJniLibFolders' as it is up-to-date.
Resolve mutations for :react-native-community_geolocation:mergeReleaseNativeLibs (Thread[Execution worker Thread 4,5,main]) started.
:react-native-community_geolocation:mergeReleaseNativeLibs (Thread[Execution worker Thread 4,5,main]) started.

> Task :react-native-community_geolocation:mergeReleaseNativeLibs NO-SOURCE
Skipping task ':react-native-community_geolocation:mergeReleaseNativeLibs' as it has no source files and no previous output files.
Resolve mutations for :react-native-community_geolocation:copyReleaseJniLibsProjectOnly (Thread[Execution worker Thread 4,5,main]) started.
:react-native-community_geolocation:copyReleaseJniLibsProjectOnly (Thread[Execution worker Thread 4,5,main]) started.

> Task :react-native-community_geolocation:copyReleaseJniLibsProjectOnly UP-TO-DATE
Caching disabled for task ':react-native-community_geolocation:copyReleaseJniLibsProjectOnly' because:
  Build cache is disabled
  Caching has been disabled for the task
Skipping task ':react-native-community_geolocation:copyReleaseJniLibsProjectOnly' as it is up-to-date.
work action resolve jni (project :react-native-community_geolocation) (Thread[Execution worker Thread 4,5,main]) started.
Resolve mutations for :react-native-device-info:preReleaseBuild (Thread[Execution worker Thread 4,5,main]) started.
:react-native-device-info:preReleaseBuild (Thread[Execution worker Thread 4,5,main]) started.

> Task :react-native-device-info:preReleaseBuild UP-TO-DATE
Skipping task ':react-native-device-info:preReleaseBuild' as it has no actions.
Resolve mutations for :react-native-device-info:mergeReleaseJniLibFolders (Thread[Execution worker Thread 4,5,main]) started.
:react-native-device-info:mergeReleaseJniLibFolders (Thread[Execution worker Thread 4,5,main]) started.

> Task :react-native-device-info:mergeReleaseJniLibFolders UP-TO-DATE
Caching disabled for task ':react-native-device-info:mergeReleaseJniLibFolders' because:
  Build cache is disabled
  Simple merging task
Skipping task ':react-native-device-info:mergeReleaseJniLibFolders' as it is up-to-date.
Resolve mutations for :react-native-device-info:mergeReleaseNativeLibs (Thread[Execution worker Thread 4,5,main]) started.
:react-native-device-info:mergeReleaseNativeLibs (Thread[Execution worker Thread 4,5,main]) started.

> Task :react-native-device-info:mergeReleaseNativeLibs NO-SOURCE
Skipping task ':react-native-device-info:mergeReleaseNativeLibs' as it has no source files and no previous output files.
Resolve mutations for :react-native-device-info:copyReleaseJniLibsProjectOnly (Thread[Execution worker Thread 4,5,main]) started.
:react-native-device-info:copyReleaseJniLibsProjectOnly (Thread[Execution worker Thread 4,5,main]) started.

> Task :react-native-device-info:copyReleaseJniLibsProjectOnly UP-TO-DATE
Caching disabled for task ':react-native-device-info:copyReleaseJniLibsProjectOnly' because:
  Build cache is disabled
  Caching has been disabled for the task
Skipping task ':react-native-device-info:copyReleaseJniLibsProjectOnly' as it is up-to-date.
work action resolve jni (project :react-native-device-info) (Thread[Execution worker Thread 4,5,main]) started.
Resolve mutations for :react-native-fast-image:preReleaseBuild (Thread[Execution worker Thread 4,5,main]) started.
:react-native-fast-image:preReleaseBuild (Thread[Execution worker Thread 4,5,main]) started.

> Task :react-native-fast-image:preReleaseBuild UP-TO-DATE
Skipping task ':react-native-fast-image:preReleaseBuild' as it has no actions.
Resolve mutations for :react-native-fast-image:mergeReleaseJniLibFolders (Thread[Execution worker Thread 4,5,main]) started.
:react-native-fast-image:mergeReleaseJniLibFolders (Thread[Execution worker Thread 4,5,main]) started.

> Task :react-native-fast-image:mergeReleaseJniLibFolders UP-TO-DATE
Caching disabled for task ':react-native-fast-image:mergeReleaseJniLibFolders' because:
  Build cache is disabled
  Simple merging task
Skipping task ':react-native-fast-image:mergeReleaseJniLibFolders' as it is up-to-date.
Resolve mutations for :react-native-fast-image:mergeReleaseNativeLibs (Thread[Execution worker Thread 4,5,main]) started.
:react-native-fast-image:mergeReleaseNativeLibs (Thread[Execution worker Thread 4,5,main]) started.

> Task :react-native-fast-image:mergeReleaseNativeLibs NO-SOURCE
Skipping task ':react-native-fast-image:mergeReleaseNativeLibs' as it has no source files and no previous output files.
Resolve mutations for :react-native-fast-image:copyReleaseJniLibsProjectOnly (Thread[Execution worker Thread 4,5,main]) started.
:react-native-fast-image:copyReleaseJniLibsProjectOnly (Thread[Execution worker Thread 4,5,main]) started.

> Task :react-native-fast-image:copyReleaseJniLibsProjectOnly UP-TO-DATE
Caching disabled for task ':react-native-fast-image:copyReleaseJniLibsProjectOnly' because:
  Build cache is disabled
  Caching has been disabled for the task
Skipping task ':react-native-fast-image:copyReleaseJniLibsProjectOnly' as it is up-to-date.
work action resolve jni (project :react-native-fast-image) (Thread[Execution worker Thread 6,5,main]) started.
Resolve mutations for :react-native-linear-gradient:preReleaseBuild (Thread[Execution worker Thread 6,5,main]) started.
:react-native-linear-gradient:preReleaseBuild (Thread[Execution worker Thread 6,5,main]) started.

> Task :react-native-linear-gradient:preReleaseBuild UP-TO-DATE
Skipping task ':react-native-linear-gradient:preReleaseBuild' as it has no actions.
Resolve mutations for :react-native-linear-gradient:mergeReleaseJniLibFolders (Thread[Execution worker Thread 6,5,main]) started.
:react-native-linear-gradient:mergeReleaseJniLibFolders (Thread[Execution worker Thread 6,5,main]) started.

> Task :react-native-linear-gradient:mergeReleaseJniLibFolders UP-TO-DATE
Caching disabled for task ':react-native-linear-gradient:mergeReleaseJniLibFolders' because:
  Build cache is disabled
  Simple merging task
Skipping task ':react-native-linear-gradient:mergeReleaseJniLibFolders' as it is up-to-date.
Resolve mutations for :react-native-linear-gradient:mergeReleaseNativeLibs (Thread[Execution worker Thread 6,5,main]) started.
:react-native-linear-gradient:mergeReleaseNativeLibs (Thread[Execution worker Thread 6,5,main]) started.

> Task :react-native-linear-gradient:mergeReleaseNativeLibs NO-SOURCE
Skipping task ':react-native-linear-gradient:mergeReleaseNativeLibs' as it has no source files and no previous output files.
Resolve mutations for :react-native-linear-gradient:copyReleaseJniLibsProjectOnly (Thread[Execution worker Thread 6,5,main]) started.
:react-native-linear-gradient:copyReleaseJniLibsProjectOnly (Thread[Execution worker Thread 6,5,main]) started.

> Task :react-native-linear-gradient:copyReleaseJniLibsProjectOnly UP-TO-DATE
Caching disabled for task ':react-native-linear-gradient:copyReleaseJniLibsProjectOnly' because:
  Build cache is disabled
  Caching has been disabled for the task
Skipping task ':react-native-linear-gradient:copyReleaseJniLibsProjectOnly' as it is up-to-date.
work action resolve jni (project :react-native-linear-gradient) (Thread[Execution worker Thread 6,5,main]) started.
Resolve mutations for :react-native-maps:preReleaseBuild (Thread[Execution worker Thread 6,5,main]) started.
:react-native-maps:preReleaseBuild (Thread[Execution worker Thread 6,5,main]) started.

> Task :react-native-maps:preReleaseBuild UP-TO-DATE
Skipping task ':react-native-maps:preReleaseBuild' as it has no actions.
Resolve mutations for :react-native-maps:mergeReleaseJniLibFolders (Thread[Execution worker Thread 6,5,main]) started.
:react-native-maps:mergeReleaseJniLibFolders (Thread[Execution worker Thread 6,5,main]) started.

> Task :react-native-maps:mergeReleaseJniLibFolders UP-TO-DATE
Caching disabled for task ':react-native-maps:mergeReleaseJniLibFolders' because:
  Build cache is disabled
  Simple merging task
Skipping task ':react-native-maps:mergeReleaseJniLibFolders' as it is up-to-date.
Resolve mutations for :react-native-maps:mergeReleaseNativeLibs (Thread[Execution worker Thread 6,5,main]) started.
:react-native-maps:mergeReleaseNativeLibs (Thread[Execution worker Thread 6,5,main]) started.

> Task :react-native-maps:mergeReleaseNativeLibs NO-SOURCE
Skipping task ':react-native-maps:mergeReleaseNativeLibs' as it has no source files and no previous output files.
Resolve mutations for :react-native-maps:copyReleaseJniLibsProjectOnly (Thread[Execution worker Thread 6,5,main]) started.
:react-native-maps:copyReleaseJniLibsProjectOnly (Thread[Execution worker Thread 6,5,main]) started.

> Task :react-native-maps:copyReleaseJniLibsProjectOnly UP-TO-DATE
Caching disabled for task ':react-native-maps:copyReleaseJniLibsProjectOnly' because:
  Build cache is disabled
  Caching has been disabled for the task
Skipping task ':react-native-maps:copyReleaseJniLibsProjectOnly' as it is up-to-date.
work action resolve jni (project :react-native-maps) (Thread[Execution worker Thread 6,5,main]) started.
Resolve mutations for :react-native-onesignal:preReleaseBuild (Thread[Execution worker Thread 6,5,main]) started.
:react-native-onesignal:preReleaseBuild (Thread[Execution worker Thread 6,5,main]) started.

> Task :react-native-onesignal:preReleaseBuild UP-TO-DATE
Skipping task ':react-native-onesignal:preReleaseBuild' as it has no actions.
Resolve mutations for :react-native-onesignal:mergeReleaseJniLibFolders (Thread[Execution worker Thread 6,5,main]) started.
:react-native-onesignal:mergeReleaseJniLibFolders (Thread[Execution worker Thread 6,5,main]) started.

> Task :react-native-onesignal:mergeReleaseJniLibFolders UP-TO-DATE
Caching disabled for task ':react-native-onesignal:mergeReleaseJniLibFolders' because:
  Build cache is disabled
  Simple merging task
Skipping task ':react-native-onesignal:mergeReleaseJniLibFolders' as it is up-to-date.
Resolve mutations for :react-native-onesignal:mergeReleaseNativeLibs (Thread[Execution worker Thread 6,5,main]) started.
:react-native-onesignal:mergeReleaseNativeLibs (Thread[Execution worker Thread 6,5,main]) started.

> Task :react-native-onesignal:mergeReleaseNativeLibs NO-SOURCE
Skipping task ':react-native-onesignal:mergeReleaseNativeLibs' as it has no source files and no previous output files.
Resolve mutations for :react-native-onesignal:copyReleaseJniLibsProjectOnly (Thread[Execution worker Thread 6,5,main]) started.
:react-native-onesignal:copyReleaseJniLibsProjectOnly (Thread[Execution worker Thread 6,5,main]) started.

> Task :react-native-onesignal:copyReleaseJniLibsProjectOnly UP-TO-DATE
Caching disabled for task ':react-native-onesignal:copyReleaseJniLibsProjectOnly' because:
  Build cache is disabled
  Caching has been disabled for the task
Skipping task ':react-native-onesignal:copyReleaseJniLibsProjectOnly' as it is up-to-date.
work action resolve jni (project :react-native-onesignal) (Thread[Execution worker Thread 6,5,main]) started.
Resolve mutations for :react-native-otp-verify:preReleaseBuild (Thread[Execution worker Thread 6,5,main]) started.
:react-native-otp-verify:preReleaseBuild (Thread[Execution worker Thread 6,5,main]) started.

> Task :react-native-otp-verify:preReleaseBuild UP-TO-DATE
Skipping task ':react-native-otp-verify:preReleaseBuild' as it has no actions.
Resolve mutations for :react-native-otp-verify:mergeReleaseJniLibFolders (Thread[Execution worker Thread 6,5,main]) started.
:react-native-otp-verify:mergeReleaseJniLibFolders (Thread[Execution worker Thread 6,5,main]) started.

> Task :react-native-otp-verify:mergeReleaseJniLibFolders UP-TO-DATE
Caching disabled for task ':react-native-otp-verify:mergeReleaseJniLibFolders' because:
  Build cache is disabled
  Simple merging task
Skipping task ':react-native-otp-verify:mergeReleaseJniLibFolders' as it is up-to-date.
Resolve mutations for :react-native-otp-verify:mergeReleaseNativeLibs (Thread[Execution worker Thread 6,5,main]) started.
:react-native-otp-verify:mergeReleaseNativeLibs (Thread[Execution worker Thread 6,5,main]) started.

> Task :react-native-otp-verify:mergeReleaseNativeLibs NO-SOURCE
Skipping task ':react-native-otp-verify:mergeReleaseNativeLibs' as it has no source files and no previous output files.
Resolve mutations for :react-native-otp-verify:copyReleaseJniLibsProjectOnly (Thread[Execution worker Thread 6,5,main]) started.
:react-native-otp-verify:copyReleaseJniLibsProjectOnly (Thread[Execution worker Thread 6,5,main]) started.

> Task :react-native-otp-verify:copyReleaseJniLibsProjectOnly UP-TO-DATE
Caching disabled for task ':react-native-otp-verify:copyReleaseJniLibsProjectOnly' because:
  Build cache is disabled
  Caching has been disabled for the task
Skipping task ':react-native-otp-verify:copyReleaseJniLibsProjectOnly' as it is up-to-date.
work action resolve jni (project :react-native-otp-verify) (Thread[Execution worker Thread 6,5,main]) started.
Resolve mutations for :react-native-permissions:preReleaseBuild (Thread[Execution worker Thread 3,5,main]) started.
:react-native-permissions:preReleaseBuild (Thread[Execution worker Thread 3,5,main]) started.

> Task :react-native-permissions:preReleaseBuild UP-TO-DATE
Skipping task ':react-native-permissions:preReleaseBuild' as it has no actions.
Resolve mutations for :react-native-permissions:mergeReleaseJniLibFolders (Thread[Execution worker Thread 3,5,main]) started.
:react-native-permissions:mergeReleaseJniLibFolders (Thread[Execution worker Thread 3,5,main]) started.

> Task :react-native-permissions:mergeReleaseJniLibFolders UP-TO-DATE
Caching disabled for task ':react-native-permissions:mergeReleaseJniLibFolders' because:
  Build cache is disabled
  Simple merging task
Skipping task ':react-native-permissions:mergeReleaseJniLibFolders' as it is up-to-date.
Resolve mutations for :react-native-permissions:mergeReleaseNativeLibs (Thread[Execution worker Thread 3,5,main]) started.
:react-native-permissions:mergeReleaseNativeLibs (Thread[Execution worker Thread 3,5,main]) started.

> Task :react-native-permissions:mergeReleaseNativeLibs NO-SOURCE
Skipping task ':react-native-permissions:mergeReleaseNativeLibs' as it has no source files and no previous output files.
Resolve mutations for :react-native-permissions:copyReleaseJniLibsProjectOnly (Thread[Execution worker Thread 3,5,main]) started.
:react-native-permissions:copyReleaseJniLibsProjectOnly (Thread[Execution worker Thread 3,5,main]) started.

> Task :react-native-permissions:copyReleaseJniLibsProjectOnly UP-TO-DATE
Caching disabled for task ':react-native-permissions:copyReleaseJniLibsProjectOnly' because:
  Build cache is disabled
  Caching has been disabled for the task
Skipping task ':react-native-permissions:copyReleaseJniLibsProjectOnly' as it is up-to-date.
work action resolve jni (project :react-native-permissions) (Thread[Execution worker Thread 3,5,main]) started.
Resolve mutations for :react-native-razorpay:preReleaseBuild (Thread[Execution worker Thread 3,5,main]) started.
:react-native-razorpay:preReleaseBuild (Thread[Execution worker Thread 3,5,main]) started.

> Task :react-native-razorpay:preReleaseBuild UP-TO-DATE
Skipping task ':react-native-razorpay:preReleaseBuild' as it has no actions.
Resolve mutations for :react-native-razorpay:mergeReleaseJniLibFolders (Thread[Execution worker Thread 3,5,main]) started.
:react-native-razorpay:mergeReleaseJniLibFolders (Thread[Execution worker Thread 3,5,main]) started.

> Task :react-native-razorpay:mergeReleaseJniLibFolders UP-TO-DATE
Caching disabled for task ':react-native-razorpay:mergeReleaseJniLibFolders' because:
  Build cache is disabled
  Simple merging task
Skipping task ':react-native-razorpay:mergeReleaseJniLibFolders' as it is up-to-date.
Resolve mutations for :react-native-razorpay:mergeReleaseNativeLibs (Thread[Execution worker Thread 3,5,main]) started.
:react-native-razorpay:mergeReleaseNativeLibs (Thread[Execution worker Thread 3,5,main]) started.

> Task :react-native-razorpay:mergeReleaseNativeLibs NO-SOURCE
Skipping task ':react-native-razorpay:mergeReleaseNativeLibs' as it has no source files and no previous output files.
Resolve mutations for :react-native-razorpay:copyReleaseJniLibsProjectOnly (Thread[Execution worker Thread 3,5,main]) started.
:react-native-razorpay:copyReleaseJniLibsProjectOnly (Thread[Execution worker Thread 3,5,main]) started.

> Task :react-native-razorpay:copyReleaseJniLibsProjectOnly UP-TO-DATE
Caching disabled for task ':react-native-razorpay:copyReleaseJniLibsProjectOnly' because:
  Build cache is disabled
  Caching has been disabled for the task
Skipping task ':react-native-razorpay:copyReleaseJniLibsProjectOnly' as it is up-to-date.
work action resolve jni (project :react-native-razorpay) (Thread[Execution worker Thread 3,5,main]) started.
Resolve mutations for :react-native-safe-area-context:preReleaseBuild (Thread[Execution worker Thread 3,5,main]) started.
:react-native-safe-area-context:preReleaseBuild (Thread[Execution worker Thread 3,5,main]) started.

> Task :react-native-safe-area-context:preReleaseBuild UP-TO-DATE
Skipping task ':react-native-safe-area-context:preReleaseBuild' as it has no actions.
Resolve mutations for :react-native-safe-area-context:mergeReleaseJniLibFolders (Thread[Execution worker Thread 3,5,main]) started.
:react-native-safe-area-context:mergeReleaseJniLibFolders (Thread[Execution worker Thread 3,5,main]) started.

> Task :react-native-safe-area-context:mergeReleaseJniLibFolders UP-TO-DATE
Caching disabled for task ':react-native-safe-area-context:mergeReleaseJniLibFolders' because:
  Build cache is disabled
  Simple merging task
Skipping task ':react-native-safe-area-context:mergeReleaseJniLibFolders' as it is up-to-date.
Resolve mutations for :react-native-safe-area-context:mergeReleaseNativeLibs (Thread[Execution worker Thread 3,5,main]) started.
:react-native-safe-area-context:mergeReleaseNativeLibs (Thread[Execution worker Thread 3,5,main]) started.

> Task :react-native-safe-area-context:mergeReleaseNativeLibs NO-SOURCE
Skipping task ':react-native-safe-area-context:mergeReleaseNativeLibs' as it has no source files and no previous output files.
Resolve mutations for :react-native-safe-area-context:copyReleaseJniLibsProjectOnly (Thread[Execution worker Thread 3,5,main]) started.
:react-native-safe-area-context:copyReleaseJniLibsProjectOnly (Thread[Execution worker Thread 3,5,main]) started.

> Task :react-native-safe-area-context:copyReleaseJniLibsProjectOnly UP-TO-DATE
Caching disabled for task ':react-native-safe-area-context:copyReleaseJniLibsProjectOnly' because:
  Build cache is disabled
  Caching has been disabled for the task
Skipping task ':react-native-safe-area-context:copyReleaseJniLibsProjectOnly' as it is up-to-date.
work action resolve jni (project :react-native-safe-area-context) (Thread[Execution worker Thread 3,5,main]) started.
Resolve mutations for :react-native-screens:preReleaseBuild (Thread[Execution worker Thread 3,5,main]) started.
:react-native-screens:preReleaseBuild (Thread[Execution worker Thread 3,5,main]) started.

> Task :react-native-screens:preReleaseBuild UP-TO-DATE
Skipping task ':react-native-screens:preReleaseBuild' as it has no actions.
Resolve mutations for :react-native-screens:configureCMakeRelWithDebInfo[arm64-v8a] (Thread[Execution worker Thread 3,5,main]) started.
:react-native-screens:configureCMakeRelWithDebInfo[arm64-v8a] (Thread[Execution worker Thread 3,5,main]) started.

> Task :react-native-screens:configureCMakeRelWithDebInfo[arm64-v8a]
Caching disabled for task ':react-native-screens:configureCMakeRelWithDebInfo[arm64-v8a]' because:
  Build cache is disabled
  Caching has been disabled for the task
Task ':react-native-screens:configureCMakeRelWithDebInfo[arm64-v8a]' is not up-to-date because:
  Task.upToDateWhen is false.
C/C++: /Users/oem/Projects/KapraDaily/node_modules/react-native-screens/android/CMakeLists.txt release|arm64-v8a : Start JSON generation. Platform version: 24 min SDK version: arm64-v8a
C/C++: /Users/oem/Projects/KapraDaily/node_modules/react-native-screens/android/CMakeLists.txt release|arm64-v8a : JSON '/Users/oem/Projects/KapraDaily/node_modules/react-native-screens/android/.cxx/RelWithDebInfo/3z3c6a4r/arm64-v8a/android_gradle_build.json' was up-to-date
C/C++: /Users/oem/Projects/KapraDaily/node_modules/react-native-screens/android/CMakeLists.txt release|arm64-v8a : JSON generation completed without problems
C/C++: /Users/oem/Projects/KapraDaily/node_modules/react-native-screens/android/CMakeLists.txt release|arm64-v8a : Writing build model to /Users/oem/Projects/KapraDaily/node_modules/react-native-screens/android/build/intermediates/cxx/RelWithDebInfo/3z3c6a4r/logs/arm64-v8a/build_model.json
Resolve mutations for :react-native-screens:buildCMakeRelWithDebInfo[arm64-v8a] (Thread[Execution worker Thread 3,5,main]) started.
:react-native-screens:buildCMakeRelWithDebInfo[arm64-v8a] (Thread[Execution worker Thread 3,5,main]) started.

> Task :react-native-screens:buildCMakeRelWithDebInfo[arm64-v8a]
Caching disabled for task ':react-native-screens:buildCMakeRelWithDebInfo[arm64-v8a]' because:
  Build cache is disabled
  Caching has been disabled for the task
Task ':react-native-screens:buildCMakeRelWithDebInfo[arm64-v8a]' is not up-to-date because:
  Task.upToDateWhen is false.
C/C++: starting build
C/C++: reading expected JSONs
C/C++: done reading expected JSONs
C/C++: executing build commands for targets that produce .so files or executables
C/C++: evaluate miniconfig
C/C++: evaluate library rnscreens (arm64-v8a)
C/C++: building target library rnscreens because no targets are specified.
C/C++: about to build targets rnscreens
C/C++: Build rnscreens
C/C++: /opt/homebrew/share/android-commandlinetools/cmake/4.1.2/bin/ninja \
  -C \
  /Users/oem/Projects/KapraDaily/node_modules/react-native-screens/android/.cxx/RelWithDebInfo/3z3c6a4r/arm64-v8a \
  rnscreens

Starting process 'command '/opt/homebrew/share/android-commandlinetools/cmake/4.1.2/bin/ninja''. Working directory: /Users/oem/Projects/KapraDaily/node_modules/react-native-screens/android Command: /opt/homebrew/share/android-commandlinetools/cmake/4.1.2/bin/ninja -C /Users/oem/Projects/KapraDaily/node_modules/react-native-screens/android/.cxx/RelWithDebInfo/3z3c6a4r/arm64-v8a rnscreens
Successfully started process 'command '/opt/homebrew/share/android-commandlinetools/cmake/4.1.2/bin/ninja''
C/C++: Received process result: 0
C/C++: check expected build outputs
C/C++: build complete
Resolve mutations for :react-native-screens:configureCMakeRelWithDebInfo[armeabi-v7a] (Thread[Execution worker Thread 3,5,main]) started.
:react-native-screens:configureCMakeRelWithDebInfo[armeabi-v7a] (Thread[Execution worker Thread 3,5,main]) started.

> Task :react-native-screens:configureCMakeRelWithDebInfo[armeabi-v7a]
Caching disabled for task ':react-native-screens:configureCMakeRelWithDebInfo[armeabi-v7a]' because:
  Build cache is disabled
  Caching has been disabled for the task
Task ':react-native-screens:configureCMakeRelWithDebInfo[armeabi-v7a]' is not up-to-date because:
  Task.upToDateWhen is false.
C/C++: /Users/oem/Projects/KapraDaily/node_modules/react-native-screens/android/CMakeLists.txt release|armeabi-v7a : Start JSON generation. Platform version: 24 min SDK version: armeabi-v7a
C/C++: /Users/oem/Projects/KapraDaily/node_modules/react-native-screens/android/CMakeLists.txt release|armeabi-v7a : JSON '/Users/oem/Projects/KapraDaily/node_modules/react-native-screens/android/.cxx/RelWithDebInfo/3z3c6a4r/armeabi-v7a/android_gradle_build.json' was up-to-date
C/C++: /Users/oem/Projects/KapraDaily/node_modules/react-native-screens/android/CMakeLists.txt release|armeabi-v7a : JSON generation completed without problems
C/C++: /Users/oem/Projects/KapraDaily/node_modules/react-native-screens/android/CMakeLists.txt release|armeabi-v7a : Writing build model to /Users/oem/Projects/KapraDaily/node_modules/react-native-screens/android/build/intermediates/cxx/RelWithDebInfo/3z3c6a4r/logs/armeabi-v7a/build_model.json
Resolve mutations for :react-native-screens:buildCMakeRelWithDebInfo[armeabi-v7a] (Thread[Execution worker Thread 3,5,main]) started.
:react-native-screens:buildCMakeRelWithDebInfo[armeabi-v7a] (Thread[Execution worker Thread 3,5,main]) started.

> Task :react-native-screens:buildCMakeRelWithDebInfo[armeabi-v7a]
Caching disabled for task ':react-native-screens:buildCMakeRelWithDebInfo[armeabi-v7a]' because:
  Build cache is disabled
  Caching has been disabled for the task
Task ':react-native-screens:buildCMakeRelWithDebInfo[armeabi-v7a]' is not up-to-date because:
  Task.upToDateWhen is false.
C/C++: starting build
C/C++: reading expected JSONs
C/C++: done reading expected JSONs
C/C++: executing build commands for targets that produce .so files or executables
C/C++: evaluate miniconfig
C/C++: evaluate library rnscreens (armeabi-v7a)
C/C++: building target library rnscreens because no targets are specified.
C/C++: about to build targets rnscreens
C/C++: Build rnscreens
C/C++: /opt/homebrew/share/android-commandlinetools/cmake/4.1.2/bin/ninja \
  -C \
  /Users/oem/Projects/KapraDaily/node_modules/react-native-screens/android/.cxx/RelWithDebInfo/3z3c6a4r/armeabi-v7a \
  rnscreens

Starting process 'command '/opt/homebrew/share/android-commandlinetools/cmake/4.1.2/bin/ninja''. Working directory: /Users/oem/Projects/KapraDaily/node_modules/react-native-screens/android Command: /opt/homebrew/share/android-commandlinetools/cmake/4.1.2/bin/ninja -C /Users/oem/Projects/KapraDaily/node_modules/react-native-screens/android/.cxx/RelWithDebInfo/3z3c6a4r/armeabi-v7a rnscreens
Successfully started process 'command '/opt/homebrew/share/android-commandlinetools/cmake/4.1.2/bin/ninja''
C/C++: Received process result: 0
C/C++: check expected build outputs
C/C++: build complete
Resolve mutations for :react-native-screens:mergeReleaseJniLibFolders (Thread[Execution worker Thread 3,5,main]) started.
:react-native-screens:mergeReleaseJniLibFolders (Thread[Execution worker Thread 3,5,main]) started.

> Task :react-native-screens:mergeReleaseJniLibFolders UP-TO-DATE
Caching disabled for task ':react-native-screens:mergeReleaseJniLibFolders' because:
  Build cache is disabled
  Simple merging task
Skipping task ':react-native-screens:mergeReleaseJniLibFolders' as it is up-to-date.
Resolve mutations for :react-native-screens:mergeReleaseNativeLibs (Thread[Execution worker Thread 3,5,main]) started.
:react-native-screens:mergeReleaseNativeLibs (Thread[Execution worker Thread 3,5,main]) started.

> Task :react-native-screens:mergeReleaseNativeLibs UP-TO-DATE
Caching disabled for task ':react-native-screens:mergeReleaseNativeLibs' because:
  Build cache is disabled
  Caching has been disabled for the task
Skipping task ':react-native-screens:mergeReleaseNativeLibs' as it is up-to-date.
Resolve mutations for :react-native-screens:copyReleaseJniLibsProjectOnly (Thread[Execution worker Thread 3,5,main]) started.
:react-native-screens:copyReleaseJniLibsProjectOnly (Thread[Execution worker Thread 3,5,main]) started.

> Task :react-native-screens:copyReleaseJniLibsProjectOnly UP-TO-DATE
Caching disabled for task ':react-native-screens:copyReleaseJniLibsProjectOnly' because:
  Build cache is disabled
  Caching has been disabled for the task
Skipping task ':react-native-screens:copyReleaseJniLibsProjectOnly' as it is up-to-date.
work action resolve jni (project :react-native-screens) (Thread[Execution worker Thread 3,5,main]) started.
Resolve mutations for :react-native-svg:preReleaseBuild (Thread[Execution worker Thread 3,5,main]) started.
:react-native-svg:preReleaseBuild (Thread[Execution worker Thread 3,5,main]) started.

> Task :react-native-svg:preReleaseBuild UP-TO-DATE
Skipping task ':react-native-svg:preReleaseBuild' as it has no actions.
Resolve mutations for :react-native-svg:mergeReleaseJniLibFolders (Thread[Execution worker Thread 3,5,main]) started.
:react-native-svg:mergeReleaseJniLibFolders (Thread[Execution worker Thread 3,5,main]) started.

> Task :react-native-svg:mergeReleaseJniLibFolders UP-TO-DATE
Caching disabled for task ':react-native-svg:mergeReleaseJniLibFolders' because:
  Build cache is disabled
  Simple merging task
Skipping task ':react-native-svg:mergeReleaseJniLibFolders' as it is up-to-date.
Resolve mutations for :react-native-svg:mergeReleaseNativeLibs (Thread[Execution worker Thread 3,5,main]) started.
:react-native-svg:mergeReleaseNativeLibs (Thread[Execution worker Thread 3,5,main]) started.

> Task :react-native-svg:mergeReleaseNativeLibs NO-SOURCE
Skipping task ':react-native-svg:mergeReleaseNativeLibs' as it has no source files and no previous output files.
Resolve mutations for :react-native-svg:copyReleaseJniLibsProjectOnly (Thread[Execution worker Thread 3,5,main]) started.
:react-native-svg:copyReleaseJniLibsProjectOnly (Thread[Execution worker Thread 3,5,main]) started.

> Task :react-native-svg:copyReleaseJniLibsProjectOnly UP-TO-DATE
Caching disabled for task ':react-native-svg:copyReleaseJniLibsProjectOnly' because:
  Build cache is disabled
  Caching has been disabled for the task
Skipping task ':react-native-svg:copyReleaseJniLibsProjectOnly' as it is up-to-date.
work action resolve jni (project :react-native-svg) (Thread[Execution worker Thread 3,5,main]) started.
Resolve mutations for :react-native-vector-icons:preReleaseBuild (Thread[Execution worker Thread 3,5,main]) started.
:react-native-vector-icons:preReleaseBuild (Thread[Execution worker Thread 3,5,main]) started.

> Task :react-native-vector-icons:preReleaseBuild UP-TO-DATE
Skipping task ':react-native-vector-icons:preReleaseBuild' as it has no actions.
Resolve mutations for :react-native-vector-icons:mergeReleaseJniLibFolders (Thread[Execution worker Thread 3,5,main]) started.
:react-native-vector-icons:mergeReleaseJniLibFolders (Thread[Execution worker Thread 3,5,main]) started.

> Task :react-native-vector-icons:mergeReleaseJniLibFolders UP-TO-DATE
Caching disabled for task ':react-native-vector-icons:mergeReleaseJniLibFolders' because:
  Build cache is disabled
  Simple merging task
Skipping task ':react-native-vector-icons:mergeReleaseJniLibFolders' as it is up-to-date.
Resolve mutations for :react-native-vector-icons:mergeReleaseNativeLibs (Thread[Execution worker Thread 3,5,main]) started.
:react-native-vector-icons:mergeReleaseNativeLibs (Thread[Execution worker Thread 3,5,main]) started.

> Task :react-native-vector-icons:mergeReleaseNativeLibs NO-SOURCE
Skipping task ':react-native-vector-icons:mergeReleaseNativeLibs' as it has no source files and no previous output files.
Resolve mutations for :react-native-vector-icons:copyReleaseJniLibsProjectOnly (Thread[Execution worker Thread 3,5,main]) started.
:react-native-vector-icons:copyReleaseJniLibsProjectOnly (Thread[Execution worker Thread 3,5,main]) started.

> Task :react-native-vector-icons:copyReleaseJniLibsProjectOnly UP-TO-DATE
Caching disabled for task ':react-native-vector-icons:copyReleaseJniLibsProjectOnly' because:
  Build cache is disabled
  Caching has been disabled for the task
Skipping task ':react-native-vector-icons:copyReleaseJniLibsProjectOnly' as it is up-to-date.
work action resolve jni (project :react-native-vector-icons) (Thread[Execution worker Thread 3,5,main]) started.
Resolve mutations for :app:mergeReleaseNativeLibs (Thread[Execution worker Thread 3,5,main]) started.
:app:mergeReleaseNativeLibs (Thread[Execution worker,5,main]) started.

> Task :app:mergeReleaseNativeLibs UP-TO-DATE
file or directory '/Users/oem/Projects/KapraDaily/node_modules/react-native-onesignal/android/libs', not found
file or directory '/Users/oem/Projects/KapraDaily/node_modules/react-native-onesignal/android/libs', not found
Caching disabled for task ':app:mergeReleaseNativeLibs' because:
  Build cache is disabled
  Caching has been disabled for the task
Skipping task ':app:mergeReleaseNativeLibs' as it is up-to-date.
Resolve mutations for :app:stripReleaseDebugSymbols (Thread[Execution worker,5,main]) started.
:app:stripReleaseDebugSymbols (Thread[Execution worker,5,main]) started.

> Task :app:stripReleaseDebugSymbols UP-TO-DATE
Caching disabled for task ':app:stripReleaseDebugSymbols' because:
  Build cache is disabled
  Caching has been disabled for the task
Skipping task ':app:stripReleaseDebugSymbols' as it is up-to-date.
Resolve mutations for :app:extractReleaseNativeSymbolTables (Thread[Execution worker,5,main]) started.
:app:extractReleaseNativeSymbolTables (Thread[Execution worker,5,main]) started.

> Task :app:extractReleaseNativeSymbolTables UP-TO-DATE
Caching disabled for task ':app:extractReleaseNativeSymbolTables' because:
  Build cache is disabled
Skipping task ':app:extractReleaseNativeSymbolTables' as it is up-to-date.
Resolve mutations for :app:mergeReleaseNativeDebugMetadata (Thread[Execution worker,5,main]) started.
:app:mergeReleaseNativeDebugMetadata (Thread[Execution worker,5,main]) started.

> Task :app:mergeReleaseNativeDebugMetadata UP-TO-DATE
Caching disabled for task ':app:mergeReleaseNativeDebugMetadata' because:
  Build cache is disabled
  Caching has been disabled for the task
Skipping task ':app:mergeReleaseNativeDebugMetadata' as it is up-to-date.
Resolve mutations for :lottie-react-native:checkKotlinGradlePluginConfigurationErrors (Thread[Execution worker,5,main]) started.
:lottie-react-native:checkKotlinGradlePluginConfigurationErrors (Thread[Execution worker,5,main]) started.

> Task :lottie-react-native:checkKotlinGradlePluginConfigurationErrors SKIPPED
Skipping task ':lottie-react-native:checkKotlinGradlePluginConfigurationErrors' as task onlyIf 'errorDiagnostics are present' is false.
Resolve mutations for :lottie-react-native:generateReleaseBuildConfig (Thread[Execution worker,5,main]) started.
:lottie-react-native:generateReleaseBuildConfig (Thread[Execution worker,5,main]) started.

> Task :lottie-react-native:generateReleaseBuildConfig UP-TO-DATE
Caching disabled for task ':lottie-react-native:generateReleaseBuildConfig' because:
  Build cache is disabled
Skipping task ':lottie-react-native:generateReleaseBuildConfig' as it is up-to-date.
Resolve mutations for :lottie-react-native:generateReleaseResValues (Thread[Execution worker,5,main]) started.
:lottie-react-native:generateReleaseResValues (Thread[Execution worker,5,main]) started.

> Task :lottie-react-native:generateReleaseResValues UP-TO-DATE
Caching disabled for task ':lottie-react-native:generateReleaseResValues' because:
  Build cache is disabled
Skipping task ':lottie-react-native:generateReleaseResValues' as it is up-to-date.
Resolve mutations for :lottie-react-native:generateReleaseResources (Thread[Execution worker,5,main]) started.
:lottie-react-native:generateReleaseResources (Thread[Execution worker,5,main]) started.

> Task :lottie-react-native:generateReleaseResources UP-TO-DATE
Caching disabled for task ':lottie-react-native:generateReleaseResources' because:
  Build cache is disabled
Skipping task ':lottie-react-native:generateReleaseResources' as it is up-to-date.
Resolve mutations for :lottie-react-native:packageReleaseResources (Thread[Execution worker,5,main]) started.
:lottie-react-native:packageReleaseResources (Thread[Execution worker,5,main]) started.

> Task :lottie-react-native:packageReleaseResources UP-TO-DATE
Caching disabled for task ':lottie-react-native:packageReleaseResources' because:
  Build cache is disabled
Skipping task ':lottie-react-native:packageReleaseResources' as it is up-to-date.
work action resolve packageReleaseResources (project :lottie-react-native) (Thread[Execution worker,5,main]) started.
Resolve mutations for :lottie-react-native:parseReleaseLocalResources (Thread[Execution worker,5,main]) started.
:lottie-react-native:parseReleaseLocalResources (Thread[Execution worker,5,main]) started.

> Task :lottie-react-native:parseReleaseLocalResources UP-TO-DATE
Caching disabled for task ':lottie-react-native:parseReleaseLocalResources' because:
  Build cache is disabled
Skipping task ':lottie-react-native:parseReleaseLocalResources' as it is up-to-date.
Resolve mutations for :lottie-react-native:generateReleaseRFile (Thread[Execution worker,5,main]) started.
:lottie-react-native:generateReleaseRFile (Thread[Execution worker,5,main]) started.

> Task :lottie-react-native:generateReleaseRFile UP-TO-DATE
Caching disabled for task ':lottie-react-native:generateReleaseRFile' because:
  Build cache is disabled
Skipping task ':lottie-react-native:generateReleaseRFile' as it is up-to-date.
work action resolve package-aware-r.txt (project :lottie-react-native) (Thread[Execution worker,5,main]) started.
Resolve mutations for :lottie-react-native:compileReleaseKotlin (Thread[Execution worker,5,main]) started.
:lottie-react-native:compileReleaseKotlin (Thread[Execution worker,5,main]) started.

> Task :lottie-react-native:compileReleaseKotlin UP-TO-DATE
Adding -Xuse-inline-scopes-numbers Kotlin compiler flag for task :lottie-react-native:compileDebugAndroidTestKotlin
Caching disabled for task ':lottie-react-native:compileReleaseKotlin' because:
  Build cache is disabled
Skipping task ':lottie-react-native:compileReleaseKotlin' as it is up-to-date.
Resolve mutations for :lottie-react-native:javaPreCompileRelease (Thread[Execution worker,5,main]) started.
:lottie-react-native:javaPreCompileRelease (Thread[Execution worker,5,main]) started.

> Task :lottie-react-native:javaPreCompileRelease UP-TO-DATE
Caching disabled for task ':lottie-react-native:javaPreCompileRelease' because:
  Build cache is disabled
Skipping task ':lottie-react-native:javaPreCompileRelease' as it is up-to-date.
Resolve mutations for :lottie-react-native:compileReleaseJavaWithJavac (Thread[Execution worker,5,main]) started.
:lottie-react-native:compileReleaseJavaWithJavac (Thread[Execution worker,5,main]) started.

> Task :lottie-react-native:compileReleaseJavaWithJavac UP-TO-DATE
Custom actions are attached to task ':lottie-react-native:compileReleaseJavaWithJavac'.
Caching disabled for task ':lottie-react-native:compileReleaseJavaWithJavac' because:
  Build cache is disabled
Skipping task ':lottie-react-native:compileReleaseJavaWithJavac' as it is up-to-date.
No compile result for :lottie-react-native:compileReleaseJavaWithJavac
No compile result for :lottie-react-native:compileReleaseJavaWithJavac
Resolve mutations for :lottie-react-native:bundleLibRuntimeToDirRelease (Thread[Execution worker,5,main]) started.
:lottie-react-native:bundleLibRuntimeToDirRelease (Thread[Execution worker,5,main]) started.

> Task :lottie-react-native:bundleLibRuntimeToDirRelease UP-TO-DATE
Caching disabled for task ':lottie-react-native:bundleLibRuntimeToDirRelease' because:
  Build cache is disabled
  Simple merging task
Skipping task ':lottie-react-native:bundleLibRuntimeToDirRelease' as it is up-to-date.
work action resolve bundleLibRuntimeToDirRelease (project :lottie-react-native) (Thread[Execution worker,5,main]) started.
Resolve mutations for :react-native-maps:checkKotlinGradlePluginConfigurationErrors (Thread[Execution worker Thread 4,5,main]) started.
ClassesDirToClassesTransform (Thread[Execution worker,5,main]) started.
:react-native-maps:checkKotlinGradlePluginConfigurationErrors (Thread[Execution worker Thread 4,5,main]) started.

> Task :react-native-maps:checkKotlinGradlePluginConfigurationErrors SKIPPED
Skipping task ':react-native-maps:checkKotlinGradlePluginConfigurationErrors' as task onlyIf 'errorDiagnostics are present' is false.
Resolve mutations for :react-native-maps:generateReleaseBuildConfig (Thread[Execution worker Thread 4,5,main]) started.
:react-native-maps:generateReleaseBuildConfig (Thread[Execution worker Thread 4,5,main]) started.
DexingNoClasspathTransform (Thread[Execution worker,5,main]) started.

> Task :react-native-maps:generateReleaseBuildConfig UP-TO-DATE
Caching disabled for task ':react-native-maps:generateReleaseBuildConfig' because:
  Build cache is disabled
Skipping task ':react-native-maps:generateReleaseBuildConfig' as it is up-to-date.
Resolve mutations for :react-native-maps:generateReleaseResValues (Thread[Execution worker Thread 4,5,main]) started.
:react-native-maps:generateReleaseResValues (Thread[Execution worker Thread 4,5,main]) started.

> Task :react-native-maps:generateReleaseResValues UP-TO-DATE
Caching disabled for task ':react-native-maps:generateReleaseResValues' because:
  Build cache is disabled
Skipping task ':react-native-maps:generateReleaseResValues' as it is up-to-date.
Resolve mutations for :react-native-maps:generateReleaseResources (Thread[Execution worker Thread 4,5,main]) started.
:react-native-maps:generateReleaseResources (Thread[Execution worker Thread 4,5,main]) started.

> Task :react-native-maps:generateReleaseResources UP-TO-DATE
Caching disabled for task ':react-native-maps:generateReleaseResources' because:
  Build cache is disabled
Skipping task ':react-native-maps:generateReleaseResources' as it is up-to-date.
Resolve mutations for :react-native-maps:packageReleaseResources (Thread[Execution worker Thread 4,5,main]) started.
:react-native-maps:packageReleaseResources (Thread[Execution worker Thread 4,5,main]) started.

> Transform bundleLibRuntimeToDirRelease (project :lottie-react-native) with DexingNoClasspathTransform
Caching disabled for DexingNoClasspathTransform: /Users/oem/Projects/KapraDaily/node_modules/lottie-react-native/android/build/intermediates/runtime_library_classes_dir/release/bundleLibRuntimeToDirRelease because:
  Build cache is disabled
Skipping DexingNoClasspathTransform: /Users/oem/Projects/KapraDaily/node_modules/lottie-react-native/android/build/intermediates/runtime_library_classes_dir/release/bundleLibRuntimeToDirRelease as it is up-to-date.
DexingOutputSplitTransform (Thread[Execution worker,5,main]) started.

> Task :react-native-maps:packageReleaseResources UP-TO-DATE
Caching disabled for task ':react-native-maps:packageReleaseResources' because:
  Build cache is disabled
Skipping task ':react-native-maps:packageReleaseResources' as it is up-to-date.
work action resolve packageReleaseResources (project :react-native-maps) (Thread[Execution worker Thread 4,5,main]) started.
Resolve mutations for :react-native-maps:parseReleaseLocalResources (Thread[Execution worker Thread 4,5,main]) started.
:react-native-maps:parseReleaseLocalResources (Thread[Execution worker Thread 4,5,main]) started.

> Task :react-native-maps:parseReleaseLocalResources UP-TO-DATE
Caching disabled for task ':react-native-maps:parseReleaseLocalResources' because:
  Build cache is disabled
Skipping task ':react-native-maps:parseReleaseLocalResources' as it is up-to-date.
Resolve mutations for :react-native-maps:generateReleaseRFile (Thread[Execution worker Thread 4,5,main]) started.
:react-native-maps:generateReleaseRFile (Thread[Execution worker Thread 4,5,main]) started.

> Task :react-native-maps:generateReleaseRFile UP-TO-DATE
Caching disabled for task ':react-native-maps:generateReleaseRFile' because:
  Build cache is disabled
Skipping task ':react-native-maps:generateReleaseRFile' as it is up-to-date.
work action resolve package-aware-r.txt (project :react-native-maps) (Thread[Execution worker Thread 4,5,main]) started.
Resolve mutations for :react-native-maps:compileReleaseKotlin (Thread[Execution worker Thread 4,5,main]) started.
:react-native-maps:compileReleaseKotlin (Thread[Execution worker Thread 4,5,main]) started.

> Task :react-native-maps:compileReleaseKotlin NO-SOURCE
Skipping task ':react-native-maps:compileReleaseKotlin' as it has no source files and no previous output files.
Resolve mutations for :react-native-maps:javaPreCompileRelease (Thread[Execution worker Thread 4,5,main]) started.
:react-native-maps:javaPreCompileRelease (Thread[Execution worker Thread 4,5,main]) started.

> Task :react-native-maps:javaPreCompileRelease UP-TO-DATE
Caching disabled for task ':react-native-maps:javaPreCompileRelease' because:
  Build cache is disabled
Skipping task ':react-native-maps:javaPreCompileRelease' as it is up-to-date.
Resolve mutations for :react-native-maps:compileReleaseJavaWithJavac (Thread[Execution worker Thread 4,5,main]) started.
:react-native-maps:compileReleaseJavaWithJavac (Thread[Execution worker Thread 4,5,main]) started.

> Task :react-native-maps:compileReleaseJavaWithJavac UP-TO-DATE
Custom actions are attached to task ':react-native-maps:compileReleaseJavaWithJavac'.
Caching disabled for task ':react-native-maps:compileReleaseJavaWithJavac' because:
  Build cache is disabled
Skipping task ':react-native-maps:compileReleaseJavaWithJavac' as it is up-to-date.
No compile result for :react-native-maps:compileReleaseJavaWithJavac
No compile result for :react-native-maps:compileReleaseJavaWithJavac
Resolve mutations for :react-native-maps:bundleLibRuntimeToDirRelease (Thread[Execution worker Thread 4,5,main]) started.
:react-native-maps:bundleLibRuntimeToDirRelease (Thread[Execution worker Thread 4,5,main]) started.

> Task :react-native-maps:bundleLibRuntimeToDirRelease UP-TO-DATE
Caching disabled for task ':react-native-maps:bundleLibRuntimeToDirRelease' because:
  Build cache is disabled
  Simple merging task
Skipping task ':react-native-maps:bundleLibRuntimeToDirRelease' as it is up-to-date.
work action resolve bundleLibRuntimeToDirRelease (project :react-native-maps) (Thread[Execution worker Thread 4,5,main]) started.
ClassesDirToClassesTransform (Thread[Execution worker Thread 4,5,main]) started.
Resolve mutations for :react-native-permissions:checkKotlinGradlePluginConfigurationErrors (Thread[Execution worker,5,main]) started.
:react-native-permissions:checkKotlinGradlePluginConfigurationErrors (Thread[Execution worker,5,main]) started.

> Task :react-native-permissions:checkKotlinGradlePluginConfigurationErrors SKIPPED
Skipping task ':react-native-permissions:checkKotlinGradlePluginConfigurationErrors' as task onlyIf 'errorDiagnostics are present' is false.
Resolve mutations for :react-native-permissions:generateReleaseBuildConfig (Thread[Execution worker,5,main]) started.
:react-native-permissions:generateReleaseBuildConfig (Thread[Execution worker,5,main]) started.
DexingNoClasspathTransform (Thread[Execution worker Thread 4,5,main]) started.

> Task :react-native-permissions:generateReleaseBuildConfig UP-TO-DATE
Caching disabled for task ':react-native-permissions:generateReleaseBuildConfig' because:
  Build cache is disabled
Skipping task ':react-native-permissions:generateReleaseBuildConfig' as it is up-to-date.
Resolve mutations for :react-native-permissions:generateReleaseResValues (Thread[Execution worker,5,main]) started.
:react-native-permissions:generateReleaseResValues (Thread[Execution worker,5,main]) started.

> Task :react-native-permissions:generateReleaseResValues UP-TO-DATE
Caching disabled for task ':react-native-permissions:generateReleaseResValues' because:
  Build cache is disabled
Skipping task ':react-native-permissions:generateReleaseResValues' as it is up-to-date.
Resolve mutations for :react-native-permissions:generateReleaseResources (Thread[Execution worker,5,main]) started.
:react-native-permissions:generateReleaseResources (Thread[Execution worker,5,main]) started.

> Task :react-native-permissions:generateReleaseResources UP-TO-DATE
Caching disabled for task ':react-native-permissions:generateReleaseResources' because:
  Build cache is disabled
Skipping task ':react-native-permissions:generateReleaseResources' as it is up-to-date.
Resolve mutations for :react-native-permissions:packageReleaseResources (Thread[Execution worker,5,main]) started.
:react-native-permissions:packageReleaseResources (Thread[Execution worker,5,main]) started.

> Task :react-native-permissions:packageReleaseResources UP-TO-DATE
Caching disabled for task ':react-native-permissions:packageReleaseResources' because:
  Build cache is disabled
Skipping task ':react-native-permissions:packageReleaseResources' as it is up-to-date.
work action resolve packageReleaseResources (project :react-native-permissions) (Thread[Execution worker,5,main]) started.
Resolve mutations for :react-native-permissions:parseReleaseLocalResources (Thread[Execution worker,5,main]) started.
:react-native-permissions:parseReleaseLocalResources (Thread[Execution worker,5,main]) started.

> Task :react-native-permissions:parseReleaseLocalResources UP-TO-DATE
Caching disabled for task ':react-native-permissions:parseReleaseLocalResources' because:
  Build cache is disabled
Skipping task ':react-native-permissions:parseReleaseLocalResources' as it is up-to-date.
Resolve mutations for :react-native-permissions:generateReleaseRFile (Thread[Execution worker,5,main]) started.
:react-native-permissions:generateReleaseRFile (Thread[Execution worker,5,main]) started.

> Task :react-native-permissions:generateReleaseRFile UP-TO-DATE
Caching disabled for task ':react-native-permissions:generateReleaseRFile' because:
  Build cache is disabled
Skipping task ':react-native-permissions:generateReleaseRFile' as it is up-to-date.
work action resolve package-aware-r.txt (project :react-native-permissions) (Thread[Execution worker,5,main]) started.
Resolve mutations for :react-native-permissions:compileReleaseKotlin (Thread[Execution worker,5,main]) started.
:react-native-permissions:compileReleaseKotlin (Thread[Execution worker,5,main]) started.

> Transform bundleLibRuntimeToDirRelease (project :react-native-maps) with DexingNoClasspathTransform
Caching disabled for DexingNoClasspathTransform: /Users/oem/Projects/KapraDaily/node_modules/react-native-maps/android/build/intermediates/runtime_library_classes_dir/release/bundleLibRuntimeToDirRelease because:
  Build cache is disabled
Skipping DexingNoClasspathTransform: /Users/oem/Projects/KapraDaily/node_modules/react-native-maps/android/build/intermediates/runtime_library_classes_dir/release/bundleLibRuntimeToDirRelease as it is up-to-date.
DexingOutputSplitTransform (Thread[Execution worker Thread 4,5,main]) started.

> Task :react-native-permissions:compileReleaseKotlin UP-TO-DATE
Adding -Xuse-inline-scopes-numbers Kotlin compiler flag for task :react-native-permissions:compileDebugAndroidTestKotlin
Caching disabled for task ':react-native-permissions:compileReleaseKotlin' because:
  Build cache is disabled
Skipping task ':react-native-permissions:compileReleaseKotlin' as it is up-to-date.
Resolve mutations for :react-native-permissions:javaPreCompileRelease (Thread[Execution worker,5,main]) started.
:react-native-permissions:javaPreCompileRelease (Thread[Execution worker,5,main]) started.

> Task :react-native-permissions:javaPreCompileRelease UP-TO-DATE
Caching disabled for task ':react-native-permissions:javaPreCompileRelease' because:
  Build cache is disabled
Skipping task ':react-native-permissions:javaPreCompileRelease' as it is up-to-date.
Resolve mutations for :react-native-permissions:compileReleaseJavaWithJavac (Thread[Execution worker,5,main]) started.
:react-native-permissions:compileReleaseJavaWithJavac (Thread[Execution worker,5,main]) started.

> Task :react-native-permissions:compileReleaseJavaWithJavac UP-TO-DATE
Custom actions are attached to task ':react-native-permissions:compileReleaseJavaWithJavac'.
Caching disabled for task ':react-native-permissions:compileReleaseJavaWithJavac' because:
  Build cache is disabled
Skipping task ':react-native-permissions:compileReleaseJavaWithJavac' as it is up-to-date.
No compile result for :react-native-permissions:compileReleaseJavaWithJavac
No compile result for :react-native-permissions:compileReleaseJavaWithJavac
Resolve mutations for :react-native-permissions:bundleLibRuntimeToDirRelease (Thread[Execution worker,5,main]) started.
:react-native-permissions:bundleLibRuntimeToDirRelease (Thread[Execution worker,5,main]) started.

> Task :react-native-permissions:bundleLibRuntimeToDirRelease UP-TO-DATE
Caching disabled for task ':react-native-permissions:bundleLibRuntimeToDirRelease' because:
  Build cache is disabled
  Simple merging task
Skipping task ':react-native-permissions:bundleLibRuntimeToDirRelease' as it is up-to-date.
work action resolve bundleLibRuntimeToDirRelease (project :react-native-permissions) (Thread[Execution worker,5,main]) started.
ClassesDirToClassesTransform (Thread[Execution worker,5,main]) started.
Resolve mutations for :react-native-safe-area-context:checkKotlinGradlePluginConfigurationErrors (Thread[Execution worker Thread 3,5,main]) started.
:react-native-safe-area-context:checkKotlinGradlePluginConfigurationErrors (Thread[Execution worker Thread 3,5,main]) started.
DexingNoClasspathTransform (Thread[Execution worker,5,main]) started.

> Task :react-native-safe-area-context:checkKotlinGradlePluginConfigurationErrors SKIPPED
Skipping task ':react-native-safe-area-context:checkKotlinGradlePluginConfigurationErrors' as task onlyIf 'errorDiagnostics are present' is false.
Resolve mutations for :react-native-safe-area-context:generateReleaseBuildConfig (Thread[Execution worker Thread 3,5,main]) started.
:react-native-safe-area-context:generateReleaseBuildConfig (Thread[Execution worker Thread 3,5,main]) started.

> Task :react-native-safe-area-context:generateReleaseBuildConfig UP-TO-DATE
Caching disabled for task ':react-native-safe-area-context:generateReleaseBuildConfig' because:
  Build cache is disabled
Skipping task ':react-native-safe-area-context:generateReleaseBuildConfig' as it is up-to-date.
Resolve mutations for :react-native-safe-area-context:generateReleaseResValues (Thread[Execution worker Thread 3,5,main]) started.
:react-native-safe-area-context:generateReleaseResValues (Thread[Execution worker Thread 3,5,main]) started.

> Task :react-native-safe-area-context:generateReleaseResValues UP-TO-DATE
Caching disabled for task ':react-native-safe-area-context:generateReleaseResValues' because:
  Build cache is disabled
Skipping task ':react-native-safe-area-context:generateReleaseResValues' as it is up-to-date.
Resolve mutations for :react-native-safe-area-context:generateReleaseResources (Thread[Execution worker Thread 3,5,main]) started.
:react-native-safe-area-context:generateReleaseResources (Thread[Execution worker Thread 3,5,main]) started.

> Transform bundleLibRuntimeToDirRelease (project :react-native-permissions) with DexingNoClasspathTransform
Caching disabled for DexingNoClasspathTransform: /Users/oem/Projects/KapraDaily/node_modules/react-native-permissions/android/build/intermediates/runtime_library_classes_dir/release/bundleLibRuntimeToDirRelease because:
  Build cache is disabled
Skipping DexingNoClasspathTransform: /Users/oem/Projects/KapraDaily/node_modules/react-native-permissions/android/build/intermediates/runtime_library_classes_dir/release/bundleLibRuntimeToDirRelease as it is up-to-date.
DexingOutputSplitTransform (Thread[Execution worker,5,main]) started.

> Task :react-native-safe-area-context:generateReleaseResources UP-TO-DATE
Caching disabled for task ':react-native-safe-area-context:generateReleaseResources' because:
  Build cache is disabled
Skipping task ':react-native-safe-area-context:generateReleaseResources' as it is up-to-date.
Resolve mutations for :react-native-safe-area-context:packageReleaseResources (Thread[Execution worker Thread 3,5,main]) started.
:react-native-safe-area-context:packageReleaseResources (Thread[Execution worker Thread 3,5,main]) started.

> Task :react-native-safe-area-context:packageReleaseResources UP-TO-DATE
Caching disabled for task ':react-native-safe-area-context:packageReleaseResources' because:
  Build cache is disabled
Skipping task ':react-native-safe-area-context:packageReleaseResources' as it is up-to-date.
work action resolve packageReleaseResources (project :react-native-safe-area-context) (Thread[Execution worker Thread 3,5,main]) started.
Resolve mutations for :react-native-safe-area-context:parseReleaseLocalResources (Thread[Execution worker Thread 3,5,main]) started.
:react-native-safe-area-context:parseReleaseLocalResources (Thread[Execution worker Thread 3,5,main]) started.

> Task :react-native-safe-area-context:parseReleaseLocalResources UP-TO-DATE
Caching disabled for task ':react-native-safe-area-context:parseReleaseLocalResources' because:
  Build cache is disabled
Skipping task ':react-native-safe-area-context:parseReleaseLocalResources' as it is up-to-date.
Resolve mutations for :react-native-safe-area-context:generateReleaseRFile (Thread[Execution worker Thread 3,5,main]) started.
:react-native-safe-area-context:generateReleaseRFile (Thread[Execution worker Thread 3,5,main]) started.

> Task :react-native-safe-area-context:generateReleaseRFile UP-TO-DATE
Caching disabled for task ':react-native-safe-area-context:generateReleaseRFile' because:
  Build cache is disabled
Skipping task ':react-native-safe-area-context:generateReleaseRFile' as it is up-to-date.
work action resolve package-aware-r.txt (project :react-native-safe-area-context) (Thread[Execution worker Thread 3,5,main]) started.
Resolve mutations for :react-native-safe-area-context:compileReleaseKotlin (Thread[Execution worker Thread 3,5,main]) started.
:react-native-safe-area-context:compileReleaseKotlin (Thread[Execution worker Thread 3,5,main]) started.

> Task :react-native-safe-area-context:compileReleaseKotlin UP-TO-DATE
Adding -Xuse-inline-scopes-numbers Kotlin compiler flag for task :react-native-safe-area-context:compileDebugAndroidTestKotlin
Caching disabled for task ':react-native-safe-area-context:compileReleaseKotlin' because:
  Build cache is disabled
Skipping task ':react-native-safe-area-context:compileReleaseKotlin' as it is up-to-date.
Resolve mutations for :react-native-safe-area-context:javaPreCompileRelease (Thread[Execution worker Thread 3,5,main]) started.
:react-native-safe-area-context:javaPreCompileRelease (Thread[Execution worker Thread 3,5,main]) started.

> Task :react-native-safe-area-context:javaPreCompileRelease UP-TO-DATE
Caching disabled for task ':react-native-safe-area-context:javaPreCompileRelease' because:
  Build cache is disabled
Skipping task ':react-native-safe-area-context:javaPreCompileRelease' as it is up-to-date.
Resolve mutations for :react-native-safe-area-context:compileReleaseJavaWithJavac (Thread[Execution worker Thread 3,5,main]) started.
:react-native-safe-area-context:compileReleaseJavaWithJavac (Thread[Execution worker Thread 3,5,main]) started.

> Task :react-native-safe-area-context:compileReleaseJavaWithJavac UP-TO-DATE
Custom actions are attached to task ':react-native-safe-area-context:compileReleaseJavaWithJavac'.
Caching disabled for task ':react-native-safe-area-context:compileReleaseJavaWithJavac' because:
  Build cache is disabled
Skipping task ':react-native-safe-area-context:compileReleaseJavaWithJavac' as it is up-to-date.
No compile result for :react-native-safe-area-context:compileReleaseJavaWithJavac
No compile result for :react-native-safe-area-context:compileReleaseJavaWithJavac
Resolve mutations for :react-native-safe-area-context:bundleLibRuntimeToDirRelease (Thread[Execution worker Thread 3,5,main]) started.
:react-native-safe-area-context:bundleLibRuntimeToDirRelease (Thread[Execution worker Thread 3,5,main]) started.

> Task :react-native-safe-area-context:bundleLibRuntimeToDirRelease UP-TO-DATE
Caching disabled for task ':react-native-safe-area-context:bundleLibRuntimeToDirRelease' because:
  Build cache is disabled
  Simple merging task
Skipping task ':react-native-safe-area-context:bundleLibRuntimeToDirRelease' as it is up-to-date.
work action resolve bundleLibRuntimeToDirRelease (project :react-native-safe-area-context) (Thread[Execution worker Thread 3,5,main]) started.
ClassesDirToClassesTransform (Thread[Execution worker Thread 3,5,main]) started.
Resolve mutations for :react-native-screens:checkKotlinGradlePluginConfigurationErrors (Thread[Execution worker Thread 7,5,main]) started.
:react-native-screens:checkKotlinGradlePluginConfigurationErrors (Thread[Execution worker Thread 7,5,main]) started.
DexingNoClasspathTransform (Thread[Execution worker Thread 3,5,main]) started.

> Task :react-native-screens:checkKotlinGradlePluginConfigurationErrors SKIPPED
Skipping task ':react-native-screens:checkKotlinGradlePluginConfigurationErrors' as task onlyIf 'errorDiagnostics are present' is false.
Resolve mutations for :react-native-screens:generateReleaseBuildConfig (Thread[Execution worker Thread 7,5,main]) started.
:react-native-screens:generateReleaseBuildConfig (Thread[Execution worker Thread 7,5,main]) started.

> Task :react-native-screens:generateReleaseBuildConfig UP-TO-DATE
Caching disabled for task ':react-native-screens:generateReleaseBuildConfig' because:
  Build cache is disabled
Skipping task ':react-native-screens:generateReleaseBuildConfig' as it is up-to-date.
Resolve mutations for :react-native-screens:generateReleaseResValues (Thread[Execution worker Thread 7,5,main]) started.
:react-native-screens:generateReleaseResValues (Thread[Execution worker Thread 7,5,main]) started.

> Task :react-native-screens:generateReleaseResValues UP-TO-DATE
Caching disabled for task ':react-native-screens:generateReleaseResValues' because:
  Build cache is disabled
Skipping task ':react-native-screens:generateReleaseResValues' as it is up-to-date.
Resolve mutations for :react-native-screens:generateReleaseResources (Thread[Execution worker Thread 7,5,main]) started.
:react-native-screens:generateReleaseResources (Thread[Execution worker Thread 7,5,main]) started.

> Transform bundleLibRuntimeToDirRelease (project :react-native-safe-area-context) with DexingNoClasspathTransform
Caching disabled for DexingNoClasspathTransform: /Users/oem/Projects/KapraDaily/node_modules/react-native-safe-area-context/android/build/intermediates/runtime_library_classes_dir/release/bundleLibRuntimeToDirRelease because:
  Build cache is disabled
Skipping DexingNoClasspathTransform: /Users/oem/Projects/KapraDaily/node_modules/react-native-safe-area-context/android/build/intermediates/runtime_library_classes_dir/release/bundleLibRuntimeToDirRelease as it is up-to-date.
DexingOutputSplitTransform (Thread[Execution worker Thread 3,5,main]) started.

> Task :react-native-screens:generateReleaseResources UP-TO-DATE
Caching disabled for task ':react-native-screens:generateReleaseResources' because:
  Build cache is disabled
Skipping task ':react-native-screens:generateReleaseResources' as it is up-to-date.
Resolve mutations for :react-native-screens:packageReleaseResources (Thread[Execution worker Thread 7,5,main]) started.
:react-native-screens:packageReleaseResources (Thread[Execution worker Thread 7,5,main]) started.

> Task :react-native-screens:packageReleaseResources UP-TO-DATE
Caching disabled for task ':react-native-screens:packageReleaseResources' because:
  Build cache is disabled
Skipping task ':react-native-screens:packageReleaseResources' as it is up-to-date.
work action resolve packageReleaseResources (project :react-native-screens) (Thread[Execution worker Thread 7,5,main]) started.
Resolve mutations for :react-native-screens:parseReleaseLocalResources (Thread[Execution worker Thread 7,5,main]) started.
:react-native-screens:parseReleaseLocalResources (Thread[Execution worker Thread 7,5,main]) started.

> Task :react-native-screens:parseReleaseLocalResources UP-TO-DATE
Caching disabled for task ':react-native-screens:parseReleaseLocalResources' because:
  Build cache is disabled
Skipping task ':react-native-screens:parseReleaseLocalResources' as it is up-to-date.
Resolve mutations for :react-native-screens:generateReleaseRFile (Thread[Execution worker Thread 7,5,main]) started.
:react-native-screens:generateReleaseRFile (Thread[Execution worker Thread 7,5,main]) started.

> Task :react-native-screens:generateReleaseRFile UP-TO-DATE
Caching disabled for task ':react-native-screens:generateReleaseRFile' because:
  Build cache is disabled
Skipping task ':react-native-screens:generateReleaseRFile' as it is up-to-date.
work action resolve package-aware-r.txt (project :react-native-screens) (Thread[Execution worker Thread 7,5,main]) started.
Resolve mutations for :react-native-screens:compileReleaseKotlin (Thread[Execution worker Thread 7,5,main]) started.
:react-native-screens:compileReleaseKotlin (Thread[Execution worker Thread 7,5,main]) started.

> Task :react-native-screens:compileReleaseKotlin UP-TO-DATE
Adding -Xuse-inline-scopes-numbers Kotlin compiler flag for task :react-native-screens:compileDebugAndroidTestKotlin
Caching disabled for task ':react-native-screens:compileReleaseKotlin' because:
  Build cache is disabled
Skipping task ':react-native-screens:compileReleaseKotlin' as it is up-to-date.
Resolve mutations for :react-native-screens:javaPreCompileRelease (Thread[Execution worker Thread 7,5,main]) started.
:react-native-screens:javaPreCompileRelease (Thread[Execution worker Thread 7,5,main]) started.

> Task :react-native-screens:javaPreCompileRelease UP-TO-DATE
Caching disabled for task ':react-native-screens:javaPreCompileRelease' because:
  Build cache is disabled
Skipping task ':react-native-screens:javaPreCompileRelease' as it is up-to-date.
Resolve mutations for :react-native-screens:compileReleaseJavaWithJavac (Thread[Execution worker Thread 7,5,main]) started.
:react-native-screens:compileReleaseJavaWithJavac (Thread[Execution worker Thread 7,5,main]) started.

> Task :react-native-screens:compileReleaseJavaWithJavac UP-TO-DATE
Custom actions are attached to task ':react-native-screens:compileReleaseJavaWithJavac'.
Caching disabled for task ':react-native-screens:compileReleaseJavaWithJavac' because:
  Build cache is disabled
Skipping task ':react-native-screens:compileReleaseJavaWithJavac' as it is up-to-date.
No compile result for :react-native-screens:compileReleaseJavaWithJavac
No compile result for :react-native-screens:compileReleaseJavaWithJavac
Resolve mutations for :react-native-screens:bundleLibRuntimeToDirRelease (Thread[Execution worker Thread 7,5,main]) started.
:react-native-screens:bundleLibRuntimeToDirRelease (Thread[Execution worker Thread 7,5,main]) started.

> Task :react-native-screens:bundleLibRuntimeToDirRelease UP-TO-DATE
Caching disabled for task ':react-native-screens:bundleLibRuntimeToDirRelease' because:
  Build cache is disabled
  Simple merging task
Skipping task ':react-native-screens:bundleLibRuntimeToDirRelease' as it is up-to-date.
work action resolve bundleLibRuntimeToDirRelease (project :react-native-screens) (Thread[Execution worker Thread 7,5,main]) started.
Resolve mutations for :react-native-async-storage_async-storage:generateReleaseBuildConfig (Thread[Execution worker Thread 7,5,main]) started.
ClassesDirToClassesTransform (Thread[Execution worker Thread 5,5,main]) started.
:react-native-async-storage_async-storage:generateReleaseBuildConfig (Thread[Execution worker Thread 7,5,main]) started.
DexingNoClasspathTransform (Thread[Execution worker Thread 5,5,main]) started.

> Task :react-native-async-storage_async-storage:generateReleaseBuildConfig UP-TO-DATE
Caching disabled for task ':react-native-async-storage_async-storage:generateReleaseBuildConfig' because:
  Build cache is disabled
Skipping task ':react-native-async-storage_async-storage:generateReleaseBuildConfig' as it is up-to-date.
Resolve mutations for :react-native-async-storage_async-storage:generateReleaseResValues (Thread[Execution worker Thread 7,5,main]) started.
:react-native-async-storage_async-storage:generateReleaseResValues (Thread[Execution worker Thread 7,5,main]) started.

> Task :react-native-async-storage_async-storage:generateReleaseResValues UP-TO-DATE
Caching disabled for task ':react-native-async-storage_async-storage:generateReleaseResValues' because:
  Build cache is disabled
Skipping task ':react-native-async-storage_async-storage:generateReleaseResValues' as it is up-to-date.
Resolve mutations for :react-native-async-storage_async-storage:generateReleaseResources (Thread[Execution worker Thread 7,5,main]) started.
:react-native-async-storage_async-storage:generateReleaseResources (Thread[Execution worker Thread 7,5,main]) started.

> Task :react-native-async-storage_async-storage:generateReleaseResources UP-TO-DATE
Caching disabled for task ':react-native-async-storage_async-storage:generateReleaseResources' because:
  Build cache is disabled
Skipping task ':react-native-async-storage_async-storage:generateReleaseResources' as it is up-to-date.
Resolve mutations for :react-native-async-storage_async-storage:packageReleaseResources (Thread[Execution worker Thread 7,5,main]) started.
:react-native-async-storage_async-storage:packageReleaseResources (Thread[Execution worker Thread 7,5,main]) started.

> Transform bundleLibRuntimeToDirRelease (project :react-native-screens) with DexingNoClasspathTransform
Caching disabled for DexingNoClasspathTransform: /Users/oem/Projects/KapraDaily/node_modules/react-native-screens/android/build/intermediates/runtime_library_classes_dir/release/bundleLibRuntimeToDirRelease because:
  Build cache is disabled
Skipping DexingNoClasspathTransform: /Users/oem/Projects/KapraDaily/node_modules/react-native-screens/android/build/intermediates/runtime_library_classes_dir/release/bundleLibRuntimeToDirRelease as it is up-to-date.
DexingOutputSplitTransform (Thread[Execution worker Thread 5,5,main]) started.

> Task :react-native-async-storage_async-storage:packageReleaseResources UP-TO-DATE
Caching disabled for task ':react-native-async-storage_async-storage:packageReleaseResources' because:
  Build cache is disabled
Skipping task ':react-native-async-storage_async-storage:packageReleaseResources' as it is up-to-date.
work action resolve packageReleaseResources (project :react-native-async-storage_async-storage) (Thread[Execution worker Thread 7,5,main]) started.
Resolve mutations for :react-native-async-storage_async-storage:parseReleaseLocalResources (Thread[Execution worker Thread 7,5,main]) started.
:react-native-async-storage_async-storage:parseReleaseLocalResources (Thread[Execution worker Thread 7,5,main]) started.

> Task :react-native-async-storage_async-storage:parseReleaseLocalResources UP-TO-DATE
Caching disabled for task ':react-native-async-storage_async-storage:parseReleaseLocalResources' because:
  Build cache is disabled
Skipping task ':react-native-async-storage_async-storage:parseReleaseLocalResources' as it is up-to-date.
Resolve mutations for :react-native-async-storage_async-storage:generateReleaseRFile (Thread[Execution worker Thread 7,5,main]) started.
:react-native-async-storage_async-storage:generateReleaseRFile (Thread[Execution worker Thread 7,5,main]) started.

> Task :react-native-async-storage_async-storage:generateReleaseRFile UP-TO-DATE
Caching disabled for task ':react-native-async-storage_async-storage:generateReleaseRFile' because:
  Build cache is disabled
Skipping task ':react-native-async-storage_async-storage:generateReleaseRFile' as it is up-to-date.
work action resolve package-aware-r.txt (project :react-native-async-storage_async-storage) (Thread[Execution worker Thread 5,5,main]) started.
Resolve mutations for :react-native-async-storage_async-storage:javaPreCompileRelease (Thread[Execution worker Thread 5,5,main]) started.
:react-native-async-storage_async-storage:javaPreCompileRelease (Thread[Execution worker Thread 5,5,main]) started.

> Task :react-native-async-storage_async-storage:javaPreCompileRelease UP-TO-DATE
Caching disabled for task ':react-native-async-storage_async-storage:javaPreCompileRelease' because:
  Build cache is disabled
Skipping task ':react-native-async-storage_async-storage:javaPreCompileRelease' as it is up-to-date.
Resolve mutations for :react-native-async-storage_async-storage:compileReleaseJavaWithJavac (Thread[Execution worker Thread 5,5,main]) started.
:react-native-async-storage_async-storage:compileReleaseJavaWithJavac (Thread[Execution worker Thread 5,5,main]) started.

> Task :react-native-async-storage_async-storage:compileReleaseJavaWithJavac UP-TO-DATE
Custom actions are attached to task ':react-native-async-storage_async-storage:compileReleaseJavaWithJavac'.
Caching disabled for task ':react-native-async-storage_async-storage:compileReleaseJavaWithJavac' because:
  Build cache is disabled
Skipping task ':react-native-async-storage_async-storage:compileReleaseJavaWithJavac' as it is up-to-date.
No compile result for :react-native-async-storage_async-storage:compileReleaseJavaWithJavac
No compile result for :react-native-async-storage_async-storage:compileReleaseJavaWithJavac
Resolve mutations for :react-native-async-storage_async-storage:bundleLibRuntimeToDirRelease (Thread[Execution worker Thread 5,5,main]) started.
:react-native-async-storage_async-storage:bundleLibRuntimeToDirRelease (Thread[Execution worker Thread 5,5,main]) started.

> Task :react-native-async-storage_async-storage:bundleLibRuntimeToDirRelease UP-TO-DATE
Caching disabled for task ':react-native-async-storage_async-storage:bundleLibRuntimeToDirRelease' because:
  Build cache is disabled
  Simple merging task
Skipping task ':react-native-async-storage_async-storage:bundleLibRuntimeToDirRelease' as it is up-to-date.
work action resolve bundleLibRuntimeToDirRelease (project :react-native-async-storage_async-storage) (Thread[Execution worker Thread 5,5,main]) started.
ClassesDirToClassesTransform (Thread[Execution worker Thread 5,5,main]) started.
Resolve mutations for :react-native-community_blur:generateReleaseBuildConfig (Thread[Execution worker Thread 4,5,main]) started.
:react-native-community_blur:generateReleaseBuildConfig (Thread[Execution worker Thread 4,5,main]) started.
DexingNoClasspathTransform (Thread[Execution worker Thread 5,5,main]) started.

> Task :react-native-community_blur:generateReleaseBuildConfig UP-TO-DATE
Caching disabled for task ':react-native-community_blur:generateReleaseBuildConfig' because:
  Build cache is disabled
Skipping task ':react-native-community_blur:generateReleaseBuildConfig' as it is up-to-date.
Resolve mutations for :react-native-community_blur:generateReleaseResValues (Thread[Execution worker Thread 4,5,main]) started.
:react-native-community_blur:generateReleaseResValues (Thread[Execution worker Thread 4,5,main]) started.

> Task :react-native-community_blur:generateReleaseResValues UP-TO-DATE
Caching disabled for task ':react-native-community_blur:generateReleaseResValues' because:
  Build cache is disabled
Skipping task ':react-native-community_blur:generateReleaseResValues' as it is up-to-date.
Resolve mutations for :react-native-community_blur:generateReleaseResources (Thread[Execution worker Thread 4,5,main]) started.
:react-native-community_blur:generateReleaseResources (Thread[Execution worker Thread 4,5,main]) started.

> Transform bundleLibRuntimeToDirRelease (project :react-native-async-storage_async-storage) with DexingNoClasspathTransform
Caching disabled for DexingNoClasspathTransform: /Users/oem/Projects/KapraDaily/node_modules/@react-native-async-storage/async-storage/android/build/intermediates/runtime_library_classes_dir/release/bundleLibRuntimeToDirRelease because:
  Build cache is disabled
Skipping DexingNoClasspathTransform: /Users/oem/Projects/KapraDaily/node_modules/@react-native-async-storage/async-storage/android/build/intermediates/runtime_library_classes_dir/release/bundleLibRuntimeToDirRelease as it is up-to-date.
DexingOutputSplitTransform (Thread[Execution worker Thread 5,5,main]) started.

> Task :react-native-community_blur:generateReleaseResources UP-TO-DATE
Caching disabled for task ':react-native-community_blur:generateReleaseResources' because:
  Build cache is disabled
Skipping task ':react-native-community_blur:generateReleaseResources' as it is up-to-date.
Resolve mutations for :react-native-community_blur:packageReleaseResources (Thread[Execution worker Thread 4,5,main]) started.
:react-native-community_blur:packageReleaseResources (Thread[Execution worker Thread 4,5,main]) started.

> Task :react-native-community_blur:packageReleaseResources UP-TO-DATE
Caching disabled for task ':react-native-community_blur:packageReleaseResources' because:
  Build cache is disabled
Skipping task ':react-native-community_blur:packageReleaseResources' as it is up-to-date.
work action resolve packageReleaseResources (project :react-native-community_blur) (Thread[Execution worker Thread 4,5,main]) started.
Resolve mutations for :react-native-community_blur:parseReleaseLocalResources (Thread[Execution worker Thread 4,5,main]) started.
:react-native-community_blur:parseReleaseLocalResources (Thread[Execution worker Thread 4,5,main]) started.

> Task :react-native-community_blur:parseReleaseLocalResources UP-TO-DATE
Caching disabled for task ':react-native-community_blur:parseReleaseLocalResources' because:
  Build cache is disabled
Skipping task ':react-native-community_blur:parseReleaseLocalResources' as it is up-to-date.
Resolve mutations for :react-native-community_blur:generateReleaseRFile (Thread[Execution worker Thread 4,5,main]) started.
:react-native-community_blur:generateReleaseRFile (Thread[Execution worker Thread 4,5,main]) started.

> Task :react-native-community_blur:generateReleaseRFile UP-TO-DATE
Caching disabled for task ':react-native-community_blur:generateReleaseRFile' because:
  Build cache is disabled
Skipping task ':react-native-community_blur:generateReleaseRFile' as it is up-to-date.
work action resolve package-aware-r.txt (project :react-native-community_blur) (Thread[Execution worker Thread 4,5,main]) started.
Resolve mutations for :react-native-community_blur:javaPreCompileRelease (Thread[Execution worker Thread 4,5,main]) started.
:react-native-community_blur:javaPreCompileRelease (Thread[Execution worker Thread 4,5,main]) started.

> Task :react-native-community_blur:javaPreCompileRelease UP-TO-DATE
Caching disabled for task ':react-native-community_blur:javaPreCompileRelease' because:
  Build cache is disabled
Skipping task ':react-native-community_blur:javaPreCompileRelease' as it is up-to-date.
Resolve mutations for :react-native-community_blur:compileReleaseJavaWithJavac (Thread[Execution worker Thread 4,5,main]) started.
:react-native-community_blur:compileReleaseJavaWithJavac (Thread[Execution worker Thread 4,5,main]) started.

> Task :react-native-community_blur:compileReleaseJavaWithJavac UP-TO-DATE
Custom actions are attached to task ':react-native-community_blur:compileReleaseJavaWithJavac'.
Caching disabled for task ':react-native-community_blur:compileReleaseJavaWithJavac' because:
  Build cache is disabled
Skipping task ':react-native-community_blur:compileReleaseJavaWithJavac' as it is up-to-date.
No compile result for :react-native-community_blur:compileReleaseJavaWithJavac
No compile result for :react-native-community_blur:compileReleaseJavaWithJavac
Resolve mutations for :react-native-community_blur:bundleLibRuntimeToDirRelease (Thread[Execution worker Thread 4,5,main]) started.
:react-native-community_blur:bundleLibRuntimeToDirRelease (Thread[Execution worker Thread 4,5,main]) started.

> Task :react-native-community_blur:bundleLibRuntimeToDirRelease UP-TO-DATE
Caching disabled for task ':react-native-community_blur:bundleLibRuntimeToDirRelease' because:
  Build cache is disabled
  Simple merging task
Skipping task ':react-native-community_blur:bundleLibRuntimeToDirRelease' as it is up-to-date.
work action resolve bundleLibRuntimeToDirRelease (project :react-native-community_blur) (Thread[Execution worker Thread 4,5,main]) started.
ClassesDirToClassesTransform (Thread[Execution worker Thread 4,5,main]) started.
Resolve mutations for :react-native-community_geolocation:generateReleaseBuildConfig (Thread[Execution worker Thread 7,5,main]) started.
:react-native-community_geolocation:generateReleaseBuildConfig (Thread[Execution worker Thread 7,5,main]) started.
DexingNoClasspathTransform (Thread[Execution worker Thread 4,5,main]) started.

> Task :react-native-community_geolocation:generateReleaseBuildConfig UP-TO-DATE
Caching disabled for task ':react-native-community_geolocation:generateReleaseBuildConfig' because:
  Build cache is disabled
Skipping task ':react-native-community_geolocation:generateReleaseBuildConfig' as it is up-to-date.
Resolve mutations for :react-native-community_geolocation:generateReleaseResValues (Thread[Execution worker Thread 7,5,main]) started.
:react-native-community_geolocation:generateReleaseResValues (Thread[Execution worker Thread 7,5,main]) started.

> Task :react-native-community_geolocation:generateReleaseResValues UP-TO-DATE
Caching disabled for task ':react-native-community_geolocation:generateReleaseResValues' because:
  Build cache is disabled
Skipping task ':react-native-community_geolocation:generateReleaseResValues' as it is up-to-date.
Resolve mutations for :react-native-community_geolocation:generateReleaseResources (Thread[Execution worker Thread 7,5,main]) started.
:react-native-community_geolocation:generateReleaseResources (Thread[Execution worker Thread 7,5,main]) started.

> Task :react-native-community_geolocation:generateReleaseResources UP-TO-DATE
Caching disabled for task ':react-native-community_geolocation:generateReleaseResources' because:
  Build cache is disabled
Skipping task ':react-native-community_geolocation:generateReleaseResources' as it is up-to-date.
Resolve mutations for :react-native-community_geolocation:packageReleaseResources (Thread[Execution worker Thread 7,5,main]) started.

> Transform bundleLibRuntimeToDirRelease (project :react-native-community_blur) with DexingNoClasspathTransform
Caching disabled for DexingNoClasspathTransform: /Users/oem/Projects/KapraDaily/node_modules/@react-native-community/blur/android/build/intermediates/runtime_library_classes_dir/release/bundleLibRuntimeToDirRelease because:
  Build cache is disabled
Skipping DexingNoClasspathTransform: /Users/oem/Projects/KapraDaily/node_modules/@react-native-community/blur/android/build/intermediates/runtime_library_classes_dir/release/bundleLibRuntimeToDirRelease as it is up-to-date.
:react-native-community_geolocation:packageReleaseResources (Thread[Execution worker Thread 7,5,main]) started.
DexingOutputSplitTransform (Thread[Execution worker Thread 4,5,main]) started.

> Task :react-native-community_geolocation:packageReleaseResources UP-TO-DATE
Caching disabled for task ':react-native-community_geolocation:packageReleaseResources' because:
  Build cache is disabled
Skipping task ':react-native-community_geolocation:packageReleaseResources' as it is up-to-date.
work action resolve packageReleaseResources (project :react-native-community_geolocation) (Thread[Execution worker Thread 7,5,main]) started.
Resolve mutations for :react-native-community_geolocation:parseReleaseLocalResources (Thread[Execution worker Thread 7,5,main]) started.
:react-native-community_geolocation:parseReleaseLocalResources (Thread[Execution worker Thread 7,5,main]) started.

> Task :react-native-community_geolocation:parseReleaseLocalResources UP-TO-DATE
Caching disabled for task ':react-native-community_geolocation:parseReleaseLocalResources' because:
  Build cache is disabled
Skipping task ':react-native-community_geolocation:parseReleaseLocalResources' as it is up-to-date.
Resolve mutations for :react-native-community_geolocation:generateReleaseRFile (Thread[Execution worker Thread 7,5,main]) started.
:react-native-community_geolocation:generateReleaseRFile (Thread[Execution worker Thread 7,5,main]) started.

> Task :react-native-community_geolocation:generateReleaseRFile UP-TO-DATE
Caching disabled for task ':react-native-community_geolocation:generateReleaseRFile' because:
  Build cache is disabled
Skipping task ':react-native-community_geolocation:generateReleaseRFile' as it is up-to-date.
work action resolve package-aware-r.txt (project :react-native-community_geolocation) (Thread[Execution worker Thread 7,5,main]) started.
Resolve mutations for :react-native-community_geolocation:javaPreCompileRelease (Thread[Execution worker Thread 7,5,main]) started.
:react-native-community_geolocation:javaPreCompileRelease (Thread[Execution worker Thread 7,5,main]) started.

> Task :react-native-community_geolocation:javaPreCompileRelease UP-TO-DATE
Caching disabled for task ':react-native-community_geolocation:javaPreCompileRelease' because:
  Build cache is disabled
Skipping task ':react-native-community_geolocation:javaPreCompileRelease' as it is up-to-date.
Resolve mutations for :react-native-community_geolocation:compileReleaseJavaWithJavac (Thread[Execution worker Thread 7,5,main]) started.
:react-native-community_geolocation:compileReleaseJavaWithJavac (Thread[Execution worker Thread 7,5,main]) started.

> Task :react-native-community_geolocation:compileReleaseJavaWithJavac UP-TO-DATE
Custom actions are attached to task ':react-native-community_geolocation:compileReleaseJavaWithJavac'.
Caching disabled for task ':react-native-community_geolocation:compileReleaseJavaWithJavac' because:
  Build cache is disabled
Skipping task ':react-native-community_geolocation:compileReleaseJavaWithJavac' as it is up-to-date.
No compile result for :react-native-community_geolocation:compileReleaseJavaWithJavac
No compile result for :react-native-community_geolocation:compileReleaseJavaWithJavac
Resolve mutations for :react-native-community_geolocation:bundleLibRuntimeToDirRelease (Thread[Execution worker Thread 7,5,main]) started.
:react-native-community_geolocation:bundleLibRuntimeToDirRelease (Thread[Execution worker Thread 7,5,main]) started.

> Task :react-native-community_geolocation:bundleLibRuntimeToDirRelease UP-TO-DATE
Caching disabled for task ':react-native-community_geolocation:bundleLibRuntimeToDirRelease' because:
  Build cache is disabled
  Simple merging task
Skipping task ':react-native-community_geolocation:bundleLibRuntimeToDirRelease' as it is up-to-date.
work action resolve bundleLibRuntimeToDirRelease (project :react-native-community_geolocation) (Thread[Execution worker Thread 7,5,main]) started.
ClassesDirToClassesTransform (Thread[Execution worker Thread 7,5,main]) started.
Resolve mutations for :react-native-device-info:generateReleaseBuildConfig (Thread[Execution worker Thread 4,5,main]) started.
:react-native-device-info:generateReleaseBuildConfig (Thread[Execution worker Thread 4,5,main]) started.
DexingNoClasspathTransform (Thread[Execution worker Thread 7,5,main]) started.

> Task :react-native-device-info:generateReleaseBuildConfig UP-TO-DATE
Caching disabled for task ':react-native-device-info:generateReleaseBuildConfig' because:
  Build cache is disabled
Skipping task ':react-native-device-info:generateReleaseBuildConfig' as it is up-to-date.
Resolve mutations for :react-native-device-info:generateReleaseResValues (Thread[Execution worker Thread 4,5,main]) started.
:react-native-device-info:generateReleaseResValues (Thread[Execution worker Thread 4,5,main]) started.

> Task :react-native-device-info:generateReleaseResValues UP-TO-DATE
Caching disabled for task ':react-native-device-info:generateReleaseResValues' because:
  Build cache is disabled
Skipping task ':react-native-device-info:generateReleaseResValues' as it is up-to-date.
Resolve mutations for :react-native-device-info:generateReleaseResources (Thread[Execution worker Thread 4,5,main]) started.
:react-native-device-info:generateReleaseResources (Thread[Execution worker Thread 4,5,main]) started.

> Transform bundleLibRuntimeToDirRelease (project :react-native-community_geolocation) with DexingNoClasspathTransform
Caching disabled for DexingNoClasspathTransform: /Users/oem/Projects/KapraDaily/node_modules/@react-native-community/geolocation/android/build/intermediates/runtime_library_classes_dir/release/bundleLibRuntimeToDirRelease because:
  Build cache is disabled
Skipping DexingNoClasspathTransform: /Users/oem/Projects/KapraDaily/node_modules/@react-native-community/geolocation/android/build/intermediates/runtime_library_classes_dir/release/bundleLibRuntimeToDirRelease as it is up-to-date.
DexingOutputSplitTransform (Thread[Execution worker Thread 7,5,main]) started.

> Task :react-native-device-info:generateReleaseResources UP-TO-DATE
Caching disabled for task ':react-native-device-info:generateReleaseResources' because:
  Build cache is disabled
Skipping task ':react-native-device-info:generateReleaseResources' as it is up-to-date.
Resolve mutations for :react-native-device-info:packageReleaseResources (Thread[Execution worker Thread 4,5,main]) started.
:react-native-device-info:packageReleaseResources (Thread[Execution worker Thread 4,5,main]) started.

> Task :react-native-device-info:packageReleaseResources UP-TO-DATE
Caching disabled for task ':react-native-device-info:packageReleaseResources' because:
  Build cache is disabled
Skipping task ':react-native-device-info:packageReleaseResources' as it is up-to-date.
work action resolve packageReleaseResources (project :react-native-device-info) (Thread[Execution worker Thread 4,5,main]) started.
Resolve mutations for :react-native-device-info:parseReleaseLocalResources (Thread[Execution worker Thread 4,5,main]) started.
:react-native-device-info:parseReleaseLocalResources (Thread[Execution worker Thread 4,5,main]) started.

> Task :react-native-device-info:parseReleaseLocalResources UP-TO-DATE
Caching disabled for task ':react-native-device-info:parseReleaseLocalResources' because:
  Build cache is disabled
Skipping task ':react-native-device-info:parseReleaseLocalResources' as it is up-to-date.
Resolve mutations for :react-native-device-info:generateReleaseRFile (Thread[Execution worker Thread 4,5,main]) started.
:react-native-device-info:generateReleaseRFile (Thread[Execution worker Thread 4,5,main]) started.

> Task :react-native-device-info:generateReleaseRFile UP-TO-DATE
Caching disabled for task ':react-native-device-info:generateReleaseRFile' because:
  Build cache is disabled
Skipping task ':react-native-device-info:generateReleaseRFile' as it is up-to-date.
work action resolve package-aware-r.txt (project :react-native-device-info) (Thread[Execution worker Thread 4,5,main]) started.
Resolve mutations for :react-native-device-info:javaPreCompileRelease (Thread[Execution worker Thread 4,5,main]) started.
:react-native-device-info:javaPreCompileRelease (Thread[Execution worker Thread 4,5,main]) started.

> Task :react-native-device-info:javaPreCompileRelease UP-TO-DATE
Caching disabled for task ':react-native-device-info:javaPreCompileRelease' because:
  Build cache is disabled
Skipping task ':react-native-device-info:javaPreCompileRelease' as it is up-to-date.
Resolve mutations for :react-native-device-info:compileReleaseJavaWithJavac (Thread[Execution worker Thread 4,5,main]) started.
:react-native-device-info:compileReleaseJavaWithJavac (Thread[Execution worker Thread 4,5,main]) started.

> Task :react-native-device-info:compileReleaseJavaWithJavac UP-TO-DATE
Custom actions are attached to task ':react-native-device-info:compileReleaseJavaWithJavac'.
Caching disabled for task ':react-native-device-info:compileReleaseJavaWithJavac' because:
  Build cache is disabled
Skipping task ':react-native-device-info:compileReleaseJavaWithJavac' as it is up-to-date.
No compile result for :react-native-device-info:compileReleaseJavaWithJavac
No compile result for :react-native-device-info:compileReleaseJavaWithJavac
Resolve mutations for :react-native-device-info:bundleLibRuntimeToDirRelease (Thread[Execution worker Thread 4,5,main]) started.
:react-native-device-info:bundleLibRuntimeToDirRelease (Thread[Execution worker Thread 4,5,main]) started.

> Task :react-native-device-info:bundleLibRuntimeToDirRelease UP-TO-DATE
Caching disabled for task ':react-native-device-info:bundleLibRuntimeToDirRelease' because:
  Build cache is disabled
  Simple merging task
Skipping task ':react-native-device-info:bundleLibRuntimeToDirRelease' as it is up-to-date.
work action resolve bundleLibRuntimeToDirRelease (project :react-native-device-info) (Thread[Execution worker Thread 4,5,main]) started.
ClassesDirToClassesTransform (Thread[Execution worker Thread 4,5,main]) started.
Resolve mutations for :react-native-fast-image:generateReleaseBuildConfig (Thread[Execution worker Thread 3,5,main]) started.
DexingNoClasspathTransform (Thread[Execution worker Thread 4,5,main]) started.
:react-native-fast-image:generateReleaseBuildConfig (Thread[Execution worker Thread 3,5,main]) started.

> Task :react-native-fast-image:generateReleaseBuildConfig UP-TO-DATE
Caching disabled for task ':react-native-fast-image:generateReleaseBuildConfig' because:
  Build cache is disabled
Skipping task ':react-native-fast-image:generateReleaseBuildConfig' as it is up-to-date.
Resolve mutations for :react-native-fast-image:generateReleaseResValues (Thread[Execution worker Thread 3,5,main]) started.
:react-native-fast-image:generateReleaseResValues (Thread[Execution worker Thread 3,5,main]) started.

> Task :react-native-fast-image:generateReleaseResValues UP-TO-DATE
Caching disabled for task ':react-native-fast-image:generateReleaseResValues' because:
  Build cache is disabled
Skipping task ':react-native-fast-image:generateReleaseResValues' as it is up-to-date.

> Transform bundleLibRuntimeToDirRelease (project :react-native-device-info) with DexingNoClasspathTransform
Caching disabled for DexingNoClasspathTransform: /Users/oem/Projects/KapraDaily/node_modules/react-native-device-info/android/build/intermediates/runtime_library_classes_dir/release/bundleLibRuntimeToDirRelease because:
  Build cache is disabled
Skipping DexingNoClasspathTransform: /Users/oem/Projects/KapraDaily/node_modules/react-native-device-info/android/build/intermediates/runtime_library_classes_dir/release/bundleLibRuntimeToDirRelease as it is up-to-date.
DexingOutputSplitTransform (Thread[Execution worker Thread 4,5,main]) started.
Resolve mutations for :react-native-fast-image:generateReleaseResources (Thread[Execution worker Thread 3,5,main]) started.
:react-native-fast-image:generateReleaseResources (Thread[Execution worker Thread 3,5,main]) started.

> Task :react-native-fast-image:generateReleaseResources UP-TO-DATE
Caching disabled for task ':react-native-fast-image:generateReleaseResources' because:
  Build cache is disabled
Skipping task ':react-native-fast-image:generateReleaseResources' as it is up-to-date.
Resolve mutations for :react-native-fast-image:packageReleaseResources (Thread[Execution worker Thread 3,5,main]) started.
:react-native-fast-image:packageReleaseResources (Thread[Execution worker Thread 3,5,main]) started.

> Task :react-native-fast-image:packageReleaseResources UP-TO-DATE
Caching disabled for task ':react-native-fast-image:packageReleaseResources' because:
  Build cache is disabled
Skipping task ':react-native-fast-image:packageReleaseResources' as it is up-to-date.
work action resolve packageReleaseResources (project :react-native-fast-image) (Thread[Execution worker Thread 3,5,main]) started.
Resolve mutations for :react-native-fast-image:parseReleaseLocalResources (Thread[Execution worker Thread 3,5,main]) started.
:react-native-fast-image:parseReleaseLocalResources (Thread[Execution worker Thread 3,5,main]) started.

> Task :react-native-fast-image:parseReleaseLocalResources UP-TO-DATE
Caching disabled for task ':react-native-fast-image:parseReleaseLocalResources' because:
  Build cache is disabled
Skipping task ':react-native-fast-image:parseReleaseLocalResources' as it is up-to-date.
Resolve mutations for :react-native-fast-image:generateReleaseRFile (Thread[Execution worker Thread 3,5,main]) started.
:react-native-fast-image:generateReleaseRFile (Thread[Execution worker Thread 3,5,main]) started.

> Task :react-native-fast-image:generateReleaseRFile UP-TO-DATE
Caching disabled for task ':react-native-fast-image:generateReleaseRFile' because:
  Build cache is disabled
Skipping task ':react-native-fast-image:generateReleaseRFile' as it is up-to-date.
work action resolve package-aware-r.txt (project :react-native-fast-image) (Thread[Execution worker Thread 3,5,main]) started.
Resolve mutations for :react-native-fast-image:javaPreCompileRelease (Thread[Execution worker Thread 3,5,main]) started.
:react-native-fast-image:javaPreCompileRelease (Thread[Execution worker Thread 3,5,main]) started.

> Task :react-native-fast-image:javaPreCompileRelease UP-TO-DATE
Caching disabled for task ':react-native-fast-image:javaPreCompileRelease' because:
  Build cache is disabled
Skipping task ':react-native-fast-image:javaPreCompileRelease' as it is up-to-date.
Resolve mutations for :react-native-fast-image:compileReleaseJavaWithJavac (Thread[Execution worker Thread 3,5,main]) started.
:react-native-fast-image:compileReleaseJavaWithJavac (Thread[Execution worker Thread 3,5,main]) started.

> Task :react-native-fast-image:compileReleaseJavaWithJavac UP-TO-DATE
Custom actions are attached to task ':react-native-fast-image:compileReleaseJavaWithJavac'.
Caching disabled for task ':react-native-fast-image:compileReleaseJavaWithJavac' because:
  Build cache is disabled
Skipping task ':react-native-fast-image:compileReleaseJavaWithJavac' as it is up-to-date.
No compile result for :react-native-fast-image:compileReleaseJavaWithJavac
No compile result for :react-native-fast-image:compileReleaseJavaWithJavac
Resolve mutations for :react-native-fast-image:bundleLibRuntimeToDirRelease (Thread[Execution worker Thread 3,5,main]) started.
:react-native-fast-image:bundleLibRuntimeToDirRelease (Thread[Execution worker Thread 3,5,main]) started.

> Task :react-native-fast-image:bundleLibRuntimeToDirRelease UP-TO-DATE
Caching disabled for task ':react-native-fast-image:bundleLibRuntimeToDirRelease' because:
  Build cache is disabled
  Simple merging task
Skipping task ':react-native-fast-image:bundleLibRuntimeToDirRelease' as it is up-to-date.
work action resolve bundleLibRuntimeToDirRelease (project :react-native-fast-image) (Thread[Execution worker Thread 3,5,main]) started.
ClassesDirToClassesTransform (Thread[Execution worker Thread 3,5,main]) started.
Resolve mutations for :react-native-linear-gradient:generateReleaseBuildConfig (Thread[Execution worker,5,main]) started.
:react-native-linear-gradient:generateReleaseBuildConfig (Thread[Execution worker,5,main]) started.
DexingNoClasspathTransform (Thread[Execution worker Thread 3,5,main]) started.

> Task :react-native-linear-gradient:generateReleaseBuildConfig UP-TO-DATE
Caching disabled for task ':react-native-linear-gradient:generateReleaseBuildConfig' because:
  Build cache is disabled
Skipping task ':react-native-linear-gradient:generateReleaseBuildConfig' as it is up-to-date.
Resolve mutations for :react-native-linear-gradient:generateReleaseResValues (Thread[Execution worker,5,main]) started.
:react-native-linear-gradient:generateReleaseResValues (Thread[Execution worker,5,main]) started.

> Task :react-native-linear-gradient:generateReleaseResValues UP-TO-DATE
Caching disabled for task ':react-native-linear-gradient:generateReleaseResValues' because:
  Build cache is disabled
Skipping task ':react-native-linear-gradient:generateReleaseResValues' as it is up-to-date.
Resolve mutations for :react-native-linear-gradient:generateReleaseResources (Thread[Execution worker,5,main]) started.
:react-native-linear-gradient:generateReleaseResources (Thread[Execution worker,5,main]) started.

> Task :react-native-linear-gradient:generateReleaseResources UP-TO-DATE
Caching disabled for task ':react-native-linear-gradient:generateReleaseResources' because:
  Build cache is disabled
Skipping task ':react-native-linear-gradient:generateReleaseResources' as it is up-to-date.
Resolve mutations for :react-native-linear-gradient:packageReleaseResources (Thread[Execution worker,5,main]) started.
:react-native-linear-gradient:packageReleaseResources (Thread[Execution worker,5,main]) started.

> Task :react-native-linear-gradient:packageReleaseResources UP-TO-DATE
Caching disabled for task ':react-native-linear-gradient:packageReleaseResources' because:
  Build cache is disabled
Skipping task ':react-native-linear-gradient:packageReleaseResources' as it is up-to-date.
work action resolve packageReleaseResources (project :react-native-linear-gradient) (Thread[Execution worker,5,main]) started.
Resolve mutations for :react-native-linear-gradient:parseReleaseLocalResources (Thread[Execution worker,5,main]) started.
:react-native-linear-gradient:parseReleaseLocalResources (Thread[Execution worker,5,main]) started.

> Transform bundleLibRuntimeToDirRelease (project :react-native-fast-image) with DexingNoClasspathTransform
Caching disabled for DexingNoClasspathTransform: /Users/oem/Projects/KapraDaily/node_modules/react-native-fast-image/android/build/intermediates/runtime_library_classes_dir/release/bundleLibRuntimeToDirRelease because:
  Build cache is disabled
Skipping DexingNoClasspathTransform: /Users/oem/Projects/KapraDaily/node_modules/react-native-fast-image/android/build/intermediates/runtime_library_classes_dir/release/bundleLibRuntimeToDirRelease as it is up-to-date.
DexingOutputSplitTransform (Thread[Execution worker Thread 3,5,main]) started.

> Task :react-native-linear-gradient:parseReleaseLocalResources UP-TO-DATE
Caching disabled for task ':react-native-linear-gradient:parseReleaseLocalResources' because:
  Build cache is disabled
Skipping task ':react-native-linear-gradient:parseReleaseLocalResources' as it is up-to-date.
Resolve mutations for :react-native-linear-gradient:generateReleaseRFile (Thread[Execution worker,5,main]) started.
:react-native-linear-gradient:generateReleaseRFile (Thread[Execution worker,5,main]) started.

> Task :react-native-linear-gradient:generateReleaseRFile UP-TO-DATE
Caching disabled for task ':react-native-linear-gradient:generateReleaseRFile' because:
  Build cache is disabled
Skipping task ':react-native-linear-gradient:generateReleaseRFile' as it is up-to-date.
work action resolve package-aware-r.txt (project :react-native-linear-gradient) (Thread[Execution worker,5,main]) started.
Resolve mutations for :react-native-linear-gradient:javaPreCompileRelease (Thread[Execution worker Thread 6,5,main]) started.
:react-native-linear-gradient:javaPreCompileRelease (Thread[Execution worker Thread 6,5,main]) started.

> Task :react-native-linear-gradient:javaPreCompileRelease UP-TO-DATE
Caching disabled for task ':react-native-linear-gradient:javaPreCompileRelease' because:
  Build cache is disabled
Skipping task ':react-native-linear-gradient:javaPreCompileRelease' as it is up-to-date.
Resolve mutations for :react-native-linear-gradient:compileReleaseJavaWithJavac (Thread[Execution worker Thread 6,5,main]) started.
:react-native-linear-gradient:compileReleaseJavaWithJavac (Thread[Execution worker Thread 6,5,main]) started.

> Task :react-native-linear-gradient:compileReleaseJavaWithJavac UP-TO-DATE
Custom actions are attached to task ':react-native-linear-gradient:compileReleaseJavaWithJavac'.
Caching disabled for task ':react-native-linear-gradient:compileReleaseJavaWithJavac' because:
  Build cache is disabled
Skipping task ':react-native-linear-gradient:compileReleaseJavaWithJavac' as it is up-to-date.
No compile result for :react-native-linear-gradient:compileReleaseJavaWithJavac
No compile result for :react-native-linear-gradient:compileReleaseJavaWithJavac
Resolve mutations for :react-native-linear-gradient:bundleLibRuntimeToDirRelease (Thread[Execution worker Thread 6,5,main]) started.
:react-native-linear-gradient:bundleLibRuntimeToDirRelease (Thread[Execution worker Thread 6,5,main]) started.

> Task :react-native-linear-gradient:bundleLibRuntimeToDirRelease UP-TO-DATE
Caching disabled for task ':react-native-linear-gradient:bundleLibRuntimeToDirRelease' because:
  Build cache is disabled
  Simple merging task
Skipping task ':react-native-linear-gradient:bundleLibRuntimeToDirRelease' as it is up-to-date.
work action resolve bundleLibRuntimeToDirRelease (project :react-native-linear-gradient) (Thread[Execution worker Thread 6,5,main]) started.
ClassesDirToClassesTransform (Thread[Execution worker Thread 6,5,main]) started.
Resolve mutations for :react-native-onesignal:generateReleaseBuildConfig (Thread[Execution worker,5,main]) started.
:react-native-onesignal:generateReleaseBuildConfig (Thread[Execution worker,5,main]) started.
DexingNoClasspathTransform (Thread[Execution worker Thread 6,5,main]) started.

> Task :react-native-onesignal:generateReleaseBuildConfig UP-TO-DATE
Caching disabled for task ':react-native-onesignal:generateReleaseBuildConfig' because:
  Build cache is disabled
Skipping task ':react-native-onesignal:generateReleaseBuildConfig' as it is up-to-date.
Resolve mutations for :react-native-onesignal:generateReleaseResValues (Thread[Execution worker,5,main]) started.
:react-native-onesignal:generateReleaseResValues (Thread[Execution worker,5,main]) started.

> Task :react-native-onesignal:generateReleaseResValues UP-TO-DATE
Caching disabled for task ':react-native-onesignal:generateReleaseResValues' because:
  Build cache is disabled
Skipping task ':react-native-onesignal:generateReleaseResValues' as it is up-to-date.
Resolve mutations for :react-native-onesignal:generateReleaseResources (Thread[Execution worker,5,main]) started.
:react-native-onesignal:generateReleaseResources (Thread[Execution worker,5,main]) started.

> Transform bundleLibRuntimeToDirRelease (project :react-native-linear-gradient) with DexingNoClasspathTransform
Caching disabled for DexingNoClasspathTransform: /Users/oem/Projects/KapraDaily/node_modules/react-native-linear-gradient/android/build/intermediates/runtime_library_classes_dir/release/bundleLibRuntimeToDirRelease because:
  Build cache is disabled
Skipping DexingNoClasspathTransform: /Users/oem/Projects/KapraDaily/node_modules/react-native-linear-gradient/android/build/intermediates/runtime_library_classes_dir/release/bundleLibRuntimeToDirRelease as it is up-to-date.
DexingOutputSplitTransform (Thread[Execution worker Thread 6,5,main]) started.

> Task :react-native-onesignal:generateReleaseResources UP-TO-DATE
Caching disabled for task ':react-native-onesignal:generateReleaseResources' because:
  Build cache is disabled
Skipping task ':react-native-onesignal:generateReleaseResources' as it is up-to-date.
Resolve mutations for :react-native-onesignal:packageReleaseResources (Thread[Execution worker,5,main]) started.
:react-native-onesignal:packageReleaseResources (Thread[Execution worker,5,main]) started.

> Task :react-native-onesignal:packageReleaseResources UP-TO-DATE
Caching disabled for task ':react-native-onesignal:packageReleaseResources' because:
  Build cache is disabled
Skipping task ':react-native-onesignal:packageReleaseResources' as it is up-to-date.
work action resolve packageReleaseResources (project :react-native-onesignal) (Thread[Execution worker,5,main]) started.
Resolve mutations for :react-native-onesignal:parseReleaseLocalResources (Thread[Execution worker,5,main]) started.
:react-native-onesignal:parseReleaseLocalResources (Thread[Execution worker,5,main]) started.

> Task :react-native-onesignal:parseReleaseLocalResources UP-TO-DATE
Caching disabled for task ':react-native-onesignal:parseReleaseLocalResources' because:
  Build cache is disabled
Skipping task ':react-native-onesignal:parseReleaseLocalResources' as it is up-to-date.
Resolve mutations for :react-native-onesignal:generateReleaseRFile (Thread[Execution worker,5,main]) started.
:react-native-onesignal:generateReleaseRFile (Thread[Execution worker,5,main]) started.

> Task :react-native-onesignal:generateReleaseRFile UP-TO-DATE
Caching disabled for task ':react-native-onesignal:generateReleaseRFile' because:
  Build cache is disabled
Skipping task ':react-native-onesignal:generateReleaseRFile' as it is up-to-date.
work action resolve package-aware-r.txt (project :react-native-onesignal) (Thread[Execution worker,5,main]) started.
Resolve mutations for :react-native-onesignal:javaPreCompileRelease (Thread[Execution worker,5,main]) started.
:react-native-onesignal:javaPreCompileRelease (Thread[Execution worker,5,main]) started.

> Task :react-native-onesignal:javaPreCompileRelease UP-TO-DATE
Caching disabled for task ':react-native-onesignal:javaPreCompileRelease' because:
  Build cache is disabled
Skipping task ':react-native-onesignal:javaPreCompileRelease' as it is up-to-date.
Resolve mutations for :react-native-onesignal:compileReleaseJavaWithJavac (Thread[Execution worker,5,main]) started.
:react-native-onesignal:compileReleaseJavaWithJavac (Thread[Execution worker,5,main]) started.

> Task :react-native-onesignal:compileReleaseJavaWithJavac UP-TO-DATE
file or directory '/Users/oem/Projects/KapraDaily/node_modules/react-native-onesignal/android/libs', not found
file or directory '/Users/oem/Projects/KapraDaily/node_modules/react-native-onesignal/android/libs', not found
Custom actions are attached to task ':react-native-onesignal:compileReleaseJavaWithJavac'.
Caching disabled for task ':react-native-onesignal:compileReleaseJavaWithJavac' because:
  Build cache is disabled
Skipping task ':react-native-onesignal:compileReleaseJavaWithJavac' as it is up-to-date.
No compile result for :react-native-onesignal:compileReleaseJavaWithJavac
No compile result for :react-native-onesignal:compileReleaseJavaWithJavac
Resolve mutations for :react-native-onesignal:bundleLibRuntimeToDirRelease (Thread[Execution worker,5,main]) started.
:react-native-onesignal:bundleLibRuntimeToDirRelease (Thread[Execution worker,5,main]) started.

> Task :react-native-onesignal:bundleLibRuntimeToDirRelease UP-TO-DATE
Caching disabled for task ':react-native-onesignal:bundleLibRuntimeToDirRelease' because:
  Build cache is disabled
  Simple merging task
Skipping task ':react-native-onesignal:bundleLibRuntimeToDirRelease' as it is up-to-date.
work action resolve bundleLibRuntimeToDirRelease (project :react-native-onesignal) (Thread[Execution worker,5,main]) started.
ClassesDirToClassesTransform (Thread[Execution worker,5,main]) started.
DexingNoClasspathTransform (Thread[Execution worker,5,main]) started.
Resolve mutations for :react-native-otp-verify:generateReleaseBuildConfig (Thread[included builds,5,main]) started.
:react-native-otp-verify:generateReleaseBuildConfig (Thread[included builds,5,main]) started.

> Task :react-native-otp-verify:generateReleaseBuildConfig UP-TO-DATE
Caching disabled for task ':react-native-otp-verify:generateReleaseBuildConfig' because:
  Build cache is disabled
Skipping task ':react-native-otp-verify:generateReleaseBuildConfig' as it is up-to-date.
Resolve mutations for :react-native-otp-verify:generateReleaseResValues (Thread[included builds,5,main]) started.
:react-native-otp-verify:generateReleaseResValues (Thread[included builds,5,main]) started.

> Task :react-native-otp-verify:generateReleaseResValues UP-TO-DATE
Caching disabled for task ':react-native-otp-verify:generateReleaseResValues' because:
  Build cache is disabled
Skipping task ':react-native-otp-verify:generateReleaseResValues' as it is up-to-date.

> Transform bundleLibRuntimeToDirRelease (project :react-native-onesignal) with DexingNoClasspathTransform
Caching disabled for DexingNoClasspathTransform: /Users/oem/Projects/KapraDaily/node_modules/react-native-onesignal/android/build/intermediates/runtime_library_classes_dir/release/bundleLibRuntimeToDirRelease because:
  Build cache is disabled
Skipping DexingNoClasspathTransform: /Users/oem/Projects/KapraDaily/node_modules/react-native-onesignal/android/build/intermediates/runtime_library_classes_dir/release/bundleLibRuntimeToDirRelease as it is up-to-date.
DexingOutputSplitTransform (Thread[Execution worker,5,main]) started.
Resolve mutations for :react-native-otp-verify:generateReleaseResources (Thread[included builds,5,main]) started.
:react-native-otp-verify:generateReleaseResources (Thread[included builds,5,main]) started.

> Task :react-native-otp-verify:generateReleaseResources UP-TO-DATE
Caching disabled for task ':react-native-otp-verify:generateReleaseResources' because:
  Build cache is disabled
Skipping task ':react-native-otp-verify:generateReleaseResources' as it is up-to-date.
Resolve mutations for :react-native-otp-verify:packageReleaseResources (Thread[included builds,5,main]) started.
:react-native-otp-verify:packageReleaseResources (Thread[included builds,5,main]) started.

> Task :react-native-otp-verify:packageReleaseResources UP-TO-DATE
Caching disabled for task ':react-native-otp-verify:packageReleaseResources' because:
  Build cache is disabled
Skipping task ':react-native-otp-verify:packageReleaseResources' as it is up-to-date.
work action resolve packageReleaseResources (project :react-native-otp-verify) (Thread[included builds,5,main]) started.
Resolve mutations for :react-native-otp-verify:parseReleaseLocalResources (Thread[included builds,5,main]) started.
:react-native-otp-verify:parseReleaseLocalResources (Thread[included builds,5,main]) started.

> Task :react-native-otp-verify:parseReleaseLocalResources UP-TO-DATE
Caching disabled for task ':react-native-otp-verify:parseReleaseLocalResources' because:
  Build cache is disabled
Skipping task ':react-native-otp-verify:parseReleaseLocalResources' as it is up-to-date.
Resolve mutations for :react-native-otp-verify:generateReleaseRFile (Thread[included builds,5,main]) started.
:react-native-otp-verify:generateReleaseRFile (Thread[included builds,5,main]) started.

> Task :react-native-otp-verify:generateReleaseRFile UP-TO-DATE
Caching disabled for task ':react-native-otp-verify:generateReleaseRFile' because:
  Build cache is disabled
Skipping task ':react-native-otp-verify:generateReleaseRFile' as it is up-to-date.
work action resolve package-aware-r.txt (project :react-native-otp-verify) (Thread[included builds,5,main]) started.
Resolve mutations for :react-native-otp-verify:javaPreCompileRelease (Thread[included builds,5,main]) started.
:react-native-otp-verify:javaPreCompileRelease (Thread[included builds,5,main]) started.

> Task :react-native-otp-verify:javaPreCompileRelease UP-TO-DATE
Caching disabled for task ':react-native-otp-verify:javaPreCompileRelease' because:
  Build cache is disabled
Skipping task ':react-native-otp-verify:javaPreCompileRelease' as it is up-to-date.
Resolve mutations for :react-native-otp-verify:compileReleaseJavaWithJavac (Thread[included builds,5,main]) started.
:react-native-otp-verify:compileReleaseJavaWithJavac (Thread[included builds,5,main]) started.

> Task :react-native-otp-verify:compileReleaseJavaWithJavac UP-TO-DATE
Custom actions are attached to task ':react-native-otp-verify:compileReleaseJavaWithJavac'.
Caching disabled for task ':react-native-otp-verify:compileReleaseJavaWithJavac' because:
  Build cache is disabled
Skipping task ':react-native-otp-verify:compileReleaseJavaWithJavac' as it is up-to-date.
No compile result for :react-native-otp-verify:compileReleaseJavaWithJavac
No compile result for :react-native-otp-verify:compileReleaseJavaWithJavac
Resolve mutations for :react-native-otp-verify:bundleLibRuntimeToDirRelease (Thread[included builds,5,main]) started.
:react-native-otp-verify:bundleLibRuntimeToDirRelease (Thread[included builds,5,main]) started.

> Task :react-native-otp-verify:bundleLibRuntimeToDirRelease UP-TO-DATE
Caching disabled for task ':react-native-otp-verify:bundleLibRuntimeToDirRelease' because:
  Build cache is disabled
  Simple merging task
Skipping task ':react-native-otp-verify:bundleLibRuntimeToDirRelease' as it is up-to-date.
work action resolve bundleLibRuntimeToDirRelease (project :react-native-otp-verify) (Thread[included builds,5,main]) started.
ClassesDirToClassesTransform (Thread[included builds,5,main]) started.
Resolve mutations for :react-native-razorpay:generateReleaseBuildConfig (Thread[Execution worker Thread 4,5,main]) started.
:react-native-razorpay:generateReleaseBuildConfig (Thread[Execution worker Thread 4,5,main]) started.
DexingNoClasspathTransform (Thread[included builds,5,main]) started.

> Task :react-native-razorpay:generateReleaseBuildConfig UP-TO-DATE
Caching disabled for task ':react-native-razorpay:generateReleaseBuildConfig' because:
  Build cache is disabled
Skipping task ':react-native-razorpay:generateReleaseBuildConfig' as it is up-to-date.
Resolve mutations for :react-native-razorpay:generateReleaseResValues (Thread[Execution worker Thread 4,5,main]) started.
:react-native-razorpay:generateReleaseResValues (Thread[Execution worker Thread 4,5,main]) started.

> Task :react-native-razorpay:generateReleaseResValues UP-TO-DATE
Caching disabled for task ':react-native-razorpay:generateReleaseResValues' because:
  Build cache is disabled
Skipping task ':react-native-razorpay:generateReleaseResValues' as it is up-to-date.
Resolve mutations for :react-native-razorpay:generateReleaseResources (Thread[Execution worker Thread 4,5,main]) started.
:react-native-razorpay:generateReleaseResources (Thread[Execution worker Thread 4,5,main]) started.

> Task :react-native-razorpay:generateReleaseResources UP-TO-DATE
Caching disabled for task ':react-native-razorpay:generateReleaseResources' because:
  Build cache is disabled
Skipping task ':react-native-razorpay:generateReleaseResources' as it is up-to-date.
Resolve mutations for :react-native-razorpay:packageReleaseResources (Thread[Execution worker Thread 4,5,main]) started.

> Transform bundleLibRuntimeToDirRelease (project :react-native-otp-verify) with DexingNoClasspathTransform
Caching disabled for DexingNoClasspathTransform: /Users/oem/Projects/KapraDaily/node_modules/react-native-otp-verify/android/build/intermediates/runtime_library_classes_dir/release/bundleLibRuntimeToDirRelease because:
  Build cache is disabled
Skipping DexingNoClasspathTransform: /Users/oem/Projects/KapraDaily/node_modules/react-native-otp-verify/android/build/intermediates/runtime_library_classes_dir/release/bundleLibRuntimeToDirRelease as it is up-to-date.
DexingOutputSplitTransform (Thread[included builds,5,main]) started.
:react-native-razorpay:packageReleaseResources (Thread[Execution worker Thread 4,5,main]) started.

> Task :react-native-razorpay:packageReleaseResources UP-TO-DATE
Caching disabled for task ':react-native-razorpay:packageReleaseResources' because:
  Build cache is disabled
Skipping task ':react-native-razorpay:packageReleaseResources' as it is up-to-date.
work action resolve packageReleaseResources (project :react-native-razorpay) (Thread[Execution worker Thread 4,5,main]) started.
Resolve mutations for :react-native-razorpay:parseReleaseLocalResources (Thread[Execution worker Thread 4,5,main]) started.
:react-native-razorpay:parseReleaseLocalResources (Thread[Execution worker Thread 4,5,main]) started.

> Task :react-native-razorpay:parseReleaseLocalResources UP-TO-DATE
Caching disabled for task ':react-native-razorpay:parseReleaseLocalResources' because:
  Build cache is disabled
Skipping task ':react-native-razorpay:parseReleaseLocalResources' as it is up-to-date.
Resolve mutations for :react-native-razorpay:generateReleaseRFile (Thread[Execution worker Thread 4,5,main]) started.
:react-native-razorpay:generateReleaseRFile (Thread[Execution worker Thread 4,5,main]) started.

> Task :react-native-razorpay:generateReleaseRFile UP-TO-DATE
Caching disabled for task ':react-native-razorpay:generateReleaseRFile' because:
  Build cache is disabled
Skipping task ':react-native-razorpay:generateReleaseRFile' as it is up-to-date.
work action resolve package-aware-r.txt (project :react-native-razorpay) (Thread[Execution worker Thread 4,5,main]) started.
Resolve mutations for :react-native-razorpay:javaPreCompileRelease (Thread[Execution worker Thread 4,5,main]) started.
:react-native-razorpay:javaPreCompileRelease (Thread[Execution worker Thread 4,5,main]) started.

> Task :react-native-razorpay:javaPreCompileRelease UP-TO-DATE
Caching disabled for task ':react-native-razorpay:javaPreCompileRelease' because:
  Build cache is disabled
Skipping task ':react-native-razorpay:javaPreCompileRelease' as it is up-to-date.
Resolve mutations for :react-native-razorpay:compileReleaseJavaWithJavac (Thread[Execution worker Thread 4,5,main]) started.
:react-native-razorpay:compileReleaseJavaWithJavac (Thread[Execution worker Thread 4,5,main]) started.

> Task :react-native-razorpay:compileReleaseJavaWithJavac UP-TO-DATE
Custom actions are attached to task ':react-native-razorpay:compileReleaseJavaWithJavac'.
Caching disabled for task ':react-native-razorpay:compileReleaseJavaWithJavac' because:
  Build cache is disabled
Skipping task ':react-native-razorpay:compileReleaseJavaWithJavac' as it is up-to-date.
No compile result for :react-native-razorpay:compileReleaseJavaWithJavac
No compile result for :react-native-razorpay:compileReleaseJavaWithJavac
Resolve mutations for :react-native-razorpay:bundleLibRuntimeToDirRelease (Thread[Execution worker Thread 4,5,main]) started.
:react-native-razorpay:bundleLibRuntimeToDirRelease (Thread[Execution worker Thread 4,5,main]) started.

> Task :react-native-razorpay:bundleLibRuntimeToDirRelease UP-TO-DATE
Caching disabled for task ':react-native-razorpay:bundleLibRuntimeToDirRelease' because:
  Build cache is disabled
  Simple merging task
Skipping task ':react-native-razorpay:bundleLibRuntimeToDirRelease' as it is up-to-date.
work action resolve bundleLibRuntimeToDirRelease (project :react-native-razorpay) (Thread[Execution worker Thread 4,5,main]) started.
ClassesDirToClassesTransform (Thread[Execution worker Thread 4,5,main]) started.
DexingNoClasspathTransform (Thread[Execution worker Thread 4,5,main]) started.
Resolve mutations for :react-native-svg:generateReleaseBuildConfig (Thread[Execution worker Thread 2,5,main]) started.
:react-native-svg:generateReleaseBuildConfig (Thread[Execution worker Thread 2,5,main]) started.

> Task :react-native-svg:generateReleaseBuildConfig UP-TO-DATE
Caching disabled for task ':react-native-svg:generateReleaseBuildConfig' because:
  Build cache is disabled
Skipping task ':react-native-svg:generateReleaseBuildConfig' as it is up-to-date.
Resolve mutations for :react-native-svg:generateReleaseResValues (Thread[Execution worker Thread 2,5,main]) started.

> Transform bundleLibRuntimeToDirRelease (project :react-native-razorpay) with DexingNoClasspathTransform
Caching disabled for DexingNoClasspathTransform: /Users/oem/Projects/KapraDaily/node_modules/react-native-razorpay/android/build/intermediates/runtime_library_classes_dir/release/bundleLibRuntimeToDirRelease because:
  Build cache is disabled
Skipping DexingNoClasspathTransform: /Users/oem/Projects/KapraDaily/node_modules/react-native-razorpay/android/build/intermediates/runtime_library_classes_dir/release/bundleLibRuntimeToDirRelease as it is up-to-date.
DexingOutputSplitTransform (Thread[Execution worker Thread 4,5,main]) started.
:react-native-svg:generateReleaseResValues (Thread[Execution worker Thread 2,5,main]) started.

> Task :react-native-svg:generateReleaseResValues UP-TO-DATE
Caching disabled for task ':react-native-svg:generateReleaseResValues' because:
  Build cache is disabled
Skipping task ':react-native-svg:generateReleaseResValues' as it is up-to-date.
Resolve mutations for :react-native-svg:generateReleaseResources (Thread[Execution worker Thread 2,5,main]) started.
:react-native-svg:generateReleaseResources (Thread[Execution worker Thread 2,5,main]) started.

> Task :react-native-svg:generateReleaseResources UP-TO-DATE
Caching disabled for task ':react-native-svg:generateReleaseResources' because:
  Build cache is disabled
Skipping task ':react-native-svg:generateReleaseResources' as it is up-to-date.
Resolve mutations for :react-native-svg:packageReleaseResources (Thread[Execution worker Thread 2,5,main]) started.
:react-native-svg:packageReleaseResources (Thread[Execution worker Thread 2,5,main]) started.

> Task :react-native-svg:packageReleaseResources UP-TO-DATE
Caching disabled for task ':react-native-svg:packageReleaseResources' because:
  Build cache is disabled
Skipping task ':react-native-svg:packageReleaseResources' as it is up-to-date.
work action resolve packageReleaseResources (project :react-native-svg) (Thread[Execution worker Thread 2,5,main]) started.
Resolve mutations for :react-native-svg:parseReleaseLocalResources (Thread[Execution worker Thread 2,5,main]) started.
:react-native-svg:parseReleaseLocalResources (Thread[Execution worker Thread 2,5,main]) started.

> Task :react-native-svg:parseReleaseLocalResources UP-TO-DATE
Caching disabled for task ':react-native-svg:parseReleaseLocalResources' because:
  Build cache is disabled
Skipping task ':react-native-svg:parseReleaseLocalResources' as it is up-to-date.
Resolve mutations for :react-native-svg:generateReleaseRFile (Thread[Execution worker Thread 2,5,main]) started.
:react-native-svg:generateReleaseRFile (Thread[Execution worker Thread 2,5,main]) started.

> Task :react-native-svg:generateReleaseRFile UP-TO-DATE
Caching disabled for task ':react-native-svg:generateReleaseRFile' because:
  Build cache is disabled
Skipping task ':react-native-svg:generateReleaseRFile' as it is up-to-date.
work action resolve package-aware-r.txt (project :react-native-svg) (Thread[Execution worker Thread 2,5,main]) started.
Resolve mutations for :react-native-svg:javaPreCompileRelease (Thread[Execution worker Thread 2,5,main]) started.
:react-native-svg:javaPreCompileRelease (Thread[Execution worker Thread 2,5,main]) started.

> Task :react-native-svg:javaPreCompileRelease UP-TO-DATE
Caching disabled for task ':react-native-svg:javaPreCompileRelease' because:
  Build cache is disabled
Skipping task ':react-native-svg:javaPreCompileRelease' as it is up-to-date.
Resolve mutations for :react-native-svg:compileReleaseJavaWithJavac (Thread[Execution worker Thread 2,5,main]) started.
:react-native-svg:compileReleaseJavaWithJavac (Thread[Execution worker Thread 2,5,main]) started.

> Task :react-native-svg:compileReleaseJavaWithJavac UP-TO-DATE
Custom actions are attached to task ':react-native-svg:compileReleaseJavaWithJavac'.
Caching disabled for task ':react-native-svg:compileReleaseJavaWithJavac' because:
  Build cache is disabled
Skipping task ':react-native-svg:compileReleaseJavaWithJavac' as it is up-to-date.
No compile result for :react-native-svg:compileReleaseJavaWithJavac
No compile result for :react-native-svg:compileReleaseJavaWithJavac
Resolve mutations for :react-native-svg:bundleLibRuntimeToDirRelease (Thread[Execution worker Thread 2,5,main]) started.
:react-native-svg:bundleLibRuntimeToDirRelease (Thread[Execution worker Thread 2,5,main]) started.

> Task :react-native-svg:bundleLibRuntimeToDirRelease UP-TO-DATE
Caching disabled for task ':react-native-svg:bundleLibRuntimeToDirRelease' because:
  Build cache is disabled
  Simple merging task
Skipping task ':react-native-svg:bundleLibRuntimeToDirRelease' as it is up-to-date.
work action resolve bundleLibRuntimeToDirRelease (project :react-native-svg) (Thread[Execution worker Thread 2,5,main]) started.
ClassesDirToClassesTransform (Thread[Execution worker Thread 2,5,main]) started.
Resolve mutations for :react-native-vector-icons:generateReleaseBuildConfig (Thread[included builds,5,main]) started.
:react-native-vector-icons:generateReleaseBuildConfig (Thread[included builds,5,main]) started.
DexingNoClasspathTransform (Thread[Execution worker Thread 2,5,main]) started.

> Task :react-native-vector-icons:generateReleaseBuildConfig UP-TO-DATE
Caching disabled for task ':react-native-vector-icons:generateReleaseBuildConfig' because:
  Build cache is disabled
Skipping task ':react-native-vector-icons:generateReleaseBuildConfig' as it is up-to-date.
Resolve mutations for :react-native-vector-icons:generateReleaseResValues (Thread[included builds,5,main]) started.
:react-native-vector-icons:generateReleaseResValues (Thread[included builds,5,main]) started.

> Task :react-native-vector-icons:generateReleaseResValues UP-TO-DATE
Caching disabled for task ':react-native-vector-icons:generateReleaseResValues' because:
  Build cache is disabled
Skipping task ':react-native-vector-icons:generateReleaseResValues' as it is up-to-date.
Resolve mutations for :react-native-vector-icons:generateReleaseResources (Thread[included builds,5,main]) started.
:react-native-vector-icons:generateReleaseResources (Thread[included builds,5,main]) started.

> Task :react-native-vector-icons:generateReleaseResources UP-TO-DATE
Caching disabled for task ':react-native-vector-icons:generateReleaseResources' because:
  Build cache is disabled
Skipping task ':react-native-vector-icons:generateReleaseResources' as it is up-to-date.
Resolve mutations for :react-native-vector-icons:packageReleaseResources (Thread[included builds,5,main]) started.
:react-native-vector-icons:packageReleaseResources (Thread[included builds,5,main]) started.

> Transform bundleLibRuntimeToDirRelease (project :react-native-svg) with DexingNoClasspathTransform
Caching disabled for DexingNoClasspathTransform: /Users/oem/Projects/KapraDaily/node_modules/react-native-svg/android/build/intermediates/runtime_library_classes_dir/release/bundleLibRuntimeToDirRelease because:
  Build cache is disabled
Skipping DexingNoClasspathTransform: /Users/oem/Projects/KapraDaily/node_modules/react-native-svg/android/build/intermediates/runtime_library_classes_dir/release/bundleLibRuntimeToDirRelease as it is up-to-date.

> Task :react-native-vector-icons:packageReleaseResources UP-TO-DATE
Caching disabled for task ':react-native-vector-icons:packageReleaseResources' because:
  Build cache is disabled
Skipping task ':react-native-vector-icons:packageReleaseResources' as it is up-to-date.
DexingOutputSplitTransform (Thread[Execution worker Thread 2,5,main]) started.
work action resolve packageReleaseResources (project :react-native-vector-icons) (Thread[included builds,5,main]) started.
Resolve mutations for :react-native-vector-icons:parseReleaseLocalResources (Thread[included builds,5,main]) started.
:react-native-vector-icons:parseReleaseLocalResources (Thread[included builds,5,main]) started.

> Task :react-native-vector-icons:parseReleaseLocalResources UP-TO-DATE
Caching disabled for task ':react-native-vector-icons:parseReleaseLocalResources' because:
  Build cache is disabled
Skipping task ':react-native-vector-icons:parseReleaseLocalResources' as it is up-to-date.
Resolve mutations for :react-native-vector-icons:generateReleaseRFile (Thread[included builds,5,main]) started.
:react-native-vector-icons:generateReleaseRFile (Thread[included builds,5,main]) started.

> Task :react-native-vector-icons:generateReleaseRFile UP-TO-DATE
Caching disabled for task ':react-native-vector-icons:generateReleaseRFile' because:
  Build cache is disabled
Skipping task ':react-native-vector-icons:generateReleaseRFile' as it is up-to-date.
work action resolve package-aware-r.txt (project :react-native-vector-icons) (Thread[included builds,5,main]) started.
Resolve mutations for :react-native-vector-icons:javaPreCompileRelease (Thread[included builds,5,main]) started.
:react-native-vector-icons:javaPreCompileRelease (Thread[included builds,5,main]) started.

> Task :react-native-vector-icons:javaPreCompileRelease UP-TO-DATE
Caching disabled for task ':react-native-vector-icons:javaPreCompileRelease' because:
  Build cache is disabled
Skipping task ':react-native-vector-icons:javaPreCompileRelease' as it is up-to-date.
Resolve mutations for :react-native-vector-icons:compileReleaseJavaWithJavac (Thread[included builds,5,main]) started.
:react-native-vector-icons:compileReleaseJavaWithJavac (Thread[included builds,5,main]) started.

> Task :react-native-vector-icons:compileReleaseJavaWithJavac UP-TO-DATE
Custom actions are attached to task ':react-native-vector-icons:compileReleaseJavaWithJavac'.
Caching disabled for task ':react-native-vector-icons:compileReleaseJavaWithJavac' because:
  Build cache is disabled
Skipping task ':react-native-vector-icons:compileReleaseJavaWithJavac' as it is up-to-date.
No compile result for :react-native-vector-icons:compileReleaseJavaWithJavac
No compile result for :react-native-vector-icons:compileReleaseJavaWithJavac
Resolve mutations for :react-native-vector-icons:bundleLibRuntimeToDirRelease (Thread[included builds,5,main]) started.
:react-native-vector-icons:bundleLibRuntimeToDirRelease (Thread[included builds,5,main]) started.

> Task :react-native-vector-icons:bundleLibRuntimeToDirRelease UP-TO-DATE
Caching disabled for task ':react-native-vector-icons:bundleLibRuntimeToDirRelease' because:
  Build cache is disabled
  Simple merging task
Skipping task ':react-native-vector-icons:bundleLibRuntimeToDirRelease' as it is up-to-date.
work action resolve bundleLibRuntimeToDirRelease (project :react-native-vector-icons) (Thread[included builds,5,main]) started.
ClassesDirToClassesTransform (Thread[included builds,5,main]) started.
Resolve mutations for :app:checkReleaseDuplicateClasses (Thread[Execution worker,5,main]) started.
DexingNoClasspathTransform (Thread[Execution worker,5,main]) started.
:app:checkReleaseDuplicateClasses (Thread[Execution worker Thread 4,5,main]) started.

> Transform bundleLibRuntimeToDirRelease (project :react-native-vector-icons) with DexingNoClasspathTransform
Caching disabled for DexingNoClasspathTransform: /Users/oem/Projects/KapraDaily/node_modules/react-native-vector-icons/android/build/intermediates/runtime_library_classes_dir/release/bundleLibRuntimeToDirRelease because:
  Build cache is disabled
Skipping DexingNoClasspathTransform: /Users/oem/Projects/KapraDaily/node_modules/react-native-vector-icons/android/build/intermediates/runtime_library_classes_dir/release/bundleLibRuntimeToDirRelease as it is up-to-date.
DexingOutputSplitTransform (Thread[Execution worker,5,main]) started.

> Task :app:checkReleaseDuplicateClasses UP-TO-DATE
file or directory '/Users/oem/Projects/KapraDaily/node_modules/react-native-onesignal/android/libs', not found
file or directory '/Users/oem/Projects/KapraDaily/node_modules/react-native-onesignal/android/libs', not found
Caching disabled for task ':app:checkReleaseDuplicateClasses' because:
  Build cache is disabled
  Caching has been disabled for the task
Skipping task ':app:checkReleaseDuplicateClasses' as it is up-to-date.
Resolve mutations for :app:buildKotlinToolingMetadata (Thread[Execution worker Thread 4,5,main]) started.
:app:buildKotlinToolingMetadata (Thread[Execution worker Thread 4,5,main]) started.

> Task :app:buildKotlinToolingMetadata UP-TO-DATE
Caching disabled for task ':app:buildKotlinToolingMetadata' because:
  Build cache is disabled
  Caching has been disabled for the task
Skipping task ':app:buildKotlinToolingMetadata' as it is up-to-date.
Resolve mutations for :app:checkKotlinGradlePluginConfigurationErrors (Thread[Execution worker Thread 4,5,main]) started.
:app:checkKotlinGradlePluginConfigurationErrors (Thread[Execution worker Thread 4,5,main]) started.

> Task :app:checkKotlinGradlePluginConfigurationErrors SKIPPED
Skipping task ':app:checkKotlinGradlePluginConfigurationErrors' as task onlyIf 'errorDiagnostics are present' is false.
Resolve mutations for :app:generateReleaseBuildConfig (Thread[Execution worker Thread 4,5,main]) started.
:app:generateReleaseBuildConfig (Thread[Execution worker Thread 4,5,main]) started.

> Task :app:generateReleaseBuildConfig UP-TO-DATE
Caching disabled for task ':app:generateReleaseBuildConfig' because:
  Build cache is disabled
Skipping task ':app:generateReleaseBuildConfig' as it is up-to-date.
Resolve mutations for :lottie-react-native:writeReleaseAarMetadata (Thread[Execution worker Thread 4,5,main]) started.
:lottie-react-native:writeReleaseAarMetadata (Thread[Execution worker Thread 4,5,main]) started.

> Task :lottie-react-native:writeReleaseAarMetadata UP-TO-DATE
Caching disabled for task ':lottie-react-native:writeReleaseAarMetadata' because:
  Build cache is disabled
  Caching has been disabled for the task
Skipping task ':lottie-react-native:writeReleaseAarMetadata' as it is up-to-date.
work action resolve aar-metadata.properties (project :lottie-react-native) (Thread[Execution worker Thread 4,5,main]) started.
Resolve mutations for :react-native-async-storage_async-storage:writeReleaseAarMetadata (Thread[Execution worker Thread 4,5,main]) started.
:react-native-async-storage_async-storage:writeReleaseAarMetadata (Thread[Execution worker Thread 4,5,main]) started.

> Task :react-native-async-storage_async-storage:writeReleaseAarMetadata UP-TO-DATE
Caching disabled for task ':react-native-async-storage_async-storage:writeReleaseAarMetadata' because:
  Build cache is disabled
  Caching has been disabled for the task
Skipping task ':react-native-async-storage_async-storage:writeReleaseAarMetadata' as it is up-to-date.
work action resolve aar-metadata.properties (project :react-native-async-storage_async-storage) (Thread[Execution worker Thread 4,5,main]) started.
Resolve mutations for :react-native-community_blur:writeReleaseAarMetadata (Thread[Execution worker Thread 4,5,main]) started.
:react-native-community_blur:writeReleaseAarMetadata (Thread[Execution worker Thread 4,5,main]) started.

> Task :react-native-community_blur:writeReleaseAarMetadata UP-TO-DATE
Caching disabled for task ':react-native-community_blur:writeReleaseAarMetadata' because:
  Build cache is disabled
  Caching has been disabled for the task
Skipping task ':react-native-community_blur:writeReleaseAarMetadata' as it is up-to-date.
work action resolve aar-metadata.properties (project :react-native-community_blur) (Thread[Execution worker Thread 7,5,main]) started.
Resolve mutations for :react-native-community_geolocation:writeReleaseAarMetadata (Thread[Execution worker Thread 7,5,main]) started.
:react-native-community_geolocation:writeReleaseAarMetadata (Thread[Execution worker Thread 7,5,main]) started.

> Task :react-native-community_geolocation:writeReleaseAarMetadata UP-TO-DATE
Caching disabled for task ':react-native-community_geolocation:writeReleaseAarMetadata' because:
  Build cache is disabled
  Caching has been disabled for the task
Skipping task ':react-native-community_geolocation:writeReleaseAarMetadata' as it is up-to-date.
work action resolve aar-metadata.properties (project :react-native-community_geolocation) (Thread[Execution worker Thread 7,5,main]) started.
Resolve mutations for :react-native-device-info:writeReleaseAarMetadata (Thread[Execution worker Thread 7,5,main]) started.
:react-native-device-info:writeReleaseAarMetadata (Thread[Execution worker Thread 7,5,main]) started.

> Task :react-native-device-info:writeReleaseAarMetadata UP-TO-DATE
Caching disabled for task ':react-native-device-info:writeReleaseAarMetadata' because:
  Build cache is disabled
  Caching has been disabled for the task
Skipping task ':react-native-device-info:writeReleaseAarMetadata' as it is up-to-date.
work action resolve aar-metadata.properties (project :react-native-device-info) (Thread[Execution worker Thread 7,5,main]) started.
Resolve mutations for :react-native-fast-image:writeReleaseAarMetadata (Thread[Execution worker Thread 7,5,main]) started.
:react-native-fast-image:writeReleaseAarMetadata (Thread[Execution worker Thread 7,5,main]) started.

> Task :react-native-fast-image:writeReleaseAarMetadata UP-TO-DATE
Caching disabled for task ':react-native-fast-image:writeReleaseAarMetadata' because:
  Build cache is disabled
  Caching has been disabled for the task
Skipping task ':react-native-fast-image:writeReleaseAarMetadata' as it is up-to-date.
work action resolve aar-metadata.properties (project :react-native-fast-image) (Thread[Execution worker Thread 7,5,main]) started.
Resolve mutations for :react-native-linear-gradient:writeReleaseAarMetadata (Thread[Execution worker Thread 7,5,main]) started.
:react-native-linear-gradient:writeReleaseAarMetadata (Thread[Execution worker Thread 7,5,main]) started.

> Task :react-native-linear-gradient:writeReleaseAarMetadata UP-TO-DATE
Caching disabled for task ':react-native-linear-gradient:writeReleaseAarMetadata' because:
  Build cache is disabled
  Caching has been disabled for the task
Skipping task ':react-native-linear-gradient:writeReleaseAarMetadata' as it is up-to-date.
work action resolve aar-metadata.properties (project :react-native-linear-gradient) (Thread[Execution worker Thread 7,5,main]) started.
Resolve mutations for :react-native-maps:writeReleaseAarMetadata (Thread[Execution worker Thread 7,5,main]) started.
:react-native-maps:writeReleaseAarMetadata (Thread[Execution worker Thread 7,5,main]) started.

> Task :react-native-maps:writeReleaseAarMetadata UP-TO-DATE
Caching disabled for task ':react-native-maps:writeReleaseAarMetadata' because:
  Build cache is disabled
  Caching has been disabled for the task
Skipping task ':react-native-maps:writeReleaseAarMetadata' as it is up-to-date.
work action resolve aar-metadata.properties (project :react-native-maps) (Thread[Execution worker Thread 7,5,main]) started.
Resolve mutations for :react-native-onesignal:writeReleaseAarMetadata (Thread[Execution worker Thread 7,5,main]) started.
:react-native-onesignal:writeReleaseAarMetadata (Thread[Execution worker Thread 7,5,main]) started.

> Task :react-native-onesignal:writeReleaseAarMetadata UP-TO-DATE
Caching disabled for task ':react-native-onesignal:writeReleaseAarMetadata' because:
  Build cache is disabled
  Caching has been disabled for the task
Skipping task ':react-native-onesignal:writeReleaseAarMetadata' as it is up-to-date.
work action resolve aar-metadata.properties (project :react-native-onesignal) (Thread[Execution worker Thread 6,5,main]) started.
Resolve mutations for :react-native-otp-verify:writeReleaseAarMetadata (Thread[Execution worker Thread 6,5,main]) started.
:react-native-otp-verify:writeReleaseAarMetadata (Thread[Execution worker Thread 6,5,main]) started.

> Task :react-native-otp-verify:writeReleaseAarMetadata UP-TO-DATE
Caching disabled for task ':react-native-otp-verify:writeReleaseAarMetadata' because:
  Build cache is disabled
  Caching has been disabled for the task
Skipping task ':react-native-otp-verify:writeReleaseAarMetadata' as it is up-to-date.
work action resolve aar-metadata.properties (project :react-native-otp-verify) (Thread[Execution worker Thread 6,5,main]) started.
Resolve mutations for :react-native-permissions:writeReleaseAarMetadata (Thread[Execution worker Thread 6,5,main]) started.
:react-native-permissions:writeReleaseAarMetadata (Thread[Execution worker Thread 6,5,main]) started.

> Task :react-native-permissions:writeReleaseAarMetadata UP-TO-DATE
Caching disabled for task ':react-native-permissions:writeReleaseAarMetadata' because:
  Build cache is disabled
  Caching has been disabled for the task
Skipping task ':react-native-permissions:writeReleaseAarMetadata' as it is up-to-date.
work action resolve aar-metadata.properties (project :react-native-permissions) (Thread[Execution worker Thread 6,5,main]) started.
Resolve mutations for :react-native-razorpay:writeReleaseAarMetadata (Thread[Execution worker Thread 6,5,main]) started.
:react-native-razorpay:writeReleaseAarMetadata (Thread[Execution worker Thread 6,5,main]) started.

> Task :react-native-razorpay:writeReleaseAarMetadata UP-TO-DATE
Caching disabled for task ':react-native-razorpay:writeReleaseAarMetadata' because:
  Build cache is disabled
  Caching has been disabled for the task
Skipping task ':react-native-razorpay:writeReleaseAarMetadata' as it is up-to-date.
work action resolve aar-metadata.properties (project :react-native-razorpay) (Thread[Execution worker Thread 6,5,main]) started.
Resolve mutations for :react-native-safe-area-context:writeReleaseAarMetadata (Thread[Execution worker Thread 6,5,main]) started.
:react-native-safe-area-context:writeReleaseAarMetadata (Thread[Execution worker Thread 6,5,main]) started.

> Task :react-native-safe-area-context:writeReleaseAarMetadata UP-TO-DATE
Caching disabled for task ':react-native-safe-area-context:writeReleaseAarMetadata' because:
  Build cache is disabled
  Caching has been disabled for the task
Skipping task ':react-native-safe-area-context:writeReleaseAarMetadata' as it is up-to-date.
work action resolve aar-metadata.properties (project :react-native-safe-area-context) (Thread[Execution worker Thread 6,5,main]) started.
Resolve mutations for :react-native-screens:writeReleaseAarMetadata (Thread[Execution worker Thread 6,5,main]) started.
:react-native-screens:writeReleaseAarMetadata (Thread[Execution worker Thread 6,5,main]) started.

> Task :react-native-screens:writeReleaseAarMetadata UP-TO-DATE
Caching disabled for task ':react-native-screens:writeReleaseAarMetadata' because:
  Build cache is disabled
  Caching has been disabled for the task
Skipping task ':react-native-screens:writeReleaseAarMetadata' as it is up-to-date.
work action resolve aar-metadata.properties (project :react-native-screens) (Thread[Execution worker Thread 6,5,main]) started.
Resolve mutations for :react-native-svg:writeReleaseAarMetadata (Thread[Execution worker Thread 6,5,main]) started.
:react-native-svg:writeReleaseAarMetadata (Thread[Execution worker Thread 6,5,main]) started.

> Task :react-native-svg:writeReleaseAarMetadata UP-TO-DATE
Caching disabled for task ':react-native-svg:writeReleaseAarMetadata' because:
  Build cache is disabled
  Caching has been disabled for the task
Skipping task ':react-native-svg:writeReleaseAarMetadata' as it is up-to-date.
work action resolve aar-metadata.properties (project :react-native-svg) (Thread[included builds,5,main]) started.
Resolve mutations for :react-native-vector-icons:writeReleaseAarMetadata (Thread[included builds,5,main]) started.
:react-native-vector-icons:writeReleaseAarMetadata (Thread[included builds,5,main]) started.

> Task :react-native-vector-icons:writeReleaseAarMetadata UP-TO-DATE
Caching disabled for task ':react-native-vector-icons:writeReleaseAarMetadata' because:
  Build cache is disabled
  Caching has been disabled for the task
Skipping task ':react-native-vector-icons:writeReleaseAarMetadata' as it is up-to-date.
work action resolve aar-metadata.properties (project :react-native-vector-icons) (Thread[included builds,5,main]) started.
Resolve mutations for :app:checkReleaseAarMetadata (Thread[included builds,5,main]) started.
:app:checkReleaseAarMetadata (Thread[included builds,5,main]) started.

> Task :app:checkReleaseAarMetadata UP-TO-DATE
file or directory '/Users/oem/Projects/KapraDaily/node_modules/react-native-onesignal/android/libs', not found
file or directory '/Users/oem/Projects/KapraDaily/node_modules/react-native-onesignal/android/libs', not found
file or directory '/Users/oem/Projects/KapraDaily/node_modules/react-native-onesignal/android/libs', not found
file or directory '/Users/oem/Projects/KapraDaily/node_modules/react-native-onesignal/android/libs', not found
Caching disabled for task ':app:checkReleaseAarMetadata' because:
  Build cache is disabled
  Caching has been disabled for the task
Skipping task ':app:checkReleaseAarMetadata' as it is up-to-date.
Resolve mutations for :app:createBundleReleaseJsAndAssets (Thread[included builds,5,main]) started.
:app:createBundleReleaseJsAndAssets (Thread[included builds,5,main]) started.

> Task :app:createBundleReleaseJsAndAssets UP-TO-DATE
Caching disabled for task ':app:createBundleReleaseJsAndAssets' because:
  Build cache is disabled
  Caching has not been enabled for the task
Skipping task ':app:createBundleReleaseJsAndAssets' as it is up-to-date.
Resolve mutations for :app:generateReleaseResValues (Thread[included builds,5,main]) started.
:app:generateReleaseResValues (Thread[included builds,5,main]) started.

> Task :app:generateReleaseResValues UP-TO-DATE
Caching disabled for task ':app:generateReleaseResValues' because:
  Build cache is disabled
Skipping task ':app:generateReleaseResValues' as it is up-to-date.
Resolve mutations for :app:mapReleaseSourceSetPaths (Thread[included builds,5,main]) started.
:app:mapReleaseSourceSetPaths (Thread[included builds,5,main]) started.

> Task :app:mapReleaseSourceSetPaths UP-TO-DATE
file or directory '/Users/oem/Projects/KapraDaily/node_modules/react-native-onesignal/android/libs', not found
Caching disabled for task ':app:mapReleaseSourceSetPaths' because:
  Build cache is disabled
  Caching has been disabled for the task
Skipping task ':app:mapReleaseSourceSetPaths' as it is up-to-date.
Resolve mutations for :app:generateReleaseResources (Thread[included builds,5,main]) started.
:app:generateReleaseResources (Thread[included builds,5,main]) started.

> Task :app:generateReleaseResources UP-TO-DATE
Caching disabled for task ':app:generateReleaseResources' because:
  Build cache is disabled
Skipping task ':app:generateReleaseResources' as it is up-to-date.
Resolve mutations for :app:mergeReleaseResources (Thread[included builds,5,main]) started.
:app:mergeReleaseResources (Thread[included builds,5,main]) started.
Resolve mutations for :app:packageReleaseResources (Thread[Execution worker Thread 2,5,main]) started.
:app:packageReleaseResources (Thread[Execution worker Thread 2,5,main]) started.

> Task :app:packageReleaseResources
Caching disabled for task ':app:packageReleaseResources' because:
  Build cache is disabled
Task ':app:packageReleaseResources' is not up-to-date because:
  Value of input property 'crunchPng' has changed for task ':app:packageReleaseResources'
The input changes require a full rebuild for incremental task ':app:packageReleaseResources'.
[MergeResources] Inputs are non-incremental full task action.
Resolve mutations for :app:parseReleaseLocalResources (Thread[Execution worker Thread 2,5,main]) started.
:app:parseReleaseLocalResources (Thread[Execution worker Thread 2,5,main]) started.

> Task :app:parseReleaseLocalResources UP-TO-DATE
Caching disabled for task ':app:parseReleaseLocalResources' because:
  Build cache is disabled
Skipping task ':app:parseReleaseLocalResources' as it is up-to-date.
Resolve mutations for :app:createReleaseCompatibleScreenManifests (Thread[Execution worker Thread 2,5,main]) started.
:app:createReleaseCompatibleScreenManifests (Thread[Execution worker Thread 2,5,main]) started.

> Task :app:createReleaseCompatibleScreenManifests UP-TO-DATE
Caching disabled for task ':app:createReleaseCompatibleScreenManifests' because:
  Build cache is disabled
  Caching has been disabled for the task
Skipping task ':app:createReleaseCompatibleScreenManifests' as it is up-to-date.
Resolve mutations for :app:extractDeepLinksRelease (Thread[Execution worker Thread 2,5,main]) started.
:app:extractDeepLinksRelease (Thread[Execution worker Thread 2,5,main]) started.

> Task :app:extractDeepLinksRelease UP-TO-DATE
Caching disabled for task ':app:extractDeepLinksRelease' because:
  Build cache is disabled
Skipping task ':app:extractDeepLinksRelease' as it is up-to-date.
Resolve mutations for :lottie-react-native:extractDeepLinksRelease (Thread[Execution worker Thread 2,5,main]) started.
:lottie-react-native:extractDeepLinksRelease (Thread[Execution worker Thread 2,5,main]) started.

> Task :lottie-react-native:extractDeepLinksRelease UP-TO-DATE
Caching disabled for task ':lottie-react-native:extractDeepLinksRelease' because:
  Build cache is disabled
Skipping task ':lottie-react-native:extractDeepLinksRelease' as it is up-to-date.
work action resolve navigation.json (project :lottie-react-native) (Thread[Execution worker Thread 2,5,main]) started.
Resolve mutations for :lottie-react-native:processReleaseManifest (Thread[Execution worker Thread 2,5,main]) started.
:lottie-react-native:processReleaseManifest (Thread[Execution worker Thread 2,5,main]) started.

> Task :app:mergeReleaseResources
file or directory '/Users/oem/Projects/KapraDaily/node_modules/react-native-onesignal/android/libs', not found
Caching disabled for task ':app:mergeReleaseResources' because:
  Build cache is disabled
Task ':app:mergeReleaseResources' is not up-to-date because:
  Task has failed previously.
The input changes require a full rebuild for incremental task ':app:mergeReleaseResources'.
[MergeResources] Inputs are non-incremental full task action.
file or directory '/Users/oem/Projects/KapraDaily/node_modules/react-native-onesignal/android/libs', not found
Compiling XML table /Users/oem/Projects/KapraDaily/android/app/build/intermediates/incremental/release/mergeReleaseResources/merged.dir/values/values.xml to /Users/oem/Projects/KapraDaily/android/app/build/intermediates/merged_res/release/mergeReleaseResources/values_values.arsc.flat
Compiling XML table /Users/oem/Projects/KapraDaily/android/app/build/intermediates/incremental/release/mergeReleaseResources/merged.dir/values-hi/values-hi.xml to /Users/oem/Projects/KapraDaily/android/app/build/intermediates/merged_res/release/mergeReleaseResources/values-hi_values-hi.arsc.flat
Compiling XML table /Users/oem/Projects/KapraDaily/android/app/build/intermediates/incremental/release/mergeReleaseResources/merged.dir/values-h320dp-port-v13/values-h320dp-port-v13.xml to /Users/oem/Projects/KapraDaily/android/app/build/intermediates/merged_res/release/mergeReleaseResources/values-h320dp-port-v13_values-h320dp-port-v13.arsc.flat
Compiling XML table /Users/oem/Projects/KapraDaily/android/app/build/intermediates/incremental/release/mergeReleaseResources/merged.dir/values-pt/values-pt.xml to /Users/oem/Projects/KapraDaily/android/app/build/intermediates/merged_res/release/mergeReleaseResources/values-pt_values-pt.arsc.flat
Compiling XML table /Users/oem/Projects/KapraDaily/android/app/build/intermediates/incremental/release/mergeReleaseResources/merged.dir/values-af/values-af.xml to /Users/oem/Projects/KapraDaily/android/app/build/intermediates/merged_res/release/mergeReleaseResources/values-af_values-af.arsc.flat
Compiling XML table /Users/oem/Projects/KapraDaily/android/app/build/intermediates/incremental/release/mergeReleaseResources/merged.dir/values-h480dp-v13/values-h480dp-v13.xml to /Users/oem/Projects/KapraDaily/android/app/build/intermediates/merged_res/release/mergeReleaseResources/values-h480dp-v13_values-h480dp-v13.arsc.flat
Compiling XML table /Users/oem/Projects/KapraDaily/android/app/build/intermediates/incremental/release/mergeReleaseResources/merged.dir/values-in/values-in.xml to /Users/oem/Projects/KapraDaily/android/app/build/intermediates/merged_res/release/mergeReleaseResources/values-in_values-in.arsc.flat
Compiling XML table /Users/oem/Projects/KapraDaily/android/app/build/intermediates/incremental/release/mergeReleaseResources/merged.dir/values-b+sr+Latn/values-b+sr+Latn.xml to /Users/oem/Projects/KapraDaily/android/app/build/intermediates/merged_res/release/mergeReleaseResources/values-b+sr+Latn_values-b+sr+Latn.arsc.flat
Compiling XML table /Users/oem/Projects/KapraDaily/android/app/build/intermediates/incremental/release/mergeReleaseResources/merged.dir/values-ar/values-ar.xml to /Users/oem/Projects/KapraDaily/android/app/build/intermediates/merged_res/release/mergeReleaseResources/values-ar_values-ar.arsc.flat
Compiling XML table /Users/oem/Projects/KapraDaily/android/app/build/intermediates/incremental/release/mergeReleaseResources/merged.dir/values-az/values-az.xml to /Users/oem/Projects/KapraDaily/android/app/build/intermediates/merged_res/release/mergeReleaseResources/values-az_values-az.arsc.flat
Compiling XML table /Users/oem/Projects/KapraDaily/android/app/build/intermediates/incremental/release/mergeReleaseResources/merged.dir/values-watch-v21/values-watch-v21.xml to /Users/oem/Projects/KapraDaily/android/app/build/intermediates/merged_res/release/mergeReleaseResources/values-watch-v21_values-watch-v21.arsc.flat
Compiling XML table /Users/oem/Projects/KapraDaily/android/app/build/intermediates/incremental/release/mergeReleaseResources/merged.dir/values-v25/values-v25.xml to /Users/oem/Projects/KapraDaily/android/app/build/intermediates/merged_res/release/mergeReleaseResources/values-v25_values-v25.arsc.flat
Compiling XML table /Users/oem/Projects/KapraDaily/android/app/build/intermediates/incremental/release/mergeReleaseResources/merged.dir/values-ro/values-ro.xml to /Users/oem/Projects/KapraDaily/android/app/build/intermediates/merged_res/release/mergeReleaseResources/values-ro_values-ro.arsc.flat
Compiling XML table /Users/oem/Projects/KapraDaily/android/app/build/intermediates/incremental/release/mergeReleaseResources/merged.dir/values-v16/values-v16.xml to /Users/oem/Projects/KapraDaily/android/app/build/intermediates/merged_res/release/mergeReleaseResources/values-v16_values-v16.arsc.flat
Compiling XML table /Users/oem/Projects/KapraDaily/android/app/build/intermediates/incremental/release/mergeReleaseResources/merged.dir/values-v28/values-v28.xml to /Users/oem/Projects/KapraDaily/android/app/build/intermediates/merged_res/release/mergeReleaseResources/values-v28_values-v28.arsc.flat
Compiling XML table /Users/oem/Projects/KapraDaily/android/app/build/intermediates/incremental/release/mergeReleaseResources/merged.dir/values-v31/values-v31.xml to /Users/oem/Projects/KapraDaily/android/app/build/intermediates/merged_res/release/mergeReleaseResources/values-v31_values-v31.arsc.flat
Compiling XML table /Users/oem/Projects/KapraDaily/android/app/build/intermediates/incremental/release/mergeReleaseResources/merged.dir/values-w320dp-land-v13/values-w320dp-land-v13.xml to /Users/oem/Projects/KapraDaily/android/app/build/intermediates/merged_res/release/mergeReleaseResources/values-w320dp-land-v13_values-w320dp-land-v13.arsc.flat
Compiling XML table /Users/oem/Projects/KapraDaily/android/app/build/intermediates/incremental/release/mergeReleaseResources/merged.dir/values-as/values-as.xml to /Users/oem/Projects/KapraDaily/android/app/build/intermediates/merged_res/release/mergeReleaseResources/values-as_values-as.arsc.flat
Compiling XML table /Users/oem/Projects/KapraDaily/android/app/build/intermediates/incremental/release/mergeReleaseResources/merged.dir/values-en-rCA/values-en-rCA.xml to /Users/oem/Projects/KapraDaily/android/app/build/intermediates/merged_res/release/mergeReleaseResources/values-en-rCA_values-en-rCA.arsc.flat
Compiling XML table /Users/oem/Projects/KapraDaily/android/app/build/intermediates/incremental/release/mergeReleaseResources/merged.dir/values-ca/values-ca.xml to /Users/oem/Projects/KapraDaily/android/app/build/intermediates/merged_res/release/mergeReleaseResources/values-ca_values-ca.arsc.flat
Compiling XML table /Users/oem/Projects/KapraDaily/android/app/build/intermediates/incremental/release/mergeReleaseResources/merged.dir/values-v24/values-v24.xml to /Users/oem/Projects/KapraDaily/android/app/build/intermediates/merged_res/release/mergeReleaseResources/values-v24_values-v24.arsc.flat
Compiling XML table /Users/oem/Projects/KapraDaily/android/app/build/intermediates/incremental/release/mergeReleaseResources/merged.dir/values-sw600dp-v13/values-sw600dp-v13.xml to /Users/oem/Projects/KapraDaily/android/app/build/intermediates/merged_res/release/mergeReleaseResources/values-sw600dp-v13_values-sw600dp-v13.arsc.flat
Compiling XML table /Users/oem/Projects/KapraDaily/android/app/build/intermediates/incremental/release/mergeReleaseResources/merged.dir/values-ka/values-ka.xml to /Users/oem/Projects/KapraDaily/android/app/build/intermediates/merged_res/release/mergeReleaseResources/values-ka_values-ka.arsc.flat
Compiling XML table /Users/oem/Projects/KapraDaily/android/app/build/intermediates/incremental/release/mergeReleaseResources/merged.dir/values-sw/values-sw.xml to /Users/oem/Projects/KapraDaily/android/app/build/intermediates/merged_res/release/mergeReleaseResources/values-sw_values-sw.arsc.flat
Compiling XML table /Users/oem/Projects/KapraDaily/android/app/build/intermediates/incremental/release/mergeReleaseResources/merged.dir/values-watch-v20/values-watch-v20.xml to /Users/oem/Projects/KapraDaily/android/app/build/intermediates/merged_res/release/mergeReleaseResources/values-watch-v20_values-watch-v20.arsc.flat
Compiling XML table /Users/oem/Projects/KapraDaily/android/app/build/intermediates/incremental/release/mergeReleaseResources/merged.dir/values-id/values-id.xml to /Users/oem/Projects/KapraDaily/android/app/build/intermediates/merged_res/release/mergeReleaseResources/values-id_values-id.arsc.flat
Compiling XML table /Users/oem/Projects/KapraDaily/android/app/build/intermediates/incremental/release/mergeReleaseResources/merged.dir/values-zh-rHK/values-zh-rHK.xml to /Users/oem/Projects/KapraDaily/android/app/build/intermediates/merged_res/release/mergeReleaseResources/values-zh-rHK_values-zh-rHK.arsc.flat
Compiling XML table /Users/oem/Projects/KapraDaily/android/app/build/intermediates/incremental/release/mergeReleaseResources/merged.dir/values-sq/values-sq.xml to /Users/oem/Projects/KapraDaily/android/app/build/intermediates/merged_res/release/mergeReleaseResources/values-sq_values-sq.arsc.flat
Compiling XML table /Users/oem/Projects/KapraDaily/android/app/build/intermediates/incremental/release/mergeReleaseResources/merged.dir/values-th/values-th.xml to /Users/oem/Projects/KapraDaily/android/app/build/intermediates/merged_res/release/mergeReleaseResources/values-th_values-th.arsc.flat
Compiling XML table /Users/oem/Projects/KapraDaily/android/app/build/intermediates/incremental/release/mergeReleaseResources/merged.dir/values-sr/values-sr.xml to /Users/oem/Projects/KapraDaily/android/app/build/intermediates/merged_res/release/mergeReleaseResources/values-sr_values-sr.arsc.flat
Compiling XML table /Users/oem/Projects/KapraDaily/android/app/build/intermediates/incremental/release/mergeReleaseResources/merged.dir/values-lt/values-lt.xml to /Users/oem/Projects/KapraDaily/android/app/build/intermediates/merged_res/release/mergeReleaseResources/values-lt_values-lt.arsc.flat
Compiling XML table /Users/oem/Projects/KapraDaily/android/app/build/intermediates/incremental/release/mergeReleaseResources/merged.dir/values-v21/values-v21.xml to /Users/oem/Projects/KapraDaily/android/app/build/intermediates/merged_res/release/mergeReleaseResources/values-v21_values-v21.arsc.flat
Compiling XML table /Users/oem/Projects/KapraDaily/android/app/build/intermediates/incremental/release/mergeReleaseResources/merged.dir/values-ta/values-ta.xml to /Users/oem/Projects/KapraDaily/android/app/build/intermediates/merged_res/release/mergeReleaseResources/values-ta_values-ta.arsc.flat
Compiling XML table /Users/oem/Projects/KapraDaily/android/app/build/intermediates/incremental/release/mergeReleaseResources/merged.dir/values-ko/values-ko.xml to /Users/oem/Projects/KapraDaily/android/app/build/intermediates/merged_res/release/mergeReleaseResources/values-ko_values-ko.arsc.flat
Compiling XML table /Users/oem/Projects/KapraDaily/android/app/build/intermediates/incremental/release/mergeReleaseResources/merged.dir/values-ml/values-ml.xml to /Users/oem/Projects/KapraDaily/android/app/build/intermediates/merged_res/release/mergeReleaseResources/values-ml_values-ml.arsc.flat
Compiling XML table /Users/oem/Projects/KapraDaily/android/app/build/intermediates/incremental/release/mergeReleaseResources/merged.dir/values-h360dp-land-v13/values-h360dp-land-v13.xml to /Users/oem/Projects/KapraDaily/android/app/build/intermediates/merged_res/release/mergeReleaseResources/values-h360dp-land-v13_values-h360dp-land-v13.arsc.flat
Compiling XML table /Users/oem/Projects/KapraDaily/android/app/build/intermediates/incremental/release/mergeReleaseResources/merged.dir/values-ru/values-ru.xml to /Users/oem/Projects/KapraDaily/android/app/build/intermediates/merged_res/release/mergeReleaseResources/values-ru_values-ru.arsc.flat
Compiling XML table /Users/oem/Projects/KapraDaily/android/app/build/intermediates/incremental/release/mergeReleaseResources/merged.dir/values-tl/values-tl.xml to /Users/oem/Projects/KapraDaily/android/app/build/intermediates/merged_res/release/mergeReleaseResources/values-tl_values-tl.arsc.flat
Compiling XML table /Users/oem/Projects/KapraDaily/android/app/build/intermediates/incremental/release/mergeReleaseResources/merged.dir/values-xlarge-v4/values-xlarge-v4.xml to /Users/oem/Projects/KapraDaily/android/app/build/intermediates/merged_res/release/mergeReleaseResources/values-xlarge-v4_values-xlarge-v4.arsc.flat
Compiling XML table /Users/oem/Projects/KapraDaily/android/app/build/intermediates/incremental/release/mergeReleaseResources/merged.dir/values-en-rIN/values-en-rIN.xml to /Users/oem/Projects/KapraDaily/android/app/build/intermediates/merged_res/release/mergeReleaseResources/values-en-rIN_values-en-rIN.arsc.flat
Compiling XML table /Users/oem/Projects/KapraDaily/android/app/build/intermediates/incremental/release/mergeReleaseResources/merged.dir/values-lv/values-lv.xml to /Users/oem/Projects/KapraDaily/android/app/build/intermediates/merged_res/release/mergeReleaseResources/values-lv_values-lv.arsc.flat
Compiling XML table /Users/oem/Projects/KapraDaily/android/app/build/intermediates/incremental/release/mergeReleaseResources/merged.dir/values-my/values-my.xml to /Users/oem/Projects/KapraDaily/android/app/build/intermediates/merged_res/release/mergeReleaseResources/values-my_values-my.arsc.flat
Compiling XML table /Users/oem/Projects/KapraDaily/android/app/build/intermediates/incremental/release/mergeReleaseResources/merged.dir/values-w600dp-land-v13/values-w600dp-land-v13.xml to /Users/oem/Projects/KapraDaily/android/app/build/intermediates/merged_res/release/mergeReleaseResources/values-w600dp-land-v13_values-w600dp-land-v13.arsc.flat
Compiling XML table /Users/oem/Projects/KapraDaily/android/app/build/intermediates/incremental/release/mergeReleaseResources/merged.dir/values-v34/values-v34.xml to /Users/oem/Projects/KapraDaily/android/app/build/intermediates/merged_res/release/mergeReleaseResources/values-v34_values-v34.arsc.flat
Compiling XML table /Users/oem/Projects/KapraDaily/android/app/build/intermediates/incremental/release/mergeReleaseResources/merged.dir/values-es-rES/values-es-rES.xml to /Users/oem/Projects/KapraDaily/android/app/build/intermediates/merged_res/release/mergeReleaseResources/values-es-rES_values-es-rES.arsc.flat
Compiling XML table /Users/oem/Projects/KapraDaily/android/app/build/intermediates/incremental/release/mergeReleaseResources/merged.dir/values-b+es+419/values-b+es+419.xml to /Users/oem/Projects/KapraDaily/android/app/build/intermediates/merged_res/release/mergeReleaseResources/values-b+es+419_values-b+es+419.arsc.flat
Compiling XML table /Users/oem/Projects/KapraDaily/android/app/build/intermediates/incremental/release/mergeReleaseResources/merged.dir/values-mn/values-mn.xml to /Users/oem/Projects/KapraDaily/android/app/build/intermediates/merged_res/release/mergeReleaseResources/values-mn_values-mn.arsc.flat
Compiling image file /Users/oem/Projects/KapraDaily/android/app/build/generated/res/react/release/drawable-mdpi/node_modules_reactnavigation_elements_lib_module_assets_backiconmask.png
Compiling file /Users/oem/Projects/KapraDaily/android/app/build/generated/res/react/release/drawable-mdpi/node_modules_reactnavigation_elements_lib_module_assets_backiconmask.png to /Users/oem/Projects/KapraDaily/android/app/build/intermediates/merged_res/release/mergeReleaseResources/drawable-mdpi_node_modules_reactnavigation_elements_lib_module_assets_backiconmask.png.flat
Compiling image file /Users/oem/Projects/KapraDaily/android/app/build/generated/res/react/release/drawable-mdpi/src_assets_images_btokeniconfour.png
Compiling XML table /Users/oem/Projects/KapraDaily/android/app/build/intermediates/incremental/release/mergeReleaseResources/merged.dir/values-es/values-es.xml to /Users/oem/Projects/KapraDaily/android/app/build/intermediates/merged_res/release/mergeReleaseResources/values-es_values-es.arsc.flat
Compiling XML table /Users/oem/Projects/KapraDaily/android/app/build/intermediates/incremental/release/mergeReleaseResources/merged.dir/values-night-v8/values-night-v8.xml to /Users/oem/Projects/KapraDaily/android/app/build/intermediates/merged_res/release/mergeReleaseResources/values-night-v8_values-night-v8.arsc.flat
Compiling XML table /Users/oem/Projects/KapraDaily/android/app/build/intermediates/incremental/release/mergeReleaseResources/merged.dir/values-fr/values-fr.xml to /Users/oem/Projects/KapraDaily/android/app/build/intermediates/merged_res/release/mergeReleaseResources/values-fr_values-fr.arsc.flat
Compiling XML table /Users/oem/Projects/KapraDaily/android/app/build/intermediates/incremental/release/mergeReleaseResources/merged.dir/values-en-rSG/values-en-rSG.xml to /Users/oem/Projects/KapraDaily/android/app/build/intermediates/merged_res/release/mergeReleaseResources/values-en-rSG_values-en-rSG.arsc.flat
Compiling file /Users/oem/Projects/KapraDaily/android/app/build/generated/res/react/release/drawable-mdpi/src_assets_images_btokeniconfour.png to /Users/oem/Projects/KapraDaily/android/app/build/intermediates/merged_res/release/mergeReleaseResources/drawable-mdpi_src_assets_images_btokeniconfour.png.flat
Compiling XML table /Users/oem/Projects/KapraDaily/android/app/build/intermediates/incremental/release/mergeReleaseResources/merged.dir/values-ky/values-ky.xml to /Users/oem/Projects/KapraDaily/android/app/build/intermediates/merged_res/release/mergeReleaseResources/values-ky_values-ky.arsc.flat
Compiling XML table /Users/oem/Projects/KapraDaily/android/app/build/intermediates/incremental/release/mergeReleaseResources/merged.dir/values-da/values-da.xml to /Users/oem/Projects/KapraDaily/android/app/build/intermediates/merged_res/release/mergeReleaseResources/values-da_values-da.arsc.flat
Compiling XML table /Users/oem/Projects/KapraDaily/android/app/build/intermediates/incremental/release/mergeReleaseResources/merged.dir/values-gu/values-gu.xml to /Users/oem/Projects/KapraDaily/android/app/build/intermediates/merged_res/release/mergeReleaseResources/values-gu_values-gu.arsc.flat
Compiling XML table /Users/oem/Projects/KapraDaily/android/app/build/intermediates/incremental/release/mergeReleaseResources/merged.dir/values-mr/values-mr.xml to /Users/oem/Projects/KapraDaily/android/app/build/intermediates/merged_res/release/mergeReleaseResources/values-mr_values-mr.arsc.flat
Compiling image file /Users/oem/Projects/KapraDaily/android/app/build/generated/res/react/release/drawable-mdpi/src_assets_images_products_tomato.png
Compiling file /Users/oem/Projects/KapraDaily/android/app/build/generated/res/react/release/drawable-mdpi/src_assets_images_products_tomato.png to /Users/oem/Projects/KapraDaily/android/app/build/intermediates/merged_res/release/mergeReleaseResources/drawable-mdpi_src_assets_images_products_tomato.png.flat
Compiling XML table /Users/oem/Projects/KapraDaily/android/app/build/intermediates/incremental/release/mergeReleaseResources/merged.dir/values-fil/values-fil.xml to /Users/oem/Projects/KapraDaily/android/app/build/intermediates/merged_res/release/mergeReleaseResources/values-fil_values-fil.arsc.flat
Compiling XML table /Users/oem/Projects/KapraDaily/android/app/build/intermediates/incremental/release/mergeReleaseResources/merged.dir/values-v18/values-v18.xml to /Users/oem/Projects/KapraDaily/android/app/build/intermediates/merged_res/release/mergeReleaseResources/values-v18_values-v18.arsc.flat
Compiling image file /Users/oem/Projects/KapraDaily/android/app/build/generated/res/react/release/drawable-mdpi/src_assets_images_send.png
Compiling XML table /Users/oem/Projects/KapraDaily/android/app/build/intermediates/incremental/release/mergeReleaseResources/merged.dir/values-is/values-is.xml to /Users/oem/Projects/KapraDaily/android/app/build/intermediates/merged_res/release/mergeReleaseResources/values-is_values-is.arsc.flat
Compiling file /Users/oem/Projects/KapraDaily/android/app/build/generated/res/react/release/drawable-mdpi/src_assets_images_send.png to /Users/oem/Projects/KapraDaily/android/app/build/intermediates/merged_res/release/mergeReleaseResources/drawable-mdpi_src_assets_images_send.png.flat
Compiling image file /Users/oem/Projects/KapraDaily/android/app/build/generated/res/react/release/drawable-mdpi/src_assets_images_del_boy.png
Compiling file /Users/oem/Projects/KapraDaily/android/app/build/generated/res/react/release/drawable-mdpi/src_assets_images_del_boy.png to /Users/oem/Projects/KapraDaily/android/app/build/intermediates/merged_res/release/mergeReleaseResources/drawable-mdpi_src_assets_images_del_boy.png.flat
Compiling XML table /Users/oem/Projects/KapraDaily/android/app/build/intermediates/incremental/release/mergeReleaseResources/merged.dir/values-et/values-et.xml to /Users/oem/Projects/KapraDaily/android/app/build/intermediates/merged_res/release/mergeReleaseResources/values-et_values-et.arsc.flat
Compiling image file /Users/oem/Projects/KapraDaily/android/app/build/generated/res/react/release/drawable-mdpi/src_assets_images_locationfetchingicon.png
Compiling file /Users/oem/Projects/KapraDaily/android/app/build/generated/res/react/release/drawable-mdpi/src_assets_images_locationfetchingicon.png to /Users/oem/Projects/KapraDaily/android/app/build/intermediates/merged_res/release/mergeReleaseResources/drawable-mdpi_src_assets_images_locationfetchingicon.png.flat
Compiling XML table /Users/oem/Projects/KapraDaily/android/app/build/intermediates/incremental/release/mergeReleaseResources/merged.dir/values-h550dp-port-v13/values-h550dp-port-v13.xml to /Users/oem/Projects/KapraDaily/android/app/build/intermediates/merged_res/release/mergeReleaseResources/values-h550dp-port-v13_values-h550dp-port-v13.arsc.flat
Compiling image file /Users/oem/Projects/KapraDaily/android/app/build/generated/res/react/release/drawable-mdpi/src_assets_images_lighting.png
Compiling file /Users/oem/Projects/KapraDaily/android/app/build/generated/res/react/release/drawable-mdpi/src_assets_images_lighting.png to /Users/oem/Projects/KapraDaily/android/app/build/intermediates/merged_res/release/mergeReleaseResources/drawable-mdpi_src_assets_images_lighting.png.flat
Compiling image file /Users/oem/Projects/KapraDaily/android/app/build/generated/res/react/release/drawable-mdpi/src_assets_images_exotics.png
Compiling file /Users/oem/Projects/KapraDaily/android/app/build/generated/res/react/release/drawable-mdpi/src_assets_images_exotics.png to /Users/oem/Projects/KapraDaily/android/app/build/intermediates/merged_res/release/mergeReleaseResources/drawable-mdpi_src_assets_images_exotics.png.flat
Compiling image file /Users/oem/Projects/KapraDaily/android/app/build/generated/res/react/release/drawable-mdpi/src_assets_images_rightarrowstwo.png
Compiling file /Users/oem/Projects/KapraDaily/android/app/build/generated/res/react/release/drawable-mdpi/src_assets_images_rightarrowstwo.png to /Users/oem/Projects/KapraDaily/android/app/build/intermediates/merged_res/release/mergeReleaseResources/drawable-mdpi_src_assets_images_rightarrowstwo.png.flat
Compiling XML table /Users/oem/Projects/KapraDaily/android/app/build/intermediates/incremental/release/mergeReleaseResources/merged.dir/values-uz/values-uz.xml to /Users/oem/Projects/KapraDaily/android/app/build/intermediates/merged_res/release/mergeReleaseResources/values-uz_values-uz.arsc.flat
Compiling XML table /Users/oem/Projects/KapraDaily/android/app/build/intermediates/incremental/release/mergeReleaseResources/merged.dir/values-ne/values-ne.xml to /Users/oem/Projects/KapraDaily/android/app/build/intermediates/merged_res/release/mergeReleaseResources/values-ne_values-ne.arsc.flat
Compiling image file /Users/oem/Projects/KapraDaily/android/app/build/generated/res/react/release/drawable-xxhdpi/node_modules_reactnavigation_elements_lib_module_assets_backicon.png
Compiling XML table /Users/oem/Projects/KapraDaily/android/app/build/intermediates/incremental/release/mergeReleaseResources/merged.dir/values-es-rUS/values-es-rUS.xml to /Users/oem/Projects/KapraDaily/android/app/build/intermediates/merged_res/release/mergeReleaseResources/values-es-rUS_values-es-rUS.arsc.flat
Compiling XML table /Users/oem/Projects/KapraDaily/android/app/build/intermediates/incremental/release/mergeReleaseResources/merged.dir/values-hr/values-hr.xml to /Users/oem/Projects/KapraDaily/android/app/build/intermediates/merged_res/release/mergeReleaseResources/values-hr_values-hr.arsc.flat
Compiling file /Users/oem/Projects/KapraDaily/android/app/build/generated/res/react/release/drawable-xxhdpi/node_modules_reactnavigation_elements_lib_module_assets_backicon.png to /Users/oem/Projects/KapraDaily/android/app/build/intermediates/merged_res/release/mergeReleaseResources/drawable-xxhdpi_node_modules_reactnavigation_elements_lib_module_assets_backicon.png.flat
Compiling XML table /Users/oem/Projects/KapraDaily/android/app/build/intermediates/incremental/release/mergeReleaseResources/merged.dir/values-large-v4/values-large-v4.xml to /Users/oem/Projects/KapraDaily/android/app/build/intermediates/merged_res/release/mergeReleaseResources/values-large-v4_values-large-v4.arsc.flat
Compiling file /Users/oem/Projects/KapraDaily/android/app/build/generated/res/react/release/drawable-mdpi/src_assets_gifs_locationfetching.gif to /Users/oem/Projects/KapraDaily/android/app/build/intermediates/merged_res/release/mergeReleaseResources/drawable-mdpi_src_assets_gifs_locationfetching.gif.flat
Compiling image file /Users/oem/Projects/KapraDaily/android/app/build/generated/res/react/release/drawable-mdpi/src_assets_images_dots_two.png
Compiling file /Users/oem/Projects/KapraDaily/android/app/build/generated/res/react/release/drawable-mdpi/src_assets_images_dots_two.png to /Users/oem/Projects/KapraDaily/android/app/build/intermediates/merged_res/release/mergeReleaseResources/drawable-mdpi_src_assets_images_dots_two.png.flat
Compiling image file /Users/oem/Projects/KapraDaily/android/app/build/generated/res/react/release/drawable-mdpi/src_assets_images_bcoin_header_image_one.png
Compiling file /Users/oem/Projects/KapraDaily/android/app/build/generated/res/react/release/drawable-mdpi/src_assets_images_bcoin_header_image_one.png to /Users/oem/Projects/KapraDaily/android/app/build/intermediates/merged_res/release/mergeReleaseResources/drawable-mdpi_src_assets_images_bcoin_header_image_one.png.flat
Compiling XML table /Users/oem/Projects/KapraDaily/android/app/build/intermediates/incremental/release/mergeReleaseResources/merged.dir/values-eu/values-eu.xml to /Users/oem/Projects/KapraDaily/android/app/build/intermediates/merged_res/release/mergeReleaseResources/values-eu_values-eu.arsc.flat
Compiling XML table /Users/oem/Projects/KapraDaily/android/app/build/intermediates/incremental/release/mergeReleaseResources/merged.dir/values-pt-rPT/values-pt-rPT.xml to /Users/oem/Projects/KapraDaily/android/app/build/intermediates/merged_res/release/mergeReleaseResources/values-pt-rPT_values-pt-rPT.arsc.flat
Compiling XML table /Users/oem/Projects/KapraDaily/android/app/build/intermediates/incremental/release/mergeReleaseResources/merged.dir/values-v17/values-v17.xml to /Users/oem/Projects/KapraDaily/android/app/build/intermediates/merged_res/release/mergeReleaseResources/values-v17_values-v17.arsc.flat
Compiling XML table /Users/oem/Projects/KapraDaily/android/app/build/intermediates/incremental/release/mergeReleaseResources/merged.dir/values-pa/values-pa.xml to /Users/oem/Projects/KapraDaily/android/app/build/intermediates/merged_res/release/mergeReleaseResources/values-pa_values-pa.arsc.flat
Compiling image file /Users/oem/Projects/KapraDaily/android/app/build/generated/res/react/release/drawable-mdpi/src_assets_images_success.png
Compiling file /Users/oem/Projects/KapraDaily/android/app/build/generated/res/react/release/drawable-mdpi/src_assets_images_success.png to /Users/oem/Projects/KapraDaily/android/app/build/intermediates/merged_res/release/mergeReleaseResources/drawable-mdpi_src_assets_images_success.png.flat
Compiling XML table /Users/oem/Projects/KapraDaily/android/app/build/intermediates/incremental/release/mergeReleaseResources/merged.dir/values-be/values-be.xml to /Users/oem/Projects/KapraDaily/android/app/build/intermediates/merged_res/release/mergeReleaseResources/values-be_values-be.arsc.flat
Compiling XML table /Users/oem/Projects/KapraDaily/android/app/build/intermediates/incremental/release/mergeReleaseResources/merged.dir/values-it/values-it.xml to /Users/oem/Projects/KapraDaily/android/app/build/intermediates/merged_res/release/mergeReleaseResources/values-it_values-it.arsc.flat
Compiling XML table /Users/oem/Projects/KapraDaily/android/app/build/intermediates/incremental/release/mergeReleaseResources/merged.dir/values-fa/values-fa.xml to /Users/oem/Projects/KapraDaily/android/app/build/intermediates/merged_res/release/mergeReleaseResources/values-fa_values-fa.arsc.flat
Compiling image file /Users/oem/Projects/KapraDaily/android/app/build/generated/res/react/release/drawable-mdpi/src_assets_images_home_primary_two.png
Compiling file /Users/oem/Projects/KapraDaily/android/app/build/generated/res/react/release/drawable-mdpi/src_assets_images_home_primary_two.png to /Users/oem/Projects/KapraDaily/android/app/build/intermediates/merged_res/release/mergeReleaseResources/drawable-mdpi_src_assets_images_home_primary_two.png.flat
Compiling XML table /Users/oem/Projects/KapraDaily/android/app/build/intermediates/incremental/release/mergeReleaseResources/merged.dir/values-hdpi-v4/values-hdpi-v4.xml to /Users/oem/Projects/KapraDaily/android/app/build/intermediates/merged_res/release/mergeReleaseResources/values-hdpi-v4_values-hdpi-v4.arsc.flat
Compiling XML table /Users/oem/Projects/KapraDaily/android/app/build/intermediates/incremental/release/mergeReleaseResources/merged.dir/values-pl/values-pl.xml to /Users/oem/Projects/KapraDaily/android/app/build/intermediates/merged_res/release/mergeReleaseResources/values-pl_values-pl.arsc.flat
Compiling image file /Users/oem/Projects/KapraDaily/android/app/build/generated/res/react/release/drawable-mdpi/src_assets_images_rneb3.png
Compiling file /Users/oem/Projects/KapraDaily/android/app/build/generated/res/react/release/drawable-mdpi/src_assets_images_rneb3.png to /Users/oem/Projects/KapraDaily/android/app/build/intermediates/merged_res/release/mergeReleaseResources/drawable-mdpi_src_assets_images_rneb3.png.flat
Compiling image file /Users/oem/Projects/KapraDaily/android/app/build/generated/res/react/release/drawable-mdpi/src_assets_images_home_primary_color.png
Compiling file /Users/oem/Projects/KapraDaily/android/app/build/generated/res/react/release/drawable-mdpi/src_assets_images_home_primary_color.png to /Users/oem/Projects/KapraDaily/android/app/build/intermediates/merged_res/release/mergeReleaseResources/drawable-mdpi_src_assets_images_home_primary_color.png.flat
Compiling image file /Users/oem/Projects/KapraDaily/android/app/build/generated/res/react/release/drawable-mdpi/src_assets_images_curve.png
Compiling file /Users/oem/Projects/KapraDaily/android/app/build/generated/res/react/release/drawable-mdpi/src_assets_images_curve.png to /Users/oem/Projects/KapraDaily/android/app/build/intermediates/merged_res/release/mergeReleaseResources/drawable-mdpi_src_assets_images_curve.png.flat
Compiling XML table /Users/oem/Projects/KapraDaily/android/app/build/intermediates/incremental/release/mergeReleaseResources/merged.dir/values-v23/values-v23.xml to /Users/oem/Projects/KapraDaily/android/app/build/intermediates/merged_res/release/mergeReleaseResources/values-v23_values-v23.arsc.flat
Compiling xml file /Users/oem/Projects/KapraDaily/android/app/src/main/res/drawable/rn_edit_text_material.xml to /Users/oem/Projects/KapraDaily/android/app/build/intermediates/merged_res/release/mergeReleaseResources/drawable_rn_edit_text_material.xml.flat
Compiling XML table /Users/oem/Projects/KapraDaily/android/app/build/intermediates/incremental/release/mergeReleaseResources/merged.dir/values-zu/values-zu.xml to /Users/oem/Projects/KapraDaily/android/app/build/intermediates/merged_res/release/mergeReleaseResources/values-zu_values-zu.arsc.flat
Compiling image file /Users/oem/Projects/KapraDaily/android/app/build/generated/res/react/release/drawable-mdpi/src_assets_images_logo.png
Compiling file /Users/oem/Projects/KapraDaily/android/app/build/generated/res/react/release/drawable-mdpi/src_assets_images_logo.png to /Users/oem/Projects/KapraDaily/android/app/build/intermediates/merged_res/release/mergeReleaseResources/drawable-mdpi_src_assets_images_logo.png.flat
Compiling file /Users/oem/Projects/KapraDaily/android/app/build/generated/res/react/release/drawable-mdpi/src_assets_gifs_bcoin.gif to /Users/oem/Projects/KapraDaily/android/app/build/intermediates/merged_res/release/mergeReleaseResources/drawable-mdpi_src_assets_gifs_bcoin.gif.flat
Compiling XML table /Users/oem/Projects/KapraDaily/android/app/build/intermediates/incremental/release/mergeReleaseResources/merged.dir/values-bg/values-bg.xml to /Users/oem/Projects/KapraDaily/android/app/build/intermediates/merged_res/release/mergeReleaseResources/values-bg_values-bg.arsc.flat
Compiling image file /Users/oem/Projects/KapraDaily/android/app/build/generated/res/react/release/drawable-mdpi/src_assets_images_head_phone.png
Compiling file /Users/oem/Projects/KapraDaily/android/app/build/generated/res/react/release/drawable-mdpi/src_assets_images_head_phone.png to /Users/oem/Projects/KapraDaily/android/app/build/intermediates/merged_res/release/mergeReleaseResources/drawable-mdpi_src_assets_images_head_phone.png.flat
Compiling XML table /Users/oem/Projects/KapraDaily/android/app/build/intermediates/incremental/release/mergeReleaseResources/merged.dir/values-sk/values-sk.xml to /Users/oem/Projects/KapraDaily/android/app/build/intermediates/merged_res/release/mergeReleaseResources/values-sk_values-sk.arsc.flat
Compiling image file /Users/oem/Projects/KapraDaily/android/app/build/generated/res/react/release/drawable-mdpi/src_assets_images_office_primary_color.png
Compiling file /Users/oem/Projects/KapraDaily/android/app/build/generated/res/react/release/drawable-mdpi/src_assets_images_office_primary_color.png to /Users/oem/Projects/KapraDaily/android/app/build/intermediates/merged_res/release/mergeReleaseResources/drawable-mdpi_src_assets_images_office_primary_color.png.flat
Compiling image file /Users/oem/Projects/KapraDaily/android/app/build/generated/res/react/release/drawable-mdpi/src_assets_images_wishlistemptyimage.png
Compiling file /Users/oem/Projects/KapraDaily/android/app/build/generated/res/react/release/drawable-mdpi/src_assets_images_wishlistemptyimage.png to /Users/oem/Projects/KapraDaily/android/app/build/intermediates/merged_res/release/mergeReleaseResources/drawable-mdpi_src_assets_images_wishlistemptyimage.png.flat
Compiling image file /Users/oem/Projects/KapraDaily/android/app/build/generated/res/react/release/drawable-mdpi/src_assets_images_payment_image.png
Compiling file /Users/oem/Projects/KapraDaily/android/app/build/generated/res/react/release/drawable-mdpi/src_assets_images_payment_image.png to /Users/oem/Projects/KapraDaily/android/app/build/intermediates/merged_res/release/mergeReleaseResources/drawable-mdpi_src_assets_images_payment_image.png.flat
Compiling XML table /Users/oem/Projects/KapraDaily/android/app/build/intermediates/incremental/release/mergeReleaseResources/merged.dir/values-km/values-km.xml to /Users/oem/Projects/KapraDaily/android/app/build/intermediates/merged_res/release/mergeReleaseResources/values-km_values-km.arsc.flat
Compiling XML table /Users/oem/Projects/KapraDaily/android/app/build/intermediates/incremental/release/mergeReleaseResources/merged.dir/values-cs/values-cs.xml to /Users/oem/Projects/KapraDaily/android/app/build/intermediates/merged_res/release/mergeReleaseResources/values-cs_values-cs.arsc.flat
Compiling XML table /Users/oem/Projects/KapraDaily/android/app/build/intermediates/incremental/release/mergeReleaseResources/merged.dir/values-en-rAU/values-en-rAU.xml to /Users/oem/Projects/KapraDaily/android/app/build/intermediates/merged_res/release/mergeReleaseResources/values-en-rAU_values-en-rAU.arsc.flat
Compiling XML table /Users/oem/Projects/KapraDaily/android/app/build/intermediates/incremental/release/mergeReleaseResources/merged.dir/values-uk/values-uk.xml to /Users/oem/Projects/KapraDaily/android/app/build/intermediates/merged_res/release/mergeReleaseResources/values-uk_values-uk.arsc.flat
Compiling XML table /Users/oem/Projects/KapraDaily/android/app/build/intermediates/incremental/release/mergeReleaseResources/merged.dir/values-ms/values-ms.xml to /Users/oem/Projects/KapraDaily/android/app/build/intermediates/merged_res/release/mergeReleaseResources/values-ms_values-ms.arsc.flat
Compiling image file /Users/oem/Projects/KapraDaily/android/app/build/generated/res/react/release/drawable-mdpi/src_assets_images_kshope.png
Compiling file /Users/oem/Projects/KapraDaily/android/app/build/generated/res/react/release/drawable-mdpi/src_assets_images_kshope.png to /Users/oem/Projects/KapraDaily/android/app/build/intermediates/merged_res/release/mergeReleaseResources/drawable-mdpi_src_assets_images_kshope.png.flat
Compiling image file /Users/oem/Projects/KapraDaily/android/app/build/generated/res/react/release/drawable-mdpi/node_modules_reactnativegoogleplacesautocomplete_images_powered_by_google_on_white.png
Compiling file /Users/oem/Projects/KapraDaily/android/app/build/generated/res/react/release/drawable-mdpi/node_modules_reactnativegoogleplacesautocomplete_images_powered_by_google_on_white.png to /Users/oem/Projects/KapraDaily/android/app/build/intermediates/merged_res/release/mergeReleaseResources/drawable-mdpi_node_modules_reactnativegoogleplacesautocomplete_images_powered_by_google_on_white.png.flat
Compiling XML table /Users/oem/Projects/KapraDaily/android/app/build/intermediates/incremental/release/mergeReleaseResources/merged.dir/values-w400dp-port-v13/values-w400dp-port-v13.xml to /Users/oem/Projects/KapraDaily/android/app/build/intermediates/merged_res/release/mergeReleaseResources/values-w400dp-port-v13_values-w400dp-port-v13.arsc.flat
Compiling image file /Users/oem/Projects/KapraDaily/android/app/build/generated/res/react/release/drawable-mdpi/src_assets_images_search_icon.png
Compiling file /Users/oem/Projects/KapraDaily/android/app/build/generated/res/react/release/drawable-mdpi/src_assets_images_search_icon.png to /Users/oem/Projects/KapraDaily/android/app/build/intermediates/merged_res/release/mergeReleaseResources/drawable-mdpi_src_assets_images_search_icon.png.flat
Compiling XML table /Users/oem/Projects/KapraDaily/android/app/build/intermediates/incremental/release/mergeReleaseResources/merged.dir/values-zh-rCN/values-zh-rCN.xml to /Users/oem/Projects/KapraDaily/android/app/build/intermediates/merged_res/release/mergeReleaseResources/values-zh-rCN_values-zh-rCN.arsc.flat
Compiling image file /Users/oem/Projects/KapraDaily/android/app/src/main/res/mipmap-xhdpi/ic_launcher.png
Compiling file /Users/oem/Projects/KapraDaily/android/app/src/main/res/mipmap-xhdpi/ic_launcher.png to /Users/oem/Projects/KapraDaily/android/app/build/intermediates/merged_res/release/mergeReleaseResources/mipmap-xhdpi_ic_launcher.png.flat
Compiling image file /Users/oem/Projects/KapraDaily/android/app/build/generated/res/react/release/drawable-mdpi/src_assets_images_leafy.png
Compiling file /Users/oem/Projects/KapraDaily/android/app/build/generated/res/react/release/drawable-mdpi/src_assets_images_leafy.png to /Users/oem/Projects/KapraDaily/android/app/build/intermediates/merged_res/release/mergeReleaseResources/drawable-mdpi_src_assets_images_leafy.png.flat
Compiling XML table /Users/oem/Projects/KapraDaily/android/app/build/intermediates/incremental/release/mergeReleaseResources/merged.dir/values-land/values-land.xml to /Users/oem/Projects/KapraDaily/android/app/build/intermediates/merged_res/release/mergeReleaseResources/values-land_values-land.arsc.flat
Compiling image file /Users/oem/Projects/KapraDaily/android/app/build/generated/res/react/release/drawable-mdpi/src_assets_images_product2.png
Compiling file /Users/oem/Projects/KapraDaily/android/app/build/generated/res/react/release/drawable-mdpi/src_assets_images_product2.png to /Users/oem/Projects/KapraDaily/android/app/build/intermediates/merged_res/release/mergeReleaseResources/drawable-mdpi_src_assets_images_product2.png.flat
Compiling image file /Users/oem/Projects/KapraDaily/android/app/build/generated/res/react/release/drawable-mdpi/src_assets_images_rneb2.png
Compiling file /Users/oem/Projects/KapraDaily/android/app/build/generated/res/react/release/drawable-mdpi/src_assets_images_rneb2.png to /Users/oem/Projects/KapraDaily/android/app/build/intermediates/merged_res/release/mergeReleaseResources/drawable-mdpi_src_assets_images_rneb2.png.flat
Compiling XML table /Users/oem/Projects/KapraDaily/android/app/build/intermediates/incremental/release/mergeReleaseResources/merged.dir/values-si/values-si.xml to /Users/oem/Projects/KapraDaily/android/app/build/intermediates/merged_res/release/mergeReleaseResources/values-si_values-si.arsc.flat
Compiling image file /Users/oem/Projects/KapraDaily/android/app/build/generated/res/react/release/drawable-mdpi/src_assets_images_image.png
Compiling file /Users/oem/Projects/KapraDaily/android/app/build/generated/res/react/release/drawable-mdpi/src_assets_images_image.png to /Users/oem/Projects/KapraDaily/android/app/build/intermediates/merged_res/release/mergeReleaseResources/drawable-mdpi_src_assets_images_image.png.flat
Compiling file /Users/oem/Projects/KapraDaily/android/app/build/generated/res/react/release/raw/keep.xml to /Users/oem/Projects/KapraDaily/android/app/build/intermediates/merged_res/release/mergeReleaseResources/raw_keep.xml.flat
Compiling image file /Users/oem/Projects/KapraDaily/android/app/src/main/res/mipmap-mdpi/ic_launcher.png
Compiling file /Users/oem/Projects/KapraDaily/android/app/src/main/res/mipmap-mdpi/ic_launcher.png to /Users/oem/Projects/KapraDaily/android/app/build/intermediates/merged_res/release/mergeReleaseResources/mipmap-mdpi_ic_launcher.png.flat
Compiling image file /Users/oem/Projects/KapraDaily/android/app/build/generated/res/react/release/drawable-mdpi/src_assets_images_tracking_image_delivered.png
Compiling file /Users/oem/Projects/KapraDaily/android/app/build/generated/res/react/release/drawable-mdpi/src_assets_images_tracking_image_delivered.png to /Users/oem/Projects/KapraDaily/android/app/build/intermediates/merged_res/release/mergeReleaseResources/drawable-mdpi_src_assets_images_tracking_image_delivered.png.flat
Compiling image file /Users/oem/Projects/KapraDaily/android/app/build/generated/res/react/release/drawable-mdpi/src_assets_images_tick.png
Compiling file /Users/oem/Projects/KapraDaily/android/app/build/generated/res/react/release/drawable-mdpi/src_assets_images_tick.png to /Users/oem/Projects/KapraDaily/android/app/build/intermediates/merged_res/release/mergeReleaseResources/drawable-mdpi_src_assets_images_tick.png.flat
Compiling image file /Users/oem/Projects/KapraDaily/android/app/build/generated/res/react/release/drawable-mdpi/src_assets_images_btokenicon.png
Compiling file /Users/oem/Projects/KapraDaily/android/app/build/generated/res/react/release/drawable-mdpi/src_assets_images_btokenicon.png to /Users/oem/Projects/KapraDaily/android/app/build/intermediates/merged_res/release/mergeReleaseResources/drawable-mdpi_src_assets_images_btokenicon.png.flat
Compiling image file /Users/oem/Projects/KapraDaily/android/app/build/generated/res/react/release/drawable-mdpi/src_assets_images_tracking_image_accepted.png
Compiling file /Users/oem/Projects/KapraDaily/android/app/build/generated/res/react/release/drawable-mdpi/src_assets_images_tracking_image_accepted.png to /Users/oem/Projects/KapraDaily/android/app/build/intermediates/merged_res/release/mergeReleaseResources/drawable-mdpi_src_assets_images_tracking_image_accepted.png.flat
Compiling image file /Users/oem/Projects/KapraDaily/android/app/build/generated/res/react/release/drawable-mdpi/src_assets_icons_address.png
Compiling file /Users/oem/Projects/KapraDaily/android/app/build/generated/res/react/release/drawable-mdpi/src_assets_icons_address.png to /Users/oem/Projects/KapraDaily/android/app/build/intermediates/merged_res/release/mergeReleaseResources/drawable-mdpi_src_assets_icons_address.png.flat
Compiling image file /Users/oem/Projects/KapraDaily/android/app/build/generated/res/react/release/drawable-mdpi/src_assets_images_categories_fnv.png
Compiling file /Users/oem/Projects/KapraDaily/android/app/build/generated/res/react/release/drawable-mdpi/src_assets_images_categories_fnv.png to /Users/oem/Projects/KapraDaily/android/app/build/intermediates/merged_res/release/mergeReleaseResources/drawable-mdpi_src_assets_images_categories_fnv.png.flat
Compiling XML table /Users/oem/Projects/KapraDaily/android/app/build/intermediates/incremental/release/mergeReleaseResources/merged.dir/values-kk/values-kk.xml to /Users/oem/Projects/KapraDaily/android/app/build/intermediates/merged_res/release/mergeReleaseResources/values-kk_values-kk.arsc.flat
Compiling image file /Users/oem/Projects/KapraDaily/android/app/build/generated/res/react/release/drawable-mdpi/src_assets_images_phone_green.png
Compiling file /Users/oem/Projects/KapraDaily/android/app/build/generated/res/react/release/drawable-mdpi/src_assets_images_phone_green.png to /Users/oem/Projects/KapraDaily/android/app/build/intermediates/merged_res/release/mergeReleaseResources/drawable-mdpi_src_assets_images_phone_green.png.flat
Compiling image file /Users/oem/Projects/KapraDaily/android/app/build/generated/res/react/release/drawable-mdpi/src_assets_images_location_five.png
Compiling file /Users/oem/Projects/KapraDaily/android/app/build/generated/res/react/release/drawable-mdpi/src_assets_images_location_five.png to /Users/oem/Projects/KapraDaily/android/app/build/intermediates/merged_res/release/mergeReleaseResources/drawable-mdpi_src_assets_images_location_five.png.flat
Compiling image file /Users/oem/Projects/KapraDaily/android/app/build/generated/res/react/release/drawable-mdpi/src_assets_images_gift_two.png
Compiling file /Users/oem/Projects/KapraDaily/android/app/build/generated/res/react/release/drawable-mdpi/src_assets_images_gift_two.png to /Users/oem/Projects/KapraDaily/android/app/build/intermediates/merged_res/release/mergeReleaseResources/drawable-mdpi_src_assets_images_gift_two.png.flat
Compiling image file /Users/oem/Projects/KapraDaily/android/app/build/generated/res/react/release/drawable-mdpi/src_assets_images_green_tick.png
Compiling file /Users/oem/Projects/KapraDaily/android/app/build/generated/res/react/release/drawable-mdpi/src_assets_images_green_tick.png to /Users/oem/Projects/KapraDaily/android/app/build/intermediates/merged_res/release/mergeReleaseResources/drawable-mdpi_src_assets_images_green_tick.png.flat
Compiling XML table /Users/oem/Projects/KapraDaily/android/app/build/intermediates/incremental/release/mergeReleaseResources/merged.dir/values-pt-rBR/values-pt-rBR.xml to /Users/oem/Projects/KapraDaily/android/app/build/intermediates/merged_res/release/mergeReleaseResources/values-pt-rBR_values-pt-rBR.arsc.flat
Compiling image file /Users/oem/Projects/KapraDaily/android/app/build/generated/res/react/release/drawable-mdpi/src_assets_images_rneb.png
Compiling file /Users/oem/Projects/KapraDaily/android/app/build/generated/res/react/release/drawable-mdpi/src_assets_images_rneb.png to /Users/oem/Projects/KapraDaily/android/app/build/intermediates/merged_res/release/mergeReleaseResources/drawable-mdpi_src_assets_images_rneb.png.flat
Compiling image file /Users/oem/Projects/KapraDaily/android/app/build/generated/res/react/release/drawable-mdpi/src_assets_images_empty_cart_illustration.png
Compiling file /Users/oem/Projects/KapraDaily/android/app/build/generated/res/react/release/drawable-mdpi/src_assets_images_empty_cart_illustration.png to /Users/oem/Projects/KapraDaily/android/app/build/intermediates/merged_res/release/mergeReleaseResources/drawable-mdpi_src_assets_images_empty_cart_illustration.png.flat
Compiling image file /Users/oem/Projects/KapraDaily/android/app/build/generated/res/react/release/drawable-mdpi/src_assets_images_ff.png
Compiling file /Users/oem/Projects/KapraDaily/android/app/build/generated/res/react/release/drawable-mdpi/src_assets_images_ff.png to /Users/oem/Projects/KapraDaily/android/app/build/intermediates/merged_res/release/mergeReleaseResources/drawable-mdpi_src_assets_images_ff.png.flat
Compiling XML table /Users/oem/Projects/KapraDaily/android/app/build/intermediates/incremental/release/mergeReleaseResources/merged.dir/values-tr/values-tr.xml to /Users/oem/Projects/KapraDaily/android/app/build/intermediates/merged_res/release/mergeReleaseResources/values-tr_values-tr.arsc.flat
Compiling image file /Users/oem/Projects/KapraDaily/android/app/build/generated/res/react/release/drawable-mdpi/src_assets_images_offer.png
Compiling file /Users/oem/Projects/KapraDaily/android/app/build/generated/res/react/release/drawable-mdpi/src_assets_images_offer.png to /Users/oem/Projects/KapraDaily/android/app/build/intermediates/merged_res/release/mergeReleaseResources/drawable-mdpi_src_assets_images_offer.png.flat
Compiling XML table /Users/oem/Projects/KapraDaily/android/app/build/intermediates/incremental/release/mergeReleaseResources/merged.dir/values-ldrtl-v17/values-ldrtl-v17.xml to /Users/oem/Projects/KapraDaily/android/app/build/intermediates/merged_res/release/mergeReleaseResources/values-ldrtl-v17_values-ldrtl-v17.arsc.flat
Compiling image file /Users/oem/Projects/KapraDaily/android/app/build/generated/res/react/release/drawable-mdpi/node_modules_reactnativedropdownpicker_src_themes_light_icons_arrowdown.png
Compiling file /Users/oem/Projects/KapraDaily/android/app/build/generated/res/react/release/drawable-mdpi/node_modules_reactnativedropdownpicker_src_themes_light_icons_arrowdown.png to /Users/oem/Projects/KapraDaily/android/app/build/intermediates/merged_res/release/mergeReleaseResources/drawable-mdpi_node_modules_reactnativedropdownpicker_src_themes_light_icons_arrowdown.png.flat
Compiling image file /Users/oem/Projects/KapraDaily/android/app/build/generated/res/react/release/drawable-mdpi/src_assets_images_delete_icon.png
Compiling file /Users/oem/Projects/KapraDaily/android/app/build/generated/res/react/release/drawable-mdpi/src_assets_images_delete_icon.png to /Users/oem/Projects/KapraDaily/android/app/build/intermediates/merged_res/release/mergeReleaseResources/drawable-mdpi_src_assets_images_delete_icon.png.flat
Compiling XML table /Users/oem/Projects/KapraDaily/android/app/build/intermediates/incremental/release/mergeReleaseResources/merged.dir/values-fr-rCA/values-fr-rCA.xml to /Users/oem/Projects/KapraDaily/android/app/build/intermediates/merged_res/release/mergeReleaseResources/values-fr-rCA_values-fr-rCA.arsc.flat
Compiling XML table /Users/oem/Projects/KapraDaily/android/app/build/intermediates/incremental/release/mergeReleaseResources/merged.dir/values-vi/values-vi.xml to /Users/oem/Projects/KapraDaily/android/app/build/intermediates/merged_res/release/mergeReleaseResources/values-vi_values-vi.arsc.flat
Compiling image file /Users/oem/Projects/KapraDaily/android/app/build/generated/res/react/release/drawable-mdpi/src_assets_images_lays3.png
Compiling file /Users/oem/Projects/KapraDaily/android/app/build/generated/res/react/release/drawable-mdpi/src_assets_images_lays3.png to /Users/oem/Projects/KapraDaily/android/app/build/intermediates/merged_res/release/mergeReleaseResources/drawable-mdpi_src_assets_images_lays3.png.flat
Compiling image file /Users/oem/Projects/KapraDaily/android/app/build/generated/res/react/release/drawable-mdpi/src_assets_images_smart_point.png
Compiling file /Users/oem/Projects/KapraDaily/android/app/build/generated/res/react/release/drawable-mdpi/src_assets_images_smart_point.png to /Users/oem/Projects/KapraDaily/android/app/build/intermediates/merged_res/release/mergeReleaseResources/drawable-mdpi_src_assets_images_smart_point.png.flat
Compiling image file /Users/oem/Projects/KapraDaily/android/app/build/generated/res/react/release/drawable-xxhdpi/node_modules_reactnavigation_elements_lib_module_assets_closeicon.png
Compiling file /Users/oem/Projects/KapraDaily/android/app/build/generated/res/react/release/drawable-xxhdpi/node_modules_reactnavigation_elements_lib_module_assets_closeicon.png to /Users/oem/Projects/KapraDaily/android/app/build/intermediates/merged_res/release/mergeReleaseResources/drawable-xxhdpi_node_modules_reactnavigation_elements_lib_module_assets_closeicon.png.flat
Compiling image file /Users/oem/Projects/KapraDaily/android/app/build/generated/res/react/release/drawable-mdpi/node_modules_reactnativedropdownpicker_src_themes_dark_icons_arrowdown.png
Compiling file /Users/oem/Projects/KapraDaily/android/app/build/generated/res/react/release/drawable-mdpi/node_modules_reactnativedropdownpicker_src_themes_dark_icons_arrowdown.png to /Users/oem/Projects/KapraDaily/android/app/build/intermediates/merged_res/release/mergeReleaseResources/drawable-mdpi_node_modules_reactnativedropdownpicker_src_themes_dark_icons_arrowdown.png.flat
Compiling image file /Users/oem/Projects/KapraDaily/android/app/build/generated/res/react/release/drawable-mdpi/node_modules_reactnativedropdownpicker_src_themes_light_icons_close.png
Compiling file /Users/oem/Projects/KapraDaily/android/app/build/generated/res/react/release/drawable-mdpi/node_modules_reactnativedropdownpicker_src_themes_light_icons_close.png to /Users/oem/Projects/KapraDaily/android/app/build/intermediates/merged_res/release/mergeReleaseResources/drawable-mdpi_node_modules_reactnativedropdownpicker_src_themes_light_icons_close.png.flat
Compiling image file /Users/oem/Projects/KapraDaily/android/app/build/generated/res/react/release/drawable-mdpi/src_assets_images_cartbanner.png
Compiling file /Users/oem/Projects/KapraDaily/android/app/build/generated/res/react/release/drawable-mdpi/src_assets_images_cartbanner.png to /Users/oem/Projects/KapraDaily/android/app/build/intermediates/merged_res/release/mergeReleaseResources/drawable-mdpi_src_assets_images_cartbanner.png.flat
Compiling image file /Users/oem/Projects/KapraDaily/android/app/build/generated/res/react/release/drawable-mdpi/src_assets_images_curves.png
Compiling file /Users/oem/Projects/KapraDaily/android/app/build/generated/res/react/release/drawable-mdpi/src_assets_images_curves.png to /Users/oem/Projects/KapraDaily/android/app/build/intermediates/merged_res/release/mergeReleaseResources/drawable-mdpi_src_assets_images_curves.png.flat
Compiling image file /Users/oem/Projects/KapraDaily/android/app/src/main/res/mipmap-xxxhdpi/ic_launcher.png
Compiling file /Users/oem/Projects/KapraDaily/android/app/src/main/res/mipmap-xxxhdpi/ic_launcher.png to /Users/oem/Projects/KapraDaily/android/app/build/intermediates/merged_res/release/mergeReleaseResources/mipmap-xxxhdpi_ic_launcher.png.flat
Compiling image file /Users/oem/Projects/KapraDaily/android/app/build/generated/res/react/release/drawable-mdpi/src_assets_images_plusbutton.png
Compiling file /Users/oem/Projects/KapraDaily/android/app/build/generated/res/react/release/drawable-mdpi/src_assets_images_plusbutton.png to /Users/oem/Projects/KapraDaily/android/app/build/intermediates/merged_res/release/mergeReleaseResources/drawable-mdpi_src_assets_images_plusbutton.png.flat
Compiling XML table /Users/oem/Projects/KapraDaily/android/app/build/intermediates/incremental/release/mergeReleaseResources/merged.dir/values-nl/values-nl.xml to /Users/oem/Projects/KapraDaily/android/app/build/intermediates/merged_res/release/mergeReleaseResources/values-nl_values-nl.arsc.flat
Compiling image file /Users/oem/Projects/KapraDaily/android/app/build/generated/res/react/release/drawable-mdpi/src_assets_images_categories_cnb.png
Compiling file /Users/oem/Projects/KapraDaily/android/app/build/generated/res/react/release/drawable-mdpi/src_assets_images_categories_cnb.png to /Users/oem/Projects/KapraDaily/android/app/build/intermediates/merged_res/release/mergeReleaseResources/drawable-mdpi_src_assets_images_categories_cnb.png.flat
Compiling image file /Users/oem/Projects/KapraDaily/android/app/build/generated/res/react/release/drawable-mdpi/src_assets_images_crown.png
Compiling file /Users/oem/Projects/KapraDaily/android/app/build/generated/res/react/release/drawable-mdpi/src_assets_images_crown.png to /Users/oem/Projects/KapraDaily/android/app/build/intermediates/merged_res/release/mergeReleaseResources/drawable-mdpi_src_assets_images_crown.png.flat
Compiling image file /Users/oem/Projects/KapraDaily/android/app/build/generated/res/react/release/drawable-mdpi/src_assets_images_bcointhree.png
Compiling file /Users/oem/Projects/KapraDaily/android/app/build/generated/res/react/release/drawable-mdpi/src_assets_images_bcointhree.png to /Users/oem/Projects/KapraDaily/android/app/build/intermediates/merged_res/release/mergeReleaseResources/drawable-mdpi_src_assets_images_bcointhree.png.flat
Compiling image file /Users/oem/Projects/KapraDaily/android/app/src/main/res/mipmap-mdpi/ic_launcher_round.png
Compiling file /Users/oem/Projects/KapraDaily/android/app/src/main/res/mipmap-mdpi/ic_launcher_round.png to /Users/oem/Projects/KapraDaily/android/app/build/intermediates/merged_res/release/mergeReleaseResources/mipmap-mdpi_ic_launcher_round.png.flat
Compiling image file /Users/oem/Projects/KapraDaily/android/app/build/generated/res/react/release/drawable-mdpi/src_assets_images_tracking_image_dispatched.png
Compiling file /Users/oem/Projects/KapraDaily/android/app/build/generated/res/react/release/drawable-mdpi/src_assets_images_tracking_image_dispatched.png to /Users/oem/Projects/KapraDaily/android/app/build/intermediates/merged_res/release/mergeReleaseResources/drawable-mdpi_src_assets_images_tracking_image_dispatched.png.flat
Compiling image file /Users/oem/Projects/KapraDaily/android/app/build/generated/res/react/release/drawable-mdpi/src_assets_images_home_two.png
Compiling file /Users/oem/Projects/KapraDaily/android/app/build/generated/res/react/release/drawable-mdpi/src_assets_images_home_two.png to /Users/oem/Projects/KapraDaily/android/app/build/intermediates/merged_res/release/mergeReleaseResources/drawable-mdpi_src_assets_images_home_two.png.flat
Compiling image file /Users/oem/Projects/KapraDaily/android/app/build/generated/res/react/release/drawable-mdpi/src_assets_images_categories_snc.png
Compiling file /Users/oem/Projects/KapraDaily/android/app/build/generated/res/react/release/drawable-mdpi/src_assets_images_categories_snc.png to /Users/oem/Projects/KapraDaily/android/app/build/intermediates/merged_res/release/mergeReleaseResources/drawable-mdpi_src_assets_images_categories_snc.png.flat
Compiling XML table /Users/oem/Projects/KapraDaily/android/app/build/intermediates/incremental/release/mergeReleaseResources/merged.dir/values-en-rGB/values-en-rGB.xml to /Users/oem/Projects/KapraDaily/android/app/build/intermediates/merged_res/release/mergeReleaseResources/values-en-rGB_values-en-rGB.arsc.flat
Compiling image file /Users/oem/Projects/KapraDaily/android/app/build/generated/res/react/release/drawable-mdpi/src_assets_images_clock.png
Compiling file /Users/oem/Projects/KapraDaily/android/app/build/generated/res/react/release/drawable-mdpi/src_assets_images_clock.png to /Users/oem/Projects/KapraDaily/android/app/build/intermediates/merged_res/release/mergeReleaseResources/drawable-mdpi_src_assets_images_clock.png.flat
Compiling image file /Users/oem/Projects/KapraDaily/android/app/build/generated/res/react/release/drawable-mdpi/src_assets_images_order_tracking_background.png
Compiling image file /Users/oem/Projects/KapraDaily/android/app/build/generated/res/react/release/drawable-mdpi/src_assets_images_shareicon.png
Compiling file /Users/oem/Projects/KapraDaily/android/app/build/generated/res/react/release/drawable-mdpi/src_assets_images_shareicon.png to /Users/oem/Projects/KapraDaily/android/app/build/intermediates/merged_res/release/mergeReleaseResources/drawable-mdpi_src_assets_images_shareicon.png.flat
Compiling image file /Users/oem/Projects/KapraDaily/android/app/build/generated/res/react/release/drawable-mdpi/src_assets_images_home.png
Compiling file /Users/oem/Projects/KapraDaily/android/app/build/generated/res/react/release/drawable-mdpi/src_assets_images_home.png to /Users/oem/Projects/KapraDaily/android/app/build/intermediates/merged_res/release/mergeReleaseResources/drawable-mdpi_src_assets_images_home.png.flat
Compiling file /Users/oem/Projects/KapraDaily/android/app/build/generated/res/react/release/drawable-mdpi/src_assets_images_order_tracking_background.png to /Users/oem/Projects/KapraDaily/android/app/build/intermediates/merged_res/release/mergeReleaseResources/drawable-mdpi_src_assets_images_order_tracking_background.png.flat
Compiling image file /Users/oem/Projects/KapraDaily/android/app/build/generated/res/react/release/drawable-xhdpi/node_modules_reactnavigation_elements_lib_module_assets_searchicon.png
Compiling file /Users/oem/Projects/KapraDaily/android/app/build/generated/res/react/release/drawable-xhdpi/node_modules_reactnavigation_elements_lib_module_assets_searchicon.png to /Users/oem/Projects/KapraDaily/android/app/build/intermediates/merged_res/release/mergeReleaseResources/drawable-xhdpi_node_modules_reactnavigation_elements_lib_module_assets_searchicon.png.flat
Compiling image file /Users/oem/Projects/KapraDaily/android/app/build/generated/res/react/release/drawable-mdpi/src_assets_images_del_agent.png
Compiling file /Users/oem/Projects/KapraDaily/android/app/build/generated/res/react/release/drawable-mdpi/src_assets_images_del_agent.png to /Users/oem/Projects/KapraDaily/android/app/build/intermediates/merged_res/release/mergeReleaseResources/drawable-mdpi_src_assets_images_del_agent.png.flat
Compiling image file /Users/oem/Projects/KapraDaily/android/app/build/generated/res/react/release/drawable-mdpi/src_assets_images_lays4.png
Compiling file /Users/oem/Projects/KapraDaily/android/app/build/generated/res/react/release/drawable-mdpi/src_assets_images_lays4.png to /Users/oem/Projects/KapraDaily/android/app/build/intermediates/merged_res/release/mergeReleaseResources/drawable-mdpi_src_assets_images_lays4.png.flat
Compiling image file /Users/oem/Projects/KapraDaily/android/app/build/generated/res/react/release/drawable-mdpi/node_modules_reactnativedropdownpicker_src_themes_light_icons_arrowup.png
Compiling file /Users/oem/Projects/KapraDaily/android/app/build/generated/res/react/release/drawable-mdpi/node_modules_reactnativedropdownpicker_src_themes_light_icons_arrowup.png to /Users/oem/Projects/KapraDaily/android/app/build/intermediates/merged_res/release/mergeReleaseResources/drawable-mdpi_node_modules_reactnativedropdownpicker_src_themes_light_icons_arrowup.png.flat
Compiling file /Users/oem/Projects/KapraDaily/android/app/build/generated/res/react/release/drawable-mdpi/src_assets_images_mango.jpg to /Users/oem/Projects/KapraDaily/android/app/build/intermediates/merged_res/release/mergeReleaseResources/drawable-mdpi_src_assets_images_mango.jpg.flat
Compiling image file /Users/oem/Projects/KapraDaily/android/app/build/generated/res/react/release/drawable-xxhdpi/node_modules_reactnativegoogleplacesautocomplete_images_powered_by_google_on_white.png
Compiling file /Users/oem/Projects/KapraDaily/android/app/build/generated/res/react/release/drawable-xxhdpi/node_modules_reactnativegoogleplacesautocomplete_images_powered_by_google_on_white.png to /Users/oem/Projects/KapraDaily/android/app/build/intermediates/merged_res/release/mergeReleaseResources/drawable-xxhdpi_node_modules_reactnativegoogleplacesautocomplete_images_powered_by_google_on_white.png.flat
Compiling image file /Users/oem/Projects/KapraDaily/android/app/build/generated/res/react/release/drawable-mdpi/src_assets_images_home_primary_three.png
Compiling file /Users/oem/Projects/KapraDaily/android/app/build/generated/res/react/release/drawable-mdpi/src_assets_images_home_primary_three.png to /Users/oem/Projects/KapraDaily/android/app/build/intermediates/merged_res/release/mergeReleaseResources/drawable-mdpi_src_assets_images_home_primary_three.png.flat
Compiling image file /Users/oem/Projects/KapraDaily/android/app/build/generated/res/react/release/drawable-mdpi/src_assets_images_btokeniconthree.png
Compiling file /Users/oem/Projects/KapraDaily/android/app/build/generated/res/react/release/drawable-mdpi/src_assets_images_btokeniconthree.png to /Users/oem/Projects/KapraDaily/android/app/build/intermediates/merged_res/release/mergeReleaseResources/drawable-mdpi_src_assets_images_btokeniconthree.png.flat
Compiling image file /Users/oem/Projects/KapraDaily/android/app/build/generated/res/react/release/drawable-mdpi/src_assets_images_rneb4.png
Compiling file /Users/oem/Projects/KapraDaily/android/app/build/generated/res/react/release/drawable-mdpi/src_assets_images_rneb4.png to /Users/oem/Projects/KapraDaily/android/app/build/intermediates/merged_res/release/mergeReleaseResources/drawable-mdpi_src_assets_images_rneb4.png.flat
Compiling image file /Users/oem/Projects/KapraDaily/android/app/build/generated/res/react/release/drawable-mdpi/node_modules_reactnavigation_elements_lib_module_assets_searchicon.png
Compiling file /Users/oem/Projects/KapraDaily/android/app/build/generated/res/react/release/drawable-mdpi/node_modules_reactnavigation_elements_lib_module_assets_searchicon.png to /Users/oem/Projects/KapraDaily/android/app/build/intermediates/merged_res/release/mergeReleaseResources/drawable-mdpi_node_modules_reactnavigation_elements_lib_module_assets_searchicon.png.flat
Compiling image file /Users/oem/Projects/KapraDaily/android/app/build/generated/res/react/release/drawable-mdpi/src_assets_images_location_two.png
Compiling file /Users/oem/Projects/KapraDaily/android/app/build/generated/res/react/release/drawable-mdpi/src_assets_images_location_two.png to /Users/oem/Projects/KapraDaily/android/app/build/intermediates/merged_res/release/mergeReleaseResources/drawable-mdpi_src_assets_images_location_two.png.flat
Compiling image file /Users/oem/Projects/KapraDaily/android/app/build/generated/res/react/release/drawable-mdpi/src_assets_images_grid.png
Compiling file /Users/oem/Projects/KapraDaily/android/app/build/generated/res/react/release/drawable-mdpi/src_assets_images_grid.png to /Users/oem/Projects/KapraDaily/android/app/build/intermediates/merged_res/release/mergeReleaseResources/drawable-mdpi_src_assets_images_grid.png.flat
Compiling image file /Users/oem/Projects/KapraDaily/android/app/build/generated/res/react/release/drawable-mdpi/src_assets_images_tracking_image_packed.png
Compiling file /Users/oem/Projects/KapraDaily/android/app/build/generated/res/react/release/drawable-mdpi/src_assets_images_tracking_image_packed.png to /Users/oem/Projects/KapraDaily/android/app/build/intermediates/merged_res/release/mergeReleaseResources/drawable-mdpi_src_assets_images_tracking_image_packed.png.flat
Compiling image file /Users/oem/Projects/KapraDaily/android/app/build/generated/res/react/release/drawable-mdpi/src_assets_images_assigned.png
Compiling file /Users/oem/Projects/KapraDaily/android/app/build/generated/res/react/release/drawable-mdpi/src_assets_images_assigned.png to /Users/oem/Projects/KapraDaily/android/app/build/intermediates/merged_res/release/mergeReleaseResources/drawable-mdpi_src_assets_images_assigned.png.flat
Compiling image file /Users/oem/Projects/KapraDaily/android/app/build/generated/res/react/release/drawable-mdpi/src_assets_images_noimages_nogiftcard.png
Compiling file /Users/oem/Projects/KapraDaily/android/app/build/generated/res/react/release/drawable-mdpi/src_assets_images_noimages_nogiftcard.png to /Users/oem/Projects/KapraDaily/android/app/build/intermediates/merged_res/release/mergeReleaseResources/drawable-mdpi_src_assets_images_noimages_nogiftcard.png.flat
Compiling image file /Users/oem/Projects/KapraDaily/android/app/build/generated/res/react/release/drawable-mdpi/node_modules_reactnativedropdownpicker_src_themes_light_icons_tick.png
Compiling file /Users/oem/Projects/KapraDaily/android/app/build/generated/res/react/release/drawable-mdpi/node_modules_reactnativedropdownpicker_src_themes_light_icons_tick.png to /Users/oem/Projects/KapraDaily/android/app/build/intermediates/merged_res/release/mergeReleaseResources/drawable-mdpi_node_modules_reactnativedropdownpicker_src_themes_light_icons_tick.png.flat
Compiling image file /Users/oem/Projects/KapraDaily/android/app/build/generated/res/react/release/drawable-mdpi/src_assets_images_fc.png
Compiling file /Users/oem/Projects/KapraDaily/android/app/build/generated/res/react/release/drawable-mdpi/src_assets_images_fc.png to /Users/oem/Projects/KapraDaily/android/app/build/intermediates/merged_res/release/mergeReleaseResources/drawable-mdpi_src_assets_images_fc.png.flat
Compiling image file /Users/oem/Projects/KapraDaily/android/app/build/generated/res/react/release/drawable-mdpi/node_modules_reactnavigation_elements_lib_module_assets_closeicon.png
Compiling file /Users/oem/Projects/KapraDaily/android/app/build/generated/res/react/release/drawable-mdpi/node_modules_reactnavigation_elements_lib_module_assets_closeicon.png to /Users/oem/Projects/KapraDaily/android/app/build/intermediates/merged_res/release/mergeReleaseResources/drawable-mdpi_node_modules_reactnavigation_elements_lib_module_assets_closeicon.png.flat
Compiling image file /Users/oem/Projects/KapraDaily/android/app/build/generated/res/react/release/drawable-mdpi/src_assets_images_bear2.png
Compiling image file /Users/oem/Projects/KapraDaily/android/app/build/generated/res/react/release/drawable-mdpi/src_assets_images_share.png
Compiling file /Users/oem/Projects/KapraDaily/android/app/build/generated/res/react/release/drawable-mdpi/src_assets_images_share.png to /Users/oem/Projects/KapraDaily/android/app/build/intermediates/merged_res/release/mergeReleaseResources/drawable-mdpi_src_assets_images_share.png.flat
Compiling file /Users/oem/Projects/KapraDaily/android/app/build/generated/res/react/release/drawable-mdpi/src_assets_images_bear2.png to /Users/oem/Projects/KapraDaily/android/app/build/intermediates/merged_res/release/mergeReleaseResources/drawable-mdpi_src_assets_images_bear2.png.flat
Compiling image file /Users/oem/Projects/KapraDaily/android/app/build/generated/res/react/release/drawable-mdpi/src_assets_images_edit_icon.png
Compiling file /Users/oem/Projects/KapraDaily/android/app/build/generated/res/react/release/drawable-mdpi/src_assets_images_edit_icon.png to /Users/oem/Projects/KapraDaily/android/app/build/intermediates/merged_res/release/mergeReleaseResources/drawable-mdpi_src_assets_images_edit_icon.png.flat
Compiling image file /Users/oem/Projects/KapraDaily/android/app/build/generated/res/react/release/drawable-mdpi/node_modules_reactnavigation_elements_lib_module_assets_clearicon.png
Compiling file /Users/oem/Projects/KapraDaily/android/app/build/generated/res/react/release/drawable-mdpi/node_modules_reactnavigation_elements_lib_module_assets_clearicon.png to /Users/oem/Projects/KapraDaily/android/app/build/intermediates/merged_res/release/mergeReleaseResources/drawable-mdpi_node_modules_reactnavigation_elements_lib_module_assets_clearicon.png.flat
Compiling image file /Users/oem/Projects/KapraDaily/android/app/src/main/res/mipmap-xxhdpi/ic_launcher_round.png
Compiling file /Users/oem/Projects/KapraDaily/android/app/src/main/res/mipmap-xxhdpi/ic_launcher_round.png to /Users/oem/Projects/KapraDaily/android/app/build/intermediates/merged_res/release/mergeReleaseResources/mipmap-xxhdpi_ic_launcher_round.png.flat
Compiling image file /Users/oem/Projects/KapraDaily/android/app/build/generated/res/react/release/drawable-mdpi/src_assets_images_location_four.png
Compiling file /Users/oem/Projects/KapraDaily/android/app/build/generated/res/react/release/drawable-mdpi/src_assets_images_location_four.png to /Users/oem/Projects/KapraDaily/android/app/build/intermediates/merged_res/release/mergeReleaseResources/drawable-mdpi_src_assets_images_location_four.png.flat
Compiling image file /Users/oem/Projects/KapraDaily/android/app/build/generated/res/react/release/drawable-xxxhdpi/node_modules_reactnavigation_elements_lib_module_assets_clearicon.png
Compiling file /Users/oem/Projects/KapraDaily/android/app/build/generated/res/react/release/drawable-xxxhdpi/node_modules_reactnavigation_elements_lib_module_assets_clearicon.png to /Users/oem/Projects/KapraDaily/android/app/build/intermediates/merged_res/release/mergeReleaseResources/drawable-xxxhdpi_node_modules_reactnavigation_elements_lib_module_assets_clearicon.png.flat
Compiling image file /Users/oem/Projects/KapraDaily/android/app/build/generated/res/react/release/drawable-mdpi/src_assets_icons_close.png
Compiling file /Users/oem/Projects/KapraDaily/android/app/build/generated/res/react/release/drawable-mdpi/src_assets_icons_close.png to /Users/oem/Projects/KapraDaily/android/app/build/intermediates/merged_res/release/mergeReleaseResources/drawable-mdpi_src_assets_icons_close.png.flat
Compiling image file /Users/oem/Projects/KapraDaily/android/app/build/generated/res/react/release/drawable-mdpi/node_modules_reactnativedropdownpicker_src_themes_dark_icons_arrowup.png
Compiling file /Users/oem/Projects/KapraDaily/android/app/build/generated/res/react/release/drawable-mdpi/node_modules_reactnativedropdownpicker_src_themes_dark_icons_arrowup.png to /Users/oem/Projects/KapraDaily/android/app/build/intermediates/merged_res/release/mergeReleaseResources/drawable-mdpi_node_modules_reactnativedropdownpicker_src_themes_dark_icons_arrowup.png.flat
Compiling image file /Users/oem/Projects/KapraDaily/android/app/build/generated/res/react/release/drawable-xxhdpi/node_modules_reactnavigation_elements_lib_module_assets_searchicon.png
Compiling file /Users/oem/Projects/KapraDaily/android/app/build/generated/res/react/release/drawable-xxhdpi/node_modules_reactnavigation_elements_lib_module_assets_searchicon.png to /Users/oem/Projects/KapraDaily/android/app/build/intermediates/merged_res/release/mergeReleaseResources/drawable-xxhdpi_node_modules_reactnavigation_elements_lib_module_assets_searchicon.png.flat
Compiling image file /Users/oem/Projects/KapraDaily/android/app/build/generated/res/react/release/drawable-mdpi/src_assets_images_mango_banner.png
Compiling file /Users/oem/Projects/KapraDaily/android/app/build/generated/res/react/release/drawable-mdpi/src_assets_images_mango_banner.png to /Users/oem/Projects/KapraDaily/android/app/build/intermediates/merged_res/release/mergeReleaseResources/drawable-mdpi_src_assets_images_mango_banner.png.flat
Compiling XML table /Users/oem/Projects/KapraDaily/android/app/build/intermediates/incremental/release/mergeReleaseResources/merged.dir/values-hu/values-hu.xml to /Users/oem/Projects/KapraDaily/android/app/build/intermediates/merged_res/release/mergeReleaseResources/values-hu_values-hu.arsc.flat
Compiling XML table /Users/oem/Projects/KapraDaily/android/app/build/intermediates/incremental/release/mergeReleaseResources/merged.dir/values-hy/values-hy.xml to /Users/oem/Projects/KapraDaily/android/app/build/intermediates/merged_res/release/mergeReleaseResources/values-hy_values-hy.arsc.flat
Compiling image file /Users/oem/Projects/KapraDaily/android/app/build/generated/res/react/release/drawable-mdpi/src_assets_images_categories_sdj.png
Compiling file /Users/oem/Projects/KapraDaily/android/app/build/generated/res/react/release/drawable-mdpi/src_assets_images_categories_sdj.png to /Users/oem/Projects/KapraDaily/android/app/build/intermediates/merged_res/release/mergeReleaseResources/drawable-mdpi_src_assets_images_categories_sdj.png.flat
Compiling XML table /Users/oem/Projects/KapraDaily/android/app/build/intermediates/incremental/release/mergeReleaseResources/merged.dir/values-ldltr-v21/values-ldltr-v21.xml to /Users/oem/Projects/KapraDaily/android/app/build/intermediates/merged_res/release/mergeReleaseResources/values-ldltr-v21_values-ldltr-v21.arsc.flat
Compiling XML table /Users/oem/Projects/KapraDaily/android/app/build/intermediates/incremental/release/mergeReleaseResources/merged.dir/values-am/values-am.xml to /Users/oem/Projects/KapraDaily/android/app/build/intermediates/merged_res/release/mergeReleaseResources/values-am_values-am.arsc.flat
Compiling XML table /Users/oem/Projects/KapraDaily/android/app/build/intermediates/incremental/release/mergeReleaseResources/merged.dir/values-w360dp-port-v13/values-w360dp-port-v13.xml to /Users/oem/Projects/KapraDaily/android/app/build/intermediates/merged_res/release/mergeReleaseResources/values-w360dp-port-v13_values-w360dp-port-v13.arsc.flat
Compiling XML table /Users/oem/Projects/KapraDaily/android/app/build/intermediates/incremental/release/mergeReleaseResources/merged.dir/values-iw/values-iw.xml to /Users/oem/Projects/KapraDaily/android/app/build/intermediates/merged_res/release/mergeReleaseResources/values-iw_values-iw.arsc.flat
Compiling XML table /Users/oem/Projects/KapraDaily/android/app/build/intermediates/incremental/release/mergeReleaseResources/merged.dir/values-ja/values-ja.xml to /Users/oem/Projects/KapraDaily/android/app/build/intermediates/merged_res/release/mergeReleaseResources/values-ja_values-ja.arsc.flat
Compiling XML table /Users/oem/Projects/KapraDaily/android/app/build/intermediates/incremental/release/mergeReleaseResources/merged.dir/values-v22/values-v22.xml to /Users/oem/Projects/KapraDaily/android/app/build/intermediates/merged_res/release/mergeReleaseResources/values-v22_values-v22.arsc.flat
Compiling XML table /Users/oem/Projects/KapraDaily/android/app/build/intermediates/incremental/release/mergeReleaseResources/merged.dir/values-h480dp-land-v13/values-h480dp-land-v13.xml to /Users/oem/Projects/KapraDaily/android/app/build/intermediates/merged_res/release/mergeReleaseResources/values-h480dp-land-v13_values-h480dp-land-v13.arsc.flat
Compiling XML table /Users/oem/Projects/KapraDaily/android/app/build/intermediates/incremental/release/mergeReleaseResources/merged.dir/values-bs/values-bs.xml to /Users/oem/Projects/KapraDaily/android/app/build/intermediates/merged_res/release/mergeReleaseResources/values-bs_values-bs.arsc.flat
Compiling XML table /Users/oem/Projects/KapraDaily/android/app/build/intermediates/incremental/release/mergeReleaseResources/merged.dir/values-v35/values-v35.xml to /Users/oem/Projects/KapraDaily/android/app/build/intermediates/merged_res/release/mergeReleaseResources/values-v35_values-v35.arsc.flat
Compiling XML table /Users/oem/Projects/KapraDaily/android/app/build/intermediates/incremental/release/mergeReleaseResources/merged.dir/values-sv/values-sv.xml to /Users/oem/Projects/KapraDaily/android/app/build/intermediates/merged_res/release/mergeReleaseResources/values-sv_values-sv.arsc.flat
Compiling XML table /Users/oem/Projects/KapraDaily/android/app/build/intermediates/incremental/release/mergeReleaseResources/merged.dir/values-v26/values-v26.xml to /Users/oem/Projects/KapraDaily/android/app/build/intermediates/merged_res/release/mergeReleaseResources/values-v26_values-v26.arsc.flat
Compiling XML table /Users/oem/Projects/KapraDaily/android/app/build/intermediates/incremental/release/mergeReleaseResources/merged.dir/values-bn/values-bn.xml to /Users/oem/Projects/KapraDaily/android/app/build/intermediates/merged_res/release/mergeReleaseResources/values-bn_values-bn.arsc.flat
Compiling XML table /Users/oem/Projects/KapraDaily/android/app/build/intermediates/incremental/release/mergeReleaseResources/merged.dir/values-te/values-te.xml to /Users/oem/Projects/KapraDaily/android/app/build/intermediates/merged_res/release/mergeReleaseResources/values-te_values-te.arsc.flat
Compiling XML table /Users/oem/Projects/KapraDaily/android/app/build/intermediates/incremental/release/mergeReleaseResources/merged.dir/values-sl/values-sl.xml to /Users/oem/Projects/KapraDaily/android/app/build/intermediates/merged_res/release/mergeReleaseResources/values-sl_values-sl.arsc.flat
Compiling XML table /Users/oem/Projects/KapraDaily/android/app/build/intermediates/incremental/release/mergeReleaseResources/merged.dir/values-lo/values-lo.xml to /Users/oem/Projects/KapraDaily/android/app/build/intermediates/merged_res/release/mergeReleaseResources/values-lo_values-lo.arsc.flat
Compiling image file /Users/oem/Projects/KapraDaily/android/app/build/generated/res/react/release/drawable-mdpi/src_assets_images_hearttwo.png
Compiling file /Users/oem/Projects/KapraDaily/android/app/build/generated/res/react/release/drawable-mdpi/src_assets_images_hearttwo.png to /Users/oem/Projects/KapraDaily/android/app/build/intermediates/merged_res/release/mergeReleaseResources/drawable-mdpi_src_assets_images_hearttwo.png.flat
Compiling XML table /Users/oem/Projects/KapraDaily/android/app/build/intermediates/incremental/release/mergeReleaseResources/merged.dir/values-mk/values-mk.xml to /Users/oem/Projects/KapraDaily/android/app/build/intermediates/merged_res/release/mergeReleaseResources/values-mk_values-mk.arsc.flat
Compiling XML table /Users/oem/Projects/KapraDaily/android/app/build/intermediates/incremental/release/mergeReleaseResources/merged.dir/values-kn/values-kn.xml to /Users/oem/Projects/KapraDaily/android/app/build/intermediates/merged_res/release/mergeReleaseResources/values-kn_values-kn.arsc.flat
Compiling image file /Users/oem/Projects/KapraDaily/android/app/build/generated/res/react/release/drawable-mdpi/src_assets_images_bcoin_two.png
Compiling file /Users/oem/Projects/KapraDaily/android/app/build/generated/res/react/release/drawable-mdpi/src_assets_images_bcoin_two.png to /Users/oem/Projects/KapraDaily/android/app/build/intermediates/merged_res/release/mergeReleaseResources/drawable-mdpi_src_assets_images_bcoin_two.png.flat
Compiling file /Users/oem/Projects/KapraDaily/android/app/build/generated/res/react/release/drawable-mdpi/src_assets_gifs_splash.gif to /Users/oem/Projects/KapraDaily/android/app/build/intermediates/merged_res/release/mergeReleaseResources/drawable-mdpi_src_assets_gifs_splash.gif.flat
Compiling XML table /Users/oem/Projects/KapraDaily/android/app/build/intermediates/incremental/release/mergeReleaseResources/merged.dir/values-h720dp-v13/values-h720dp-v13.xml to /Users/oem/Projects/KapraDaily/android/app/build/intermediates/merged_res/release/mergeReleaseResources/values-h720dp-v13_values-h720dp-v13.arsc.flat
Compiling XML table /Users/oem/Projects/KapraDaily/android/app/build/intermediates/incremental/release/mergeReleaseResources/merged.dir/values-de/values-de.xml to /Users/oem/Projects/KapraDaily/android/app/build/intermediates/merged_res/release/mergeReleaseResources/values-de_values-de.arsc.flat
Compiling XML table /Users/oem/Projects/KapraDaily/android/app/build/intermediates/incremental/release/mergeReleaseResources/merged.dir/values-zh-rTW/values-zh-rTW.xml to /Users/oem/Projects/KapraDaily/android/app/build/intermediates/merged_res/release/mergeReleaseResources/values-zh-rTW_values-zh-rTW.arsc.flat
Compiling image file /Users/oem/Projects/KapraDaily/android/app/build/generated/res/react/release/drawable-mdpi/src_assets_images_premium_rupee.png
Compiling file /Users/oem/Projects/KapraDaily/android/app/build/generated/res/react/release/drawable-mdpi/src_assets_images_premium_rupee.png to /Users/oem/Projects/KapraDaily/android/app/build/intermediates/merged_res/release/mergeReleaseResources/drawable-mdpi_src_assets_images_premium_rupee.png.flat
Compiling XML table /Users/oem/Projects/KapraDaily/android/app/build/intermediates/incremental/release/mergeReleaseResources/merged.dir/values-port/values-port.xml to /Users/oem/Projects/KapraDaily/android/app/build/intermediates/merged_res/release/mergeReleaseResources/values-port_values-port.arsc.flat
Compiling image file /Users/oem/Projects/KapraDaily/android/app/src/main/res/mipmap-hdpi/ic_launcher.png
Compiling file /Users/oem/Projects/KapraDaily/android/app/src/main/res/mipmap-hdpi/ic_launcher.png to /Users/oem/Projects/KapraDaily/android/app/build/intermediates/merged_res/release/mergeReleaseResources/mipmap-hdpi_ic_launcher.png.flat
Compiling image file /Users/oem/Projects/KapraDaily/android/app/src/main/res/mipmap-xhdpi/ic_launcher_round.png
Compiling file /Users/oem/Projects/KapraDaily/android/app/src/main/res/mipmap-xhdpi/ic_launcher_round.png to /Users/oem/Projects/KapraDaily/android/app/build/intermediates/merged_res/release/mergeReleaseResources/mipmap-xhdpi_ic_launcher_round.png.flat
Compiling XML table /Users/oem/Projects/KapraDaily/android/app/build/intermediates/incremental/release/mergeReleaseResources/merged.dir/values-en-rXC/values-en-rXC.xml to /Users/oem/Projects/KapraDaily/android/app/build/intermediates/merged_res/release/mergeReleaseResources/values-en-rXC_values-en-rXC.arsc.flat
Compiling XML table /Users/oem/Projects/KapraDaily/android/app/build/intermediates/incremental/release/mergeReleaseResources/merged.dir/values-gl/values-gl.xml to /Users/oem/Projects/KapraDaily/android/app/build/intermediates/merged_res/release/mergeReleaseResources/values-gl_values-gl.arsc.flat
Compiling image file /Users/oem/Projects/KapraDaily/android/app/build/generated/res/react/release/drawable-mdpi/src_assets_images_successtwo.png
Compiling file /Users/oem/Projects/KapraDaily/android/app/build/generated/res/react/release/drawable-mdpi/src_assets_images_successtwo.png to /Users/oem/Projects/KapraDaily/android/app/build/intermediates/merged_res/release/mergeReleaseResources/drawable-mdpi_src_assets_images_successtwo.png.flat
Compiling XML table /Users/oem/Projects/KapraDaily/android/app/build/intermediates/incremental/release/mergeReleaseResources/merged.dir/values-ur/values-ur.xml to /Users/oem/Projects/KapraDaily/android/app/build/intermediates/merged_res/release/mergeReleaseResources/values-ur_values-ur.arsc.flat
Compiling image file /Users/oem/Projects/KapraDaily/android/app/build/generated/res/react/release/drawable-mdpi/src_assets_images_product1.png
Compiling file /Users/oem/Projects/KapraDaily/android/app/build/generated/res/react/release/drawable-mdpi/src_assets_images_product1.png to /Users/oem/Projects/KapraDaily/android/app/build/intermediates/merged_res/release/mergeReleaseResources/drawable-mdpi_src_assets_images_product1.png.flat
Compiling XML table /Users/oem/Projects/KapraDaily/android/app/build/intermediates/incremental/release/mergeReleaseResources/merged.dir/values-el/values-el.xml to /Users/oem/Projects/KapraDaily/android/app/build/intermediates/merged_res/release/mergeReleaseResources/values-el_values-el.arsc.flat
Compiling XML table /Users/oem/Projects/KapraDaily/android/app/build/intermediates/incremental/release/mergeReleaseResources/merged.dir/values-nb/values-nb.xml to /Users/oem/Projects/KapraDaily/android/app/build/intermediates/merged_res/release/mergeReleaseResources/values-nb_values-nb.arsc.flat
Compiling image file /Users/oem/Projects/KapraDaily/android/app/build/generated/res/react/release/drawable-mdpi/src_assets_images_delivered.png
Compiling image file /Users/oem/Projects/KapraDaily/android/app/build/generated/res/react/release/drawable-xhdpi/node_modules_reactnavigation_elements_lib_module_assets_backicon.png
Compiling file /Users/oem/Projects/KapraDaily/android/app/build/generated/res/react/release/drawable-xhdpi/node_modules_reactnavigation_elements_lib_module_assets_backicon.png to /Users/oem/Projects/KapraDaily/android/app/build/intermediates/merged_res/release/mergeReleaseResources/drawable-xhdpi_node_modules_reactnavigation_elements_lib_module_assets_backicon.png.flat
Compiling image file /Users/oem/Projects/KapraDaily/android/app/build/generated/res/react/release/drawable-mdpi/src_assets_images_heart.png
Compiling file /Users/oem/Projects/KapraDaily/android/app/build/generated/res/react/release/drawable-mdpi/src_assets_images_heart.png to /Users/oem/Projects/KapraDaily/android/app/build/intermediates/merged_res/release/mergeReleaseResources/drawable-mdpi_src_assets_images_heart.png.flat
Compiling image file /Users/oem/Projects/KapraDaily/android/app/build/generated/res/react/release/drawable-mdpi/src_assets_images_clip_board.png
Compiling file /Users/oem/Projects/KapraDaily/android/app/build/generated/res/react/release/drawable-mdpi/src_assets_images_clip_board.png to /Users/oem/Projects/KapraDaily/android/app/build/intermediates/merged_res/release/mergeReleaseResources/drawable-mdpi_src_assets_images_clip_board.png.flat
Compiling image file /Users/oem/Projects/KapraDaily/android/app/build/generated/res/react/release/drawable-mdpi/src_assets_images_star1.png
Compiling file /Users/oem/Projects/KapraDaily/android/app/build/generated/res/react/release/drawable-mdpi/src_assets_images_star1.png to /Users/oem/Projects/KapraDaily/android/app/build/intermediates/merged_res/release/mergeReleaseResources/drawable-mdpi_src_assets_images_star1.png.flat
Compiling file /Users/oem/Projects/KapraDaily/android/app/build/generated/res/react/release/drawable-mdpi/src_assets_images_delivered.png to /Users/oem/Projects/KapraDaily/android/app/build/intermediates/merged_res/release/mergeReleaseResources/drawable-mdpi_src_assets_images_delivered.png.flat
Compiling file /Users/oem/Projects/KapraDaily/android/app/build/generated/res/react/release/drawable-mdpi/src_assets_images_apple.jpg to /Users/oem/Projects/KapraDaily/android/app/build/intermediates/merged_res/release/mergeReleaseResources/drawable-mdpi_src_assets_images_apple.jpg.flat
Compiling XML table /Users/oem/Projects/KapraDaily/android/app/build/intermediates/incremental/release/mergeReleaseResources/merged.dir/values-fi/values-fi.xml to /Users/oem/Projects/KapraDaily/android/app/build/intermediates/merged_res/release/mergeReleaseResources/values-fi_values-fi.arsc.flat
Compiling image file /Users/oem/Projects/KapraDaily/android/app/build/generated/res/react/release/drawable-mdpi/src_assets_images_boy.png
Compiling file /Users/oem/Projects/KapraDaily/android/app/build/generated/res/react/release/drawable-mdpi/src_assets_images_boy.png to /Users/oem/Projects/KapraDaily/android/app/build/intermediates/merged_res/release/mergeReleaseResources/drawable-mdpi_src_assets_images_boy.png.flat
Compiling image file /Users/oem/Projects/KapraDaily/android/app/build/generated/res/react/release/drawable-mdpi/src_assets_images_office_icon.png
Compiling file /Users/oem/Projects/KapraDaily/android/app/build/generated/res/react/release/drawable-mdpi/src_assets_images_office_icon.png to /Users/oem/Projects/KapraDaily/android/app/build/intermediates/merged_res/release/mergeReleaseResources/drawable-mdpi_src_assets_images_office_icon.png.flat
Compiling image file /Users/oem/Projects/KapraDaily/android/app/build/generated/res/react/release/drawable-mdpi/src_assets_images_down_arrow.png
Compiling file /Users/oem/Projects/KapraDaily/android/app/build/generated/res/react/release/drawable-mdpi/src_assets_images_down_arrow.png to /Users/oem/Projects/KapraDaily/android/app/build/intermediates/merged_res/release/mergeReleaseResources/drawable-mdpi_src_assets_images_down_arrow.png.flat
Compiling image file /Users/oem/Projects/KapraDaily/android/app/build/generated/res/react/release/drawable-xhdpi/node_modules_reactnativegoogleplacesautocomplete_images_powered_by_google_on_white.png
Compiling file /Users/oem/Projects/KapraDaily/android/app/build/generated/res/react/release/drawable-xhdpi/node_modules_reactnativegoogleplacesautocomplete_images_powered_by_google_on_white.png to /Users/oem/Projects/KapraDaily/android/app/build/intermediates/merged_res/release/mergeReleaseResources/drawable-xhdpi_node_modules_reactnativegoogleplacesautocomplete_images_powered_by_google_on_white.png.flat
Compiling image file /Users/oem/Projects/KapraDaily/android/app/build/generated/res/react/release/drawable-mdpi/src_assets_images_lays2.png
Compiling file /Users/oem/Projects/KapraDaily/android/app/build/generated/res/react/release/drawable-mdpi/src_assets_images_lays2.png to /Users/oem/Projects/KapraDaily/android/app/build/intermediates/merged_res/release/mergeReleaseResources/drawable-mdpi_src_assets_images_lays2.png.flat
Compiling image file /Users/oem/Projects/KapraDaily/android/app/build/generated/res/react/release/drawable-mdpi/src_assets_images_products_chilli.png
Compiling file /Users/oem/Projects/KapraDaily/android/app/build/generated/res/react/release/drawable-mdpi/src_assets_images_products_chilli.png to /Users/oem/Projects/KapraDaily/android/app/build/intermediates/merged_res/release/mergeReleaseResources/drawable-mdpi_src_assets_images_products_chilli.png.flat
Compiling image file /Users/oem/Projects/KapraDaily/android/app/build/generated/res/react/release/drawable-mdpi/src_assets_images_lays.png
Compiling file /Users/oem/Projects/KapraDaily/android/app/build/generated/res/react/release/drawable-mdpi/src_assets_images_lays.png to /Users/oem/Projects/KapraDaily/android/app/build/intermediates/merged_res/release/mergeReleaseResources/drawable-mdpi_src_assets_images_lays.png.flat
Compiling XML table /Users/oem/Projects/KapraDaily/android/app/build/intermediates/incremental/release/mergeReleaseResources/merged.dir/values-or/values-or.xml to /Users/oem/Projects/KapraDaily/android/app/build/intermediates/merged_res/release/mergeReleaseResources/values-or_values-or.arsc.flat
Compiling image file /Users/oem/Projects/KapraDaily/android/app/build/generated/res/react/release/drawable-mdpi/src_assets_images_refer.png
Compiling file /Users/oem/Projects/KapraDaily/android/app/build/generated/res/react/release/drawable-mdpi/src_assets_images_refer.png to /Users/oem/Projects/KapraDaily/android/app/build/intermediates/merged_res/release/mergeReleaseResources/drawable-mdpi_src_assets_images_refer.png.flat
Compiling file /Users/oem/Projects/KapraDaily/android/app/build/generated/res/react/release/drawable-mdpi/src_assets_images_login_background_image.jpg to /Users/oem/Projects/KapraDaily/android/app/build/intermediates/merged_res/release/mergeReleaseResources/drawable-mdpi_src_assets_images_login_background_image.jpg.flat
Compiling image file /Users/oem/Projects/KapraDaily/android/app/build/generated/res/react/release/drawable-mdpi/src_assets_images_home_icon.png
Compiling file /Users/oem/Projects/KapraDaily/android/app/build/generated/res/react/release/drawable-mdpi/src_assets_images_home_icon.png to /Users/oem/Projects/KapraDaily/android/app/build/intermediates/merged_res/release/mergeReleaseResources/drawable-mdpi_src_assets_images_home_icon.png.flat
Compiling image file /Users/oem/Projects/KapraDaily/android/app/build/generated/res/react/release/drawable-mdpi/src_assets_images_categories_dfn.png
Compiling file /Users/oem/Projects/KapraDaily/android/app/build/generated/res/react/release/drawable-mdpi/src_assets_images_categories_dfn.png to /Users/oem/Projects/KapraDaily/android/app/build/intermediates/merged_res/release/mergeReleaseResources/drawable-mdpi_src_assets_images_categories_dfn.png.flat
Compiling image file /Users/oem/Projects/KapraDaily/android/app/build/generated/res/react/release/drawable-mdpi/src_assets_images_product3.png
Compiling file /Users/oem/Projects/KapraDaily/android/app/build/generated/res/react/release/drawable-mdpi/src_assets_images_product3.png to /Users/oem/Projects/KapraDaily/android/app/build/intermediates/merged_res/release/mergeReleaseResources/drawable-mdpi_src_assets_images_product3.png.flat
Compiling image file /Users/oem/Projects/KapraDaily/android/app/build/generated/res/react/release/drawable-mdpi/src_assets_images_down.png
Compiling file /Users/oem/Projects/KapraDaily/android/app/build/generated/res/react/release/drawable-mdpi/src_assets_images_down.png to /Users/oem/Projects/KapraDaily/android/app/build/intermediates/merged_res/release/mergeReleaseResources/drawable-mdpi_src_assets_images_down.png.flat
Compiling image file /Users/oem/Projects/KapraDaily/android/app/build/generated/res/react/release/drawable-mdpi/src_assets_images_coupontwo.png
Compiling file /Users/oem/Projects/KapraDaily/android/app/build/generated/res/react/release/drawable-mdpi/src_assets_images_coupontwo.png to /Users/oem/Projects/KapraDaily/android/app/build/intermediates/merged_res/release/mergeReleaseResources/drawable-mdpi_src_assets_images_coupontwo.png.flat
Compiling image file /Users/oem/Projects/KapraDaily/android/app/build/generated/res/react/release/drawable-mdpi/src_assets_images_kapra_logo.png
Compiling file /Users/oem/Projects/KapraDaily/android/app/build/generated/res/react/release/drawable-mdpi/src_assets_images_kapra_logo.png to /Users/oem/Projects/KapraDaily/android/app/build/intermediates/merged_res/release/mergeReleaseResources/drawable-mdpi_src_assets_images_kapra_logo.png.flat
Compiling image file /Users/oem/Projects/KapraDaily/android/app/build/generated/res/react/release/drawable-mdpi/src_assets_images_fv.png
Compiling file /Users/oem/Projects/KapraDaily/android/app/build/generated/res/react/release/drawable-mdpi/src_assets_images_fv.png to /Users/oem/Projects/KapraDaily/android/app/build/intermediates/merged_res/release/mergeReleaseResources/drawable-mdpi_src_assets_images_fv.png.flat
Compiling image file /Users/oem/Projects/KapraDaily/android/app/build/generated/res/react/release/drawable-mdpi/src_assets_images_noimages_noproductfound.png
Compiling file /Users/oem/Projects/KapraDaily/android/app/build/generated/res/react/release/drawable-mdpi/src_assets_images_noimages_noproductfound.png to /Users/oem/Projects/KapraDaily/android/app/build/intermediates/merged_res/release/mergeReleaseResources/drawable-mdpi_src_assets_images_noimages_noproductfound.png.flat
Compiling image file /Users/oem/Projects/KapraDaily/android/app/build/generated/res/react/release/drawable-mdpi/src_assets_images_shadow.png
Compiling file /Users/oem/Projects/KapraDaily/android/app/build/generated/res/react/release/drawable-mdpi/src_assets_images_shadow.png to /Users/oem/Projects/KapraDaily/android/app/build/intermediates/merged_res/release/mergeReleaseResources/drawable-mdpi_src_assets_images_shadow.png.flat
Compiling image file /Users/oem/Projects/KapraDaily/android/app/build/generated/res/react/release/drawable-mdpi/src_assets_images_tracking_image_placed.png
Compiling file /Users/oem/Projects/KapraDaily/android/app/build/generated/res/react/release/drawable-mdpi/src_assets_images_tracking_image_placed.png to /Users/oem/Projects/KapraDaily/android/app/build/intermediates/merged_res/release/mergeReleaseResources/drawable-mdpi_src_assets_images_tracking_image_placed.png.flat
Compiling image file /Users/oem/Projects/KapraDaily/android/app/build/generated/res/react/release/drawable-mdpi/src_assets_images_bill_icon_two.png
Compiling file /Users/oem/Projects/KapraDaily/android/app/build/generated/res/react/release/drawable-mdpi/src_assets_images_bill_icon_two.png to /Users/oem/Projects/KapraDaily/android/app/build/intermediates/merged_res/release/mergeReleaseResources/drawable-mdpi_src_assets_images_bill_icon_two.png.flat
Compiling image file /Users/oem/Projects/KapraDaily/android/app/src/main/res/mipmap-hdpi/ic_launcher_round.png
Compiling image file /Users/oem/Projects/KapraDaily/android/app/build/generated/res/react/release/drawable-mdpi/src_assets_images_right_arrow_two.png
Compiling file /Users/oem/Projects/KapraDaily/android/app/build/generated/res/react/release/drawable-mdpi/src_assets_images_right_arrow_two.png to /Users/oem/Projects/KapraDaily/android/app/build/intermediates/merged_res/release/mergeReleaseResources/drawable-mdpi_src_assets_images_right_arrow_two.png.flat
Compiling file /Users/oem/Projects/KapraDaily/android/app/src/main/res/mipmap-hdpi/ic_launcher_round.png to /Users/oem/Projects/KapraDaily/android/app/build/intermediates/merged_res/release/mergeReleaseResources/mipmap-hdpi_ic_launcher_round.png.flat
Compiling image file /Users/oem/Projects/KapraDaily/android/app/build/generated/res/react/release/drawable-mdpi/src_assets_images_categories_fnm.png
Compiling file /Users/oem/Projects/KapraDaily/android/app/build/generated/res/react/release/drawable-mdpi/src_assets_images_categories_fnm.png to /Users/oem/Projects/KapraDaily/android/app/build/intermediates/merged_res/release/mergeReleaseResources/drawable-mdpi_src_assets_images_categories_fnm.png.flat
Compiling image file /Users/oem/Projects/KapraDaily/android/app/build/generated/res/react/release/drawable-mdpi/src_assets_images_circle.png
Compiling file /Users/oem/Projects/KapraDaily/android/app/build/generated/res/react/release/drawable-mdpi/src_assets_images_circle.png to /Users/oem/Projects/KapraDaily/android/app/build/intermediates/merged_res/release/mergeReleaseResources/drawable-mdpi_src_assets_images_circle.png.flat
Compiling image file /Users/oem/Projects/KapraDaily/android/app/src/main/res/mipmap-xxhdpi/ic_launcher.png
Compiling file /Users/oem/Projects/KapraDaily/android/app/src/main/res/mipmap-xxhdpi/ic_launcher.png to /Users/oem/Projects/KapraDaily/android/app/build/intermediates/merged_res/release/mergeReleaseResources/mipmap-xxhdpi_ic_launcher.png.flat
Compiling image file /Users/oem/Projects/KapraDaily/android/app/build/generated/res/react/release/drawable-mdpi/src_assets_images_add_icon.png
Compiling file /Users/oem/Projects/KapraDaily/android/app/build/generated/res/react/release/drawable-mdpi/src_assets_images_add_icon.png to /Users/oem/Projects/KapraDaily/android/app/build/intermediates/merged_res/release/mergeReleaseResources/drawable-mdpi_src_assets_images_add_icon.png.flat
Compiling image file /Users/oem/Projects/KapraDaily/android/app/build/generated/res/react/release/drawable-xhdpi/node_modules_reactnavigation_elements_lib_module_assets_clearicon.png
Compiling file /Users/oem/Projects/KapraDaily/android/app/build/generated/res/react/release/drawable-xhdpi/node_modules_reactnavigation_elements_lib_module_assets_clearicon.png to /Users/oem/Projects/KapraDaily/android/app/build/intermediates/merged_res/release/mergeReleaseResources/drawable-xhdpi_node_modules_reactnavigation_elements_lib_module_assets_clearicon.png.flat
Compiling image file /Users/oem/Projects/KapraDaily/android/app/build/generated/res/react/release/drawable-mdpi/src_assets_images_tracking_image_assigned.png
Compiling file /Users/oem/Projects/KapraDaily/android/app/build/generated/res/react/release/drawable-mdpi/src_assets_images_tracking_image_assigned.png to /Users/oem/Projects/KapraDaily/android/app/build/intermediates/merged_res/release/mergeReleaseResources/drawable-mdpi_src_assets_images_tracking_image_assigned.png.flat
Compiling image file /Users/oem/Projects/KapraDaily/android/app/build/generated/res/react/release/drawable-mdpi/src_assets_images_fl.png
Compiling file /Users/oem/Projects/KapraDaily/android/app/build/generated/res/react/release/drawable-mdpi/src_assets_images_fl.png to /Users/oem/Projects/KapraDaily/android/app/build/intermediates/merged_res/release/mergeReleaseResources/drawable-mdpi_src_assets_images_fl.png.flat
Compiling image file /Users/oem/Projects/KapraDaily/android/app/build/generated/res/react/release/drawable-mdpi/src_assets_images_phone_icon.png
Compiling file /Users/oem/Projects/KapraDaily/android/app/build/generated/res/react/release/drawable-mdpi/src_assets_images_phone_icon.png to /Users/oem/Projects/KapraDaily/android/app/build/intermediates/merged_res/release/mergeReleaseResources/drawable-mdpi_src_assets_images_phone_icon.png.flat
Compiling image file /Users/oem/Projects/KapraDaily/android/app/build/generated/res/react/release/drawable-mdpi/src_assets_images_categories_tcm.png
Compiling file /Users/oem/Projects/KapraDaily/android/app/build/generated/res/react/release/drawable-mdpi/src_assets_images_categories_tcm.png to /Users/oem/Projects/KapraDaily/android/app/build/intermediates/merged_res/release/mergeReleaseResources/drawable-mdpi_src_assets_images_categories_tcm.png.flat
Compiling image file /Users/oem/Projects/KapraDaily/android/app/build/generated/res/react/release/drawable-mdpi/node_modules_reactnavigation_elements_lib_module_assets_backicon.png
Compiling file /Users/oem/Projects/KapraDaily/android/app/build/generated/res/react/release/drawable-mdpi/node_modules_reactnavigation_elements_lib_module_assets_backicon.png to /Users/oem/Projects/KapraDaily/android/app/build/intermediates/merged_res/release/mergeReleaseResources/drawable-mdpi_node_modules_reactnavigation_elements_lib_module_assets_backicon.png.flat
Compiling image file /Users/oem/Projects/KapraDaily/android/app/build/generated/res/react/release/drawable-mdpi/src_assets_images_close_two.png
Compiling file /Users/oem/Projects/KapraDaily/android/app/build/generated/res/react/release/drawable-mdpi/src_assets_images_close_two.png to /Users/oem/Projects/KapraDaily/android/app/build/intermediates/merged_res/release/mergeReleaseResources/drawable-mdpi_src_assets_images_close_two.png.flat
Compiling image file /Users/oem/Projects/KapraDaily/android/app/build/generated/res/react/release/drawable-xxxhdpi/node_modules_reactnavigation_elements_lib_module_assets_searchicon.png
Compiling file /Users/oem/Projects/KapraDaily/android/app/build/generated/res/react/release/drawable-xxxhdpi/node_modules_reactnavigation_elements_lib_module_assets_searchicon.png to /Users/oem/Projects/KapraDaily/android/app/build/intermediates/merged_res/release/mergeReleaseResources/drawable-xxxhdpi_node_modules_reactnavigation_elements_lib_module_assets_searchicon.png.flat
Compiling image file /Users/oem/Projects/KapraDaily/android/app/build/generated/res/react/release/drawable-mdpi/node_modules_reactnativedropdownpicker_src_themes_dark_icons_tick.png
Compiling file /Users/oem/Projects/KapraDaily/android/app/build/generated/res/react/release/drawable-mdpi/node_modules_reactnativedropdownpicker_src_themes_dark_icons_tick.png to /Users/oem/Projects/KapraDaily/android/app/build/intermediates/merged_res/release/mergeReleaseResources/drawable-mdpi_node_modules_reactnativedropdownpicker_src_themes_dark_icons_tick.png.flat
Compiling image file /Users/oem/Projects/KapraDaily/android/app/build/generated/res/react/release/drawable-mdpi/src_assets_images_order_packed.png
Compiling file /Users/oem/Projects/KapraDaily/android/app/build/generated/res/react/release/drawable-mdpi/src_assets_images_order_packed.png to /Users/oem/Projects/KapraDaily/android/app/build/intermediates/merged_res/release/mergeReleaseResources/drawable-mdpi_src_assets_images_order_packed.png.flat
Compiling image file /Users/oem/Projects/KapraDaily/android/app/build/generated/res/react/release/drawable-mdpi/src_assets_images_three_dots.png
Compiling file /Users/oem/Projects/KapraDaily/android/app/build/generated/res/react/release/drawable-mdpi/src_assets_images_three_dots.png to /Users/oem/Projects/KapraDaily/android/app/build/intermediates/merged_res/release/mergeReleaseResources/drawable-mdpi_src_assets_images_three_dots.png.flat
Compiling image file /Users/oem/Projects/KapraDaily/android/app/build/generated/res/react/release/drawable-xhdpi/node_modules_reactnavigation_elements_lib_module_assets_closeicon.png
Compiling file /Users/oem/Projects/KapraDaily/android/app/build/generated/res/react/release/drawable-xhdpi/node_modules_reactnavigation_elements_lib_module_assets_closeicon.png to /Users/oem/Projects/KapraDaily/android/app/build/intermediates/merged_res/release/mergeReleaseResources/drawable-xhdpi_node_modules_reactnavigation_elements_lib_module_assets_closeicon.png.flat
Compiling image file /Users/oem/Projects/KapraDaily/android/app/build/generated/res/react/release/drawable-mdpi/src_assets_images_order.png
Compiling file /Users/oem/Projects/KapraDaily/android/app/build/generated/res/react/release/drawable-mdpi/src_assets_images_order.png to /Users/oem/Projects/KapraDaily/android/app/build/intermediates/merged_res/release/mergeReleaseResources/drawable-mdpi_src_assets_images_order.png.flat
Compiling image file /Users/oem/Projects/KapraDaily/android/app/build/generated/res/react/release/drawable-mdpi/src_assets_images_minusbutton.png
Compiling file /Users/oem/Projects/KapraDaily/android/app/build/generated/res/react/release/drawable-mdpi/src_assets_images_minusbutton.png to /Users/oem/Projects/KapraDaily/android/app/build/intermediates/merged_res/release/mergeReleaseResources/drawable-mdpi_src_assets_images_minusbutton.png.flat
Compiling image file /Users/oem/Projects/KapraDaily/android/app/build/generated/res/react/release/drawable-mdpi/src_assets_images_noimages_nocoupon.png
Compiling file /Users/oem/Projects/KapraDaily/android/app/build/generated/res/react/release/drawable-mdpi/src_assets_images_noimages_nocoupon.png to /Users/oem/Projects/KapraDaily/android/app/build/intermediates/merged_res/release/mergeReleaseResources/drawable-mdpi_src_assets_images_noimages_nocoupon.png.flat
Compiling image file /Users/oem/Projects/KapraDaily/android/app/build/generated/res/react/release/drawable-mdpi/src_assets_icons_tick.png
Compiling file /Users/oem/Projects/KapraDaily/android/app/build/generated/res/react/release/drawable-mdpi/src_assets_icons_tick.png to /Users/oem/Projects/KapraDaily/android/app/build/intermediates/merged_res/release/mergeReleaseResources/drawable-mdpi_src_assets_icons_tick.png.flat
Compiling image file /Users/oem/Projects/KapraDaily/android/app/build/generated/res/react/release/drawable-mdpi/src_assets_images_bill_background.png
Compiling file /Users/oem/Projects/KapraDaily/android/app/build/generated/res/react/release/drawable-mdpi/src_assets_images_bill_background.png to /Users/oem/Projects/KapraDaily/android/app/build/intermediates/merged_res/release/mergeReleaseResources/drawable-mdpi_src_assets_images_bill_background.png.flat
Compiling image file /Users/oem/Projects/KapraDaily/android/app/build/generated/res/react/release/drawable-mdpi/src_assets_images_bill_icon.png
Compiling file /Users/oem/Projects/KapraDaily/android/app/build/generated/res/react/release/drawable-mdpi/src_assets_images_bill_icon.png to /Users/oem/Projects/KapraDaily/android/app/build/intermediates/merged_res/release/mergeReleaseResources/drawable-mdpi_src_assets_images_bill_icon.png.flat
Compiling image file /Users/oem/Projects/KapraDaily/android/app/build/generated/res/react/release/drawable-mdpi/src_assets_images_heart_red.png
Compiling file /Users/oem/Projects/KapraDaily/android/app/build/generated/res/react/release/drawable-mdpi/src_assets_images_heart_red.png to /Users/oem/Projects/KapraDaily/android/app/build/intermediates/merged_res/release/mergeReleaseResources/drawable-mdpi_src_assets_images_heart_red.png.flat
Compiling image file /Users/oem/Projects/KapraDaily/android/app/build/generated/res/react/release/drawable-mdpi/src_assets_images_locationbackground.png
Compiling file /Users/oem/Projects/KapraDaily/android/app/build/generated/res/react/release/drawable-mdpi/src_assets_images_locationbackground.png to /Users/oem/Projects/KapraDaily/android/app/build/intermediates/merged_res/release/mergeReleaseResources/drawable-mdpi_src_assets_images_locationbackground.png.flat
Compiling image file /Users/oem/Projects/KapraDaily/android/app/build/generated/res/react/release/drawable-mdpi/src_assets_images_eye_icon.png
Compiling file /Users/oem/Projects/KapraDaily/android/app/build/generated/res/react/release/drawable-mdpi/src_assets_images_eye_icon.png to /Users/oem/Projects/KapraDaily/android/app/build/intermediates/merged_res/release/mergeReleaseResources/drawable-mdpi_src_assets_images_eye_icon.png.flat
Compiling image file /Users/oem/Projects/KapraDaily/android/app/build/generated/res/react/release/drawable-mdpi/src_assets_images_clipboardtwo.png
Compiling file /Users/oem/Projects/KapraDaily/android/app/build/generated/res/react/release/drawable-mdpi/src_assets_images_clipboardtwo.png to /Users/oem/Projects/KapraDaily/android/app/build/intermediates/merged_res/release/mergeReleaseResources/drawable-mdpi_src_assets_images_clipboardtwo.png.flat
Compiling image file /Users/oem/Projects/KapraDaily/android/app/build/generated/res/react/release/drawable-mdpi/src_assets_images_loudspeaker.png
Compiling file /Users/oem/Projects/KapraDaily/android/app/build/generated/res/react/release/drawable-mdpi/src_assets_images_loudspeaker.png to /Users/oem/Projects/KapraDaily/android/app/build/intermediates/merged_res/release/mergeReleaseResources/drawable-mdpi_src_assets_images_loudspeaker.png.flat
Compiling image file /Users/oem/Projects/KapraDaily/android/app/build/generated/res/react/release/drawable-mdpi/src_assets_images_star2.png
Compiling file /Users/oem/Projects/KapraDaily/android/app/build/generated/res/react/release/drawable-mdpi/src_assets_images_star2.png to /Users/oem/Projects/KapraDaily/android/app/build/intermediates/merged_res/release/mergeReleaseResources/drawable-mdpi_src_assets_images_star2.png.flat
Compiling image file /Users/oem/Projects/KapraDaily/android/app/build/generated/res/react/release/drawable-mdpi/src_assets_images_rupee.png
Compiling file /Users/oem/Projects/KapraDaily/android/app/build/generated/res/react/release/drawable-mdpi/src_assets_images_rupee.png to /Users/oem/Projects/KapraDaily/android/app/build/intermediates/merged_res/release/mergeReleaseResources/drawable-mdpi_src_assets_images_rupee.png.flat
Compiling image file /Users/oem/Projects/KapraDaily/android/app/build/generated/res/react/release/drawable-xxxhdpi/node_modules_reactnavigation_elements_lib_module_assets_closeicon.png
Compiling file /Users/oem/Projects/KapraDaily/android/app/build/generated/res/react/release/drawable-xxxhdpi/node_modules_reactnavigation_elements_lib_module_assets_closeicon.png to /Users/oem/Projects/KapraDaily/android/app/build/intermediates/merged_res/release/mergeReleaseResources/drawable-xxxhdpi_node_modules_reactnavigation_elements_lib_module_assets_closeicon.png.flat
Compiling image file /Users/oem/Projects/KapraDaily/android/app/build/generated/res/react/release/drawable-mdpi/node_modules_reactnativedropdownpicker_src_themes_dark_icons_close.png
Compiling file /Users/oem/Projects/KapraDaily/android/app/build/generated/res/react/release/drawable-mdpi/node_modules_reactnativedropdownpicker_src_themes_dark_icons_close.png to /Users/oem/Projects/KapraDaily/android/app/build/intermediates/merged_res/release/mergeReleaseResources/drawable-mdpi_node_modules_reactnativedropdownpicker_src_themes_dark_icons_close.png.flat
Compiling image file /Users/oem/Projects/KapraDaily/android/app/build/generated/res/react/release/drawable-mdpi/src_assets_images_add_offer.png
Compiling file /Users/oem/Projects/KapraDaily/android/app/build/generated/res/react/release/drawable-mdpi/src_assets_images_add_offer.png to /Users/oem/Projects/KapraDaily/android/app/build/intermediates/merged_res/release/mergeReleaseResources/drawable-mdpi_src_assets_images_add_offer.png.flat
Compiling image file /Users/oem/Projects/KapraDaily/android/app/build/generated/res/react/release/drawable-mdpi/src_assets_images_bcoin_rupee.png
Compiling file /Users/oem/Projects/KapraDaily/android/app/build/generated/res/react/release/drawable-mdpi/src_assets_images_bcoin_rupee.png to /Users/oem/Projects/KapraDaily/android/app/build/intermediates/merged_res/release/mergeReleaseResources/drawable-mdpi_src_assets_images_bcoin_rupee.png.flat
Compiling image file /Users/oem/Projects/KapraDaily/android/app/build/generated/res/react/release/drawable-mdpi/src_assets_images_categories_deb.png
Compiling file /Users/oem/Projects/KapraDaily/android/app/build/generated/res/react/release/drawable-mdpi/src_assets_images_categories_deb.png to /Users/oem/Projects/KapraDaily/android/app/build/intermediates/merged_res/release/mergeReleaseResources/drawable-mdpi_src_assets_images_categories_deb.png.flat
Compiling image file /Users/oem/Projects/KapraDaily/android/app/build/generated/res/react/release/drawable-mdpi/src_assets_images_left_arrow.png
Compiling file /Users/oem/Projects/KapraDaily/android/app/build/generated/res/react/release/drawable-mdpi/src_assets_images_left_arrow.png to /Users/oem/Projects/KapraDaily/android/app/build/intermediates/merged_res/release/mergeReleaseResources/drawable-mdpi_src_assets_images_left_arrow.png.flat
Compiling image file /Users/oem/Projects/KapraDaily/android/app/build/generated/res/react/release/drawable-mdpi/src_assets_images_order_placed.png
Compiling file /Users/oem/Projects/KapraDaily/android/app/build/generated/res/react/release/drawable-mdpi/src_assets_images_order_placed.png to /Users/oem/Projects/KapraDaily/android/app/build/intermediates/merged_res/release/mergeReleaseResources/drawable-mdpi_src_assets_images_order_placed.png.flat
Compiling image file /Users/oem/Projects/KapraDaily/android/app/build/generated/res/react/release/drawable-xxhdpi/node_modules_reactnavigation_elements_lib_module_assets_clearicon.png
Compiling file /Users/oem/Projects/KapraDaily/android/app/build/generated/res/react/release/drawable-xxhdpi/node_modules_reactnavigation_elements_lib_module_assets_clearicon.png to /Users/oem/Projects/KapraDaily/android/app/build/intermediates/merged_res/release/mergeReleaseResources/drawable-xxhdpi_node_modules_reactnavigation_elements_lib_module_assets_clearicon.png.flat
Compiling image file /Users/oem/Projects/KapraDaily/android/app/build/generated/res/react/release/drawable-mdpi/src_assets_images_star.png
Compiling file /Users/oem/Projects/KapraDaily/android/app/build/generated/res/react/release/drawable-mdpi/src_assets_images_star.png to /Users/oem/Projects/KapraDaily/android/app/build/intermediates/merged_res/release/mergeReleaseResources/drawable-mdpi_src_assets_images_star.png.flat
Compiling image file /Users/oem/Projects/KapraDaily/android/app/build/generated/res/react/release/drawable-mdpi/src_assets_images_up.png
Compiling file /Users/oem/Projects/KapraDaily/android/app/build/generated/res/react/release/drawable-mdpi/src_assets_images_up.png to /Users/oem/Projects/KapraDaily/android/app/build/intermediates/merged_res/release/mergeReleaseResources/drawable-mdpi_src_assets_images_up.png.flat
Compiling image file /Users/oem/Projects/KapraDaily/android/app/build/generated/res/react/release/drawable-mdpi/src_assets_images_login_content.png
Compiling file /Users/oem/Projects/KapraDaily/android/app/build/generated/res/react/release/drawable-mdpi/src_assets_images_login_content.png to /Users/oem/Projects/KapraDaily/android/app/build/intermediates/merged_res/release/mergeReleaseResources/drawable-mdpi_src_assets_images_login_content.png.flat
Compiling image file /Users/oem/Projects/KapraDaily/android/app/build/generated/res/react/release/drawable-mdpi/src_assets_images_coupon.png
Compiling file /Users/oem/Projects/KapraDaily/android/app/build/generated/res/react/release/drawable-mdpi/src_assets_images_coupon.png to /Users/oem/Projects/KapraDaily/android/app/build/intermediates/merged_res/release/mergeReleaseResources/drawable-mdpi_src_assets_images_coupon.png.flat
Compiling image file /Users/oem/Projects/KapraDaily/android/app/build/generated/res/react/release/drawable-xxxhdpi/node_modules_reactnavigation_elements_lib_module_assets_backicon.png
Compiling file /Users/oem/Projects/KapraDaily/android/app/build/generated/res/react/release/drawable-xxxhdpi/node_modules_reactnavigation_elements_lib_module_assets_backicon.png to /Users/oem/Projects/KapraDaily/android/app/build/intermediates/merged_res/release/mergeReleaseResources/drawable-xxxhdpi_node_modules_reactnavigation_elements_lib_module_assets_backicon.png.flat
Compiling image file /Users/oem/Projects/KapraDaily/android/app/build/generated/res/react/release/drawable-mdpi/src_assets_icons_search.png
Compiling file /Users/oem/Projects/KapraDaily/android/app/build/generated/res/react/release/drawable-mdpi/src_assets_icons_search.png to /Users/oem/Projects/KapraDaily/android/app/build/intermediates/merged_res/release/mergeReleaseResources/drawable-mdpi_src_assets_icons_search.png.flat
Compiling image file /Users/oem/Projects/KapraDaily/android/app/build/generated/res/react/release/drawable-mdpi/src_assets_images_dispatched.png
Compiling file /Users/oem/Projects/KapraDaily/android/app/build/generated/res/react/release/drawable-mdpi/src_assets_images_dispatched.png to /Users/oem/Projects/KapraDaily/android/app/build/intermediates/merged_res/release/mergeReleaseResources/drawable-mdpi_src_assets_images_dispatched.png.flat
Compiling image file /Users/oem/Projects/KapraDaily/android/app/src/main/res/mipmap-xxxhdpi/ic_launcher_round.png
Compiling file /Users/oem/Projects/KapraDaily/android/app/src/main/res/mipmap-xxxhdpi/ic_launcher_round.png to /Users/oem/Projects/KapraDaily/android/app/build/intermediates/merged_res/release/mergeReleaseResources/mipmap-xxxhdpi_ic_launcher_round.png.flat
Compiling image file /Users/oem/Projects/KapraDaily/android/app/build/generated/res/react/release/drawable-mdpi/src_assets_images_rightarrow.png
Compiling file /Users/oem/Projects/KapraDaily/android/app/build/generated/res/react/release/drawable-mdpi/src_assets_images_rightarrow.png to /Users/oem/Projects/KapraDaily/android/app/build/intermediates/merged_res/release/mergeReleaseResources/drawable-mdpi_src_assets_images_rightarrow.png.flat

> Task :lottie-react-native:processReleaseManifest UP-TO-DATE
Caching disabled for task ':lottie-react-native:processReleaseManifest' because:
  Build cache is disabled
Skipping task ':lottie-react-native:processReleaseManifest' as it is up-to-date.
work action resolve AndroidManifest.xml (project :lottie-react-native) (Thread[Execution worker Thread 2,5,main]) started.
Resolve mutations for :react-native-async-storage_async-storage:extractDeepLinksRelease (Thread[Execution worker Thread 2,5,main]) started.
:react-native-async-storage_async-storage:extractDeepLinksRelease (Thread[Execution worker Thread 2,5,main]) started.

> Task :react-native-async-storage_async-storage:extractDeepLinksRelease UP-TO-DATE
Caching disabled for task ':react-native-async-storage_async-storage:extractDeepLinksRelease' because:
  Build cache is disabled
Skipping task ':react-native-async-storage_async-storage:extractDeepLinksRelease' as it is up-to-date.
work action resolve navigation.json (project :react-native-async-storage_async-storage) (Thread[Execution worker Thread 2,5,main]) started.
Resolve mutations for :react-native-async-storage_async-storage:processReleaseManifest (Thread[Execution worker Thread 2,5,main]) started.
:react-native-async-storage_async-storage:processReleaseManifest (Thread[Execution worker Thread 2,5,main]) started.

> Task :react-native-async-storage_async-storage:processReleaseManifest UP-TO-DATE
Caching disabled for task ':react-native-async-storage_async-storage:processReleaseManifest' because:
  Build cache is disabled
Skipping task ':react-native-async-storage_async-storage:processReleaseManifest' as it is up-to-date.
work action resolve AndroidManifest.xml (project :react-native-async-storage_async-storage) (Thread[Execution worker Thread 2,5,main]) started.
Resolve mutations for :react-native-community_blur:extractDeepLinksRelease (Thread[Execution worker Thread 2,5,main]) started.
:react-native-community_blur:extractDeepLinksRelease (Thread[Execution worker Thread 2,5,main]) started.

> Task :react-native-community_blur:extractDeepLinksRelease UP-TO-DATE
Caching disabled for task ':react-native-community_blur:extractDeepLinksRelease' because:
  Build cache is disabled
Skipping task ':react-native-community_blur:extractDeepLinksRelease' as it is up-to-date.
work action resolve navigation.json (project :react-native-community_blur) (Thread[Execution worker Thread 2,5,main]) started.
Resolve mutations for :react-native-community_blur:processReleaseManifest (Thread[Execution worker Thread 2,5,main]) started.
:react-native-community_blur:processReleaseManifest (Thread[Execution worker Thread 2,5,main]) started.

> Task :react-native-community_blur:processReleaseManifest UP-TO-DATE
Caching disabled for task ':react-native-community_blur:processReleaseManifest' because:
  Build cache is disabled
Skipping task ':react-native-community_blur:processReleaseManifest' as it is up-to-date.
work action resolve AndroidManifest.xml (project :react-native-community_blur) (Thread[Execution worker Thread 2,5,main]) started.
Resolve mutations for :react-native-community_geolocation:extractDeepLinksRelease (Thread[Execution worker Thread 2,5,main]) started.
:react-native-community_geolocation:extractDeepLinksRelease (Thread[Execution worker Thread 2,5,main]) started.

> Task :react-native-community_geolocation:extractDeepLinksRelease UP-TO-DATE
Caching disabled for task ':react-native-community_geolocation:extractDeepLinksRelease' because:
  Build cache is disabled
Skipping task ':react-native-community_geolocation:extractDeepLinksRelease' as it is up-to-date.
work action resolve navigation.json (project :react-native-community_geolocation) (Thread[Execution worker Thread 2,5,main]) started.
Resolve mutations for :react-native-community_geolocation:processReleaseManifest (Thread[Execution worker Thread 2,5,main]) started.
:react-native-community_geolocation:processReleaseManifest (Thread[Execution worker Thread 2,5,main]) started.

> Task :react-native-community_geolocation:processReleaseManifest UP-TO-DATE
Caching disabled for task ':react-native-community_geolocation:processReleaseManifest' because:
  Build cache is disabled
Skipping task ':react-native-community_geolocation:processReleaseManifest' as it is up-to-date.
work action resolve AndroidManifest.xml (project :react-native-community_geolocation) (Thread[Execution worker Thread 2,5,main]) started.
Resolve mutations for :react-native-device-info:extractDeepLinksRelease (Thread[Execution worker Thread 2,5,main]) started.
:react-native-device-info:extractDeepLinksRelease (Thread[Execution worker Thread 2,5,main]) started.

> Task :react-native-device-info:extractDeepLinksRelease UP-TO-DATE
Caching disabled for task ':react-native-device-info:extractDeepLinksRelease' because:
  Build cache is disabled
Skipping task ':react-native-device-info:extractDeepLinksRelease' as it is up-to-date.
work action resolve navigation.json (project :react-native-device-info) (Thread[Execution worker Thread 2,5,main]) started.
Resolve mutations for :react-native-device-info:processReleaseManifest (Thread[Execution worker Thread 2,5,main]) started.
:react-native-device-info:processReleaseManifest (Thread[Execution worker Thread 2,5,main]) started.

> Task :react-native-device-info:processReleaseManifest UP-TO-DATE
Caching disabled for task ':react-native-device-info:processReleaseManifest' because:
  Build cache is disabled
Skipping task ':react-native-device-info:processReleaseManifest' as it is up-to-date.
work action resolve AndroidManifest.xml (project :react-native-device-info) (Thread[Execution worker Thread 2,5,main]) started.
Resolve mutations for :react-native-fast-image:extractDeepLinksRelease (Thread[Execution worker Thread 2,5,main]) started.
:react-native-fast-image:extractDeepLinksRelease (Thread[Execution worker Thread 2,5,main]) started.

> Task :react-native-fast-image:extractDeepLinksRelease UP-TO-DATE
Caching disabled for task ':react-native-fast-image:extractDeepLinksRelease' because:
  Build cache is disabled
Skipping task ':react-native-fast-image:extractDeepLinksRelease' as it is up-to-date.
work action resolve navigation.json (project :react-native-fast-image) (Thread[Execution worker Thread 2,5,main]) started.
Resolve mutations for :react-native-fast-image:processReleaseManifest (Thread[Execution worker Thread 2,5,main]) started.
:react-native-fast-image:processReleaseManifest (Thread[Execution worker Thread 2,5,main]) started.

> Task :react-native-fast-image:processReleaseManifest UP-TO-DATE
Caching disabled for task ':react-native-fast-image:processReleaseManifest' because:
  Build cache is disabled
Skipping task ':react-native-fast-image:processReleaseManifest' as it is up-to-date.
work action resolve AndroidManifest.xml (project :react-native-fast-image) (Thread[Execution worker Thread 2,5,main]) started.
Resolve mutations for :react-native-linear-gradient:extractDeepLinksRelease (Thread[Execution worker Thread 2,5,main]) started.
:react-native-linear-gradient:extractDeepLinksRelease (Thread[Execution worker Thread 2,5,main]) started.

> Task :react-native-linear-gradient:extractDeepLinksRelease UP-TO-DATE
Caching disabled for task ':react-native-linear-gradient:extractDeepLinksRelease' because:
  Build cache is disabled
Skipping task ':react-native-linear-gradient:extractDeepLinksRelease' as it is up-to-date.
work action resolve navigation.json (project :react-native-linear-gradient) (Thread[Execution worker Thread 2,5,main]) started.
Resolve mutations for :react-native-linear-gradient:processReleaseManifest (Thread[Execution worker Thread 2,5,main]) started.
:react-native-linear-gradient:processReleaseManifest (Thread[Execution worker Thread 2,5,main]) started.

> Task :react-native-linear-gradient:processReleaseManifest UP-TO-DATE
Caching disabled for task ':react-native-linear-gradient:processReleaseManifest' because:
  Build cache is disabled
Skipping task ':react-native-linear-gradient:processReleaseManifest' as it is up-to-date.
work action resolve AndroidManifest.xml (project :react-native-linear-gradient) (Thread[Execution worker Thread 2,5,main]) started.
Resolve mutations for :react-native-maps:extractDeepLinksRelease (Thread[Execution worker Thread 2,5,main]) started.
:react-native-maps:extractDeepLinksRelease (Thread[Execution worker Thread 2,5,main]) started.

> Task :react-native-maps:extractDeepLinksRelease UP-TO-DATE
Caching disabled for task ':react-native-maps:extractDeepLinksRelease' because:
  Build cache is disabled
Skipping task ':react-native-maps:extractDeepLinksRelease' as it is up-to-date.
work action resolve navigation.json (project :react-native-maps) (Thread[Execution worker Thread 2,5,main]) started.
Resolve mutations for :react-native-maps:processReleaseManifest (Thread[Execution worker Thread 2,5,main]) started.
:react-native-maps:processReleaseManifest (Thread[Execution worker Thread 2,5,main]) started.

> Task :react-native-maps:processReleaseManifest UP-TO-DATE
Caching disabled for task ':react-native-maps:processReleaseManifest' because:
  Build cache is disabled
Skipping task ':react-native-maps:processReleaseManifest' as it is up-to-date.
work action resolve AndroidManifest.xml (project :react-native-maps) (Thread[Execution worker Thread 2,5,main]) started.
Resolve mutations for :react-native-onesignal:extractDeepLinksRelease (Thread[Execution worker Thread 2,5,main]) started.
:react-native-onesignal:extractDeepLinksRelease (Thread[Execution worker Thread 2,5,main]) started.

> Task :react-native-onesignal:extractDeepLinksRelease UP-TO-DATE
Caching disabled for task ':react-native-onesignal:extractDeepLinksRelease' because:
  Build cache is disabled
Skipping task ':react-native-onesignal:extractDeepLinksRelease' as it is up-to-date.
work action resolve navigation.json (project :react-native-onesignal) (Thread[Execution worker Thread 2,5,main]) started.
Resolve mutations for :react-native-onesignal:processReleaseManifest (Thread[Execution worker Thread 2,5,main]) started.
:react-native-onesignal:processReleaseManifest (Thread[Execution worker Thread 2,5,main]) started.

> Task :react-native-onesignal:processReleaseManifest UP-TO-DATE
Caching disabled for task ':react-native-onesignal:processReleaseManifest' because:
  Build cache is disabled
Skipping task ':react-native-onesignal:processReleaseManifest' as it is up-to-date.
work action resolve AndroidManifest.xml (project :react-native-onesignal) (Thread[Execution worker Thread 2,5,main]) started.
Resolve mutations for :react-native-otp-verify:extractDeepLinksRelease (Thread[Execution worker Thread 2,5,main]) started.
:react-native-otp-verify:extractDeepLinksRelease (Thread[Execution worker Thread 2,5,main]) started.

> Task :react-native-otp-verify:extractDeepLinksRelease UP-TO-DATE
Caching disabled for task ':react-native-otp-verify:extractDeepLinksRelease' because:
  Build cache is disabled
Skipping task ':react-native-otp-verify:extractDeepLinksRelease' as it is up-to-date.
work action resolve navigation.json (project :react-native-otp-verify) (Thread[Execution worker Thread 2,5,main]) started.
Resolve mutations for :react-native-otp-verify:processReleaseManifest (Thread[Execution worker Thread 2,5,main]) started.
:react-native-otp-verify:processReleaseManifest (Thread[Execution worker Thread 2,5,main]) started.

> Task :react-native-otp-verify:processReleaseManifest UP-TO-DATE
Caching disabled for task ':react-native-otp-verify:processReleaseManifest' because:
  Build cache is disabled
Skipping task ':react-native-otp-verify:processReleaseManifest' as it is up-to-date.
work action resolve AndroidManifest.xml (project :react-native-otp-verify) (Thread[Execution worker Thread 2,5,main]) started.
Resolve mutations for :react-native-permissions:extractDeepLinksRelease (Thread[Execution worker Thread 2,5,main]) started.
:react-native-permissions:extractDeepLinksRelease (Thread[Execution worker Thread 2,5,main]) started.

> Task :react-native-permissions:extractDeepLinksRelease UP-TO-DATE
Caching disabled for task ':react-native-permissions:extractDeepLinksRelease' because:
  Build cache is disabled
Skipping task ':react-native-permissions:extractDeepLinksRelease' as it is up-to-date.
work action resolve navigation.json (project :react-native-permissions) (Thread[Execution worker Thread 2,5,main]) started.
Resolve mutations for :react-native-permissions:processReleaseManifest (Thread[Execution worker Thread 2,5,main]) started.
:react-native-permissions:processReleaseManifest (Thread[Execution worker Thread 2,5,main]) started.

> Task :react-native-permissions:processReleaseManifest UP-TO-DATE
Caching disabled for task ':react-native-permissions:processReleaseManifest' because:
  Build cache is disabled
Skipping task ':react-native-permissions:processReleaseManifest' as it is up-to-date.
work action resolve AndroidManifest.xml (project :react-native-permissions) (Thread[Execution worker Thread 2,5,main]) started.
Resolve mutations for :react-native-razorpay:extractDeepLinksRelease (Thread[Execution worker Thread 2,5,main]) started.
:react-native-razorpay:extractDeepLinksRelease (Thread[Execution worker Thread 2,5,main]) started.

> Task :react-native-razorpay:extractDeepLinksRelease UP-TO-DATE
Caching disabled for task ':react-native-razorpay:extractDeepLinksRelease' because:
  Build cache is disabled
Skipping task ':react-native-razorpay:extractDeepLinksRelease' as it is up-to-date.
work action resolve navigation.json (project :react-native-razorpay) (Thread[Execution worker Thread 2,5,main]) started.
Resolve mutations for :react-native-razorpay:processReleaseManifest (Thread[Execution worker Thread 2,5,main]) started.
:react-native-razorpay:processReleaseManifest (Thread[Execution worker Thread 2,5,main]) started.

> Task :react-native-razorpay:processReleaseManifest UP-TO-DATE
Caching disabled for task ':react-native-razorpay:processReleaseManifest' because:
  Build cache is disabled
Skipping task ':react-native-razorpay:processReleaseManifest' as it is up-to-date.
work action resolve AndroidManifest.xml (project :react-native-razorpay) (Thread[Execution worker Thread 2,5,main]) started.
Resolve mutations for :react-native-safe-area-context:extractDeepLinksRelease (Thread[Execution worker Thread 2,5,main]) started.
:react-native-safe-area-context:extractDeepLinksRelease (Thread[Execution worker Thread 2,5,main]) started.

> Task :react-native-safe-area-context:extractDeepLinksRelease UP-TO-DATE
Caching disabled for task ':react-native-safe-area-context:extractDeepLinksRelease' because:
  Build cache is disabled
Skipping task ':react-native-safe-area-context:extractDeepLinksRelease' as it is up-to-date.
work action resolve navigation.json (project :react-native-safe-area-context) (Thread[Execution worker Thread 2,5,main]) started.
Resolve mutations for :react-native-safe-area-context:processReleaseManifest (Thread[Execution worker Thread 2,5,main]) started.
:react-native-safe-area-context:processReleaseManifest (Thread[Execution worker Thread 2,5,main]) started.

> Task :react-native-safe-area-context:processReleaseManifest UP-TO-DATE
Caching disabled for task ':react-native-safe-area-context:processReleaseManifest' because:
  Build cache is disabled
Skipping task ':react-native-safe-area-context:processReleaseManifest' as it is up-to-date.
work action resolve AndroidManifest.xml (project :react-native-safe-area-context) (Thread[Execution worker Thread 2,5,main]) started.
Resolve mutations for :react-native-screens:extractDeepLinksRelease (Thread[Execution worker Thread 2,5,main]) started.
:react-native-screens:extractDeepLinksRelease (Thread[Execution worker Thread 2,5,main]) started.

> Task :react-native-screens:extractDeepLinksRelease UP-TO-DATE
Caching disabled for task ':react-native-screens:extractDeepLinksRelease' because:
  Build cache is disabled
Skipping task ':react-native-screens:extractDeepLinksRelease' as it is up-to-date.
work action resolve navigation.json (project :react-native-screens) (Thread[Execution worker Thread 2,5,main]) started.
Resolve mutations for :react-native-screens:processReleaseManifest (Thread[Execution worker Thread 2,5,main]) started.
:react-native-screens:processReleaseManifest (Thread[Execution worker Thread 2,5,main]) started.

> Task :react-native-screens:processReleaseManifest UP-TO-DATE
Caching disabled for task ':react-native-screens:processReleaseManifest' because:
  Build cache is disabled
Skipping task ':react-native-screens:processReleaseManifest' as it is up-to-date.
work action resolve AndroidManifest.xml (project :react-native-screens) (Thread[Execution worker Thread 2,5,main]) started.
Resolve mutations for :react-native-svg:extractDeepLinksRelease (Thread[Execution worker,5,main]) started.
:react-native-svg:extractDeepLinksRelease (Thread[Execution worker,5,main]) started.

> Task :react-native-svg:extractDeepLinksRelease UP-TO-DATE
Caching disabled for task ':react-native-svg:extractDeepLinksRelease' because:
  Build cache is disabled
Skipping task ':react-native-svg:extractDeepLinksRelease' as it is up-to-date.
work action resolve navigation.json (project :react-native-svg) (Thread[Execution worker,5,main]) started.
Resolve mutations for :react-native-svg:processReleaseManifest (Thread[Execution worker,5,main]) started.
:react-native-svg:processReleaseManifest (Thread[Execution worker,5,main]) started.

> Task :react-native-svg:processReleaseManifest UP-TO-DATE
Caching disabled for task ':react-native-svg:processReleaseManifest' because:
  Build cache is disabled
Skipping task ':react-native-svg:processReleaseManifest' as it is up-to-date.
work action resolve AndroidManifest.xml (project :react-native-svg) (Thread[Execution worker Thread 2,5,main]) started.
Resolve mutations for :react-native-vector-icons:extractDeepLinksRelease (Thread[Execution worker Thread 2,5,main]) started.
:react-native-vector-icons:extractDeepLinksRelease (Thread[Execution worker Thread 2,5,main]) started.

> Task :react-native-vector-icons:extractDeepLinksRelease UP-TO-DATE
Caching disabled for task ':react-native-vector-icons:extractDeepLinksRelease' because:
  Build cache is disabled
Skipping task ':react-native-vector-icons:extractDeepLinksRelease' as it is up-to-date.
work action resolve navigation.json (project :react-native-vector-icons) (Thread[Execution worker Thread 2,5,main]) started.
Resolve mutations for :react-native-vector-icons:processReleaseManifest (Thread[Execution worker Thread 2,5,main]) started.
:react-native-vector-icons:processReleaseManifest (Thread[Execution worker Thread 2,5,main]) started.

> Task :react-native-vector-icons:processReleaseManifest UP-TO-DATE
Caching disabled for task ':react-native-vector-icons:processReleaseManifest' because:
  Build cache is disabled
Skipping task ':react-native-vector-icons:processReleaseManifest' as it is up-to-date.
work action resolve AndroidManifest.xml (project :react-native-vector-icons) (Thread[Execution worker Thread 2,5,main]) started.
Resolve mutations for :app:processReleaseMainManifest (Thread[Execution worker Thread 2,5,main]) started.
:app:processReleaseMainManifest (Thread[Execution worker Thread 2,5,main]) started.

> Task :app:processReleaseMainManifest UP-TO-DATE
file or directory '/Users/oem/Projects/KapraDaily/node_modules/react-native-onesignal/android/libs', not found
file or directory '/Users/oem/Projects/KapraDaily/node_modules/react-native-onesignal/android/libs', not found
file or directory '/Users/oem/Projects/KapraDaily/node_modules/react-native-onesignal/android/libs', not found
file or directory '/Users/oem/Projects/KapraDaily/node_modules/react-native-onesignal/android/libs', not found
Caching disabled for task ':app:processReleaseMainManifest' because:
  Build cache is disabled
Skipping task ':app:processReleaseMainManifest' as it is up-to-date.
Resolve mutations for :app:processReleaseManifest (Thread[Execution worker Thread 2,5,main]) started.
:app:processReleaseManifest (Thread[Execution worker Thread 2,5,main]) started.

> Task :app:processReleaseManifest UP-TO-DATE
Caching disabled for task ':app:processReleaseManifest' because:
  Build cache is disabled
Skipping task ':app:processReleaseManifest' as it is up-to-date.
Resolve mutations for :app:processReleaseManifestForPackage (Thread[Execution worker Thread 2,5,main]) started.
:app:processReleaseManifestForPackage (Thread[Execution worker Thread 2,5,main]) started.

> Task :app:processReleaseManifestForPackage UP-TO-DATE
Custom actions are attached to task ':app:processReleaseManifestForPackage'.
Caching disabled for task ':app:processReleaseManifestForPackage' because:
  Build cache is disabled
Skipping task ':app:processReleaseManifestForPackage' as it is up-to-date.
Resolve mutations for :lottie-react-native:compileReleaseLibraryResources (Thread[Execution worker Thread 2,5,main]) started.
:lottie-react-native:compileReleaseLibraryResources (Thread[Execution worker Thread 3,5,main]) started.

> Task :lottie-react-native:compileReleaseLibraryResources UP-TO-DATE
Caching disabled for task ':lottie-react-native:compileReleaseLibraryResources' because:
  Build cache is disabled
Skipping task ':lottie-react-native:compileReleaseLibraryResources' as it is up-to-date.
work action resolve out (project :lottie-react-native) (Thread[Execution worker Thread 3,5,main]) started.
Resolve mutations for :react-native-async-storage_async-storage:compileReleaseLibraryResources (Thread[Execution worker Thread 3,5,main]) started.
:react-native-async-storage_async-storage:compileReleaseLibraryResources (Thread[Execution worker Thread 3,5,main]) started.

> Task :react-native-async-storage_async-storage:compileReleaseLibraryResources UP-TO-DATE
Caching disabled for task ':react-native-async-storage_async-storage:compileReleaseLibraryResources' because:
  Build cache is disabled
Skipping task ':react-native-async-storage_async-storage:compileReleaseLibraryResources' as it is up-to-date.
work action resolve out (project :react-native-async-storage_async-storage) (Thread[Execution worker Thread 3,5,main]) started.
Resolve mutations for :react-native-community_blur:compileReleaseLibraryResources (Thread[Execution worker Thread 3,5,main]) started.
:react-native-community_blur:compileReleaseLibraryResources (Thread[Execution worker Thread 3,5,main]) started.

> Task :react-native-community_blur:compileReleaseLibraryResources UP-TO-DATE
Caching disabled for task ':react-native-community_blur:compileReleaseLibraryResources' because:
  Build cache is disabled
Skipping task ':react-native-community_blur:compileReleaseLibraryResources' as it is up-to-date.
work action resolve out (project :react-native-community_blur) (Thread[Execution worker Thread 3,5,main]) started.
Resolve mutations for :react-native-community_geolocation:compileReleaseLibraryResources (Thread[Execution worker Thread 3,5,main]) started.
:react-native-community_geolocation:compileReleaseLibraryResources (Thread[Execution worker Thread 3,5,main]) started.

> Task :react-native-community_geolocation:compileReleaseLibraryResources UP-TO-DATE
Caching disabled for task ':react-native-community_geolocation:compileReleaseLibraryResources' because:
  Build cache is disabled
Skipping task ':react-native-community_geolocation:compileReleaseLibraryResources' as it is up-to-date.
work action resolve out (project :react-native-community_geolocation) (Thread[Execution worker Thread 3,5,main]) started.
Resolve mutations for :react-native-device-info:compileReleaseLibraryResources (Thread[Execution worker Thread 3,5,main]) started.
:react-native-device-info:compileReleaseLibraryResources (Thread[Execution worker Thread 3,5,main]) started.

> Task :react-native-device-info:compileReleaseLibraryResources UP-TO-DATE
Caching disabled for task ':react-native-device-info:compileReleaseLibraryResources' because:
  Build cache is disabled
Skipping task ':react-native-device-info:compileReleaseLibraryResources' as it is up-to-date.
work action resolve out (project :react-native-device-info) (Thread[Execution worker Thread 3,5,main]) started.
Resolve mutations for :react-native-fast-image:compileReleaseLibraryResources (Thread[Execution worker Thread 3,5,main]) started.
:react-native-fast-image:compileReleaseLibraryResources (Thread[Execution worker Thread 3,5,main]) started.

> Task :react-native-fast-image:compileReleaseLibraryResources UP-TO-DATE
Caching disabled for task ':react-native-fast-image:compileReleaseLibraryResources' because:
  Build cache is disabled
Skipping task ':react-native-fast-image:compileReleaseLibraryResources' as it is up-to-date.
work action resolve out (project :react-native-fast-image) (Thread[Execution worker Thread 3,5,main]) started.
Resolve mutations for :react-native-linear-gradient:compileReleaseLibraryResources (Thread[Execution worker Thread 3,5,main]) started.
:react-native-linear-gradient:compileReleaseLibraryResources (Thread[Execution worker Thread 3,5,main]) started.

> Task :react-native-linear-gradient:compileReleaseLibraryResources UP-TO-DATE
Caching disabled for task ':react-native-linear-gradient:compileReleaseLibraryResources' because:
  Build cache is disabled
Skipping task ':react-native-linear-gradient:compileReleaseLibraryResources' as it is up-to-date.
work action resolve out (project :react-native-linear-gradient) (Thread[Execution worker Thread 3,5,main]) started.
Resolve mutations for :react-native-maps:compileReleaseLibraryResources (Thread[Execution worker Thread 3,5,main]) started.
:react-native-maps:compileReleaseLibraryResources (Thread[Execution worker Thread 3,5,main]) started.

> Task :react-native-maps:compileReleaseLibraryResources UP-TO-DATE
Caching disabled for task ':react-native-maps:compileReleaseLibraryResources' because:
  Build cache is disabled
Skipping task ':react-native-maps:compileReleaseLibraryResources' as it is up-to-date.
work action resolve out (project :react-native-maps) (Thread[Execution worker Thread 3,5,main]) started.
Resolve mutations for :react-native-onesignal:compileReleaseLibraryResources (Thread[Execution worker Thread 3,5,main]) started.
:react-native-onesignal:compileReleaseLibraryResources (Thread[Execution worker Thread 3,5,main]) started.

> Task :react-native-onesignal:compileReleaseLibraryResources UP-TO-DATE
Caching disabled for task ':react-native-onesignal:compileReleaseLibraryResources' because:
  Build cache is disabled
Skipping task ':react-native-onesignal:compileReleaseLibraryResources' as it is up-to-date.
work action resolve out (project :react-native-onesignal) (Thread[Execution worker Thread 3,5,main]) started.
Resolve mutations for :react-native-otp-verify:compileReleaseLibraryResources (Thread[Execution worker Thread 3,5,main]) started.
:react-native-otp-verify:compileReleaseLibraryResources (Thread[Execution worker Thread 3,5,main]) started.

> Task :react-native-otp-verify:compileReleaseLibraryResources UP-TO-DATE
Caching disabled for task ':react-native-otp-verify:compileReleaseLibraryResources' because:
  Build cache is disabled
Skipping task ':react-native-otp-verify:compileReleaseLibraryResources' as it is up-to-date.
work action resolve out (project :react-native-otp-verify) (Thread[Execution worker Thread 3,5,main]) started.
Resolve mutations for :react-native-permissions:compileReleaseLibraryResources (Thread[Execution worker Thread 3,5,main]) started.
:react-native-permissions:compileReleaseLibraryResources (Thread[Execution worker Thread 3,5,main]) started.

> Task :react-native-permissions:compileReleaseLibraryResources UP-TO-DATE
Caching disabled for task ':react-native-permissions:compileReleaseLibraryResources' because:
  Build cache is disabled
Skipping task ':react-native-permissions:compileReleaseLibraryResources' as it is up-to-date.
work action resolve out (project :react-native-permissions) (Thread[Execution worker Thread 3,5,main]) started.
Resolve mutations for :react-native-razorpay:compileReleaseLibraryResources (Thread[Execution worker Thread 3,5,main]) started.
:react-native-razorpay:compileReleaseLibraryResources (Thread[Execution worker Thread 3,5,main]) started.

> Task :react-native-razorpay:compileReleaseLibraryResources UP-TO-DATE
Caching disabled for task ':react-native-razorpay:compileReleaseLibraryResources' because:
  Build cache is disabled
Skipping task ':react-native-razorpay:compileReleaseLibraryResources' as it is up-to-date.
work action resolve out (project :react-native-razorpay) (Thread[Execution worker Thread 3,5,main]) started.
Resolve mutations for :react-native-safe-area-context:compileReleaseLibraryResources (Thread[Execution worker Thread 3,5,main]) started.
:react-native-safe-area-context:compileReleaseLibraryResources (Thread[Execution worker Thread 3,5,main]) started.

> Task :react-native-safe-area-context:compileReleaseLibraryResources UP-TO-DATE
Caching disabled for task ':react-native-safe-area-context:compileReleaseLibraryResources' because:
  Build cache is disabled
Skipping task ':react-native-safe-area-context:compileReleaseLibraryResources' as it is up-to-date.
work action resolve out (project :react-native-safe-area-context) (Thread[Execution worker Thread 3,5,main]) started.
Resolve mutations for :react-native-screens:compileReleaseLibraryResources (Thread[Execution worker Thread 3,5,main]) started.
:react-native-screens:compileReleaseLibraryResources (Thread[Execution worker Thread 3,5,main]) started.

> Task :react-native-screens:compileReleaseLibraryResources UP-TO-DATE
Caching disabled for task ':react-native-screens:compileReleaseLibraryResources' because:
  Build cache is disabled
Skipping task ':react-native-screens:compileReleaseLibraryResources' as it is up-to-date.
work action resolve out (project :react-native-screens) (Thread[Execution worker Thread 3,5,main]) started.
Resolve mutations for :react-native-svg:compileReleaseLibraryResources (Thread[Execution worker Thread 3,5,main]) started.
:react-native-svg:compileReleaseLibraryResources (Thread[Execution worker Thread 3,5,main]) started.

> Task :react-native-svg:compileReleaseLibraryResources UP-TO-DATE
Caching disabled for task ':react-native-svg:compileReleaseLibraryResources' because:
  Build cache is disabled
Skipping task ':react-native-svg:compileReleaseLibraryResources' as it is up-to-date.
work action resolve out (project :react-native-svg) (Thread[Execution worker Thread 3,5,main]) started.
Resolve mutations for :react-native-vector-icons:compileReleaseLibraryResources (Thread[Execution worker Thread 3,5,main]) started.
:react-native-vector-icons:compileReleaseLibraryResources (Thread[Execution worker Thread 3,5,main]) started.

> Task :react-native-vector-icons:compileReleaseLibraryResources UP-TO-DATE
Caching disabled for task ':react-native-vector-icons:compileReleaseLibraryResources' because:
  Build cache is disabled
Skipping task ':react-native-vector-icons:compileReleaseLibraryResources' as it is up-to-date.
work action resolve out (project :react-native-vector-icons) (Thread[Execution worker Thread 3,5,main]) started.
Resolve mutations for :app:processReleaseResources (Thread[Execution worker Thread 3,5,main]) started.
:app:processReleaseResources (Thread[Execution worker Thread 3,5,main]) started.
Resolve mutations for :lottie-react-native:bundleLibCompileToJarRelease (Thread[Execution worker,5,main]) started.
:lottie-react-native:bundleLibCompileToJarRelease (Thread[Execution worker,5,main]) started.

> Task :lottie-react-native:bundleLibCompileToJarRelease UP-TO-DATE
Caching disabled for task ':lottie-react-native:bundleLibCompileToJarRelease' because:
  Build cache is disabled
  Simple merging task
Skipping task ':lottie-react-native:bundleLibCompileToJarRelease' as it is up-to-date.
work action resolve classes.jar (project :lottie-react-native) (Thread[Execution worker,5,main]) started.
Resolve mutations for :react-native-async-storage_async-storage:bundleLibCompileToJarRelease (Thread[Execution worker,5,main]) started.
:react-native-async-storage_async-storage:bundleLibCompileToJarRelease (Thread[Execution worker,5,main]) started.

> Task :react-native-async-storage_async-storage:bundleLibCompileToJarRelease UP-TO-DATE
Caching disabled for task ':react-native-async-storage_async-storage:bundleLibCompileToJarRelease' because:
  Build cache is disabled
  Simple merging task
Skipping task ':react-native-async-storage_async-storage:bundleLibCompileToJarRelease' as it is up-to-date.
work action resolve classes.jar (project :react-native-async-storage_async-storage) (Thread[Execution worker Thread 7,5,main]) started.
Resolve mutations for :react-native-community_blur:bundleLibCompileToJarRelease (Thread[Execution worker Thread 7,5,main]) started.
:react-native-community_blur:bundleLibCompileToJarRelease (Thread[Execution worker Thread 7,5,main]) started.

> Task :react-native-community_blur:bundleLibCompileToJarRelease UP-TO-DATE
Caching disabled for task ':react-native-community_blur:bundleLibCompileToJarRelease' because:
  Build cache is disabled
  Simple merging task
Skipping task ':react-native-community_blur:bundleLibCompileToJarRelease' as it is up-to-date.
work action resolve classes.jar (project :react-native-community_blur) (Thread[Execution worker Thread 7,5,main]) started.
Resolve mutations for :react-native-community_geolocation:bundleLibCompileToJarRelease (Thread[Execution worker Thread 7,5,main]) started.
:react-native-community_geolocation:bundleLibCompileToJarRelease (Thread[Execution worker Thread 7,5,main]) started.

> Task :react-native-community_geolocation:bundleLibCompileToJarRelease UP-TO-DATE
Caching disabled for task ':react-native-community_geolocation:bundleLibCompileToJarRelease' because:
  Build cache is disabled
  Simple merging task
Skipping task ':react-native-community_geolocation:bundleLibCompileToJarRelease' as it is up-to-date.
work action resolve classes.jar (project :react-native-community_geolocation) (Thread[Execution worker Thread 7,5,main]) started.
Resolve mutations for :react-native-device-info:bundleLibCompileToJarRelease (Thread[Execution worker Thread 7,5,main]) started.
:react-native-device-info:bundleLibCompileToJarRelease (Thread[Execution worker Thread 7,5,main]) started.

> Task :react-native-device-info:bundleLibCompileToJarRelease UP-TO-DATE
Caching disabled for task ':react-native-device-info:bundleLibCompileToJarRelease' because:
  Build cache is disabled
  Simple merging task
Skipping task ':react-native-device-info:bundleLibCompileToJarRelease' as it is up-to-date.
work action resolve classes.jar (project :react-native-device-info) (Thread[Execution worker Thread 7,5,main]) started.
Resolve mutations for :react-native-fast-image:bundleLibCompileToJarRelease (Thread[Execution worker Thread 7,5,main]) started.
:react-native-fast-image:bundleLibCompileToJarRelease (Thread[Execution worker Thread 7,5,main]) started.

> Task :react-native-fast-image:bundleLibCompileToJarRelease UP-TO-DATE
Caching disabled for task ':react-native-fast-image:bundleLibCompileToJarRelease' because:
  Build cache is disabled
  Simple merging task
Skipping task ':react-native-fast-image:bundleLibCompileToJarRelease' as it is up-to-date.
work action resolve classes.jar (project :react-native-fast-image) (Thread[Execution worker Thread 7,5,main]) started.
Resolve mutations for :react-native-linear-gradient:bundleLibCompileToJarRelease (Thread[Execution worker Thread 7,5,main]) started.
:react-native-linear-gradient:bundleLibCompileToJarRelease (Thread[Execution worker Thread 7,5,main]) started.

> Task :react-native-linear-gradient:bundleLibCompileToJarRelease UP-TO-DATE
Caching disabled for task ':react-native-linear-gradient:bundleLibCompileToJarRelease' because:
  Build cache is disabled
  Simple merging task
Skipping task ':react-native-linear-gradient:bundleLibCompileToJarRelease' as it is up-to-date.
work action resolve classes.jar (project :react-native-linear-gradient) (Thread[Execution worker Thread 7,5,main]) started.
Resolve mutations for :react-native-maps:bundleLibCompileToJarRelease (Thread[Execution worker Thread 7,5,main]) started.
:react-native-maps:bundleLibCompileToJarRelease (Thread[Execution worker Thread 7,5,main]) started.

> Task :react-native-maps:bundleLibCompileToJarRelease UP-TO-DATE
Caching disabled for task ':react-native-maps:bundleLibCompileToJarRelease' because:
  Build cache is disabled
  Simple merging task
Skipping task ':react-native-maps:bundleLibCompileToJarRelease' as it is up-to-date.
work action resolve classes.jar (project :react-native-maps) (Thread[Execution worker Thread 2,5,main]) started.
Resolve mutations for :react-native-onesignal:bundleLibCompileToJarRelease (Thread[Execution worker Thread 2,5,main]) started.
:react-native-onesignal:bundleLibCompileToJarRelease (Thread[Execution worker Thread 2,5,main]) started.

> Task :react-native-onesignal:bundleLibCompileToJarRelease UP-TO-DATE
Caching disabled for task ':react-native-onesignal:bundleLibCompileToJarRelease' because:
  Build cache is disabled
  Simple merging task
Skipping task ':react-native-onesignal:bundleLibCompileToJarRelease' as it is up-to-date.
work action resolve classes.jar (project :react-native-onesignal) (Thread[Execution worker Thread 2,5,main]) started.
Resolve mutations for :react-native-otp-verify:bundleLibCompileToJarRelease (Thread[Execution worker Thread 2,5,main]) started.
:react-native-otp-verify:bundleLibCompileToJarRelease (Thread[Execution worker Thread 2,5,main]) started.

> Task :react-native-otp-verify:bundleLibCompileToJarRelease UP-TO-DATE
Caching disabled for task ':react-native-otp-verify:bundleLibCompileToJarRelease' because:
  Build cache is disabled
  Simple merging task
Skipping task ':react-native-otp-verify:bundleLibCompileToJarRelease' as it is up-to-date.
work action resolve classes.jar (project :react-native-otp-verify) (Thread[Execution worker Thread 2,5,main]) started.
Resolve mutations for :react-native-permissions:bundleLibCompileToJarRelease (Thread[Execution worker Thread 2,5,main]) started.
:react-native-permissions:bundleLibCompileToJarRelease (Thread[Execution worker Thread 2,5,main]) started.

> Task :react-native-permissions:bundleLibCompileToJarRelease UP-TO-DATE
Caching disabled for task ':react-native-permissions:bundleLibCompileToJarRelease' because:
  Build cache is disabled
  Simple merging task
Skipping task ':react-native-permissions:bundleLibCompileToJarRelease' as it is up-to-date.
work action resolve classes.jar (project :react-native-permissions) (Thread[Execution worker Thread 2,5,main]) started.
Resolve mutations for :react-native-razorpay:bundleLibCompileToJarRelease (Thread[Execution worker Thread 2,5,main]) started.
:react-native-razorpay:bundleLibCompileToJarRelease (Thread[Execution worker Thread 2,5,main]) started.

> Task :react-native-razorpay:bundleLibCompileToJarRelease UP-TO-DATE
Caching disabled for task ':react-native-razorpay:bundleLibCompileToJarRelease' because:
  Build cache is disabled
  Simple merging task
Skipping task ':react-native-razorpay:bundleLibCompileToJarRelease' as it is up-to-date.
work action resolve classes.jar (project :react-native-razorpay) (Thread[Execution worker Thread 2,5,main]) started.
Resolve mutations for :react-native-safe-area-context:bundleLibCompileToJarRelease (Thread[Execution worker Thread 2,5,main]) started.
:react-native-safe-area-context:bundleLibCompileToJarRelease (Thread[Execution worker Thread 2,5,main]) started.

> Task :react-native-safe-area-context:bundleLibCompileToJarRelease UP-TO-DATE
Caching disabled for task ':react-native-safe-area-context:bundleLibCompileToJarRelease' because:
  Build cache is disabled
  Simple merging task
Skipping task ':react-native-safe-area-context:bundleLibCompileToJarRelease' as it is up-to-date.
work action resolve classes.jar (project :react-native-safe-area-context) (Thread[Execution worker Thread 2,5,main]) started.
Resolve mutations for :react-native-screens:bundleLibCompileToJarRelease (Thread[Execution worker Thread 2,5,main]) started.
:react-native-screens:bundleLibCompileToJarRelease (Thread[Execution worker Thread 2,5,main]) started.

> Task :react-native-screens:bundleLibCompileToJarRelease UP-TO-DATE
Caching disabled for task ':react-native-screens:bundleLibCompileToJarRelease' because:
  Build cache is disabled
  Simple merging task
Skipping task ':react-native-screens:bundleLibCompileToJarRelease' as it is up-to-date.
work action resolve classes.jar (project :react-native-screens) (Thread[Execution worker Thread 2,5,main]) started.
Resolve mutations for :react-native-svg:bundleLibCompileToJarRelease (Thread[Execution worker Thread 2,5,main]) started.
:react-native-svg:bundleLibCompileToJarRelease (Thread[Execution worker Thread 2,5,main]) started.

> Task :react-native-svg:bundleLibCompileToJarRelease UP-TO-DATE
Caching disabled for task ':react-native-svg:bundleLibCompileToJarRelease' because:
  Build cache is disabled
  Simple merging task
Skipping task ':react-native-svg:bundleLibCompileToJarRelease' as it is up-to-date.
work action resolve classes.jar (project :react-native-svg) (Thread[Execution worker Thread 2,5,main]) started.
Resolve mutations for :react-native-vector-icons:bundleLibCompileToJarRelease (Thread[Execution worker Thread 5,5,main]) started.
:react-native-vector-icons:bundleLibCompileToJarRelease (Thread[Execution worker Thread 5,5,main]) started.

> Task :react-native-vector-icons:bundleLibCompileToJarRelease UP-TO-DATE
Caching disabled for task ':react-native-vector-icons:bundleLibCompileToJarRelease' because:
  Build cache is disabled
  Simple merging task
Skipping task ':react-native-vector-icons:bundleLibCompileToJarRelease' as it is up-to-date.
work action resolve classes.jar (project :react-native-vector-icons) (Thread[Execution worker Thread 5,5,main]) started.
Resolve mutations for :app:javaPreCompileRelease (Thread[Execution worker Thread 5,5,main]) started.
:app:javaPreCompileRelease (Thread[Execution worker Thread 5,5,main]) started.

> Task :app:javaPreCompileRelease UP-TO-DATE
Caching disabled for task ':app:javaPreCompileRelease' because:
  Build cache is disabled
Skipping task ':app:javaPreCompileRelease' as it is up-to-date.
Resolve mutations for :app:desugarReleaseFileDependencies (Thread[Execution worker Thread 5,5,main]) started.
:app:desugarReleaseFileDependencies (Thread[Execution worker Thread 5,5,main]) started.

> Task :app:desugarReleaseFileDependencies UP-TO-DATE
file or directory '/Users/oem/Projects/KapraDaily/node_modules/react-native-onesignal/android/libs', not found
Caching disabled for task ':app:desugarReleaseFileDependencies' because:
  Build cache is disabled
Skipping task ':app:desugarReleaseFileDependencies' as it is up-to-date.
Resolve mutations for :app:mergeReleaseStartupProfile (Thread[Execution worker Thread 5,5,main]) started.
:app:mergeReleaseStartupProfile (Thread[Execution worker,5,main]) started.

> Task :app:mergeReleaseStartupProfile UP-TO-DATE
Caching disabled for task ':app:mergeReleaseStartupProfile' because:
  Build cache is disabled
  Simple merging task
Skipping task ':app:mergeReleaseStartupProfile' as it is up-to-date.
Resolve mutations for :app:mergeExtDexRelease (Thread[Execution worker,5,main]) started.
:app:mergeExtDexRelease (Thread[Execution worker,5,main]) started.

> Task :app:mergeExtDexRelease UP-TO-DATE
file or directory '/Users/oem/Projects/KapraDaily/node_modules/react-native-onesignal/android/libs', not found
file or directory '/Users/oem/Projects/KapraDaily/node_modules/react-native-onesignal/android/libs', not found
Caching disabled for task ':app:mergeExtDexRelease' because:
  Build cache is disabled
Skipping task ':app:mergeExtDexRelease' as it is up-to-date.
Resolve mutations for :lottie-react-native:prepareReleaseArtProfile (Thread[Execution worker,5,main]) started.
:lottie-react-native:prepareReleaseArtProfile (Thread[Execution worker Thread 5,5,main]) started.

> Task :lottie-react-native:prepareReleaseArtProfile UP-TO-DATE
Caching disabled for task ':lottie-react-native:prepareReleaseArtProfile' because:
  Build cache is disabled
  Caching has been disabled for the task
Skipping task ':lottie-react-native:prepareReleaseArtProfile' as it is up-to-date.
work action resolve baseline-prof.txt (project :lottie-react-native) (Thread[Execution worker Thread 5,5,main]) started.
Resolve mutations for :react-native-async-storage_async-storage:prepareReleaseArtProfile (Thread[Execution worker Thread 5,5,main]) started.
:react-native-async-storage_async-storage:prepareReleaseArtProfile (Thread[Execution worker Thread 5,5,main]) started.

> Task :react-native-async-storage_async-storage:prepareReleaseArtProfile UP-TO-DATE
Caching disabled for task ':react-native-async-storage_async-storage:prepareReleaseArtProfile' because:
  Build cache is disabled
  Caching has been disabled for the task
Skipping task ':react-native-async-storage_async-storage:prepareReleaseArtProfile' as it is up-to-date.
work action resolve baseline-prof.txt (project :react-native-async-storage_async-storage) (Thread[Execution worker Thread 5,5,main]) started.
Resolve mutations for :react-native-community_blur:prepareReleaseArtProfile (Thread[Execution worker Thread 5,5,main]) started.
:react-native-community_blur:prepareReleaseArtProfile (Thread[Execution worker Thread 5,5,main]) started.

> Task :react-native-community_blur:prepareReleaseArtProfile UP-TO-DATE
Caching disabled for task ':react-native-community_blur:prepareReleaseArtProfile' because:
  Build cache is disabled
  Caching has been disabled for the task
Skipping task ':react-native-community_blur:prepareReleaseArtProfile' as it is up-to-date.
work action resolve baseline-prof.txt (project :react-native-community_blur) (Thread[Execution worker Thread 5,5,main]) started.
Resolve mutations for :react-native-community_geolocation:prepareReleaseArtProfile (Thread[Execution worker Thread 5,5,main]) started.
:react-native-community_geolocation:prepareReleaseArtProfile (Thread[Execution worker Thread 5,5,main]) started.

> Task :react-native-community_geolocation:prepareReleaseArtProfile UP-TO-DATE
Caching disabled for task ':react-native-community_geolocation:prepareReleaseArtProfile' because:
  Build cache is disabled
  Caching has been disabled for the task
Skipping task ':react-native-community_geolocation:prepareReleaseArtProfile' as it is up-to-date.
work action resolve baseline-prof.txt (project :react-native-community_geolocation) (Thread[Execution worker Thread 5,5,main]) started.
Resolve mutations for :react-native-device-info:prepareReleaseArtProfile (Thread[Execution worker Thread 5,5,main]) started.
:react-native-device-info:prepareReleaseArtProfile (Thread[Execution worker Thread 5,5,main]) started.

> Task :react-native-device-info:prepareReleaseArtProfile UP-TO-DATE
Caching disabled for task ':react-native-device-info:prepareReleaseArtProfile' because:
  Build cache is disabled
  Caching has been disabled for the task
Skipping task ':react-native-device-info:prepareReleaseArtProfile' as it is up-to-date.
work action resolve baseline-prof.txt (project :react-native-device-info) (Thread[Execution worker Thread 5,5,main]) started.
Resolve mutations for :react-native-fast-image:prepareReleaseArtProfile (Thread[Execution worker Thread 5,5,main]) started.
:react-native-fast-image:prepareReleaseArtProfile (Thread[Execution worker Thread 5,5,main]) started.

> Task :react-native-fast-image:prepareReleaseArtProfile UP-TO-DATE
Caching disabled for task ':react-native-fast-image:prepareReleaseArtProfile' because:
  Build cache is disabled
  Caching has been disabled for the task
Skipping task ':react-native-fast-image:prepareReleaseArtProfile' as it is up-to-date.
work action resolve baseline-prof.txt (project :react-native-fast-image) (Thread[Execution worker Thread 5,5,main]) started.
Resolve mutations for :react-native-linear-gradient:prepareReleaseArtProfile (Thread[Execution worker Thread 5,5,main]) started.
:react-native-linear-gradient:prepareReleaseArtProfile (Thread[Execution worker Thread 5,5,main]) started.

> Task :react-native-linear-gradient:prepareReleaseArtProfile UP-TO-DATE
Caching disabled for task ':react-native-linear-gradient:prepareReleaseArtProfile' because:
  Build cache is disabled
  Caching has been disabled for the task
Skipping task ':react-native-linear-gradient:prepareReleaseArtProfile' as it is up-to-date.
work action resolve baseline-prof.txt (project :react-native-linear-gradient) (Thread[Execution worker Thread 5,5,main]) started.
Resolve mutations for :react-native-maps:prepareReleaseArtProfile (Thread[Execution worker Thread 5,5,main]) started.
:react-native-maps:prepareReleaseArtProfile (Thread[Execution worker Thread 5,5,main]) started.

> Task :react-native-maps:prepareReleaseArtProfile UP-TO-DATE
Caching disabled for task ':react-native-maps:prepareReleaseArtProfile' because:
  Build cache is disabled
  Caching has been disabled for the task
Skipping task ':react-native-maps:prepareReleaseArtProfile' as it is up-to-date.
work action resolve baseline-prof.txt (project :react-native-maps) (Thread[Execution worker Thread 5,5,main]) started.
Resolve mutations for :react-native-onesignal:prepareReleaseArtProfile (Thread[Execution worker Thread 5,5,main]) started.
:react-native-onesignal:prepareReleaseArtProfile (Thread[Execution worker Thread 5,5,main]) started.

> Task :react-native-onesignal:prepareReleaseArtProfile UP-TO-DATE
Caching disabled for task ':react-native-onesignal:prepareReleaseArtProfile' because:
  Build cache is disabled
  Caching has been disabled for the task
Skipping task ':react-native-onesignal:prepareReleaseArtProfile' as it is up-to-date.
work action resolve baseline-prof.txt (project :react-native-onesignal) (Thread[Execution worker Thread 5,5,main]) started.
Resolve mutations for :react-native-otp-verify:prepareReleaseArtProfile (Thread[Execution worker Thread 5,5,main]) started.
:react-native-otp-verify:prepareReleaseArtProfile (Thread[Execution worker Thread 5,5,main]) started.

> Task :react-native-otp-verify:prepareReleaseArtProfile UP-TO-DATE
Caching disabled for task ':react-native-otp-verify:prepareReleaseArtProfile' because:
  Build cache is disabled
  Caching has been disabled for the task
Skipping task ':react-native-otp-verify:prepareReleaseArtProfile' as it is up-to-date.
work action resolve baseline-prof.txt (project :react-native-otp-verify) (Thread[Execution worker Thread 5,5,main]) started.
Resolve mutations for :react-native-permissions:prepareReleaseArtProfile (Thread[Execution worker Thread 5,5,main]) started.
:react-native-permissions:prepareReleaseArtProfile (Thread[Execution worker Thread 5,5,main]) started.

> Task :react-native-permissions:prepareReleaseArtProfile UP-TO-DATE
Caching disabled for task ':react-native-permissions:prepareReleaseArtProfile' because:
  Build cache is disabled
  Caching has been disabled for the task
Skipping task ':react-native-permissions:prepareReleaseArtProfile' as it is up-to-date.
work action resolve baseline-prof.txt (project :react-native-permissions) (Thread[Execution worker Thread 5,5,main]) started.
Resolve mutations for :react-native-razorpay:prepareReleaseArtProfile (Thread[Execution worker Thread 5,5,main]) started.
:react-native-razorpay:prepareReleaseArtProfile (Thread[Execution worker Thread 5,5,main]) started.

> Task :react-native-razorpay:prepareReleaseArtProfile UP-TO-DATE
Caching disabled for task ':react-native-razorpay:prepareReleaseArtProfile' because:
  Build cache is disabled
  Caching has been disabled for the task
Skipping task ':react-native-razorpay:prepareReleaseArtProfile' as it is up-to-date.
work action resolve baseline-prof.txt (project :react-native-razorpay) (Thread[Execution worker Thread 5,5,main]) started.
Resolve mutations for :react-native-safe-area-context:prepareReleaseArtProfile (Thread[Execution worker Thread 5,5,main]) started.
:react-native-safe-area-context:prepareReleaseArtProfile (Thread[Execution worker Thread 5,5,main]) started.

> Task :react-native-safe-area-context:prepareReleaseArtProfile UP-TO-DATE
Caching disabled for task ':react-native-safe-area-context:prepareReleaseArtProfile' because:
  Build cache is disabled
  Caching has been disabled for the task
Skipping task ':react-native-safe-area-context:prepareReleaseArtProfile' as it is up-to-date.
work action resolve baseline-prof.txt (project :react-native-safe-area-context) (Thread[Execution worker Thread 5,5,main]) started.
Resolve mutations for :react-native-screens:prepareReleaseArtProfile (Thread[Execution worker Thread 5,5,main]) started.
:react-native-screens:prepareReleaseArtProfile (Thread[Execution worker Thread 5,5,main]) started.

> Task :react-native-screens:prepareReleaseArtProfile UP-TO-DATE
Caching disabled for task ':react-native-screens:prepareReleaseArtProfile' because:
  Build cache is disabled
  Caching has been disabled for the task
Skipping task ':react-native-screens:prepareReleaseArtProfile' as it is up-to-date.
work action resolve baseline-prof.txt (project :react-native-screens) (Thread[Execution worker Thread 5,5,main]) started.
Resolve mutations for :react-native-svg:prepareReleaseArtProfile (Thread[Execution worker Thread 5,5,main]) started.
:react-native-svg:prepareReleaseArtProfile (Thread[Execution worker Thread 5,5,main]) started.

> Task :react-native-svg:prepareReleaseArtProfile UP-TO-DATE
Caching disabled for task ':react-native-svg:prepareReleaseArtProfile' because:
  Build cache is disabled
  Caching has been disabled for the task
Skipping task ':react-native-svg:prepareReleaseArtProfile' as it is up-to-date.
work action resolve baseline-prof.txt (project :react-native-svg) (Thread[Execution worker Thread 5,5,main]) started.
Resolve mutations for :react-native-vector-icons:prepareReleaseArtProfile (Thread[Execution worker Thread 5,5,main]) started.
:react-native-vector-icons:prepareReleaseArtProfile (Thread[Execution worker Thread 5,5,main]) started.

> Task :react-native-vector-icons:prepareReleaseArtProfile UP-TO-DATE
Caching disabled for task ':react-native-vector-icons:prepareReleaseArtProfile' because:
  Build cache is disabled
  Caching has been disabled for the task
Skipping task ':react-native-vector-icons:prepareReleaseArtProfile' as it is up-to-date.
work action resolve baseline-prof.txt (project :react-native-vector-icons) (Thread[Execution worker Thread 5,5,main]) started.
Resolve mutations for :app:mergeReleaseArtProfile (Thread[Execution worker Thread 5,5,main]) started.
:app:mergeReleaseArtProfile (Thread[Execution worker Thread 5,5,main]) started.

> Task :app:mergeReleaseArtProfile UP-TO-DATE
file or directory '/Users/oem/Projects/KapraDaily/node_modules/react-native-onesignal/android/libs', not found
Caching disabled for task ':app:mergeReleaseArtProfile' because:
  Build cache is disabled
  Simple merging task
Skipping task ':app:mergeReleaseArtProfile' as it is up-to-date.
Resolve mutations for :lottie-react-native:bundleLibRuntimeToJarRelease (Thread[Execution worker Thread 5,5,main]) started.
:lottie-react-native:bundleLibRuntimeToJarRelease (Thread[Execution worker Thread 5,5,main]) started.

> Task :lottie-react-native:bundleLibRuntimeToJarRelease UP-TO-DATE
Caching disabled for task ':lottie-react-native:bundleLibRuntimeToJarRelease' because:
  Build cache is disabled
  Simple merging task
Skipping task ':lottie-react-native:bundleLibRuntimeToJarRelease' as it is up-to-date.
work action resolve classes.jar (project :lottie-react-native) (Thread[Execution worker Thread 5,5,main]) started.
IdentityTransform (Thread[Execution worker Thread 5,5,main]) started.
Resolve mutations for :react-native-maps:bundleLibRuntimeToJarRelease (Thread[included builds,5,main]) started.
:react-native-maps:bundleLibRuntimeToJarRelease (Thread[included builds,5,main]) started.

> Task :react-native-maps:bundleLibRuntimeToJarRelease UP-TO-DATE
Caching disabled for task ':react-native-maps:bundleLibRuntimeToJarRelease' because:
  Build cache is disabled
  Simple merging task
Skipping task ':react-native-maps:bundleLibRuntimeToJarRelease' as it is up-to-date.
DexingNoClasspathTransform (Thread[Execution worker Thread 5,5,main]) started.
work action resolve classes.jar (project :react-native-maps) (Thread[included builds,5,main]) started.
IdentityTransform (Thread[included builds,5,main]) started.
Resolve mutations for :react-native-permissions:bundleLibRuntimeToJarRelease (Thread[Execution worker Thread 4,5,main]) started.
DexingNoClasspathTransform (Thread[included builds,5,main]) started.
:react-native-permissions:bundleLibRuntimeToJarRelease (Thread[Execution worker Thread 4,5,main]) started.

> Task :react-native-permissions:bundleLibRuntimeToJarRelease UP-TO-DATE
Caching disabled for task ':react-native-permissions:bundleLibRuntimeToJarRelease' because:
  Build cache is disabled
  Simple merging task
Skipping task ':react-native-permissions:bundleLibRuntimeToJarRelease' as it is up-to-date.
work action resolve classes.jar (project :react-native-permissions) (Thread[Execution worker Thread 4,5,main]) started.
IdentityTransform (Thread[Execution worker Thread 4,5,main]) started.
DexingNoClasspathTransform (Thread[Execution worker Thread 4,5,main]) started.
Resolve mutations for :react-native-safe-area-context:bundleLibRuntimeToJarRelease (Thread[Execution worker Thread 6,5,main]) started.

> Transform classes.jar (project :react-native-maps) with DexingNoClasspathTransform
Caching disabled for DexingNoClasspathTransform: /Users/oem/Projects/KapraDaily/node_modules/react-native-maps/android/build/intermediates/runtime_library_classes_jar/release/bundleLibRuntimeToJarRelease/classes.jar because:
  Build cache is disabled
Skipping DexingNoClasspathTransform: /Users/oem/Projects/KapraDaily/node_modules/react-native-maps/android/build/intermediates/runtime_library_classes_jar/release/bundleLibRuntimeToJarRelease/classes.jar as it is up-to-date.

> Transform classes.jar (project :lottie-react-native) with DexingNoClasspathTransform
Caching disabled for DexingNoClasspathTransform: /Users/oem/Projects/KapraDaily/node_modules/lottie-react-native/android/build/intermediates/runtime_library_classes_jar/release/bundleLibRuntimeToJarRelease/classes.jar because:
  Build cache is disabled
Skipping DexingNoClasspathTransform: /Users/oem/Projects/KapraDaily/node_modules/lottie-react-native/android/build/intermediates/runtime_library_classes_jar/release/bundleLibRuntimeToJarRelease/classes.jar as it is up-to-date.
DexingOutputSplitTransform (Thread[Execution worker Thread 5,5,main]) started.
DexingOutputSplitTransform (Thread[Execution worker Thread 6,5,main]) started.
:react-native-safe-area-context:bundleLibRuntimeToJarRelease (Thread[included builds,5,main]) started.

> Task :react-native-safe-area-context:bundleLibRuntimeToJarRelease UP-TO-DATE
Caching disabled for task ':react-native-safe-area-context:bundleLibRuntimeToJarRelease' because:
  Build cache is disabled
  Simple merging task
Skipping task ':react-native-safe-area-context:bundleLibRuntimeToJarRelease' as it is up-to-date.
work action resolve classes.jar (project :react-native-safe-area-context) (Thread[included builds,5,main]) started.
IdentityTransform (Thread[included builds,5,main]) started.
DexingNoClasspathTransform (Thread[included builds,5,main]) started.
Resolve mutations for :react-native-screens:bundleLibRuntimeToJarRelease (Thread[Execution worker Thread 6,5,main]) started.

> Transform classes.jar (project :react-native-permissions) with DexingNoClasspathTransform
Caching disabled for DexingNoClasspathTransform: /Users/oem/Projects/KapraDaily/node_modules/react-native-permissions/android/build/intermediates/runtime_library_classes_jar/release/bundleLibRuntimeToJarRelease/classes.jar because:
  Build cache is disabled
Skipping DexingNoClasspathTransform: /Users/oem/Projects/KapraDaily/node_modules/react-native-permissions/android/build/intermediates/runtime_library_classes_jar/release/bundleLibRuntimeToJarRelease/classes.jar as it is up-to-date.
DexingOutputSplitTransform (Thread[Execution worker Thread 4,5,main]) started.
:react-native-screens:bundleLibRuntimeToJarRelease (Thread[Execution worker Thread 6,5,main]) started.

> Transform classes.jar (project :react-native-safe-area-context) with DexingNoClasspathTransform
Caching disabled for DexingNoClasspathTransform: /Users/oem/Projects/KapraDaily/node_modules/react-native-safe-area-context/android/build/intermediates/runtime_library_classes_jar/release/bundleLibRuntimeToJarRelease/classes.jar because:
  Build cache is disabled
Skipping DexingNoClasspathTransform: /Users/oem/Projects/KapraDaily/node_modules/react-native-safe-area-context/android/build/intermediates/runtime_library_classes_jar/release/bundleLibRuntimeToJarRelease/classes.jar as it is up-to-date.

> Task :react-native-screens:bundleLibRuntimeToJarRelease UP-TO-DATE
Caching disabled for task ':react-native-screens:bundleLibRuntimeToJarRelease' because:
  Build cache is disabled
  Simple merging task
Skipping task ':react-native-screens:bundleLibRuntimeToJarRelease' as it is up-to-date.
DexingOutputSplitTransform (Thread[included builds,5,main]) started.
work action resolve classes.jar (project :react-native-screens) (Thread[Execution worker Thread 6,5,main]) started.
IdentityTransform (Thread[Execution worker Thread 6,5,main]) started.
Resolve mutations for :react-native-async-storage_async-storage:bundleLibRuntimeToJarRelease (Thread[Execution worker Thread 4,5,main]) started.
DexingNoClasspathTransform (Thread[Execution worker Thread 6,5,main]) started.
:react-native-async-storage_async-storage:bundleLibRuntimeToJarRelease (Thread[Execution worker Thread 4,5,main]) started.

> Task :react-native-async-storage_async-storage:bundleLibRuntimeToJarRelease UP-TO-DATE
Caching disabled for task ':react-native-async-storage_async-storage:bundleLibRuntimeToJarRelease' because:
  Build cache is disabled
  Simple merging task
Skipping task ':react-native-async-storage_async-storage:bundleLibRuntimeToJarRelease' as it is up-to-date.
work action resolve classes.jar (project :react-native-async-storage_async-storage) (Thread[Execution worker Thread 4,5,main]) started.
IdentityTransform (Thread[Execution worker Thread 4,5,main]) started.
DexingNoClasspathTransform (Thread[Execution worker Thread 4,5,main]) started.
Resolve mutations for :react-native-community_blur:bundleLibRuntimeToJarRelease (Thread[Execution worker Thread 5,5,main]) started.
:react-native-community_blur:bundleLibRuntimeToJarRelease (Thread[Execution worker Thread 5,5,main]) started.

> Task :react-native-community_blur:bundleLibRuntimeToJarRelease UP-TO-DATE
Caching disabled for task ':react-native-community_blur:bundleLibRuntimeToJarRelease' because:
  Build cache is disabled
  Simple merging task
Skipping task ':react-native-community_blur:bundleLibRuntimeToJarRelease' as it is up-to-date.
work action resolve classes.jar (project :react-native-community_blur) (Thread[Execution worker Thread 5,5,main]) started.
IdentityTransform (Thread[Execution worker Thread 5,5,main]) started.
Resolve mutations for :react-native-community_geolocation:bundleLibRuntimeToJarRelease (Thread[Execution worker Thread 2,5,main]) started.

> Transform classes.jar (project :react-native-screens) with DexingNoClasspathTransform
Caching disabled for DexingNoClasspathTransform: /Users/oem/Projects/KapraDaily/node_modules/react-native-screens/android/build/intermediates/runtime_library_classes_jar/release/bundleLibRuntimeToJarRelease/classes.jar because:
  Build cache is disabled
Skipping DexingNoClasspathTransform: /Users/oem/Projects/KapraDaily/node_modules/react-native-screens/android/build/intermediates/runtime_library_classes_jar/release/bundleLibRuntimeToJarRelease/classes.jar as it is up-to-date.

> Transform classes.jar (project :react-native-async-storage_async-storage) with DexingNoClasspathTransform
Caching disabled for DexingNoClasspathTransform: /Users/oem/Projects/KapraDaily/node_modules/@react-native-async-storage/async-storage/android/build/intermediates/runtime_library_classes_jar/release/bundleLibRuntimeToJarRelease/classes.jar because:
  Build cache is disabled
Skipping DexingNoClasspathTransform: /Users/oem/Projects/KapraDaily/node_modules/@react-native-async-storage/async-storage/android/build/intermediates/runtime_library_classes_jar/release/bundleLibRuntimeToJarRelease/classes.jar as it is up-to-date.
DexingOutputSplitTransform (Thread[Execution worker Thread 6,5,main]) started.
:react-native-community_geolocation:bundleLibRuntimeToJarRelease (Thread[Execution worker Thread 2,5,main]) started.
DexingOutputSplitTransform (Thread[Execution worker Thread 4,5,main]) started.

> Task :react-native-community_geolocation:bundleLibRuntimeToJarRelease UP-TO-DATE
Caching disabled for task ':react-native-community_geolocation:bundleLibRuntimeToJarRelease' because:
  Build cache is disabled
  Simple merging task
Skipping task ':react-native-community_geolocation:bundleLibRuntimeToJarRelease' as it is up-to-date.
work action resolve classes.jar (project :react-native-community_geolocation) (Thread[Execution worker Thread 2,5,main]) started.
IdentityTransform (Thread[Execution worker Thread 2,5,main]) started.
DexingNoClasspathTransform (Thread[Execution worker Thread 5,5,main]) started.
Resolve mutations for :react-native-device-info:bundleLibRuntimeToJarRelease (Thread[Execution worker Thread 7,5,main]) started.
:react-native-device-info:bundleLibRuntimeToJarRelease (Thread[Execution worker Thread 7,5,main]) started.
DexingNoClasspathTransform (Thread[Execution worker Thread 2,5,main]) started.

> Transform classes.jar (project :react-native-community_blur) with DexingNoClasspathTransform
Caching disabled for DexingNoClasspathTransform: /Users/oem/Projects/KapraDaily/node_modules/@react-native-community/blur/android/build/intermediates/runtime_library_classes_jar/release/bundleLibRuntimeToJarRelease/classes.jar because:
  Build cache is disabled
Skipping DexingNoClasspathTransform: /Users/oem/Projects/KapraDaily/node_modules/@react-native-community/blur/android/build/intermediates/runtime_library_classes_jar/release/bundleLibRuntimeToJarRelease/classes.jar as it is up-to-date.
DexingOutputSplitTransform (Thread[Execution worker Thread 5,5,main]) started.

> Transform classes.jar (project :react-native-community_geolocation) with DexingNoClasspathTransform
Caching disabled for DexingNoClasspathTransform: /Users/oem/Projects/KapraDaily/node_modules/@react-native-community/geolocation/android/build/intermediates/runtime_library_classes_jar/release/bundleLibRuntimeToJarRelease/classes.jar because:
  Build cache is disabled
Skipping DexingNoClasspathTransform: /Users/oem/Projects/KapraDaily/node_modules/@react-native-community/geolocation/android/build/intermediates/runtime_library_classes_jar/release/bundleLibRuntimeToJarRelease/classes.jar as it is up-to-date.
DexingOutputSplitTransform (Thread[Execution worker Thread 2,5,main]) started.

> Task :react-native-device-info:bundleLibRuntimeToJarRelease UP-TO-DATE
Caching disabled for task ':react-native-device-info:bundleLibRuntimeToJarRelease' because:
  Build cache is disabled
  Simple merging task
Skipping task ':react-native-device-info:bundleLibRuntimeToJarRelease' as it is up-to-date.
work action resolve classes.jar (project :react-native-device-info) (Thread[Execution worker Thread 7,5,main]) started.
IdentityTransform (Thread[Execution worker Thread 7,5,main]) started.
Resolve mutations for :react-native-fast-image:bundleLibRuntimeToJarRelease (Thread[Execution worker Thread 4,5,main]) started.
DexingNoClasspathTransform (Thread[Execution worker Thread 7,5,main]) started.
:react-native-fast-image:bundleLibRuntimeToJarRelease (Thread[Execution worker Thread 4,5,main]) started.

> Task :react-native-fast-image:bundleLibRuntimeToJarRelease UP-TO-DATE
Caching disabled for task ':react-native-fast-image:bundleLibRuntimeToJarRelease' because:
  Build cache is disabled
  Simple merging task
Skipping task ':react-native-fast-image:bundleLibRuntimeToJarRelease' as it is up-to-date.
work action resolve classes.jar (project :react-native-fast-image) (Thread[Execution worker Thread 4,5,main]) started.
IdentityTransform (Thread[Execution worker Thread 4,5,main]) started.
Resolve mutations for :react-native-linear-gradient:bundleLibRuntimeToJarRelease (Thread[Execution worker Thread 2,5,main]) started.
DexingNoClasspathTransform (Thread[Execution worker Thread 4,5,main]) started.
:react-native-linear-gradient:bundleLibRuntimeToJarRelease (Thread[Execution worker Thread 2,5,main]) started.

> Transform classes.jar (project :react-native-device-info) with DexingNoClasspathTransform
Caching disabled for DexingNoClasspathTransform: /Users/oem/Projects/KapraDaily/node_modules/react-native-device-info/android/build/intermediates/runtime_library_classes_jar/release/bundleLibRuntimeToJarRelease/classes.jar because:
  Build cache is disabled
Skipping DexingNoClasspathTransform: /Users/oem/Projects/KapraDaily/node_modules/react-native-device-info/android/build/intermediates/runtime_library_classes_jar/release/bundleLibRuntimeToJarRelease/classes.jar as it is up-to-date.
DexingOutputSplitTransform (Thread[Execution worker Thread 7,5,main]) started.

> Task :react-native-linear-gradient:bundleLibRuntimeToJarRelease UP-TO-DATE
Caching disabled for task ':react-native-linear-gradient:bundleLibRuntimeToJarRelease' because:
  Build cache is disabled
  Simple merging task
Skipping task ':react-native-linear-gradient:bundleLibRuntimeToJarRelease' as it is up-to-date.

> Transform classes.jar (project :react-native-fast-image) with DexingNoClasspathTransform
Caching disabled for DexingNoClasspathTransform: /Users/oem/Projects/KapraDaily/node_modules/react-native-fast-image/android/build/intermediates/runtime_library_classes_jar/release/bundleLibRuntimeToJarRelease/classes.jar because:
  Build cache is disabled
Skipping DexingNoClasspathTransform: /Users/oem/Projects/KapraDaily/node_modules/react-native-fast-image/android/build/intermediates/runtime_library_classes_jar/release/bundleLibRuntimeToJarRelease/classes.jar as it is up-to-date.
DexingOutputSplitTransform (Thread[Execution worker Thread 4,5,main]) started.
work action resolve classes.jar (project :react-native-linear-gradient) (Thread[Execution worker Thread 2,5,main]) started.
IdentityTransform (Thread[Execution worker Thread 2,5,main]) started.
Resolve mutations for :react-native-onesignal:bundleLibRuntimeToJarRelease (Thread[included builds,5,main]) started.
DexingNoClasspathTransform (Thread[Execution worker Thread 7,5,main]) started.
:react-native-onesignal:bundleLibRuntimeToJarRelease (Thread[included builds,5,main]) started.

> Transform classes.jar (project :react-native-linear-gradient) with DexingNoClasspathTransform
Caching disabled for DexingNoClasspathTransform: /Users/oem/Projects/KapraDaily/node_modules/react-native-linear-gradient/android/build/intermediates/runtime_library_classes_jar/release/bundleLibRuntimeToJarRelease/classes.jar because:
  Build cache is disabled
Skipping DexingNoClasspathTransform: /Users/oem/Projects/KapraDaily/node_modules/react-native-linear-gradient/android/build/intermediates/runtime_library_classes_jar/release/bundleLibRuntimeToJarRelease/classes.jar as it is up-to-date.
DexingOutputSplitTransform (Thread[Execution worker Thread 7,5,main]) started.

> Task :react-native-onesignal:bundleLibRuntimeToJarRelease UP-TO-DATE
Caching disabled for task ':react-native-onesignal:bundleLibRuntimeToJarRelease' because:
  Build cache is disabled
  Simple merging task
Skipping task ':react-native-onesignal:bundleLibRuntimeToJarRelease' as it is up-to-date.
work action resolve classes.jar (project :react-native-onesignal) (Thread[included builds,5,main]) started.
IdentityTransform (Thread[included builds,5,main]) started.
DexingNoClasspathTransform (Thread[included builds,5,main]) started.
Resolve mutations for :react-native-otp-verify:bundleLibRuntimeToJarRelease (Thread[Execution worker Thread 7,5,main]) started.
:react-native-otp-verify:bundleLibRuntimeToJarRelease (Thread[Execution worker Thread 7,5,main]) started.

> Transform classes.jar (project :react-native-onesignal) with DexingNoClasspathTransform
Caching disabled for DexingNoClasspathTransform: /Users/oem/Projects/KapraDaily/node_modules/react-native-onesignal/android/build/intermediates/runtime_library_classes_jar/release/bundleLibRuntimeToJarRelease/classes.jar because:
  Build cache is disabled
Skipping DexingNoClasspathTransform: /Users/oem/Projects/KapraDaily/node_modules/react-native-onesignal/android/build/intermediates/runtime_library_classes_jar/release/bundleLibRuntimeToJarRelease/classes.jar as it is up-to-date.
DexingOutputSplitTransform (Thread[included builds,5,main]) started.

> Task :react-native-otp-verify:bundleLibRuntimeToJarRelease UP-TO-DATE
Caching disabled for task ':react-native-otp-verify:bundleLibRuntimeToJarRelease' because:
  Build cache is disabled
  Simple merging task
Skipping task ':react-native-otp-verify:bundleLibRuntimeToJarRelease' as it is up-to-date.
work action resolve classes.jar (project :react-native-otp-verify) (Thread[Execution worker Thread 7,5,main]) started.
IdentityTransform (Thread[Execution worker Thread 7,5,main]) started.
DexingNoClasspathTransform (Thread[Execution worker Thread 7,5,main]) started.
Resolve mutations for :react-native-razorpay:bundleLibRuntimeToJarRelease (Thread[included builds,5,main]) started.
:react-native-razorpay:bundleLibRuntimeToJarRelease (Thread[included builds,5,main]) started.

> Task :react-native-razorpay:bundleLibRuntimeToJarRelease UP-TO-DATE
Caching disabled for task ':react-native-razorpay:bundleLibRuntimeToJarRelease' because:
  Build cache is disabled
  Simple merging task
Skipping task ':react-native-razorpay:bundleLibRuntimeToJarRelease' as it is up-to-date.
work action resolve classes.jar (project :react-native-razorpay) (Thread[included builds,5,main]) started.
IdentityTransform (Thread[included builds,5,main]) started.
DexingNoClasspathTransform (Thread[included builds,5,main]) started.
Resolve mutations for :react-native-svg:bundleLibRuntimeToJarRelease (Thread[Execution worker Thread 4,5,main]) started.
:react-native-svg:bundleLibRuntimeToJarRelease (Thread[Execution worker Thread 4,5,main]) started.

> Task :react-native-svg:bundleLibRuntimeToJarRelease UP-TO-DATE
Caching disabled for task ':react-native-svg:bundleLibRuntimeToJarRelease' because:
  Build cache is disabled
  Simple merging task
Skipping task ':react-native-svg:bundleLibRuntimeToJarRelease' as it is up-to-date.
work action resolve classes.jar (project :react-native-svg) (Thread[Execution worker Thread 4,5,main]) started.

> Transform classes.jar (project :react-native-otp-verify) with DexingNoClasspathTransform
Caching disabled for DexingNoClasspathTransform: /Users/oem/Projects/KapraDaily/node_modules/react-native-otp-verify/android/build/intermediates/runtime_library_classes_jar/release/bundleLibRuntimeToJarRelease/classes.jar because:
  Build cache is disabled
Skipping DexingNoClasspathTransform: /Users/oem/Projects/KapraDaily/node_modules/react-native-otp-verify/android/build/intermediates/runtime_library_classes_jar/release/bundleLibRuntimeToJarRelease/classes.jar as it is up-to-date.
DexingOutputSplitTransform (Thread[Execution worker Thread 7,5,main]) started.
IdentityTransform (Thread[Execution worker Thread 4,5,main]) started.
DexingNoClasspathTransform (Thread[Execution worker Thread 4,5,main]) started.

> Transform classes.jar (project :react-native-razorpay) with DexingNoClasspathTransform
Caching disabled for DexingNoClasspathTransform: /Users/oem/Projects/KapraDaily/node_modules/react-native-razorpay/android/build/intermediates/runtime_library_classes_jar/release/bundleLibRuntimeToJarRelease/classes.jar because:
  Build cache is disabled
Skipping DexingNoClasspathTransform: /Users/oem/Projects/KapraDaily/node_modules/react-native-razorpay/android/build/intermediates/runtime_library_classes_jar/release/bundleLibRuntimeToJarRelease/classes.jar as it is up-to-date.
Resolve mutations for :react-native-vector-icons:bundleLibRuntimeToJarRelease (Thread[Execution worker Thread 2,5,main]) started.
DexingOutputSplitTransform (Thread[included builds,5,main]) started.
:react-native-vector-icons:bundleLibRuntimeToJarRelease (Thread[Execution worker Thread 2,5,main]) started.

> Task :react-native-vector-icons:bundleLibRuntimeToJarRelease UP-TO-DATE
Caching disabled for task ':react-native-vector-icons:bundleLibRuntimeToJarRelease' because:
  Build cache is disabled
  Simple merging task
Skipping task ':react-native-vector-icons:bundleLibRuntimeToJarRelease' as it is up-to-date.
work action resolve classes.jar (project :react-native-vector-icons) (Thread[Execution worker Thread 2,5,main]) started.
IdentityTransform (Thread[Execution worker Thread 2,5,main]) started.
DexingNoClasspathTransform (Thread[Execution worker Thread 2,5,main]) started.
Resolve mutations for :app:mergeReleaseShaders (Thread[included builds,5,main]) started.
:app:mergeReleaseShaders (Thread[included builds,5,main]) started.

> Transform classes.jar (project :react-native-svg) with DexingNoClasspathTransform
Caching disabled for DexingNoClasspathTransform: /Users/oem/Projects/KapraDaily/node_modules/react-native-svg/android/build/intermediates/runtime_library_classes_jar/release/bundleLibRuntimeToJarRelease/classes.jar because:
  Build cache is disabled
Skipping DexingNoClasspathTransform: /Users/oem/Projects/KapraDaily/node_modules/react-native-svg/android/build/intermediates/runtime_library_classes_jar/release/bundleLibRuntimeToJarRelease/classes.jar as it is up-to-date.
DexingOutputSplitTransform (Thread[Execution worker Thread 4,5,main]) started.

> Transform classes.jar (project :react-native-vector-icons) with DexingNoClasspathTransform
Caching disabled for DexingNoClasspathTransform: /Users/oem/Projects/KapraDaily/node_modules/react-native-vector-icons/android/build/intermediates/runtime_library_classes_jar/release/bundleLibRuntimeToJarRelease/classes.jar because:
  Build cache is disabled
Skipping DexingNoClasspathTransform: /Users/oem/Projects/KapraDaily/node_modules/react-native-vector-icons/android/build/intermediates/runtime_library_classes_jar/release/bundleLibRuntimeToJarRelease/classes.jar as it is up-to-date.
DexingOutputSplitTransform (Thread[Execution worker Thread 2,5,main]) started.

> Task :app:mergeReleaseShaders UP-TO-DATE
Caching disabled for task ':app:mergeReleaseShaders' because:
  Build cache is disabled
  Simple merging task
Skipping task ':app:mergeReleaseShaders' as it is up-to-date.
Resolve mutations for :app:compileReleaseShaders (Thread[included builds,5,main]) started.
:app:compileReleaseShaders (Thread[included builds,5,main]) started.

> Task :app:compileReleaseShaders NO-SOURCE
Skipping task ':app:compileReleaseShaders' as it has no source files and no previous output files.
Resolve mutations for :app:copyReactNativeVectorIconFonts (Thread[included builds,5,main]) started.
:app:copyReactNativeVectorIconFonts (Thread[included builds,5,main]) started.

> Task :app:copyReactNativeVectorIconFonts UP-TO-DATE
Caching disabled for task ':app:copyReactNativeVectorIconFonts' because:
  Build cache is disabled
  Not worth caching
Skipping task ':app:copyReactNativeVectorIconFonts' as it is up-to-date.
Resolve mutations for :app:generateReleaseAssets (Thread[included builds,5,main]) started.
:app:generateReleaseAssets (Thread[included builds,5,main]) started.

> Task :app:generateReleaseAssets UP-TO-DATE
Skipping task ':app:generateReleaseAssets' as it has no actions.
Resolve mutations for :lottie-react-native:mergeReleaseShaders (Thread[included builds,5,main]) started.
:lottie-react-native:mergeReleaseShaders (Thread[included builds,5,main]) started.

> Task :lottie-react-native:mergeReleaseShaders UP-TO-DATE
Caching disabled for task ':lottie-react-native:mergeReleaseShaders' because:
  Build cache is disabled
  Simple merging task
Skipping task ':lottie-react-native:mergeReleaseShaders' as it is up-to-date.
Resolve mutations for :lottie-react-native:compileReleaseShaders (Thread[included builds,5,main]) started.
:lottie-react-native:compileReleaseShaders (Thread[included builds,5,main]) started.

> Task :lottie-react-native:compileReleaseShaders NO-SOURCE
Skipping task ':lottie-react-native:compileReleaseShaders' as it has no source files and no previous output files.
Resolve mutations for :lottie-react-native:generateReleaseAssets (Thread[included builds,5,main]) started.
:lottie-react-native:generateReleaseAssets (Thread[included builds,5,main]) started.

> Task :lottie-react-native:generateReleaseAssets UP-TO-DATE
Skipping task ':lottie-react-native:generateReleaseAssets' as it has no actions.
Resolve mutations for :lottie-react-native:mergeReleaseAssets (Thread[included builds,5,main]) started.
:lottie-react-native:mergeReleaseAssets (Thread[included builds,5,main]) started.

> Task :lottie-react-native:mergeReleaseAssets UP-TO-DATE
Caching disabled for task ':lottie-react-native:mergeReleaseAssets' because:
  Build cache is disabled
  Simple merging task
Skipping task ':lottie-react-native:mergeReleaseAssets' as it is up-to-date.
work action resolve mergeReleaseAssets (project :lottie-react-native) (Thread[included builds,5,main]) started.
Resolve mutations for :react-native-async-storage_async-storage:mergeReleaseShaders (Thread[included builds,5,main]) started.
:react-native-async-storage_async-storage:mergeReleaseShaders (Thread[included builds,5,main]) started.

> Task :react-native-async-storage_async-storage:mergeReleaseShaders UP-TO-DATE
Caching disabled for task ':react-native-async-storage_async-storage:mergeReleaseShaders' because:
  Build cache is disabled
  Simple merging task
Skipping task ':react-native-async-storage_async-storage:mergeReleaseShaders' as it is up-to-date.
Resolve mutations for :react-native-async-storage_async-storage:compileReleaseShaders (Thread[included builds,5,main]) started.
:react-native-async-storage_async-storage:compileReleaseShaders (Thread[included builds,5,main]) started.

> Task :react-native-async-storage_async-storage:compileReleaseShaders NO-SOURCE
Skipping task ':react-native-async-storage_async-storage:compileReleaseShaders' as it has no source files and no previous output files.
Resolve mutations for :react-native-async-storage_async-storage:generateReleaseAssets (Thread[included builds,5,main]) started.
:react-native-async-storage_async-storage:generateReleaseAssets (Thread[included builds,5,main]) started.

> Task :react-native-async-storage_async-storage:generateReleaseAssets UP-TO-DATE
Skipping task ':react-native-async-storage_async-storage:generateReleaseAssets' as it has no actions.
Resolve mutations for :react-native-async-storage_async-storage:mergeReleaseAssets (Thread[included builds,5,main]) started.
:react-native-async-storage_async-storage:mergeReleaseAssets (Thread[included builds,5,main]) started.

> Task :react-native-async-storage_async-storage:mergeReleaseAssets UP-TO-DATE
Caching disabled for task ':react-native-async-storage_async-storage:mergeReleaseAssets' because:
  Build cache is disabled
  Simple merging task
Skipping task ':react-native-async-storage_async-storage:mergeReleaseAssets' as it is up-to-date.
work action resolve mergeReleaseAssets (project :react-native-async-storage_async-storage) (Thread[included builds,5,main]) started.
Resolve mutations for :react-native-community_blur:mergeReleaseShaders (Thread[included builds,5,main]) started.
:react-native-community_blur:mergeReleaseShaders (Thread[included builds,5,main]) started.

> Task :react-native-community_blur:mergeReleaseShaders UP-TO-DATE
Caching disabled for task ':react-native-community_blur:mergeReleaseShaders' because:
  Build cache is disabled
  Simple merging task
Skipping task ':react-native-community_blur:mergeReleaseShaders' as it is up-to-date.
Resolve mutations for :react-native-community_blur:compileReleaseShaders (Thread[included builds,5,main]) started.
:react-native-community_blur:compileReleaseShaders (Thread[included builds,5,main]) started.

> Task :react-native-community_blur:compileReleaseShaders NO-SOURCE
Skipping task ':react-native-community_blur:compileReleaseShaders' as it has no source files and no previous output files.
Resolve mutations for :react-native-community_blur:generateReleaseAssets (Thread[included builds,5,main]) started.
:react-native-community_blur:generateReleaseAssets (Thread[included builds,5,main]) started.

> Task :react-native-community_blur:generateReleaseAssets UP-TO-DATE
Skipping task ':react-native-community_blur:generateReleaseAssets' as it has no actions.
Resolve mutations for :react-native-community_blur:mergeReleaseAssets (Thread[included builds,5,main]) started.
:react-native-community_blur:mergeReleaseAssets (Thread[included builds,5,main]) started.

> Task :react-native-community_blur:mergeReleaseAssets UP-TO-DATE
Caching disabled for task ':react-native-community_blur:mergeReleaseAssets' because:
  Build cache is disabled
  Simple merging task
Skipping task ':react-native-community_blur:mergeReleaseAssets' as it is up-to-date.
work action resolve mergeReleaseAssets (project :react-native-community_blur) (Thread[included builds,5,main]) started.
Resolve mutations for :react-native-community_geolocation:mergeReleaseShaders (Thread[Execution worker,5,main]) started.
:react-native-community_geolocation:mergeReleaseShaders (Thread[Execution worker,5,main]) started.

> Task :react-native-community_geolocation:mergeReleaseShaders UP-TO-DATE
Caching disabled for task ':react-native-community_geolocation:mergeReleaseShaders' because:
  Build cache is disabled
  Simple merging task
Skipping task ':react-native-community_geolocation:mergeReleaseShaders' as it is up-to-date.
Resolve mutations for :react-native-community_geolocation:compileReleaseShaders (Thread[Execution worker,5,main]) started.
:react-native-community_geolocation:compileReleaseShaders (Thread[Execution worker,5,main]) started.

> Task :react-native-community_geolocation:compileReleaseShaders NO-SOURCE
Skipping task ':react-native-community_geolocation:compileReleaseShaders' as it has no source files and no previous output files.
Resolve mutations for :react-native-community_geolocation:generateReleaseAssets (Thread[Execution worker,5,main]) started.
:react-native-community_geolocation:generateReleaseAssets (Thread[Execution worker,5,main]) started.

> Task :react-native-community_geolocation:generateReleaseAssets UP-TO-DATE
Skipping task ':react-native-community_geolocation:generateReleaseAssets' as it has no actions.
Resolve mutations for :react-native-community_geolocation:mergeReleaseAssets (Thread[Execution worker,5,main]) started.
:react-native-community_geolocation:mergeReleaseAssets (Thread[Execution worker,5,main]) started.

> Task :react-native-community_geolocation:mergeReleaseAssets UP-TO-DATE
Caching disabled for task ':react-native-community_geolocation:mergeReleaseAssets' because:
  Build cache is disabled
  Simple merging task
Skipping task ':react-native-community_geolocation:mergeReleaseAssets' as it is up-to-date.
work action resolve mergeReleaseAssets (project :react-native-community_geolocation) (Thread[Execution worker,5,main]) started.
Resolve mutations for :react-native-device-info:mergeReleaseShaders (Thread[Execution worker,5,main]) started.
:react-native-device-info:mergeReleaseShaders (Thread[Execution worker,5,main]) started.

> Task :react-native-device-info:mergeReleaseShaders UP-TO-DATE
Caching disabled for task ':react-native-device-info:mergeReleaseShaders' because:
  Build cache is disabled
  Simple merging task
Skipping task ':react-native-device-info:mergeReleaseShaders' as it is up-to-date.
Resolve mutations for :react-native-device-info:compileReleaseShaders (Thread[Execution worker,5,main]) started.
:react-native-device-info:compileReleaseShaders (Thread[Execution worker,5,main]) started.

> Task :react-native-device-info:compileReleaseShaders NO-SOURCE
Skipping task ':react-native-device-info:compileReleaseShaders' as it has no source files and no previous output files.
Resolve mutations for :react-native-device-info:generateReleaseAssets (Thread[Execution worker,5,main]) started.
:react-native-device-info:generateReleaseAssets (Thread[Execution worker,5,main]) started.

> Task :react-native-device-info:generateReleaseAssets UP-TO-DATE
Skipping task ':react-native-device-info:generateReleaseAssets' as it has no actions.
Resolve mutations for :react-native-device-info:mergeReleaseAssets (Thread[Execution worker,5,main]) started.
:react-native-device-info:mergeReleaseAssets (Thread[Execution worker,5,main]) started.

> Task :react-native-device-info:mergeReleaseAssets UP-TO-DATE
Caching disabled for task ':react-native-device-info:mergeReleaseAssets' because:
  Build cache is disabled
  Simple merging task
Skipping task ':react-native-device-info:mergeReleaseAssets' as it is up-to-date.
work action resolve mergeReleaseAssets (project :react-native-device-info) (Thread[Execution worker,5,main]) started.
Resolve mutations for :react-native-fast-image:mergeReleaseShaders (Thread[Execution worker,5,main]) started.
:react-native-fast-image:mergeReleaseShaders (Thread[Execution worker,5,main]) started.

> Task :react-native-fast-image:mergeReleaseShaders UP-TO-DATE
Caching disabled for task ':react-native-fast-image:mergeReleaseShaders' because:
  Build cache is disabled
  Simple merging task
Skipping task ':react-native-fast-image:mergeReleaseShaders' as it is up-to-date.
Resolve mutations for :react-native-fast-image:compileReleaseShaders (Thread[Execution worker,5,main]) started.
:react-native-fast-image:compileReleaseShaders (Thread[Execution worker,5,main]) started.

> Task :react-native-fast-image:compileReleaseShaders NO-SOURCE
Skipping task ':react-native-fast-image:compileReleaseShaders' as it has no source files and no previous output files.
Resolve mutations for :react-native-fast-image:generateReleaseAssets (Thread[Execution worker,5,main]) started.
:react-native-fast-image:generateReleaseAssets (Thread[Execution worker,5,main]) started.

> Task :react-native-fast-image:generateReleaseAssets UP-TO-DATE
Skipping task ':react-native-fast-image:generateReleaseAssets' as it has no actions.
Resolve mutations for :react-native-fast-image:mergeReleaseAssets (Thread[Execution worker,5,main]) started.
:react-native-fast-image:mergeReleaseAssets (Thread[Execution worker,5,main]) started.

> Task :react-native-fast-image:mergeReleaseAssets UP-TO-DATE
Caching disabled for task ':react-native-fast-image:mergeReleaseAssets' because:
  Build cache is disabled
  Simple merging task
Skipping task ':react-native-fast-image:mergeReleaseAssets' as it is up-to-date.
work action resolve mergeReleaseAssets (project :react-native-fast-image) (Thread[Execution worker,5,main]) started.
Resolve mutations for :react-native-linear-gradient:mergeReleaseShaders (Thread[Execution worker,5,main]) started.
:react-native-linear-gradient:mergeReleaseShaders (Thread[Execution worker,5,main]) started.

> Task :react-native-linear-gradient:mergeReleaseShaders UP-TO-DATE
Caching disabled for task ':react-native-linear-gradient:mergeReleaseShaders' because:
  Build cache is disabled
  Simple merging task
Skipping task ':react-native-linear-gradient:mergeReleaseShaders' as it is up-to-date.
Resolve mutations for :react-native-linear-gradient:compileReleaseShaders (Thread[Execution worker,5,main]) started.
:react-native-linear-gradient:compileReleaseShaders (Thread[Execution worker,5,main]) started.

> Task :react-native-linear-gradient:compileReleaseShaders NO-SOURCE
Skipping task ':react-native-linear-gradient:compileReleaseShaders' as it has no source files and no previous output files.
Resolve mutations for :react-native-linear-gradient:generateReleaseAssets (Thread[Execution worker,5,main]) started.
:react-native-linear-gradient:generateReleaseAssets (Thread[Execution worker,5,main]) started.

> Task :react-native-linear-gradient:generateReleaseAssets UP-TO-DATE
Skipping task ':react-native-linear-gradient:generateReleaseAssets' as it has no actions.
Resolve mutations for :react-native-linear-gradient:mergeReleaseAssets (Thread[Execution worker,5,main]) started.
:react-native-linear-gradient:mergeReleaseAssets (Thread[Execution worker,5,main]) started.

> Task :react-native-linear-gradient:mergeReleaseAssets UP-TO-DATE
Caching disabled for task ':react-native-linear-gradient:mergeReleaseAssets' because:
  Build cache is disabled
  Simple merging task
Skipping task ':react-native-linear-gradient:mergeReleaseAssets' as it is up-to-date.
work action resolve mergeReleaseAssets (project :react-native-linear-gradient) (Thread[Execution worker,5,main]) started.
Resolve mutations for :react-native-maps:mergeReleaseShaders (Thread[Execution worker,5,main]) started.
:react-native-maps:mergeReleaseShaders (Thread[Execution worker,5,main]) started.

> Task :react-native-maps:mergeReleaseShaders UP-TO-DATE
Caching disabled for task ':react-native-maps:mergeReleaseShaders' because:
  Build cache is disabled
  Simple merging task
Skipping task ':react-native-maps:mergeReleaseShaders' as it is up-to-date.
Resolve mutations for :react-native-maps:compileReleaseShaders (Thread[Execution worker,5,main]) started.
:react-native-maps:compileReleaseShaders (Thread[Execution worker,5,main]) started.

> Task :react-native-maps:compileReleaseShaders NO-SOURCE
Skipping task ':react-native-maps:compileReleaseShaders' as it has no source files and no previous output files.
Resolve mutations for :react-native-maps:generateReleaseAssets (Thread[Execution worker,5,main]) started.
:react-native-maps:generateReleaseAssets (Thread[Execution worker,5,main]) started.

> Task :react-native-maps:generateReleaseAssets UP-TO-DATE
Skipping task ':react-native-maps:generateReleaseAssets' as it has no actions.
Resolve mutations for :react-native-maps:mergeReleaseAssets (Thread[Execution worker,5,main]) started.
:react-native-maps:mergeReleaseAssets (Thread[Execution worker,5,main]) started.

> Task :react-native-maps:mergeReleaseAssets UP-TO-DATE
Caching disabled for task ':react-native-maps:mergeReleaseAssets' because:
  Build cache is disabled
  Simple merging task
Skipping task ':react-native-maps:mergeReleaseAssets' as it is up-to-date.
work action resolve mergeReleaseAssets (project :react-native-maps) (Thread[Execution worker,5,main]) started.
Resolve mutations for :react-native-onesignal:mergeReleaseShaders (Thread[Execution worker,5,main]) started.
:react-native-onesignal:mergeReleaseShaders (Thread[Execution worker,5,main]) started.

> Task :react-native-onesignal:mergeReleaseShaders UP-TO-DATE
Caching disabled for task ':react-native-onesignal:mergeReleaseShaders' because:
  Build cache is disabled
  Simple merging task
Skipping task ':react-native-onesignal:mergeReleaseShaders' as it is up-to-date.
Resolve mutations for :react-native-onesignal:compileReleaseShaders (Thread[Execution worker,5,main]) started.
:react-native-onesignal:compileReleaseShaders (Thread[Execution worker,5,main]) started.

> Task :react-native-onesignal:compileReleaseShaders NO-SOURCE
Skipping task ':react-native-onesignal:compileReleaseShaders' as it has no source files and no previous output files.
Resolve mutations for :react-native-onesignal:generateReleaseAssets (Thread[Execution worker,5,main]) started.
:react-native-onesignal:generateReleaseAssets (Thread[Execution worker,5,main]) started.

> Task :react-native-onesignal:generateReleaseAssets UP-TO-DATE
Skipping task ':react-native-onesignal:generateReleaseAssets' as it has no actions.
Resolve mutations for :react-native-onesignal:mergeReleaseAssets (Thread[Execution worker,5,main]) started.
:react-native-onesignal:mergeReleaseAssets (Thread[Execution worker,5,main]) started.

> Task :react-native-onesignal:mergeReleaseAssets UP-TO-DATE
Caching disabled for task ':react-native-onesignal:mergeReleaseAssets' because:
  Build cache is disabled
  Simple merging task
Skipping task ':react-native-onesignal:mergeReleaseAssets' as it is up-to-date.
work action resolve mergeReleaseAssets (project :react-native-onesignal) (Thread[Execution worker,5,main]) started.
Resolve mutations for :react-native-otp-verify:mergeReleaseShaders (Thread[Execution worker,5,main]) started.
:react-native-otp-verify:mergeReleaseShaders (Thread[Execution worker,5,main]) started.

> Task :react-native-otp-verify:mergeReleaseShaders UP-TO-DATE
Caching disabled for task ':react-native-otp-verify:mergeReleaseShaders' because:
  Build cache is disabled
  Simple merging task
Skipping task ':react-native-otp-verify:mergeReleaseShaders' as it is up-to-date.
Resolve mutations for :react-native-otp-verify:compileReleaseShaders (Thread[Execution worker,5,main]) started.
:react-native-otp-verify:compileReleaseShaders (Thread[Execution worker,5,main]) started.

> Task :react-native-otp-verify:compileReleaseShaders NO-SOURCE
Skipping task ':react-native-otp-verify:compileReleaseShaders' as it has no source files and no previous output files.
Resolve mutations for :react-native-otp-verify:generateReleaseAssets (Thread[Execution worker Thread 4,5,main]) started.
:react-native-otp-verify:generateReleaseAssets (Thread[Execution worker Thread 4,5,main]) started.

> Task :react-native-otp-verify:generateReleaseAssets UP-TO-DATE
Skipping task ':react-native-otp-verify:generateReleaseAssets' as it has no actions.
Resolve mutations for :react-native-otp-verify:mergeReleaseAssets (Thread[Execution worker Thread 4,5,main]) started.
:react-native-otp-verify:mergeReleaseAssets (Thread[Execution worker Thread 4,5,main]) started.

> Task :react-native-otp-verify:mergeReleaseAssets UP-TO-DATE
Caching disabled for task ':react-native-otp-verify:mergeReleaseAssets' because:
  Build cache is disabled
  Simple merging task
Skipping task ':react-native-otp-verify:mergeReleaseAssets' as it is up-to-date.
work action resolve mergeReleaseAssets (project :react-native-otp-verify) (Thread[Execution worker Thread 4,5,main]) started.
Resolve mutations for :react-native-permissions:mergeReleaseShaders (Thread[Execution worker Thread 4,5,main]) started.
:react-native-permissions:mergeReleaseShaders (Thread[Execution worker Thread 4,5,main]) started.

> Task :react-native-permissions:mergeReleaseShaders UP-TO-DATE
Caching disabled for task ':react-native-permissions:mergeReleaseShaders' because:
  Build cache is disabled
  Simple merging task
Skipping task ':react-native-permissions:mergeReleaseShaders' as it is up-to-date.
Resolve mutations for :react-native-permissions:compileReleaseShaders (Thread[Execution worker Thread 4,5,main]) started.
:react-native-permissions:compileReleaseShaders (Thread[Execution worker Thread 4,5,main]) started.

> Task :react-native-permissions:compileReleaseShaders NO-SOURCE
Skipping task ':react-native-permissions:compileReleaseShaders' as it has no source files and no previous output files.
Resolve mutations for :react-native-permissions:generateReleaseAssets (Thread[Execution worker Thread 4,5,main]) started.
:react-native-permissions:generateReleaseAssets (Thread[Execution worker Thread 4,5,main]) started.

> Task :react-native-permissions:generateReleaseAssets UP-TO-DATE
Skipping task ':react-native-permissions:generateReleaseAssets' as it has no actions.
Resolve mutations for :react-native-permissions:mergeReleaseAssets (Thread[Execution worker Thread 4,5,main]) started.
:react-native-permissions:mergeReleaseAssets (Thread[Execution worker Thread 4,5,main]) started.

> Task :react-native-permissions:mergeReleaseAssets UP-TO-DATE
Caching disabled for task ':react-native-permissions:mergeReleaseAssets' because:
  Build cache is disabled
  Simple merging task
Skipping task ':react-native-permissions:mergeReleaseAssets' as it is up-to-date.
work action resolve mergeReleaseAssets (project :react-native-permissions) (Thread[Execution worker Thread 4,5,main]) started.
Resolve mutations for :react-native-razorpay:mergeReleaseShaders (Thread[Execution worker Thread 4,5,main]) started.
:react-native-razorpay:mergeReleaseShaders (Thread[Execution worker Thread 4,5,main]) started.

> Task :react-native-razorpay:mergeReleaseShaders UP-TO-DATE
Caching disabled for task ':react-native-razorpay:mergeReleaseShaders' because:
  Build cache is disabled
  Simple merging task
Skipping task ':react-native-razorpay:mergeReleaseShaders' as it is up-to-date.
Resolve mutations for :react-native-razorpay:compileReleaseShaders (Thread[Execution worker Thread 4,5,main]) started.
:react-native-razorpay:compileReleaseShaders (Thread[Execution worker Thread 4,5,main]) started.

> Task :react-native-razorpay:compileReleaseShaders NO-SOURCE
Skipping task ':react-native-razorpay:compileReleaseShaders' as it has no source files and no previous output files.
Resolve mutations for :react-native-razorpay:generateReleaseAssets (Thread[Execution worker Thread 4,5,main]) started.
:react-native-razorpay:generateReleaseAssets (Thread[Execution worker Thread 4,5,main]) started.

> Task :react-native-razorpay:generateReleaseAssets UP-TO-DATE
Skipping task ':react-native-razorpay:generateReleaseAssets' as it has no actions.
Resolve mutations for :react-native-razorpay:mergeReleaseAssets (Thread[Execution worker Thread 4,5,main]) started.
:react-native-razorpay:mergeReleaseAssets (Thread[Execution worker Thread 4,5,main]) started.

> Task :react-native-razorpay:mergeReleaseAssets UP-TO-DATE
Caching disabled for task ':react-native-razorpay:mergeReleaseAssets' because:
  Build cache is disabled
  Simple merging task
Skipping task ':react-native-razorpay:mergeReleaseAssets' as it is up-to-date.
work action resolve mergeReleaseAssets (project :react-native-razorpay) (Thread[Execution worker Thread 5,5,main]) started.
Resolve mutations for :react-native-safe-area-context:mergeReleaseShaders (Thread[Execution worker Thread 5,5,main]) started.
:react-native-safe-area-context:mergeReleaseShaders (Thread[Execution worker Thread 5,5,main]) started.

> Task :react-native-safe-area-context:mergeReleaseShaders UP-TO-DATE
Caching disabled for task ':react-native-safe-area-context:mergeReleaseShaders' because:
  Build cache is disabled
  Simple merging task
Skipping task ':react-native-safe-area-context:mergeReleaseShaders' as it is up-to-date.
Resolve mutations for :react-native-safe-area-context:compileReleaseShaders (Thread[Execution worker Thread 5,5,main]) started.
:react-native-safe-area-context:compileReleaseShaders (Thread[Execution worker Thread 5,5,main]) started.

> Task :react-native-safe-area-context:compileReleaseShaders NO-SOURCE
Skipping task ':react-native-safe-area-context:compileReleaseShaders' as it has no source files and no previous output files.
Resolve mutations for :react-native-safe-area-context:generateReleaseAssets (Thread[Execution worker Thread 5,5,main]) started.
:react-native-safe-area-context:generateReleaseAssets (Thread[Execution worker Thread 5,5,main]) started.

> Task :react-native-safe-area-context:generateReleaseAssets UP-TO-DATE
Skipping task ':react-native-safe-area-context:generateReleaseAssets' as it has no actions.
Resolve mutations for :react-native-safe-area-context:mergeReleaseAssets (Thread[Execution worker Thread 5,5,main]) started.
:react-native-safe-area-context:mergeReleaseAssets (Thread[Execution worker Thread 5,5,main]) started.

> Task :react-native-safe-area-context:mergeReleaseAssets UP-TO-DATE
Caching disabled for task ':react-native-safe-area-context:mergeReleaseAssets' because:
  Build cache is disabled
  Simple merging task
Skipping task ':react-native-safe-area-context:mergeReleaseAssets' as it is up-to-date.
work action resolve mergeReleaseAssets (project :react-native-safe-area-context) (Thread[Execution worker Thread 5,5,main]) started.
Resolve mutations for :react-native-screens:mergeReleaseShaders (Thread[Execution worker Thread 5,5,main]) started.
:react-native-screens:mergeReleaseShaders (Thread[Execution worker Thread 5,5,main]) started.

> Task :react-native-screens:mergeReleaseShaders UP-TO-DATE
Caching disabled for task ':react-native-screens:mergeReleaseShaders' because:
  Build cache is disabled
  Simple merging task
Skipping task ':react-native-screens:mergeReleaseShaders' as it is up-to-date.
Resolve mutations for :react-native-screens:compileReleaseShaders (Thread[Execution worker Thread 5,5,main]) started.
:react-native-screens:compileReleaseShaders (Thread[Execution worker Thread 5,5,main]) started.

> Task :react-native-screens:compileReleaseShaders NO-SOURCE
Skipping task ':react-native-screens:compileReleaseShaders' as it has no source files and no previous output files.
Resolve mutations for :react-native-screens:generateReleaseAssets (Thread[Execution worker Thread 5,5,main]) started.
:react-native-screens:generateReleaseAssets (Thread[Execution worker Thread 5,5,main]) started.

> Task :react-native-screens:generateReleaseAssets UP-TO-DATE
Skipping task ':react-native-screens:generateReleaseAssets' as it has no actions.
Resolve mutations for :react-native-screens:mergeReleaseAssets (Thread[Execution worker Thread 5,5,main]) started.
:react-native-screens:mergeReleaseAssets (Thread[Execution worker Thread 5,5,main]) started.

> Task :react-native-screens:mergeReleaseAssets UP-TO-DATE
Caching disabled for task ':react-native-screens:mergeReleaseAssets' because:
  Build cache is disabled
  Simple merging task
Skipping task ':react-native-screens:mergeReleaseAssets' as it is up-to-date.
work action resolve mergeReleaseAssets (project :react-native-screens) (Thread[Execution worker Thread 5,5,main]) started.
Resolve mutations for :react-native-svg:mergeReleaseShaders (Thread[Execution worker Thread 5,5,main]) started.
:react-native-svg:mergeReleaseShaders (Thread[Execution worker Thread 5,5,main]) started.

> Task :react-native-svg:mergeReleaseShaders UP-TO-DATE
Caching disabled for task ':react-native-svg:mergeReleaseShaders' because:
  Build cache is disabled
  Simple merging task
Skipping task ':react-native-svg:mergeReleaseShaders' as it is up-to-date.
Resolve mutations for :react-native-svg:compileReleaseShaders (Thread[Execution worker Thread 5,5,main]) started.
:react-native-svg:compileReleaseShaders (Thread[Execution worker Thread 5,5,main]) started.

> Task :react-native-svg:compileReleaseShaders NO-SOURCE
Skipping task ':react-native-svg:compileReleaseShaders' as it has no source files and no previous output files.
Resolve mutations for :react-native-svg:generateReleaseAssets (Thread[Execution worker Thread 5,5,main]) started.
:react-native-svg:generateReleaseAssets (Thread[Execution worker Thread 5,5,main]) started.

> Task :react-native-svg:generateReleaseAssets UP-TO-DATE
Skipping task ':react-native-svg:generateReleaseAssets' as it has no actions.
Resolve mutations for :react-native-svg:mergeReleaseAssets (Thread[Execution worker Thread 5,5,main]) started.
:react-native-svg:mergeReleaseAssets (Thread[Execution worker Thread 5,5,main]) started.

> Task :react-native-svg:mergeReleaseAssets UP-TO-DATE
Caching disabled for task ':react-native-svg:mergeReleaseAssets' because:
  Build cache is disabled
  Simple merging task
Skipping task ':react-native-svg:mergeReleaseAssets' as it is up-to-date.
work action resolve mergeReleaseAssets (project :react-native-svg) (Thread[Execution worker Thread 5,5,main]) started.
Resolve mutations for :react-native-vector-icons:mergeReleaseShaders (Thread[Execution worker Thread 5,5,main]) started.
:react-native-vector-icons:mergeReleaseShaders (Thread[included builds,5,main]) started.

> Task :react-native-vector-icons:mergeReleaseShaders UP-TO-DATE
Caching disabled for task ':react-native-vector-icons:mergeReleaseShaders' because:
  Build cache is disabled
  Simple merging task
Skipping task ':react-native-vector-icons:mergeReleaseShaders' as it is up-to-date.
Resolve mutations for :react-native-vector-icons:compileReleaseShaders (Thread[included builds,5,main]) started.
:react-native-vector-icons:compileReleaseShaders (Thread[included builds,5,main]) started.

> Task :react-native-vector-icons:compileReleaseShaders NO-SOURCE
Skipping task ':react-native-vector-icons:compileReleaseShaders' as it has no source files and no previous output files.
Resolve mutations for :react-native-vector-icons:generateReleaseAssets (Thread[included builds,5,main]) started.
:react-native-vector-icons:generateReleaseAssets (Thread[included builds,5,main]) started.

> Task :react-native-vector-icons:generateReleaseAssets UP-TO-DATE
Skipping task ':react-native-vector-icons:generateReleaseAssets' as it has no actions.
Resolve mutations for :react-native-vector-icons:mergeReleaseAssets (Thread[included builds,5,main]) started.
:react-native-vector-icons:mergeReleaseAssets (Thread[included builds,5,main]) started.

> Task :react-native-vector-icons:mergeReleaseAssets UP-TO-DATE
Caching disabled for task ':react-native-vector-icons:mergeReleaseAssets' because:
  Build cache is disabled
  Simple merging task
Skipping task ':react-native-vector-icons:mergeReleaseAssets' as it is up-to-date.
work action resolve mergeReleaseAssets (project :react-native-vector-icons) (Thread[included builds,5,main]) started.
Resolve mutations for :app:mergeReleaseAssets (Thread[included builds,5,main]) started.
:app:mergeReleaseAssets (Thread[included builds,5,main]) started.

> Task :app:mergeReleaseAssets UP-TO-DATE
file or directory '/Users/oem/Projects/KapraDaily/node_modules/react-native-onesignal/android/libs', not found
Caching disabled for task ':app:mergeReleaseAssets' because:
  Build cache is disabled
  Simple merging task
Skipping task ':app:mergeReleaseAssets' as it is up-to-date.
Resolve mutations for :app:compressReleaseAssets (Thread[included builds,5,main]) started.
:app:compressReleaseAssets (Thread[Execution worker Thread 5,5,main]) started.

> Task :app:compressReleaseAssets UP-TO-DATE
Caching disabled for task ':app:compressReleaseAssets' because:
  Build cache is disabled
Skipping task ':app:compressReleaseAssets' as it is up-to-date.
Resolve mutations for :app:extractReleaseVersionControlInfo (Thread[Execution worker Thread 5,5,main]) started.
:app:extractReleaseVersionControlInfo (Thread[Execution worker Thread 5,5,main]) started.

> Task :app:extractReleaseVersionControlInfo UP-TO-DATE
Caching disabled for task ':app:extractReleaseVersionControlInfo' because:
  Build cache is disabled
  Caching has been disabled for the task
Skipping task ':app:extractReleaseVersionControlInfo' as it is up-to-date.
Resolve mutations for :app:extractProguardFiles (Thread[Execution worker Thread 5,5,main]) started.
:app:extractProguardFiles (Thread[Execution worker Thread 5,5,main]) started.

> Task :app:extractProguardFiles UP-TO-DATE
Caching disabled for task ':app:extractProguardFiles' because:
  Build cache is disabled
  Fast task
Skipping task ':app:extractProguardFiles' as it is up-to-date.
Resolve mutations for :lottie-react-native:processReleaseJavaRes (Thread[Execution worker Thread 5,5,main]) started.
:lottie-react-native:processReleaseJavaRes (Thread[Execution worker Thread 5,5,main]) started.

> Task :lottie-react-native:processReleaseJavaRes UP-TO-DATE
file or directory '/Users/oem/Projects/KapraDaily/node_modules/lottie-react-native/android/src/main/resources', not found
file or directory '/Users/oem/Projects/KapraDaily/node_modules/lottie-react-native/android/src/release/resources', not found
file or directory '/Users/oem/Projects/KapraDaily/node_modules/lottie-react-native/android/src/main/resources', not found
file or directory '/Users/oem/Projects/KapraDaily/node_modules/lottie-react-native/android/src/release/resources', not found
Caching disabled for task ':lottie-react-native:processReleaseJavaRes' because:
  Build cache is disabled
  Caching has been disabled for the task
Skipping task ':lottie-react-native:processReleaseJavaRes' as it is up-to-date.
work action resolve out (project :lottie-react-native) (Thread[Execution worker Thread 5,5,main]) started.
Resolve mutations for :lottie-react-native:createFullJarRelease (Thread[Execution worker Thread 5,5,main]) started.
:lottie-react-native:createFullJarRelease (Thread[Execution worker Thread 5,5,main]) started.

> Task :lottie-react-native:createFullJarRelease UP-TO-DATE
Caching disabled for task ':lottie-react-native:createFullJarRelease' because:
  Build cache is disabled
  Simple merging task
Skipping task ':lottie-react-native:createFullJarRelease' as it is up-to-date.
work action resolve full.jar (project :lottie-react-native) (Thread[Execution worker Thread 5,5,main]) started.
work action resolve full.jar (project :lottie-react-native) (Thread[Execution worker Thread 5,5,main]) started.
Resolve mutations for :lottie-react-native:extractProguardFiles (Thread[Execution worker Thread 5,5,main]) started.
:lottie-react-native:extractProguardFiles (Thread[Execution worker Thread 5,5,main]) started.

> Task :lottie-react-native:extractProguardFiles UP-TO-DATE
Caching disabled for task ':lottie-react-native:extractProguardFiles' because:
  Build cache is disabled
  Fast task
Skipping task ':lottie-react-native:extractProguardFiles' as it is up-to-date.
Resolve mutations for :lottie-react-native:generateReleaseLintModel (Thread[Execution worker Thread 5,5,main]) started.
:lottie-react-native:generateReleaseLintModel (Thread[Execution worker Thread 5,5,main]) started.

> Task :lottie-react-native:generateReleaseLintModel UP-TO-DATE
Caching disabled for task ':lottie-react-native:generateReleaseLintModel' because:
  Build cache is disabled
  Caching has been disabled for the task
Skipping task ':lottie-react-native:generateReleaseLintModel' as it is up-to-date.
work action resolve generateReleaseLintModel (project :lottie-react-native) (Thread[Execution worker Thread 5,5,main]) started.
work action resolve generateReleaseLintModel (project :lottie-react-native) (Thread[Execution worker Thread 5,5,main]) started.
Resolve mutations for :lottie-react-native:prepareLintJarForPublish (Thread[Execution worker Thread 5,5,main]) started.
:lottie-react-native:prepareLintJarForPublish (Thread[Execution worker Thread 5,5,main]) started.

> Task :lottie-react-native:prepareLintJarForPublish UP-TO-DATE
Caching disabled for task ':lottie-react-native:prepareLintJarForPublish' because:
  Build cache is disabled
  Caching has been disabled for the task
Skipping task ':lottie-react-native:prepareLintJarForPublish' as it is up-to-date.
work action resolve lint.jar (project :lottie-react-native) (Thread[Execution worker Thread 5,5,main]) started.
work action resolve lint.jar (project :lottie-react-native) (Thread[Execution worker Thread 5,5,main]) started.
Resolve mutations for :react-native-async-storage_async-storage:processReleaseJavaRes (Thread[Execution worker Thread 5,5,main]) started.
:react-native-async-storage_async-storage:processReleaseJavaRes (Thread[Execution worker Thread 5,5,main]) started.

> Task :react-native-async-storage_async-storage:processReleaseJavaRes NO-SOURCE
file or directory '/Users/oem/Projects/KapraDaily/node_modules/@react-native-async-storage/async-storage/android/src/main/resources', not found
file or directory '/Users/oem/Projects/KapraDaily/node_modules/@react-native-async-storage/async-storage/android/src/release/resources', not found
Skipping task ':react-native-async-storage_async-storage:processReleaseJavaRes' as it has no source files and no previous output files.
work action resolve out (project :react-native-async-storage_async-storage) (Thread[Execution worker Thread 5,5,main]) started.
Resolve mutations for :react-native-async-storage_async-storage:createFullJarRelease (Thread[Execution worker Thread 5,5,main]) started.
:react-native-async-storage_async-storage:createFullJarRelease (Thread[Execution worker Thread 5,5,main]) started.

> Task :react-native-async-storage_async-storage:createFullJarRelease UP-TO-DATE
Caching disabled for task ':react-native-async-storage_async-storage:createFullJarRelease' because:
  Build cache is disabled
  Simple merging task
Skipping task ':react-native-async-storage_async-storage:createFullJarRelease' as it is up-to-date.
work action resolve full.jar (project :react-native-async-storage_async-storage) (Thread[Execution worker Thread 5,5,main]) started.
work action resolve full.jar (project :react-native-async-storage_async-storage) (Thread[Execution worker Thread 5,5,main]) started.
Resolve mutations for :react-native-async-storage_async-storage:extractProguardFiles (Thread[Execution worker Thread 5,5,main]) started.
:react-native-async-storage_async-storage:extractProguardFiles (Thread[Execution worker Thread 5,5,main]) started.

> Task :react-native-async-storage_async-storage:extractProguardFiles UP-TO-DATE
Caching disabled for task ':react-native-async-storage_async-storage:extractProguardFiles' because:
  Build cache is disabled
  Fast task
Skipping task ':react-native-async-storage_async-storage:extractProguardFiles' as it is up-to-date.
Resolve mutations for :react-native-async-storage_async-storage:generateReleaseLintModel (Thread[Execution worker Thread 5,5,main]) started.
:react-native-async-storage_async-storage:generateReleaseLintModel (Thread[Execution worker Thread 5,5,main]) started.

> Task :react-native-async-storage_async-storage:generateReleaseLintModel UP-TO-DATE
Caching disabled for task ':react-native-async-storage_async-storage:generateReleaseLintModel' because:
  Build cache is disabled
  Caching has been disabled for the task
Skipping task ':react-native-async-storage_async-storage:generateReleaseLintModel' as it is up-to-date.
work action resolve generateReleaseLintModel (project :react-native-async-storage_async-storage) (Thread[Execution worker Thread 5,5,main]) started.
work action resolve generateReleaseLintModel (project :react-native-async-storage_async-storage) (Thread[Execution worker Thread 5,5,main]) started.
Resolve mutations for :react-native-async-storage_async-storage:prepareLintJarForPublish (Thread[Execution worker Thread 5,5,main]) started.
:react-native-async-storage_async-storage:prepareLintJarForPublish (Thread[Execution worker Thread 5,5,main]) started.

> Task :react-native-async-storage_async-storage:prepareLintJarForPublish UP-TO-DATE
Caching disabled for task ':react-native-async-storage_async-storage:prepareLintJarForPublish' because:
  Build cache is disabled
  Caching has been disabled for the task
Skipping task ':react-native-async-storage_async-storage:prepareLintJarForPublish' as it is up-to-date.
work action resolve lint.jar (project :react-native-async-storage_async-storage) (Thread[Execution worker Thread 5,5,main]) started.
work action resolve lint.jar (project :react-native-async-storage_async-storage) (Thread[Execution worker Thread 5,5,main]) started.
Resolve mutations for :react-native-community_blur:processReleaseJavaRes (Thread[Execution worker Thread 5,5,main]) started.
:react-native-community_blur:processReleaseJavaRes (Thread[Execution worker Thread 5,5,main]) started.

> Task :react-native-community_blur:processReleaseJavaRes NO-SOURCE
file or directory '/Users/oem/Projects/KapraDaily/node_modules/@react-native-community/blur/android/src/main/resources', not found
file or directory '/Users/oem/Projects/KapraDaily/node_modules/@react-native-community/blur/android/src/release/resources', not found
Skipping task ':react-native-community_blur:processReleaseJavaRes' as it has no source files and no previous output files.
work action resolve out (project :react-native-community_blur) (Thread[Execution worker Thread 5,5,main]) started.
Resolve mutations for :react-native-community_blur:createFullJarRelease (Thread[Execution worker Thread 5,5,main]) started.
:react-native-community_blur:createFullJarRelease (Thread[Execution worker Thread 5,5,main]) started.

> Task :react-native-community_blur:createFullJarRelease UP-TO-DATE
Caching disabled for task ':react-native-community_blur:createFullJarRelease' because:
  Build cache is disabled
  Simple merging task
Skipping task ':react-native-community_blur:createFullJarRelease' as it is up-to-date.
work action resolve full.jar (project :react-native-community_blur) (Thread[Execution worker Thread 5,5,main]) started.
work action resolve full.jar (project :react-native-community_blur) (Thread[Execution worker Thread 5,5,main]) started.
Resolve mutations for :react-native-community_blur:extractProguardFiles (Thread[Execution worker Thread 5,5,main]) started.
:react-native-community_blur:extractProguardFiles (Thread[Execution worker Thread 5,5,main]) started.

> Task :react-native-community_blur:extractProguardFiles UP-TO-DATE
Caching disabled for task ':react-native-community_blur:extractProguardFiles' because:
  Build cache is disabled
  Fast task
Skipping task ':react-native-community_blur:extractProguardFiles' as it is up-to-date.
Resolve mutations for :react-native-community_blur:generateReleaseLintModel (Thread[Execution worker Thread 5,5,main]) started.
:react-native-community_blur:generateReleaseLintModel (Thread[Execution worker Thread 5,5,main]) started.

> Task :react-native-community_blur:generateReleaseLintModel UP-TO-DATE
Caching disabled for task ':react-native-community_blur:generateReleaseLintModel' because:
  Build cache is disabled
  Caching has been disabled for the task
Skipping task ':react-native-community_blur:generateReleaseLintModel' as it is up-to-date.
work action resolve generateReleaseLintModel (project :react-native-community_blur) (Thread[Execution worker Thread 5,5,main]) started.
work action resolve generateReleaseLintModel (project :react-native-community_blur) (Thread[Execution worker Thread 5,5,main]) started.
Resolve mutations for :react-native-community_blur:prepareLintJarForPublish (Thread[Execution worker Thread 5,5,main]) started.
:react-native-community_blur:prepareLintJarForPublish (Thread[Execution worker Thread 5,5,main]) started.

> Task :react-native-community_blur:prepareLintJarForPublish UP-TO-DATE
Caching disabled for task ':react-native-community_blur:prepareLintJarForPublish' because:
  Build cache is disabled
  Caching has been disabled for the task
Skipping task ':react-native-community_blur:prepareLintJarForPublish' as it is up-to-date.
work action resolve lint.jar (project :react-native-community_blur) (Thread[Execution worker Thread 5,5,main]) started.
work action resolve lint.jar (project :react-native-community_blur) (Thread[Execution worker Thread 5,5,main]) started.
Resolve mutations for :react-native-community_geolocation:processReleaseJavaRes (Thread[Execution worker Thread 5,5,main]) started.
:react-native-community_geolocation:processReleaseJavaRes (Thread[Execution worker Thread 5,5,main]) started.

> Task :react-native-community_geolocation:processReleaseJavaRes NO-SOURCE
file or directory '/Users/oem/Projects/KapraDaily/node_modules/@react-native-community/geolocation/android/src/main/resources', not found
file or directory '/Users/oem/Projects/KapraDaily/node_modules/@react-native-community/geolocation/android/src/release/resources', not found
Skipping task ':react-native-community_geolocation:processReleaseJavaRes' as it has no source files and no previous output files.
work action resolve out (project :react-native-community_geolocation) (Thread[Execution worker Thread 5,5,main]) started.
Resolve mutations for :react-native-community_geolocation:createFullJarRelease (Thread[Execution worker Thread 5,5,main]) started.
:react-native-community_geolocation:createFullJarRelease (Thread[Execution worker Thread 5,5,main]) started.

> Task :react-native-community_geolocation:createFullJarRelease UP-TO-DATE
Caching disabled for task ':react-native-community_geolocation:createFullJarRelease' because:
  Build cache is disabled
  Simple merging task
Skipping task ':react-native-community_geolocation:createFullJarRelease' as it is up-to-date.
work action resolve full.jar (project :react-native-community_geolocation) (Thread[Execution worker Thread 5,5,main]) started.
work action resolve full.jar (project :react-native-community_geolocation) (Thread[Execution worker Thread 5,5,main]) started.
Resolve mutations for :react-native-community_geolocation:extractProguardFiles (Thread[Execution worker Thread 5,5,main]) started.
:react-native-community_geolocation:extractProguardFiles (Thread[Execution worker Thread 6,5,main]) started.

> Task :react-native-community_geolocation:extractProguardFiles UP-TO-DATE
Caching disabled for task ':react-native-community_geolocation:extractProguardFiles' because:
  Build cache is disabled
  Fast task
Skipping task ':react-native-community_geolocation:extractProguardFiles' as it is up-to-date.
Resolve mutations for :react-native-community_geolocation:generateReleaseLintModel (Thread[Execution worker Thread 6,5,main]) started.
:react-native-community_geolocation:generateReleaseLintModel (Thread[Execution worker Thread 6,5,main]) started.

> Task :react-native-community_geolocation:generateReleaseLintModel UP-TO-DATE
Caching disabled for task ':react-native-community_geolocation:generateReleaseLintModel' because:
  Build cache is disabled
  Caching has been disabled for the task
Skipping task ':react-native-community_geolocation:generateReleaseLintModel' as it is up-to-date.
work action resolve generateReleaseLintModel (project :react-native-community_geolocation) (Thread[Execution worker Thread 6,5,main]) started.
work action resolve generateReleaseLintModel (project :react-native-community_geolocation) (Thread[Execution worker Thread 6,5,main]) started.
Resolve mutations for :react-native-community_geolocation:prepareLintJarForPublish (Thread[Execution worker Thread 6,5,main]) started.
:react-native-community_geolocation:prepareLintJarForPublish (Thread[Execution worker Thread 6,5,main]) started.

> Task :react-native-community_geolocation:prepareLintJarForPublish UP-TO-DATE
Caching disabled for task ':react-native-community_geolocation:prepareLintJarForPublish' because:
  Build cache is disabled
  Caching has been disabled for the task
Skipping task ':react-native-community_geolocation:prepareLintJarForPublish' as it is up-to-date.
work action resolve lint.jar (project :react-native-community_geolocation) (Thread[Execution worker Thread 6,5,main]) started.
work action resolve lint.jar (project :react-native-community_geolocation) (Thread[Execution worker Thread 6,5,main]) started.
Resolve mutations for :react-native-device-info:processReleaseJavaRes (Thread[Execution worker Thread 5,5,main]) started.
:react-native-device-info:processReleaseJavaRes (Thread[Execution worker Thread 5,5,main]) started.

> Task :react-native-device-info:processReleaseJavaRes NO-SOURCE
file or directory '/Users/oem/Projects/KapraDaily/node_modules/react-native-device-info/android/src/main/resources', not found
file or directory '/Users/oem/Projects/KapraDaily/node_modules/react-native-device-info/android/src/release/resources', not found
Skipping task ':react-native-device-info:processReleaseJavaRes' as it has no source files and no previous output files.
work action resolve out (project :react-native-device-info) (Thread[Execution worker Thread 5,5,main]) started.
Resolve mutations for :react-native-device-info:createFullJarRelease (Thread[Execution worker Thread 5,5,main]) started.
:react-native-device-info:createFullJarRelease (Thread[Execution worker Thread 5,5,main]) started.

> Task :react-native-device-info:createFullJarRelease UP-TO-DATE
Caching disabled for task ':react-native-device-info:createFullJarRelease' because:
  Build cache is disabled
  Simple merging task
Skipping task ':react-native-device-info:createFullJarRelease' as it is up-to-date.
work action resolve full.jar (project :react-native-device-info) (Thread[Execution worker Thread 5,5,main]) started.
work action resolve full.jar (project :react-native-device-info) (Thread[Execution worker Thread 5,5,main]) started.
Resolve mutations for :react-native-device-info:extractProguardFiles (Thread[Execution worker Thread 5,5,main]) started.
:react-native-device-info:extractProguardFiles (Thread[Execution worker Thread 5,5,main]) started.

> Task :react-native-device-info:extractProguardFiles UP-TO-DATE
Caching disabled for task ':react-native-device-info:extractProguardFiles' because:
  Build cache is disabled
  Fast task
Skipping task ':react-native-device-info:extractProguardFiles' as it is up-to-date.
Resolve mutations for :react-native-device-info:generateReleaseLintModel (Thread[Execution worker Thread 5,5,main]) started.
:react-native-device-info:generateReleaseLintModel (Thread[Execution worker Thread 5,5,main]) started.

> Task :react-native-device-info:generateReleaseLintModel UP-TO-DATE
Caching disabled for task ':react-native-device-info:generateReleaseLintModel' because:
  Build cache is disabled
  Caching has been disabled for the task
Skipping task ':react-native-device-info:generateReleaseLintModel' as it is up-to-date.
work action resolve generateReleaseLintModel (project :react-native-device-info) (Thread[Execution worker Thread 5,5,main]) started.
work action resolve generateReleaseLintModel (project :react-native-device-info) (Thread[Execution worker Thread 5,5,main]) started.
Resolve mutations for :react-native-device-info:prepareLintJarForPublish (Thread[Execution worker Thread 5,5,main]) started.
:react-native-device-info:prepareLintJarForPublish (Thread[included builds,5,main]) started.

> Task :react-native-device-info:prepareLintJarForPublish UP-TO-DATE
Caching disabled for task ':react-native-device-info:prepareLintJarForPublish' because:
  Build cache is disabled
  Caching has been disabled for the task
Skipping task ':react-native-device-info:prepareLintJarForPublish' as it is up-to-date.
work action resolve lint.jar (project :react-native-device-info) (Thread[included builds,5,main]) started.
work action resolve lint.jar (project :react-native-device-info) (Thread[included builds,5,main]) started.
Resolve mutations for :react-native-fast-image:processReleaseJavaRes (Thread[included builds,5,main]) started.
:react-native-fast-image:processReleaseJavaRes (Thread[included builds,5,main]) started.

> Task :react-native-fast-image:processReleaseJavaRes UP-TO-DATE
file or directory '/Users/oem/Projects/KapraDaily/node_modules/react-native-fast-image/android/src/main/resources', not found
file or directory '/Users/oem/Projects/KapraDaily/node_modules/react-native-fast-image/android/src/release/resources', not found
file or directory '/Users/oem/Projects/KapraDaily/node_modules/react-native-fast-image/android/src/main/resources', not found
file or directory '/Users/oem/Projects/KapraDaily/node_modules/react-native-fast-image/android/src/release/resources', not found
Caching disabled for task ':react-native-fast-image:processReleaseJavaRes' because:
  Build cache is disabled
  Caching has been disabled for the task
Skipping task ':react-native-fast-image:processReleaseJavaRes' as it is up-to-date.
work action resolve out (project :react-native-fast-image) (Thread[included builds,5,main]) started.
Resolve mutations for :react-native-fast-image:createFullJarRelease (Thread[included builds,5,main]) started.
:react-native-fast-image:createFullJarRelease (Thread[included builds,5,main]) started.

> Task :react-native-fast-image:createFullJarRelease UP-TO-DATE
Caching disabled for task ':react-native-fast-image:createFullJarRelease' because:
  Build cache is disabled
  Simple merging task
Skipping task ':react-native-fast-image:createFullJarRelease' as it is up-to-date.
work action resolve full.jar (project :react-native-fast-image) (Thread[included builds,5,main]) started.
work action resolve full.jar (project :react-native-fast-image) (Thread[included builds,5,main]) started.
Resolve mutations for :react-native-fast-image:extractProguardFiles (Thread[included builds,5,main]) started.
:react-native-fast-image:extractProguardFiles (Thread[included builds,5,main]) started.

> Task :react-native-fast-image:extractProguardFiles UP-TO-DATE
Caching disabled for task ':react-native-fast-image:extractProguardFiles' because:
  Build cache is disabled
  Fast task
Skipping task ':react-native-fast-image:extractProguardFiles' as it is up-to-date.
Resolve mutations for :react-native-fast-image:generateReleaseLintModel (Thread[included builds,5,main]) started.
:react-native-fast-image:generateReleaseLintModel (Thread[included builds,5,main]) started.

> Task :react-native-fast-image:generateReleaseLintModel UP-TO-DATE
Caching disabled for task ':react-native-fast-image:generateReleaseLintModel' because:
  Build cache is disabled
  Caching has been disabled for the task
Skipping task ':react-native-fast-image:generateReleaseLintModel' as it is up-to-date.
work action resolve generateReleaseLintModel (project :react-native-fast-image) (Thread[included builds,5,main]) started.
work action resolve generateReleaseLintModel (project :react-native-fast-image) (Thread[included builds,5,main]) started.
Resolve mutations for :react-native-fast-image:prepareLintJarForPublish (Thread[included builds,5,main]) started.
:react-native-fast-image:prepareLintJarForPublish (Thread[included builds,5,main]) started.

> Task :react-native-fast-image:prepareLintJarForPublish UP-TO-DATE
Caching disabled for task ':react-native-fast-image:prepareLintJarForPublish' because:
  Build cache is disabled
  Caching has been disabled for the task
Skipping task ':react-native-fast-image:prepareLintJarForPublish' as it is up-to-date.
work action resolve lint.jar (project :react-native-fast-image) (Thread[included builds,5,main]) started.
work action resolve lint.jar (project :react-native-fast-image) (Thread[Execution worker Thread 7,5,main]) started.
Resolve mutations for :react-native-linear-gradient:processReleaseJavaRes (Thread[Execution worker Thread 7,5,main]) started.
:react-native-linear-gradient:processReleaseJavaRes (Thread[Execution worker Thread 7,5,main]) started.

> Task :react-native-linear-gradient:processReleaseJavaRes NO-SOURCE
file or directory '/Users/oem/Projects/KapraDaily/node_modules/react-native-linear-gradient/android/src/main/resources', not found
file or directory '/Users/oem/Projects/KapraDaily/node_modules/react-native-linear-gradient/android/src/release/resources', not found
Skipping task ':react-native-linear-gradient:processReleaseJavaRes' as it has no source files and no previous output files.
work action resolve out (project :react-native-linear-gradient) (Thread[Execution worker Thread 7,5,main]) started.
Resolve mutations for :react-native-linear-gradient:createFullJarRelease (Thread[Execution worker Thread 7,5,main]) started.
:react-native-linear-gradient:createFullJarRelease (Thread[Execution worker Thread 7,5,main]) started.

> Task :react-native-linear-gradient:createFullJarRelease UP-TO-DATE
Caching disabled for task ':react-native-linear-gradient:createFullJarRelease' because:
  Build cache is disabled
  Simple merging task
Skipping task ':react-native-linear-gradient:createFullJarRelease' as it is up-to-date.
work action resolve full.jar (project :react-native-linear-gradient) (Thread[Execution worker Thread 7,5,main]) started.
work action resolve full.jar (project :react-native-linear-gradient) (Thread[Execution worker Thread 7,5,main]) started.
Resolve mutations for :react-native-linear-gradient:extractProguardFiles (Thread[Execution worker Thread 7,5,main]) started.
:react-native-linear-gradient:extractProguardFiles (Thread[Execution worker Thread 7,5,main]) started.

> Task :react-native-linear-gradient:extractProguardFiles UP-TO-DATE
Caching disabled for task ':react-native-linear-gradient:extractProguardFiles' because:
  Build cache is disabled
  Fast task
Skipping task ':react-native-linear-gradient:extractProguardFiles' as it is up-to-date.
Resolve mutations for :react-native-linear-gradient:generateReleaseLintModel (Thread[Execution worker Thread 7,5,main]) started.
:react-native-linear-gradient:generateReleaseLintModel (Thread[Execution worker Thread 7,5,main]) started.

> Task :react-native-linear-gradient:generateReleaseLintModel UP-TO-DATE
Caching disabled for task ':react-native-linear-gradient:generateReleaseLintModel' because:
  Build cache is disabled
  Caching has been disabled for the task
Skipping task ':react-native-linear-gradient:generateReleaseLintModel' as it is up-to-date.
work action resolve generateReleaseLintModel (project :react-native-linear-gradient) (Thread[Execution worker Thread 7,5,main]) started.
work action resolve generateReleaseLintModel (project :react-native-linear-gradient) (Thread[Execution worker Thread 7,5,main]) started.
Resolve mutations for :react-native-linear-gradient:prepareLintJarForPublish (Thread[Execution worker Thread 7,5,main]) started.
:react-native-linear-gradient:prepareLintJarForPublish (Thread[Execution worker Thread 7,5,main]) started.

> Task :react-native-linear-gradient:prepareLintJarForPublish UP-TO-DATE
Caching disabled for task ':react-native-linear-gradient:prepareLintJarForPublish' because:
  Build cache is disabled
  Caching has been disabled for the task
Skipping task ':react-native-linear-gradient:prepareLintJarForPublish' as it is up-to-date.
work action resolve lint.jar (project :react-native-linear-gradient) (Thread[Execution worker Thread 7,5,main]) started.
work action resolve lint.jar (project :react-native-linear-gradient) (Thread[Execution worker Thread 7,5,main]) started.
Resolve mutations for :react-native-maps:processReleaseJavaRes (Thread[Execution worker Thread 7,5,main]) started.
:react-native-maps:processReleaseJavaRes (Thread[Execution worker Thread 7,5,main]) started.

> Task :react-native-maps:processReleaseJavaRes NO-SOURCE
file or directory '/Users/oem/Projects/KapraDaily/node_modules/react-native-maps/android/src/main/resources', not found
file or directory '/Users/oem/Projects/KapraDaily/node_modules/react-native-maps/android/src/release/resources', not found
Skipping task ':react-native-maps:processReleaseJavaRes' as it has no source files and no previous output files.
work action resolve out (project :react-native-maps) (Thread[Execution worker Thread 7,5,main]) started.
Resolve mutations for :react-native-maps:createFullJarRelease (Thread[Execution worker Thread 7,5,main]) started.
:react-native-maps:createFullJarRelease (Thread[Execution worker Thread 7,5,main]) started.

> Task :react-native-maps:createFullJarRelease UP-TO-DATE
Caching disabled for task ':react-native-maps:createFullJarRelease' because:
  Build cache is disabled
  Simple merging task
Skipping task ':react-native-maps:createFullJarRelease' as it is up-to-date.
work action resolve full.jar (project :react-native-maps) (Thread[Execution worker Thread 7,5,main]) started.
work action resolve full.jar (project :react-native-maps) (Thread[Execution worker Thread 7,5,main]) started.
Resolve mutations for :react-native-maps:extractProguardFiles (Thread[Execution worker Thread 7,5,main]) started.
:react-native-maps:extractProguardFiles (Thread[Execution worker Thread 7,5,main]) started.

> Task :react-native-maps:extractProguardFiles UP-TO-DATE
Caching disabled for task ':react-native-maps:extractProguardFiles' because:
  Build cache is disabled
  Fast task
Skipping task ':react-native-maps:extractProguardFiles' as it is up-to-date.
Resolve mutations for :react-native-maps:generateReleaseLintModel (Thread[Execution worker Thread 7,5,main]) started.
:react-native-maps:generateReleaseLintModel (Thread[Execution worker Thread 7,5,main]) started.

> Task :react-native-maps:generateReleaseLintModel UP-TO-DATE
Caching disabled for task ':react-native-maps:generateReleaseLintModel' because:
  Build cache is disabled
  Caching has been disabled for the task
Skipping task ':react-native-maps:generateReleaseLintModel' as it is up-to-date.
work action resolve generateReleaseLintModel (project :react-native-maps) (Thread[Execution worker Thread 7,5,main]) started.
work action resolve generateReleaseLintModel (project :react-native-maps) (Thread[Execution worker Thread 7,5,main]) started.
Resolve mutations for :react-native-maps:prepareLintJarForPublish (Thread[Execution worker Thread 7,5,main]) started.
:react-native-maps:prepareLintJarForPublish (Thread[Execution worker Thread 7,5,main]) started.

> Task :react-native-maps:prepareLintJarForPublish UP-TO-DATE
Caching disabled for task ':react-native-maps:prepareLintJarForPublish' because:
  Build cache is disabled
  Caching has been disabled for the task
Skipping task ':react-native-maps:prepareLintJarForPublish' as it is up-to-date.
work action resolve lint.jar (project :react-native-maps) (Thread[Execution worker Thread 7,5,main]) started.
work action resolve lint.jar (project :react-native-maps) (Thread[Execution worker Thread 7,5,main]) started.
Resolve mutations for :react-native-onesignal:processReleaseJavaRes (Thread[Execution worker Thread 7,5,main]) started.
:react-native-onesignal:processReleaseJavaRes (Thread[Execution worker Thread 7,5,main]) started.

> Task :react-native-onesignal:processReleaseJavaRes NO-SOURCE
file or directory '/Users/oem/Projects/KapraDaily/node_modules/react-native-onesignal/android/src/main/resources', not found
file or directory '/Users/oem/Projects/KapraDaily/node_modules/react-native-onesignal/android/src/release/resources', not found
Skipping task ':react-native-onesignal:processReleaseJavaRes' as it has no source files and no previous output files.
work action resolve out (project :react-native-onesignal) (Thread[Execution worker Thread 7,5,main]) started.
Resolve mutations for :react-native-onesignal:createFullJarRelease (Thread[Execution worker Thread 7,5,main]) started.
:react-native-onesignal:createFullJarRelease (Thread[Execution worker Thread 7,5,main]) started.

> Task :react-native-onesignal:createFullJarRelease UP-TO-DATE
Caching disabled for task ':react-native-onesignal:createFullJarRelease' because:
  Build cache is disabled
  Simple merging task
Skipping task ':react-native-onesignal:createFullJarRelease' as it is up-to-date.
work action resolve full.jar (project :react-native-onesignal) (Thread[Execution worker Thread 7,5,main]) started.
work action resolve full.jar (project :react-native-onesignal) (Thread[Execution worker Thread 7,5,main]) started.
Resolve mutations for :react-native-onesignal:extractProguardFiles (Thread[Execution worker Thread 7,5,main]) started.
:react-native-onesignal:extractProguardFiles (Thread[Execution worker Thread 7,5,main]) started.

> Task :react-native-onesignal:extractProguardFiles UP-TO-DATE
Caching disabled for task ':react-native-onesignal:extractProguardFiles' because:
  Build cache is disabled
  Fast task
Skipping task ':react-native-onesignal:extractProguardFiles' as it is up-to-date.
Resolve mutations for :react-native-onesignal:generateReleaseLintModel (Thread[Execution worker Thread 7,5,main]) started.
:react-native-onesignal:generateReleaseLintModel (Thread[Execution worker Thread 7,5,main]) started.

> Task :react-native-onesignal:generateReleaseLintModel UP-TO-DATE
file or directory '/Users/oem/Projects/KapraDaily/node_modules/react-native-onesignal/android/libs', not found
file or directory '/Users/oem/Projects/KapraDaily/node_modules/react-native-onesignal/android/libs', not found
file or directory '/Users/oem/Projects/KapraDaily/node_modules/react-native-onesignal/android/libs', not found
file or directory '/Users/oem/Projects/KapraDaily/node_modules/react-native-onesignal/android/libs', not found
file or directory '/Users/oem/Projects/KapraDaily/node_modules/react-native-onesignal/android/libs', not found
file or directory '/Users/oem/Projects/KapraDaily/node_modules/react-native-onesignal/android/libs', not found
file or directory '/Users/oem/Projects/KapraDaily/node_modules/react-native-onesignal/android/libs', not found
file or directory '/Users/oem/Projects/KapraDaily/node_modules/react-native-onesignal/android/libs', not found
file or directory '/Users/oem/Projects/KapraDaily/node_modules/react-native-onesignal/android/libs', not found
file or directory '/Users/oem/Projects/KapraDaily/node_modules/react-native-onesignal/android/libs', not found
file or directory '/Users/oem/Projects/KapraDaily/node_modules/react-native-onesignal/android/libs', not found
file or directory '/Users/oem/Projects/KapraDaily/node_modules/react-native-onesignal/android/libs', not found
file or directory '/Users/oem/Projects/KapraDaily/node_modules/react-native-onesignal/android/libs', not found
file or directory '/Users/oem/Projects/KapraDaily/node_modules/react-native-onesignal/android/libs', not found
file or directory '/Users/oem/Projects/KapraDaily/node_modules/react-native-onesignal/android/libs', not found
file or directory '/Users/oem/Projects/KapraDaily/node_modules/react-native-onesignal/android/libs', not found
file or directory '/Users/oem/Projects/KapraDaily/node_modules/react-native-onesignal/android/libs', not found
file or directory '/Users/oem/Projects/KapraDaily/node_modules/react-native-onesignal/android/libs', not found
Caching disabled for task ':react-native-onesignal:generateReleaseLintModel' because:
  Build cache is disabled
  Caching has been disabled for the task
Skipping task ':react-native-onesignal:generateReleaseLintModel' as it is up-to-date.
work action resolve generateReleaseLintModel (project :react-native-onesignal) (Thread[Execution worker Thread 7,5,main]) started.
work action resolve generateReleaseLintModel (project :react-native-onesignal) (Thread[Execution worker Thread 7,5,main]) started.
Resolve mutations for :react-native-onesignal:prepareLintJarForPublish (Thread[Execution worker Thread 7,5,main]) started.
:react-native-onesignal:prepareLintJarForPublish (Thread[Execution worker Thread 7,5,main]) started.

> Task :react-native-onesignal:prepareLintJarForPublish UP-TO-DATE
Caching disabled for task ':react-native-onesignal:prepareLintJarForPublish' because:
  Build cache is disabled
  Caching has been disabled for the task
Skipping task ':react-native-onesignal:prepareLintJarForPublish' as it is up-to-date.
work action resolve lint.jar (project :react-native-onesignal) (Thread[Execution worker Thread 7,5,main]) started.
work action resolve lint.jar (project :react-native-onesignal) (Thread[Execution worker Thread 7,5,main]) started.
Resolve mutations for :react-native-otp-verify:processReleaseJavaRes (Thread[Execution worker Thread 7,5,main]) started.
:react-native-otp-verify:processReleaseJavaRes (Thread[Execution worker Thread 7,5,main]) started.

> Task :react-native-otp-verify:processReleaseJavaRes NO-SOURCE
file or directory '/Users/oem/Projects/KapraDaily/node_modules/react-native-otp-verify/android/src/main/resources', not found
file or directory '/Users/oem/Projects/KapraDaily/node_modules/react-native-otp-verify/android/src/release/resources', not found
Skipping task ':react-native-otp-verify:processReleaseJavaRes' as it has no source files and no previous output files.
work action resolve out (project :react-native-otp-verify) (Thread[Execution worker Thread 7,5,main]) started.
Resolve mutations for :react-native-otp-verify:createFullJarRelease (Thread[Execution worker Thread 7,5,main]) started.
:react-native-otp-verify:createFullJarRelease (Thread[Execution worker Thread 7,5,main]) started.

> Task :react-native-otp-verify:createFullJarRelease UP-TO-DATE
Caching disabled for task ':react-native-otp-verify:createFullJarRelease' because:
  Build cache is disabled
  Simple merging task
Skipping task ':react-native-otp-verify:createFullJarRelease' as it is up-to-date.
work action resolve full.jar (project :react-native-otp-verify) (Thread[Execution worker Thread 7,5,main]) started.
work action resolve full.jar (project :react-native-otp-verify) (Thread[Execution worker Thread 7,5,main]) started.
Resolve mutations for :react-native-otp-verify:extractProguardFiles (Thread[Execution worker Thread 7,5,main]) started.
:react-native-otp-verify:extractProguardFiles (Thread[Execution worker Thread 7,5,main]) started.

> Task :react-native-otp-verify:extractProguardFiles UP-TO-DATE
Caching disabled for task ':react-native-otp-verify:extractProguardFiles' because:
  Build cache is disabled
  Fast task
Skipping task ':react-native-otp-verify:extractProguardFiles' as it is up-to-date.
Resolve mutations for :react-native-otp-verify:generateReleaseLintModel (Thread[Execution worker Thread 7,5,main]) started.
:react-native-otp-verify:generateReleaseLintModel (Thread[Execution worker Thread 7,5,main]) started.

> Task :react-native-otp-verify:generateReleaseLintModel UP-TO-DATE
Caching disabled for task ':react-native-otp-verify:generateReleaseLintModel' because:
  Build cache is disabled
  Caching has been disabled for the task
Skipping task ':react-native-otp-verify:generateReleaseLintModel' as it is up-to-date.
work action resolve generateReleaseLintModel (project :react-native-otp-verify) (Thread[Execution worker Thread 7,5,main]) started.
work action resolve generateReleaseLintModel (project :react-native-otp-verify) (Thread[Execution worker Thread 7,5,main]) started.
Resolve mutations for :react-native-otp-verify:prepareLintJarForPublish (Thread[Execution worker Thread 7,5,main]) started.
:react-native-otp-verify:prepareLintJarForPublish (Thread[Execution worker Thread 7,5,main]) started.

> Task :react-native-otp-verify:prepareLintJarForPublish UP-TO-DATE
Caching disabled for task ':react-native-otp-verify:prepareLintJarForPublish' because:
  Build cache is disabled
  Caching has been disabled for the task
Skipping task ':react-native-otp-verify:prepareLintJarForPublish' as it is up-to-date.
work action resolve lint.jar (project :react-native-otp-verify) (Thread[Execution worker Thread 7,5,main]) started.
work action resolve lint.jar (project :react-native-otp-verify) (Thread[Execution worker Thread 7,5,main]) started.
Resolve mutations for :react-native-permissions:processReleaseJavaRes (Thread[Execution worker Thread 7,5,main]) started.
:react-native-permissions:processReleaseJavaRes (Thread[Execution worker Thread 7,5,main]) started.

> Task :react-native-permissions:processReleaseJavaRes UP-TO-DATE
file or directory '/Users/oem/Projects/KapraDaily/node_modules/react-native-permissions/android/src/main/resources', not found
file or directory '/Users/oem/Projects/KapraDaily/node_modules/react-native-permissions/android/src/release/resources', not found
file or directory '/Users/oem/Projects/KapraDaily/node_modules/react-native-permissions/android/src/main/resources', not found
file or directory '/Users/oem/Projects/KapraDaily/node_modules/react-native-permissions/android/src/release/resources', not found
Caching disabled for task ':react-native-permissions:processReleaseJavaRes' because:
  Build cache is disabled
  Caching has been disabled for the task
Skipping task ':react-native-permissions:processReleaseJavaRes' as it is up-to-date.
work action resolve out (project :react-native-permissions) (Thread[Execution worker Thread 7,5,main]) started.
Resolve mutations for :react-native-permissions:createFullJarRelease (Thread[Execution worker Thread 7,5,main]) started.
:react-native-permissions:createFullJarRelease (Thread[Execution worker Thread 7,5,main]) started.

> Task :react-native-permissions:createFullJarRelease UP-TO-DATE
Caching disabled for task ':react-native-permissions:createFullJarRelease' because:
  Build cache is disabled
  Simple merging task
Skipping task ':react-native-permissions:createFullJarRelease' as it is up-to-date.
work action resolve full.jar (project :react-native-permissions) (Thread[Execution worker Thread 7,5,main]) started.
work action resolve full.jar (project :react-native-permissions) (Thread[Execution worker Thread 7,5,main]) started.
Resolve mutations for :react-native-permissions:extractProguardFiles (Thread[Execution worker Thread 7,5,main]) started.
:react-native-permissions:extractProguardFiles (Thread[Execution worker Thread 7,5,main]) started.

> Task :react-native-permissions:extractProguardFiles UP-TO-DATE
Caching disabled for task ':react-native-permissions:extractProguardFiles' because:
  Build cache is disabled
  Fast task
Skipping task ':react-native-permissions:extractProguardFiles' as it is up-to-date.
Resolve mutations for :react-native-permissions:generateReleaseLintModel (Thread[Execution worker Thread 7,5,main]) started.
:react-native-permissions:generateReleaseLintModel (Thread[Execution worker Thread 7,5,main]) started.

> Task :react-native-permissions:generateReleaseLintModel UP-TO-DATE
Caching disabled for task ':react-native-permissions:generateReleaseLintModel' because:
  Build cache is disabled
  Caching has been disabled for the task
Skipping task ':react-native-permissions:generateReleaseLintModel' as it is up-to-date.
work action resolve generateReleaseLintModel (project :react-native-permissions) (Thread[Execution worker Thread 7,5,main]) started.
work action resolve generateReleaseLintModel (project :react-native-permissions) (Thread[Execution worker Thread 7,5,main]) started.
Resolve mutations for :react-native-permissions:prepareLintJarForPublish (Thread[Execution worker Thread 7,5,main]) started.
:react-native-permissions:prepareLintJarForPublish (Thread[Execution worker Thread 7,5,main]) started.

> Task :react-native-permissions:prepareLintJarForPublish UP-TO-DATE
Caching disabled for task ':react-native-permissions:prepareLintJarForPublish' because:
  Build cache is disabled
  Caching has been disabled for the task
Skipping task ':react-native-permissions:prepareLintJarForPublish' as it is up-to-date.
work action resolve lint.jar (project :react-native-permissions) (Thread[Execution worker Thread 7,5,main]) started.
work action resolve lint.jar (project :react-native-permissions) (Thread[Execution worker Thread 7,5,main]) started.
Resolve mutations for :react-native-razorpay:processReleaseJavaRes (Thread[Execution worker Thread 7,5,main]) started.
:react-native-razorpay:processReleaseJavaRes (Thread[Execution worker Thread 7,5,main]) started.

> Task :react-native-razorpay:processReleaseJavaRes NO-SOURCE
file or directory '/Users/oem/Projects/KapraDaily/node_modules/react-native-razorpay/android/src/main/resources', not found
file or directory '/Users/oem/Projects/KapraDaily/node_modules/react-native-razorpay/android/src/release/resources', not found
Skipping task ':react-native-razorpay:processReleaseJavaRes' as it has no source files and no previous output files.
work action resolve out (project :react-native-razorpay) (Thread[Execution worker Thread 7,5,main]) started.
Resolve mutations for :react-native-razorpay:createFullJarRelease (Thread[Execution worker Thread 7,5,main]) started.
:react-native-razorpay:createFullJarRelease (Thread[Execution worker Thread 7,5,main]) started.

> Task :react-native-razorpay:createFullJarRelease UP-TO-DATE
Caching disabled for task ':react-native-razorpay:createFullJarRelease' because:
  Build cache is disabled
  Simple merging task
Skipping task ':react-native-razorpay:createFullJarRelease' as it is up-to-date.
work action resolve full.jar (project :react-native-razorpay) (Thread[Execution worker Thread 7,5,main]) started.
work action resolve full.jar (project :react-native-razorpay) (Thread[Execution worker Thread 7,5,main]) started.
Resolve mutations for :react-native-razorpay:extractProguardFiles (Thread[Execution worker Thread 7,5,main]) started.
:react-native-razorpay:extractProguardFiles (Thread[Execution worker Thread 7,5,main]) started.

> Task :react-native-razorpay:extractProguardFiles UP-TO-DATE
Caching disabled for task ':react-native-razorpay:extractProguardFiles' because:
  Build cache is disabled
  Fast task
Skipping task ':react-native-razorpay:extractProguardFiles' as it is up-to-date.
Resolve mutations for :react-native-razorpay:generateReleaseLintModel (Thread[Execution worker Thread 7,5,main]) started.
:react-native-razorpay:generateReleaseLintModel (Thread[Execution worker Thread 7,5,main]) started.

> Task :react-native-razorpay:generateReleaseLintModel UP-TO-DATE
Caching disabled for task ':react-native-razorpay:generateReleaseLintModel' because:
  Build cache is disabled
  Caching has been disabled for the task
Skipping task ':react-native-razorpay:generateReleaseLintModel' as it is up-to-date.
work action resolve generateReleaseLintModel (project :react-native-razorpay) (Thread[Execution worker Thread 7,5,main]) started.
work action resolve generateReleaseLintModel (project :react-native-razorpay) (Thread[Execution worker Thread 7,5,main]) started.
Resolve mutations for :react-native-razorpay:prepareLintJarForPublish (Thread[Execution worker Thread 7,5,main]) started.
:react-native-razorpay:prepareLintJarForPublish (Thread[Execution worker Thread 7,5,main]) started.

> Task :react-native-razorpay:prepareLintJarForPublish UP-TO-DATE
Caching disabled for task ':react-native-razorpay:prepareLintJarForPublish' because:
  Build cache is disabled
  Caching has been disabled for the task
Skipping task ':react-native-razorpay:prepareLintJarForPublish' as it is up-to-date.
work action resolve lint.jar (project :react-native-razorpay) (Thread[Execution worker Thread 7,5,main]) started.
work action resolve lint.jar (project :react-native-razorpay) (Thread[Execution worker Thread 7,5,main]) started.
Resolve mutations for :react-native-safe-area-context:processReleaseJavaRes (Thread[Execution worker Thread 7,5,main]) started.
:react-native-safe-area-context:processReleaseJavaRes (Thread[Execution worker Thread 7,5,main]) started.

> Task :react-native-safe-area-context:processReleaseJavaRes UP-TO-DATE
file or directory '/Users/oem/Projects/KapraDaily/node_modules/react-native-safe-area-context/android/src/main/resources', not found
file or directory '/Users/oem/Projects/KapraDaily/node_modules/react-native-safe-area-context/android/src/release/resources', not found
file or directory '/Users/oem/Projects/KapraDaily/node_modules/react-native-safe-area-context/android/src/main/resources', not found
file or directory '/Users/oem/Projects/KapraDaily/node_modules/react-native-safe-area-context/android/src/release/resources', not found
Caching disabled for task ':react-native-safe-area-context:processReleaseJavaRes' because:
  Build cache is disabled
  Caching has been disabled for the task
Skipping task ':react-native-safe-area-context:processReleaseJavaRes' as it is up-to-date.
work action resolve out (project :react-native-safe-area-context) (Thread[Execution worker Thread 7,5,main]) started.
Resolve mutations for :react-native-safe-area-context:createFullJarRelease (Thread[Execution worker Thread 7,5,main]) started.
:react-native-safe-area-context:createFullJarRelease (Thread[Execution worker Thread 7,5,main]) started.

> Task :react-native-safe-area-context:createFullJarRelease UP-TO-DATE
Caching disabled for task ':react-native-safe-area-context:createFullJarRelease' because:
  Build cache is disabled
  Simple merging task
Skipping task ':react-native-safe-area-context:createFullJarRelease' as it is up-to-date.
work action resolve full.jar (project :react-native-safe-area-context) (Thread[Execution worker Thread 7,5,main]) started.
work action resolve full.jar (project :react-native-safe-area-context) (Thread[Execution worker Thread 7,5,main]) started.
Resolve mutations for :react-native-safe-area-context:extractProguardFiles (Thread[Execution worker Thread 7,5,main]) started.
:react-native-safe-area-context:extractProguardFiles (Thread[Execution worker Thread 7,5,main]) started.

> Task :react-native-safe-area-context:extractProguardFiles UP-TO-DATE
Caching disabled for task ':react-native-safe-area-context:extractProguardFiles' because:
  Build cache is disabled
  Fast task
Skipping task ':react-native-safe-area-context:extractProguardFiles' as it is up-to-date.
Resolve mutations for :react-native-safe-area-context:generateReleaseLintModel (Thread[Execution worker Thread 7,5,main]) started.
:react-native-safe-area-context:generateReleaseLintModel (Thread[Execution worker Thread 7,5,main]) started.

> Task :react-native-safe-area-context:generateReleaseLintModel UP-TO-DATE
Caching disabled for task ':react-native-safe-area-context:generateReleaseLintModel' because:
  Build cache is disabled
  Caching has been disabled for the task
Skipping task ':react-native-safe-area-context:generateReleaseLintModel' as it is up-to-date.
work action resolve generateReleaseLintModel (project :react-native-safe-area-context) (Thread[Execution worker Thread 7,5,main]) started.
work action resolve generateReleaseLintModel (project :react-native-safe-area-context) (Thread[Execution worker Thread 7,5,main]) started.
Resolve mutations for :react-native-safe-area-context:prepareLintJarForPublish (Thread[Execution worker Thread 7,5,main]) started.
:react-native-safe-area-context:prepareLintJarForPublish (Thread[Execution worker Thread 7,5,main]) started.

> Task :react-native-safe-area-context:prepareLintJarForPublish UP-TO-DATE
Caching disabled for task ':react-native-safe-area-context:prepareLintJarForPublish' because:
  Build cache is disabled
  Caching has been disabled for the task
Skipping task ':react-native-safe-area-context:prepareLintJarForPublish' as it is up-to-date.
work action resolve lint.jar (project :react-native-safe-area-context) (Thread[Execution worker Thread 7,5,main]) started.
work action resolve lint.jar (project :react-native-safe-area-context) (Thread[Execution worker Thread 7,5,main]) started.
Resolve mutations for :react-native-screens:processReleaseJavaRes (Thread[Execution worker Thread 7,5,main]) started.
:react-native-screens:processReleaseJavaRes (Thread[Execution worker Thread 7,5,main]) started.

> Task :react-native-screens:processReleaseJavaRes UP-TO-DATE
file or directory '/Users/oem/Projects/KapraDaily/node_modules/react-native-screens/android/src/main/resources', not found
file or directory '/Users/oem/Projects/KapraDaily/node_modules/react-native-screens/android/src/release/resources', not found
file or directory '/Users/oem/Projects/KapraDaily/node_modules/react-native-screens/android/src/main/resources', not found
file or directory '/Users/oem/Projects/KapraDaily/node_modules/react-native-screens/android/src/release/resources', not found
Caching disabled for task ':react-native-screens:processReleaseJavaRes' because:
  Build cache is disabled
  Caching has been disabled for the task
Skipping task ':react-native-screens:processReleaseJavaRes' as it is up-to-date.
work action resolve out (project :react-native-screens) (Thread[Execution worker Thread 7,5,main]) started.
Resolve mutations for :react-native-screens:createFullJarRelease (Thread[Execution worker Thread 7,5,main]) started.
:react-native-screens:createFullJarRelease (Thread[Execution worker Thread 7,5,main]) started.

> Task :react-native-screens:createFullJarRelease UP-TO-DATE
Caching disabled for task ':react-native-screens:createFullJarRelease' because:
  Build cache is disabled
  Simple merging task
Skipping task ':react-native-screens:createFullJarRelease' as it is up-to-date.
work action resolve full.jar (project :react-native-screens) (Thread[Execution worker Thread 7,5,main]) started.
work action resolve full.jar (project :react-native-screens) (Thread[Execution worker Thread 7,5,main]) started.
Resolve mutations for :react-native-screens:extractProguardFiles (Thread[Execution worker Thread 7,5,main]) started.
:react-native-screens:extractProguardFiles (Thread[Execution worker Thread 7,5,main]) started.

> Task :react-native-screens:extractProguardFiles UP-TO-DATE
Caching disabled for task ':react-native-screens:extractProguardFiles' because:
  Build cache is disabled
  Fast task
Skipping task ':react-native-screens:extractProguardFiles' as it is up-to-date.
Resolve mutations for :react-native-screens:generateReleaseLintModel (Thread[Execution worker Thread 7,5,main]) started.
:react-native-screens:generateReleaseLintModel (Thread[Execution worker Thread 7,5,main]) started.

> Task :react-native-screens:generateReleaseLintModel UP-TO-DATE
Caching disabled for task ':react-native-screens:generateReleaseLintModel' because:
  Build cache is disabled
  Caching has been disabled for the task
Skipping task ':react-native-screens:generateReleaseLintModel' as it is up-to-date.
work action resolve generateReleaseLintModel (project :react-native-screens) (Thread[Execution worker Thread 7,5,main]) started.
work action resolve generateReleaseLintModel (project :react-native-screens) (Thread[Execution worker Thread 7,5,main]) started.
Resolve mutations for :react-native-screens:prepareLintJarForPublish (Thread[Execution worker Thread 7,5,main]) started.
:react-native-screens:prepareLintJarForPublish (Thread[Execution worker Thread 7,5,main]) started.

> Task :react-native-screens:prepareLintJarForPublish UP-TO-DATE
Caching disabled for task ':react-native-screens:prepareLintJarForPublish' because:
  Build cache is disabled
  Caching has been disabled for the task
Skipping task ':react-native-screens:prepareLintJarForPublish' as it is up-to-date.
work action resolve lint.jar (project :react-native-screens) (Thread[Execution worker Thread 7,5,main]) started.
work action resolve lint.jar (project :react-native-screens) (Thread[Execution worker Thread 7,5,main]) started.
Resolve mutations for :react-native-svg:processReleaseJavaRes (Thread[Execution worker Thread 7,5,main]) started.
:react-native-svg:processReleaseJavaRes (Thread[Execution worker Thread 7,5,main]) started.

> Task :react-native-svg:processReleaseJavaRes NO-SOURCE
file or directory '/Users/oem/Projects/KapraDaily/node_modules/react-native-svg/android/src/main/resources', not found
file or directory '/Users/oem/Projects/KapraDaily/node_modules/react-native-svg/android/src/release/resources', not found
Skipping task ':react-native-svg:processReleaseJavaRes' as it has no source files and no previous output files.
work action resolve out (project :react-native-svg) (Thread[Execution worker Thread 7,5,main]) started.
Resolve mutations for :react-native-svg:createFullJarRelease (Thread[Execution worker Thread 7,5,main]) started.
:react-native-svg:createFullJarRelease (Thread[Execution worker Thread 7,5,main]) started.

> Task :react-native-svg:createFullJarRelease UP-TO-DATE
Caching disabled for task ':react-native-svg:createFullJarRelease' because:
  Build cache is disabled
  Simple merging task
Skipping task ':react-native-svg:createFullJarRelease' as it is up-to-date.
work action resolve full.jar (project :react-native-svg) (Thread[Execution worker Thread 7,5,main]) started.
work action resolve full.jar (project :react-native-svg) (Thread[Execution worker Thread 7,5,main]) started.
Resolve mutations for :react-native-svg:extractProguardFiles (Thread[Execution worker Thread 7,5,main]) started.
:react-native-svg:extractProguardFiles (Thread[Execution worker Thread 7,5,main]) started.

> Task :react-native-svg:extractProguardFiles UP-TO-DATE
Caching disabled for task ':react-native-svg:extractProguardFiles' because:
  Build cache is disabled
  Fast task
Skipping task ':react-native-svg:extractProguardFiles' as it is up-to-date.
Resolve mutations for :react-native-svg:generateReleaseLintModel (Thread[Execution worker Thread 7,5,main]) started.
:react-native-svg:generateReleaseLintModel (Thread[Execution worker Thread 7,5,main]) started.

> Task :react-native-svg:generateReleaseLintModel UP-TO-DATE
Caching disabled for task ':react-native-svg:generateReleaseLintModel' because:
  Build cache is disabled
  Caching has been disabled for the task
Skipping task ':react-native-svg:generateReleaseLintModel' as it is up-to-date.
work action resolve generateReleaseLintModel (project :react-native-svg) (Thread[Execution worker Thread 7,5,main]) started.
work action resolve generateReleaseLintModel (project :react-native-svg) (Thread[Execution worker Thread 7,5,main]) started.
Resolve mutations for :react-native-svg:prepareLintJarForPublish (Thread[Execution worker Thread 7,5,main]) started.
:react-native-svg:prepareLintJarForPublish (Thread[Execution worker Thread 7,5,main]) started.

> Task :react-native-svg:prepareLintJarForPublish UP-TO-DATE
Caching disabled for task ':react-native-svg:prepareLintJarForPublish' because:
  Build cache is disabled
  Caching has been disabled for the task
Skipping task ':react-native-svg:prepareLintJarForPublish' as it is up-to-date.
work action resolve lint.jar (project :react-native-svg) (Thread[Execution worker Thread 7,5,main]) started.
work action resolve lint.jar (project :react-native-svg) (Thread[Execution worker Thread 7,5,main]) started.
Resolve mutations for :react-native-vector-icons:processReleaseJavaRes (Thread[Execution worker Thread 7,5,main]) started.
:react-native-vector-icons:processReleaseJavaRes (Thread[Execution worker Thread 7,5,main]) started.

> Task :react-native-vector-icons:processReleaseJavaRes NO-SOURCE
file or directory '/Users/oem/Projects/KapraDaily/node_modules/react-native-vector-icons/android/src/main/resources', not found
file or directory '/Users/oem/Projects/KapraDaily/node_modules/react-native-vector-icons/android/src/release/resources', not found
Skipping task ':react-native-vector-icons:processReleaseJavaRes' as it has no source files and no previous output files.
work action resolve out (project :react-native-vector-icons) (Thread[Execution worker Thread 7,5,main]) started.
Resolve mutations for :react-native-vector-icons:createFullJarRelease (Thread[Execution worker Thread 7,5,main]) started.
:react-native-vector-icons:createFullJarRelease (Thread[Execution worker Thread 7,5,main]) started.

> Task :react-native-vector-icons:createFullJarRelease UP-TO-DATE
Caching disabled for task ':react-native-vector-icons:createFullJarRelease' because:
  Build cache is disabled
  Simple merging task
Skipping task ':react-native-vector-icons:createFullJarRelease' as it is up-to-date.
work action resolve full.jar (project :react-native-vector-icons) (Thread[Execution worker Thread 7,5,main]) started.
work action resolve full.jar (project :react-native-vector-icons) (Thread[Execution worker Thread 7,5,main]) started.
Resolve mutations for :react-native-vector-icons:extractProguardFiles (Thread[Execution worker Thread 7,5,main]) started.
:react-native-vector-icons:extractProguardFiles (Thread[Execution worker Thread 7,5,main]) started.

> Task :react-native-vector-icons:extractProguardFiles UP-TO-DATE
Caching disabled for task ':react-native-vector-icons:extractProguardFiles' because:
  Build cache is disabled
  Fast task
Skipping task ':react-native-vector-icons:extractProguardFiles' as it is up-to-date.
Resolve mutations for :react-native-vector-icons:generateReleaseLintModel (Thread[Execution worker Thread 7,5,main]) started.
:react-native-vector-icons:generateReleaseLintModel (Thread[Execution worker Thread 7,5,main]) started.

> Task :react-native-vector-icons:generateReleaseLintModel UP-TO-DATE
Caching disabled for task ':react-native-vector-icons:generateReleaseLintModel' because:
  Build cache is disabled
  Caching has been disabled for the task
Skipping task ':react-native-vector-icons:generateReleaseLintModel' as it is up-to-date.
work action resolve generateReleaseLintModel (project :react-native-vector-icons) (Thread[Execution worker Thread 7,5,main]) started.
work action resolve generateReleaseLintModel (project :react-native-vector-icons) (Thread[Execution worker Thread 7,5,main]) started.
Resolve mutations for :react-native-vector-icons:prepareLintJarForPublish (Thread[Execution worker Thread 7,5,main]) started.
:react-native-vector-icons:prepareLintJarForPublish (Thread[Execution worker Thread 7,5,main]) started.

> Task :react-native-vector-icons:prepareLintJarForPublish UP-TO-DATE
Caching disabled for task ':react-native-vector-icons:prepareLintJarForPublish' because:
  Build cache is disabled
  Caching has been disabled for the task
Skipping task ':react-native-vector-icons:prepareLintJarForPublish' as it is up-to-date.
work action resolve lint.jar (project :react-native-vector-icons) (Thread[Execution worker Thread 7,5,main]) started.
work action resolve lint.jar (project :react-native-vector-icons) (Thread[Execution worker Thread 7,5,main]) started.
Resolve mutations for :lottie-react-native:stripReleaseDebugSymbols (Thread[Execution worker Thread 7,5,main]) started.
:lottie-react-native:stripReleaseDebugSymbols (Thread[Execution worker Thread 7,5,main]) started.

> Task :lottie-react-native:stripReleaseDebugSymbols NO-SOURCE
Skipping task ':lottie-react-native:stripReleaseDebugSymbols' as it has no source files and no previous output files.
Resolve mutations for :lottie-react-native:copyReleaseJniLibsProjectAndLocalJars (Thread[Execution worker Thread 7,5,main]) started.
:lottie-react-native:copyReleaseJniLibsProjectAndLocalJars (Thread[Execution worker Thread 7,5,main]) started.

> Task :lottie-react-native:copyReleaseJniLibsProjectAndLocalJars UP-TO-DATE
Caching disabled for task ':lottie-react-native:copyReleaseJniLibsProjectAndLocalJars' because:
  Build cache is disabled
  Caching has been disabled for the task
Skipping task ':lottie-react-native:copyReleaseJniLibsProjectAndLocalJars' as it is up-to-date.
Resolve mutations for :lottie-react-native:extractDeepLinksForAarRelease (Thread[Execution worker Thread 7,5,main]) started.
:lottie-react-native:extractDeepLinksForAarRelease (Thread[Execution worker Thread 7,5,main]) started.

> Task :lottie-react-native:extractDeepLinksForAarRelease UP-TO-DATE
Caching disabled for task ':lottie-react-native:extractDeepLinksForAarRelease' because:
  Build cache is disabled
Skipping task ':lottie-react-native:extractDeepLinksForAarRelease' as it is up-to-date.
Resolve mutations for :lottie-react-native:extractReleaseAnnotations (Thread[Execution worker Thread 7,5,main]) started.
:lottie-react-native:extractReleaseAnnotations (Thread[Execution worker Thread 7,5,main]) started.

> Task :lottie-react-native:extractReleaseAnnotations UP-TO-DATE
Caching disabled for task ':lottie-react-native:extractReleaseAnnotations' because:
  Build cache is disabled
Skipping task ':lottie-react-native:extractReleaseAnnotations' as it is up-to-date.
Resolve mutations for :lottie-react-native:mergeReleaseGeneratedProguardFiles (Thread[Execution worker Thread 7,5,main]) started.
:lottie-react-native:mergeReleaseGeneratedProguardFiles (Thread[Execution worker Thread 7,5,main]) started.

> Task :lottie-react-native:mergeReleaseGeneratedProguardFiles UP-TO-DATE
Caching disabled for task ':lottie-react-native:mergeReleaseGeneratedProguardFiles' because:
  Build cache is disabled
  Simple merging task
Skipping task ':lottie-react-native:mergeReleaseGeneratedProguardFiles' as it is up-to-date.
Resolve mutations for :lottie-react-native:mergeReleaseConsumerProguardFiles (Thread[Execution worker Thread 7,5,main]) started.
:lottie-react-native:mergeReleaseConsumerProguardFiles (Thread[Execution worker Thread 7,5,main]) started.

> Task :lottie-react-native:mergeReleaseConsumerProguardFiles UP-TO-DATE
Caching disabled for task ':lottie-react-native:mergeReleaseConsumerProguardFiles' because:
  Build cache is disabled
  Simple merging task
Skipping task ':lottie-react-native:mergeReleaseConsumerProguardFiles' as it is up-to-date.
Resolve mutations for :lottie-react-native:mergeReleaseJavaResource (Thread[Execution worker Thread 7,5,main]) started.
:lottie-react-native:mergeReleaseJavaResource (Thread[Execution worker Thread 7,5,main]) started.

> Task :lottie-react-native:mergeReleaseJavaResource UP-TO-DATE
Caching disabled for task ':lottie-react-native:mergeReleaseJavaResource' because:
  Build cache is disabled
  Caching has been disabled for the task
Skipping task ':lottie-react-native:mergeReleaseJavaResource' as it is up-to-date.
Resolve mutations for :lottie-react-native:syncReleaseLibJars (Thread[Execution worker Thread 7,5,main]) started.
:lottie-react-native:syncReleaseLibJars (Thread[Execution worker Thread 7,5,main]) started.

> Task :lottie-react-native:syncReleaseLibJars UP-TO-DATE
Caching disabled for task ':lottie-react-native:syncReleaseLibJars' because:
  Build cache is disabled
Skipping task ':lottie-react-native:syncReleaseLibJars' as it is up-to-date.
Resolve mutations for :lottie-react-native:bundleReleaseLocalLintAar (Thread[Execution worker Thread 7,5,main]) started.
:lottie-react-native:bundleReleaseLocalLintAar (Thread[Execution worker Thread 7,5,main]) started.

> Task :lottie-react-native:bundleReleaseLocalLintAar UP-TO-DATE
Caching disabled for task ':lottie-react-native:bundleReleaseLocalLintAar' because:
  Build cache is disabled
  Caching has been disabled for the task
Skipping task ':lottie-react-native:bundleReleaseLocalLintAar' as it is up-to-date.
work action resolve out.aar (project :lottie-react-native) (Thread[Execution worker Thread 7,5,main]) started.
work action resolve out.aar (project :lottie-react-native) (Thread[Execution worker Thread 7,5,main]) started.
ExtractAarTransform (Thread[Execution worker Thread 7,5,main]) started.
Resolve mutations for :react-native-maps:stripReleaseDebugSymbols (Thread[Execution worker Thread 5,5,main]) started.
ExtractAarTransform (Thread[Execution worker Thread 4,5,main]) started.
:react-native-maps:stripReleaseDebugSymbols (Thread[Execution worker Thread 5,5,main]) started.

> Task :react-native-maps:stripReleaseDebugSymbols NO-SOURCE
Skipping task ':react-native-maps:stripReleaseDebugSymbols' as it has no source files and no previous output files.
Resolve mutations for :react-native-maps:copyReleaseJniLibsProjectAndLocalJars (Thread[Execution worker Thread 5,5,main]) started.
:react-native-maps:copyReleaseJniLibsProjectAndLocalJars (Thread[Execution worker Thread 5,5,main]) started.

> Task :react-native-maps:copyReleaseJniLibsProjectAndLocalJars UP-TO-DATE
Caching disabled for task ':react-native-maps:copyReleaseJniLibsProjectAndLocalJars' because:
  Build cache is disabled
  Caching has been disabled for the task
Skipping task ':react-native-maps:copyReleaseJniLibsProjectAndLocalJars' as it is up-to-date.
Resolve mutations for :react-native-maps:extractDeepLinksForAarRelease (Thread[Execution worker Thread 5,5,main]) started.
:react-native-maps:extractDeepLinksForAarRelease (Thread[Execution worker Thread 5,5,main]) started.

> Task :react-native-maps:extractDeepLinksForAarRelease UP-TO-DATE
Caching disabled for task ':react-native-maps:extractDeepLinksForAarRelease' because:
  Build cache is disabled
Skipping task ':react-native-maps:extractDeepLinksForAarRelease' as it is up-to-date.
Resolve mutations for :react-native-maps:extractReleaseAnnotations (Thread[Execution worker Thread 5,5,main]) started.
:react-native-maps:extractReleaseAnnotations (Thread[Execution worker Thread 5,5,main]) started.

> Task :react-native-maps:extractReleaseAnnotations UP-TO-DATE
Caching disabled for task ':react-native-maps:extractReleaseAnnotations' because:
  Build cache is disabled
Skipping task ':react-native-maps:extractReleaseAnnotations' as it is up-to-date.
Resolve mutations for :react-native-maps:mergeReleaseGeneratedProguardFiles (Thread[Execution worker Thread 5,5,main]) started.
:react-native-maps:mergeReleaseGeneratedProguardFiles (Thread[Execution worker Thread 5,5,main]) started.

> Task :react-native-maps:mergeReleaseGeneratedProguardFiles UP-TO-DATE
Caching disabled for task ':react-native-maps:mergeReleaseGeneratedProguardFiles' because:
  Build cache is disabled
  Simple merging task
Skipping task ':react-native-maps:mergeReleaseGeneratedProguardFiles' as it is up-to-date.
Resolve mutations for :react-native-maps:mergeReleaseConsumerProguardFiles (Thread[Execution worker Thread 5,5,main]) started.
:react-native-maps:mergeReleaseConsumerProguardFiles (Thread[Execution worker,5,main]) started.

> Task :react-native-maps:mergeReleaseConsumerProguardFiles UP-TO-DATE
Caching disabled for task ':react-native-maps:mergeReleaseConsumerProguardFiles' because:
  Build cache is disabled
  Simple merging task
Skipping task ':react-native-maps:mergeReleaseConsumerProguardFiles' as it is up-to-date.
Resolve mutations for :react-native-maps:mergeReleaseJavaResource (Thread[Execution worker,5,main]) started.
:react-native-maps:mergeReleaseJavaResource (Thread[Execution worker,5,main]) started.

> Task :react-native-maps:mergeReleaseJavaResource UP-TO-DATE
Caching disabled for task ':react-native-maps:mergeReleaseJavaResource' because:
  Build cache is disabled
  Caching has been disabled for the task
Skipping task ':react-native-maps:mergeReleaseJavaResource' as it is up-to-date.
Resolve mutations for :react-native-maps:syncReleaseLibJars (Thread[Execution worker,5,main]) started.
:react-native-maps:syncReleaseLibJars (Thread[Execution worker,5,main]) started.

> Task :react-native-maps:syncReleaseLibJars UP-TO-DATE
Caching disabled for task ':react-native-maps:syncReleaseLibJars' because:
  Build cache is disabled
Skipping task ':react-native-maps:syncReleaseLibJars' as it is up-to-date.
Resolve mutations for :react-native-maps:bundleReleaseLocalLintAar (Thread[Execution worker,5,main]) started.
:react-native-maps:bundleReleaseLocalLintAar (Thread[Execution worker,5,main]) started.

> Task :react-native-maps:bundleReleaseLocalLintAar UP-TO-DATE
Caching disabled for task ':react-native-maps:bundleReleaseLocalLintAar' because:
  Build cache is disabled
  Caching has been disabled for the task
Skipping task ':react-native-maps:bundleReleaseLocalLintAar' as it is up-to-date.
work action resolve out.aar (project :react-native-maps) (Thread[Execution worker,5,main]) started.
work action resolve out.aar (project :react-native-maps) (Thread[Execution worker,5,main]) started.
ExtractAarTransform (Thread[Execution worker,5,main]) started.
Resolve mutations for :react-native-permissions:stripReleaseDebugSymbols (Thread[Execution worker Thread 5,5,main]) started.
ExtractAarTransform (Thread[Execution worker Thread 4,5,main]) started.
:react-native-permissions:stripReleaseDebugSymbols (Thread[Execution worker Thread 5,5,main]) started.

> Task :react-native-permissions:stripReleaseDebugSymbols NO-SOURCE
Skipping task ':react-native-permissions:stripReleaseDebugSymbols' as it has no source files and no previous output files.
Resolve mutations for :react-native-permissions:copyReleaseJniLibsProjectAndLocalJars (Thread[Execution worker Thread 5,5,main]) started.
:react-native-permissions:copyReleaseJniLibsProjectAndLocalJars (Thread[Execution worker Thread 5,5,main]) started.

> Task :react-native-permissions:copyReleaseJniLibsProjectAndLocalJars UP-TO-DATE
Caching disabled for task ':react-native-permissions:copyReleaseJniLibsProjectAndLocalJars' because:
  Build cache is disabled
  Caching has been disabled for the task
Skipping task ':react-native-permissions:copyReleaseJniLibsProjectAndLocalJars' as it is up-to-date.
Resolve mutations for :react-native-permissions:extractDeepLinksForAarRelease (Thread[Execution worker Thread 5,5,main]) started.
:react-native-permissions:extractDeepLinksForAarRelease (Thread[Execution worker Thread 5,5,main]) started.

> Task :react-native-permissions:extractDeepLinksForAarRelease UP-TO-DATE
Caching disabled for task ':react-native-permissions:extractDeepLinksForAarRelease' because:
  Build cache is disabled
Skipping task ':react-native-permissions:extractDeepLinksForAarRelease' as it is up-to-date.
Resolve mutations for :react-native-permissions:extractReleaseAnnotations (Thread[Execution worker Thread 5,5,main]) started.
:react-native-permissions:extractReleaseAnnotations (Thread[Execution worker Thread 5,5,main]) started.

> Task :react-native-permissions:extractReleaseAnnotations UP-TO-DATE
Caching disabled for task ':react-native-permissions:extractReleaseAnnotations' because:
  Build cache is disabled
Skipping task ':react-native-permissions:extractReleaseAnnotations' as it is up-to-date.
Resolve mutations for :react-native-permissions:mergeReleaseGeneratedProguardFiles (Thread[Execution worker Thread 5,5,main]) started.
:react-native-permissions:mergeReleaseGeneratedProguardFiles (Thread[Execution worker Thread 5,5,main]) started.

> Task :react-native-permissions:mergeReleaseGeneratedProguardFiles UP-TO-DATE
Caching disabled for task ':react-native-permissions:mergeReleaseGeneratedProguardFiles' because:
  Build cache is disabled
  Simple merging task
Skipping task ':react-native-permissions:mergeReleaseGeneratedProguardFiles' as it is up-to-date.
Resolve mutations for :react-native-permissions:mergeReleaseConsumerProguardFiles (Thread[Execution worker Thread 5,5,main]) started.
:react-native-permissions:mergeReleaseConsumerProguardFiles (Thread[Execution worker Thread 5,5,main]) started.

> Task :react-native-permissions:mergeReleaseConsumerProguardFiles UP-TO-DATE
Caching disabled for task ':react-native-permissions:mergeReleaseConsumerProguardFiles' because:
  Build cache is disabled
  Simple merging task
Skipping task ':react-native-permissions:mergeReleaseConsumerProguardFiles' as it is up-to-date.
Resolve mutations for :react-native-permissions:mergeReleaseJavaResource (Thread[Execution worker Thread 5,5,main]) started.
:react-native-permissions:mergeReleaseJavaResource (Thread[Execution worker Thread 5,5,main]) started.

> Task :react-native-permissions:mergeReleaseJavaResource UP-TO-DATE
Caching disabled for task ':react-native-permissions:mergeReleaseJavaResource' because:
  Build cache is disabled
  Caching has been disabled for the task
Skipping task ':react-native-permissions:mergeReleaseJavaResource' as it is up-to-date.
Resolve mutations for :react-native-permissions:syncReleaseLibJars (Thread[Execution worker Thread 5,5,main]) started.
:react-native-permissions:syncReleaseLibJars (Thread[Execution worker Thread 5,5,main]) started.

> Task :react-native-permissions:syncReleaseLibJars UP-TO-DATE
Caching disabled for task ':react-native-permissions:syncReleaseLibJars' because:
  Build cache is disabled
Skipping task ':react-native-permissions:syncReleaseLibJars' as it is up-to-date.
Resolve mutations for :react-native-permissions:bundleReleaseLocalLintAar (Thread[Execution worker Thread 5,5,main]) started.
:react-native-permissions:bundleReleaseLocalLintAar (Thread[Execution worker Thread 5,5,main]) started.

> Task :react-native-permissions:bundleReleaseLocalLintAar UP-TO-DATE
Caching disabled for task ':react-native-permissions:bundleReleaseLocalLintAar' because:
  Build cache is disabled
  Caching has been disabled for the task
Skipping task ':react-native-permissions:bundleReleaseLocalLintAar' as it is up-to-date.
work action resolve out.aar (project :react-native-permissions) (Thread[Execution worker Thread 7,5,main]) started.
ExtractAarTransform (Thread[Execution worker Thread 5,5,main]) started.
work action resolve out.aar (project :react-native-permissions) (Thread[Execution worker Thread 7,5,main]) started.
Resolve mutations for :react-native-safe-area-context:stripReleaseDebugSymbols (Thread[Execution worker Thread 7,5,main]) started.
ExtractAarTransform (Thread[Execution worker Thread 4,5,main]) started.
:react-native-safe-area-context:stripReleaseDebugSymbols (Thread[Execution worker Thread 7,5,main]) started.

> Task :react-native-safe-area-context:stripReleaseDebugSymbols NO-SOURCE
Skipping task ':react-native-safe-area-context:stripReleaseDebugSymbols' as it has no source files and no previous output files.
Resolve mutations for :react-native-safe-area-context:copyReleaseJniLibsProjectAndLocalJars (Thread[Execution worker Thread 7,5,main]) started.
:react-native-safe-area-context:copyReleaseJniLibsProjectAndLocalJars (Thread[Execution worker Thread 7,5,main]) started.

> Task :react-native-safe-area-context:copyReleaseJniLibsProjectAndLocalJars UP-TO-DATE
Caching disabled for task ':react-native-safe-area-context:copyReleaseJniLibsProjectAndLocalJars' because:
  Build cache is disabled
  Caching has been disabled for the task
Skipping task ':react-native-safe-area-context:copyReleaseJniLibsProjectAndLocalJars' as it is up-to-date.
Resolve mutations for :react-native-safe-area-context:extractDeepLinksForAarRelease (Thread[Execution worker Thread 7,5,main]) started.
:react-native-safe-area-context:extractDeepLinksForAarRelease (Thread[Execution worker Thread 7,5,main]) started.

> Task :react-native-safe-area-context:extractDeepLinksForAarRelease UP-TO-DATE
Caching disabled for task ':react-native-safe-area-context:extractDeepLinksForAarRelease' because:
  Build cache is disabled
Skipping task ':react-native-safe-area-context:extractDeepLinksForAarRelease' as it is up-to-date.
Resolve mutations for :react-native-safe-area-context:extractReleaseAnnotations (Thread[Execution worker Thread 7,5,main]) started.
:react-native-safe-area-context:extractReleaseAnnotations (Thread[Execution worker Thread 7,5,main]) started.

> Task :react-native-safe-area-context:extractReleaseAnnotations UP-TO-DATE
Caching disabled for task ':react-native-safe-area-context:extractReleaseAnnotations' because:
  Build cache is disabled
Skipping task ':react-native-safe-area-context:extractReleaseAnnotations' as it is up-to-date.
Resolve mutations for :react-native-safe-area-context:mergeReleaseGeneratedProguardFiles (Thread[Execution worker Thread 7,5,main]) started.
:react-native-safe-area-context:mergeReleaseGeneratedProguardFiles (Thread[Execution worker Thread 7,5,main]) started.

> Task :react-native-safe-area-context:mergeReleaseGeneratedProguardFiles UP-TO-DATE
Caching disabled for task ':react-native-safe-area-context:mergeReleaseGeneratedProguardFiles' because:
  Build cache is disabled
  Simple merging task
Skipping task ':react-native-safe-area-context:mergeReleaseGeneratedProguardFiles' as it is up-to-date.
Resolve mutations for :react-native-safe-area-context:mergeReleaseConsumerProguardFiles (Thread[Execution worker Thread 7,5,main]) started.
:react-native-safe-area-context:mergeReleaseConsumerProguardFiles (Thread[Execution worker Thread 7,5,main]) started.

> Task :react-native-safe-area-context:mergeReleaseConsumerProguardFiles UP-TO-DATE
Caching disabled for task ':react-native-safe-area-context:mergeReleaseConsumerProguardFiles' because:
  Build cache is disabled
  Simple merging task
Skipping task ':react-native-safe-area-context:mergeReleaseConsumerProguardFiles' as it is up-to-date.
Resolve mutations for :react-native-safe-area-context:mergeReleaseJavaResource (Thread[Execution worker Thread 7,5,main]) started.
:react-native-safe-area-context:mergeReleaseJavaResource (Thread[Execution worker Thread 7,5,main]) started.

> Task :react-native-safe-area-context:mergeReleaseJavaResource UP-TO-DATE
Caching disabled for task ':react-native-safe-area-context:mergeReleaseJavaResource' because:
  Build cache is disabled
  Caching has been disabled for the task
Skipping task ':react-native-safe-area-context:mergeReleaseJavaResource' as it is up-to-date.
Resolve mutations for :react-native-safe-area-context:syncReleaseLibJars (Thread[Execution worker Thread 7,5,main]) started.
:react-native-safe-area-context:syncReleaseLibJars (Thread[Execution worker Thread 7,5,main]) started.

> Task :react-native-safe-area-context:syncReleaseLibJars UP-TO-DATE
Caching disabled for task ':react-native-safe-area-context:syncReleaseLibJars' because:
  Build cache is disabled
Skipping task ':react-native-safe-area-context:syncReleaseLibJars' as it is up-to-date.
Resolve mutations for :react-native-safe-area-context:bundleReleaseLocalLintAar (Thread[Execution worker Thread 7,5,main]) started.
:react-native-safe-area-context:bundleReleaseLocalLintAar (Thread[Execution worker Thread 7,5,main]) started.

> Task :react-native-safe-area-context:bundleReleaseLocalLintAar UP-TO-DATE
Caching disabled for task ':react-native-safe-area-context:bundleReleaseLocalLintAar' because:
  Build cache is disabled
  Caching has been disabled for the task
Skipping task ':react-native-safe-area-context:bundleReleaseLocalLintAar' as it is up-to-date.
work action resolve out.aar (project :react-native-safe-area-context) (Thread[Execution worker Thread 7,5,main]) started.
work action resolve out.aar (project :react-native-safe-area-context) (Thread[Execution worker Thread 7,5,main]) started.
ExtractAarTransform (Thread[Execution worker Thread 5,5,main]) started.
ExtractAarTransform (Thread[included builds,5,main]) started.
Resolve mutations for :react-native-screens:stripReleaseDebugSymbols (Thread[Execution worker Thread 7,5,main]) started.
:react-native-screens:stripReleaseDebugSymbols (Thread[Execution worker Thread 5,5,main]) started.

> Task :react-native-screens:stripReleaseDebugSymbols UP-TO-DATE
Caching disabled for task ':react-native-screens:stripReleaseDebugSymbols' because:
  Build cache is disabled
  Caching has been disabled for the task
Skipping task ':react-native-screens:stripReleaseDebugSymbols' as it is up-to-date.
Resolve mutations for :react-native-screens:copyReleaseJniLibsProjectAndLocalJars (Thread[Execution worker Thread 5,5,main]) started.
:react-native-screens:copyReleaseJniLibsProjectAndLocalJars (Thread[included builds,5,main]) started.

> Task :react-native-screens:copyReleaseJniLibsProjectAndLocalJars UP-TO-DATE
Caching disabled for task ':react-native-screens:copyReleaseJniLibsProjectAndLocalJars' because:
  Build cache is disabled
  Caching has been disabled for the task
Skipping task ':react-native-screens:copyReleaseJniLibsProjectAndLocalJars' as it is up-to-date.
Resolve mutations for :react-native-screens:extractDeepLinksForAarRelease (Thread[included builds,5,main]) started.
:react-native-screens:extractDeepLinksForAarRelease (Thread[included builds,5,main]) started.

> Task :react-native-screens:extractDeepLinksForAarRelease UP-TO-DATE
Caching disabled for task ':react-native-screens:extractDeepLinksForAarRelease' because:
  Build cache is disabled
Skipping task ':react-native-screens:extractDeepLinksForAarRelease' as it is up-to-date.
Resolve mutations for :react-native-screens:extractReleaseAnnotations (Thread[included builds,5,main]) started.
:react-native-screens:extractReleaseAnnotations (Thread[included builds,5,main]) started.

> Task :react-native-screens:extractReleaseAnnotations UP-TO-DATE
Caching disabled for task ':react-native-screens:extractReleaseAnnotations' because:
  Build cache is disabled
Skipping task ':react-native-screens:extractReleaseAnnotations' as it is up-to-date.
Resolve mutations for :react-native-screens:mergeReleaseGeneratedProguardFiles (Thread[included builds,5,main]) started.
:react-native-screens:mergeReleaseGeneratedProguardFiles (Thread[included builds,5,main]) started.

> Task :react-native-screens:mergeReleaseGeneratedProguardFiles UP-TO-DATE
Caching disabled for task ':react-native-screens:mergeReleaseGeneratedProguardFiles' because:
  Build cache is disabled
  Simple merging task
Skipping task ':react-native-screens:mergeReleaseGeneratedProguardFiles' as it is up-to-date.
Resolve mutations for :react-native-screens:mergeReleaseConsumerProguardFiles (Thread[included builds,5,main]) started.
:react-native-screens:mergeReleaseConsumerProguardFiles (Thread[included builds,5,main]) started.

> Task :react-native-screens:mergeReleaseConsumerProguardFiles UP-TO-DATE
Caching disabled for task ':react-native-screens:mergeReleaseConsumerProguardFiles' because:
  Build cache is disabled
  Simple merging task
Skipping task ':react-native-screens:mergeReleaseConsumerProguardFiles' as it is up-to-date.
Resolve mutations for :react-native-screens:mergeReleaseJavaResource (Thread[included builds,5,main]) started.
:react-native-screens:mergeReleaseJavaResource (Thread[included builds,5,main]) started.

> Task :react-native-screens:mergeReleaseJavaResource UP-TO-DATE
Caching disabled for task ':react-native-screens:mergeReleaseJavaResource' because:
  Build cache is disabled
  Caching has been disabled for the task
Skipping task ':react-native-screens:mergeReleaseJavaResource' as it is up-to-date.
Resolve mutations for :react-native-screens:syncReleaseLibJars (Thread[included builds,5,main]) started.
:react-native-screens:syncReleaseLibJars (Thread[included builds,5,main]) started.

> Task :react-native-screens:syncReleaseLibJars UP-TO-DATE
Caching disabled for task ':react-native-screens:syncReleaseLibJars' because:
  Build cache is disabled
Skipping task ':react-native-screens:syncReleaseLibJars' as it is up-to-date.
Resolve mutations for :react-native-screens:bundleReleaseLocalLintAar (Thread[included builds,5,main]) started.
:react-native-screens:bundleReleaseLocalLintAar (Thread[included builds,5,main]) started.

> Task :react-native-screens:bundleReleaseLocalLintAar UP-TO-DATE
Caching disabled for task ':react-native-screens:bundleReleaseLocalLintAar' because:
  Build cache is disabled
  Caching has been disabled for the task
Skipping task ':react-native-screens:bundleReleaseLocalLintAar' as it is up-to-date.
work action resolve out.aar (project :react-native-screens) (Thread[included builds,5,main]) started.
work action resolve out.aar (project :react-native-screens) (Thread[included builds,5,main]) started.
ExtractAarTransform (Thread[included builds,5,main]) started.
Resolve mutations for :react-native-async-storage_async-storage:stripReleaseDebugSymbols (Thread[included builds,5,main]) started.
:react-native-async-storage_async-storage:stripReleaseDebugSymbols (Thread[included builds,5,main]) started.
ExtractAarTransform (Thread[Execution worker Thread 5,5,main]) started.

> Task :react-native-async-storage_async-storage:stripReleaseDebugSymbols NO-SOURCE
Skipping task ':react-native-async-storage_async-storage:stripReleaseDebugSymbols' as it has no source files and no previous output files.
Resolve mutations for :react-native-async-storage_async-storage:copyReleaseJniLibsProjectAndLocalJars (Thread[included builds,5,main]) started.
:react-native-async-storage_async-storage:copyReleaseJniLibsProjectAndLocalJars (Thread[included builds,5,main]) started.

> Task :react-native-async-storage_async-storage:copyReleaseJniLibsProjectAndLocalJars UP-TO-DATE
Caching disabled for task ':react-native-async-storage_async-storage:copyReleaseJniLibsProjectAndLocalJars' because:
  Build cache is disabled
  Caching has been disabled for the task
Skipping task ':react-native-async-storage_async-storage:copyReleaseJniLibsProjectAndLocalJars' as it is up-to-date.
Resolve mutations for :react-native-async-storage_async-storage:extractDeepLinksForAarRelease (Thread[included builds,5,main]) started.
:react-native-async-storage_async-storage:extractDeepLinksForAarRelease (Thread[included builds,5,main]) started.

> Task :react-native-async-storage_async-storage:extractDeepLinksForAarRelease UP-TO-DATE
Caching disabled for task ':react-native-async-storage_async-storage:extractDeepLinksForAarRelease' because:
  Build cache is disabled
Skipping task ':react-native-async-storage_async-storage:extractDeepLinksForAarRelease' as it is up-to-date.
Resolve mutations for :react-native-async-storage_async-storage:extractReleaseAnnotations (Thread[included builds,5,main]) started.
:react-native-async-storage_async-storage:extractReleaseAnnotations (Thread[included builds,5,main]) started.

> Task :react-native-async-storage_async-storage:extractReleaseAnnotations UP-TO-DATE
Caching disabled for task ':react-native-async-storage_async-storage:extractReleaseAnnotations' because:
  Build cache is disabled
Skipping task ':react-native-async-storage_async-storage:extractReleaseAnnotations' as it is up-to-date.
Resolve mutations for :react-native-async-storage_async-storage:mergeReleaseGeneratedProguardFiles (Thread[included builds,5,main]) started.
:react-native-async-storage_async-storage:mergeReleaseGeneratedProguardFiles (Thread[included builds,5,main]) started.

> Task :react-native-async-storage_async-storage:mergeReleaseGeneratedProguardFiles UP-TO-DATE
Caching disabled for task ':react-native-async-storage_async-storage:mergeReleaseGeneratedProguardFiles' because:
  Build cache is disabled
  Simple merging task
Skipping task ':react-native-async-storage_async-storage:mergeReleaseGeneratedProguardFiles' as it is up-to-date.
Resolve mutations for :react-native-async-storage_async-storage:mergeReleaseConsumerProguardFiles (Thread[included builds,5,main]) started.
:react-native-async-storage_async-storage:mergeReleaseConsumerProguardFiles (Thread[included builds,5,main]) started.

> Task :react-native-async-storage_async-storage:mergeReleaseConsumerProguardFiles UP-TO-DATE
Caching disabled for task ':react-native-async-storage_async-storage:mergeReleaseConsumerProguardFiles' because:
  Build cache is disabled
  Simple merging task
Skipping task ':react-native-async-storage_async-storage:mergeReleaseConsumerProguardFiles' as it is up-to-date.
Resolve mutations for :react-native-async-storage_async-storage:mergeReleaseJavaResource (Thread[included builds,5,main]) started.
:react-native-async-storage_async-storage:mergeReleaseJavaResource (Thread[included builds,5,main]) started.

> Task :react-native-async-storage_async-storage:mergeReleaseJavaResource UP-TO-DATE
Caching disabled for task ':react-native-async-storage_async-storage:mergeReleaseJavaResource' because:
  Build cache is disabled
  Caching has been disabled for the task
Skipping task ':react-native-async-storage_async-storage:mergeReleaseJavaResource' as it is up-to-date.
Resolve mutations for :react-native-async-storage_async-storage:syncReleaseLibJars (Thread[included builds,5,main]) started.
:react-native-async-storage_async-storage:syncReleaseLibJars (Thread[included builds,5,main]) started.

> Task :react-native-async-storage_async-storage:syncReleaseLibJars UP-TO-DATE
Caching disabled for task ':react-native-async-storage_async-storage:syncReleaseLibJars' because:
  Build cache is disabled
Skipping task ':react-native-async-storage_async-storage:syncReleaseLibJars' as it is up-to-date.
Resolve mutations for :react-native-async-storage_async-storage:bundleReleaseLocalLintAar (Thread[included builds,5,main]) started.
:react-native-async-storage_async-storage:bundleReleaseLocalLintAar (Thread[included builds,5,main]) started.

> Task :react-native-async-storage_async-storage:bundleReleaseLocalLintAar UP-TO-DATE
Caching disabled for task ':react-native-async-storage_async-storage:bundleReleaseLocalLintAar' because:
  Build cache is disabled
  Caching has been disabled for the task
Skipping task ':react-native-async-storage_async-storage:bundleReleaseLocalLintAar' as it is up-to-date.
work action resolve out.aar (project :react-native-async-storage_async-storage) (Thread[included builds,5,main]) started.
work action resolve out.aar (project :react-native-async-storage_async-storage) (Thread[included builds,5,main]) started.
Resolve mutations for :react-native-community_blur:stripReleaseDebugSymbols (Thread[included builds,5,main]) started.
ExtractAarTransform (Thread[Execution worker Thread 4,5,main]) started.
ExtractAarTransform (Thread[Execution worker,5,main]) started.
:react-native-community_blur:stripReleaseDebugSymbols (Thread[included builds,5,main]) started.

> Task :react-native-community_blur:stripReleaseDebugSymbols NO-SOURCE
Skipping task ':react-native-community_blur:stripReleaseDebugSymbols' as it has no source files and no previous output files.
Resolve mutations for :react-native-community_blur:copyReleaseJniLibsProjectAndLocalJars (Thread[included builds,5,main]) started.
:react-native-community_blur:copyReleaseJniLibsProjectAndLocalJars (Thread[included builds,5,main]) started.

> Task :react-native-community_blur:copyReleaseJniLibsProjectAndLocalJars UP-TO-DATE
Caching disabled for task ':react-native-community_blur:copyReleaseJniLibsProjectAndLocalJars' because:
  Build cache is disabled
  Caching has been disabled for the task
Skipping task ':react-native-community_blur:copyReleaseJniLibsProjectAndLocalJars' as it is up-to-date.
Resolve mutations for :react-native-community_blur:extractDeepLinksForAarRelease (Thread[included builds,5,main]) started.
:react-native-community_blur:extractDeepLinksForAarRelease (Thread[included builds,5,main]) started.

> Task :react-native-community_blur:extractDeepLinksForAarRelease UP-TO-DATE
Caching disabled for task ':react-native-community_blur:extractDeepLinksForAarRelease' because:
  Build cache is disabled
Skipping task ':react-native-community_blur:extractDeepLinksForAarRelease' as it is up-to-date.
Resolve mutations for :react-native-community_blur:extractReleaseAnnotations (Thread[included builds,5,main]) started.
:react-native-community_blur:extractReleaseAnnotations (Thread[included builds,5,main]) started.

> Task :react-native-community_blur:extractReleaseAnnotations UP-TO-DATE
Caching disabled for task ':react-native-community_blur:extractReleaseAnnotations' because:
  Build cache is disabled
Skipping task ':react-native-community_blur:extractReleaseAnnotations' as it is up-to-date.
Resolve mutations for :react-native-community_blur:mergeReleaseGeneratedProguardFiles (Thread[included builds,5,main]) started.
:react-native-community_blur:mergeReleaseGeneratedProguardFiles (Thread[included builds,5,main]) started.

> Task :react-native-community_blur:mergeReleaseGeneratedProguardFiles UP-TO-DATE
Caching disabled for task ':react-native-community_blur:mergeReleaseGeneratedProguardFiles' because:
  Build cache is disabled
  Simple merging task
Skipping task ':react-native-community_blur:mergeReleaseGeneratedProguardFiles' as it is up-to-date.
Resolve mutations for :react-native-community_blur:mergeReleaseConsumerProguardFiles (Thread[included builds,5,main]) started.
:react-native-community_blur:mergeReleaseConsumerProguardFiles (Thread[included builds,5,main]) started.

> Task :react-native-community_blur:mergeReleaseConsumerProguardFiles UP-TO-DATE
Caching disabled for task ':react-native-community_blur:mergeReleaseConsumerProguardFiles' because:
  Build cache is disabled
  Simple merging task
Skipping task ':react-native-community_blur:mergeReleaseConsumerProguardFiles' as it is up-to-date.
Resolve mutations for :react-native-community_blur:mergeReleaseJavaResource (Thread[included builds,5,main]) started.
:react-native-community_blur:mergeReleaseJavaResource (Thread[included builds,5,main]) started.

> Task :react-native-community_blur:mergeReleaseJavaResource UP-TO-DATE
Caching disabled for task ':react-native-community_blur:mergeReleaseJavaResource' because:
  Build cache is disabled
  Caching has been disabled for the task
Skipping task ':react-native-community_blur:mergeReleaseJavaResource' as it is up-to-date.
Resolve mutations for :react-native-community_blur:syncReleaseLibJars (Thread[included builds,5,main]) started.
:react-native-community_blur:syncReleaseLibJars (Thread[included builds,5,main]) started.

> Task :react-native-community_blur:syncReleaseLibJars UP-TO-DATE
Caching disabled for task ':react-native-community_blur:syncReleaseLibJars' because:
  Build cache is disabled
Skipping task ':react-native-community_blur:syncReleaseLibJars' as it is up-to-date.
Resolve mutations for :react-native-community_blur:bundleReleaseLocalLintAar (Thread[included builds,5,main]) started.
:react-native-community_blur:bundleReleaseLocalLintAar (Thread[Execution worker Thread 4,5,main]) started.

> Task :react-native-community_blur:bundleReleaseLocalLintAar UP-TO-DATE
Caching disabled for task ':react-native-community_blur:bundleReleaseLocalLintAar' because:
  Build cache is disabled
  Caching has been disabled for the task
Skipping task ':react-native-community_blur:bundleReleaseLocalLintAar' as it is up-to-date.
work action resolve out.aar (project :react-native-community_blur) (Thread[Execution worker Thread 4,5,main]) started.
work action resolve out.aar (project :react-native-community_blur) (Thread[Execution worker Thread 4,5,main]) started.
ExtractAarTransform (Thread[Execution worker Thread 4,5,main]) started.
ExtractAarTransform (Thread[Execution worker,5,main]) started.
Resolve mutations for :react-native-community_geolocation:stripReleaseDebugSymbols (Thread[included builds,5,main]) started.
:react-native-community_geolocation:stripReleaseDebugSymbols (Thread[included builds,5,main]) started.

> Task :react-native-community_geolocation:stripReleaseDebugSymbols NO-SOURCE
Skipping task ':react-native-community_geolocation:stripReleaseDebugSymbols' as it has no source files and no previous output files.
Resolve mutations for :react-native-community_geolocation:copyReleaseJniLibsProjectAndLocalJars (Thread[included builds,5,main]) started.
:react-native-community_geolocation:copyReleaseJniLibsProjectAndLocalJars (Thread[included builds,5,main]) started.

> Task :react-native-community_geolocation:copyReleaseJniLibsProjectAndLocalJars UP-TO-DATE
Caching disabled for task ':react-native-community_geolocation:copyReleaseJniLibsProjectAndLocalJars' because:
  Build cache is disabled
  Caching has been disabled for the task
Skipping task ':react-native-community_geolocation:copyReleaseJniLibsProjectAndLocalJars' as it is up-to-date.
Resolve mutations for :react-native-community_geolocation:extractDeepLinksForAarRelease (Thread[included builds,5,main]) started.
:react-native-community_geolocation:extractDeepLinksForAarRelease (Thread[included builds,5,main]) started.

> Task :react-native-community_geolocation:extractDeepLinksForAarRelease UP-TO-DATE
Caching disabled for task ':react-native-community_geolocation:extractDeepLinksForAarRelease' because:
  Build cache is disabled
Skipping task ':react-native-community_geolocation:extractDeepLinksForAarRelease' as it is up-to-date.
Resolve mutations for :react-native-community_geolocation:extractReleaseAnnotations (Thread[included builds,5,main]) started.
:react-native-community_geolocation:extractReleaseAnnotations (Thread[Execution worker,5,main]) started.

> Task :react-native-community_geolocation:extractReleaseAnnotations UP-TO-DATE
Caching disabled for task ':react-native-community_geolocation:extractReleaseAnnotations' because:
  Build cache is disabled
Skipping task ':react-native-community_geolocation:extractReleaseAnnotations' as it is up-to-date.
Resolve mutations for :react-native-community_geolocation:mergeReleaseGeneratedProguardFiles (Thread[Execution worker,5,main]) started.
:react-native-community_geolocation:mergeReleaseGeneratedProguardFiles (Thread[Execution worker,5,main]) started.

> Task :react-native-community_geolocation:mergeReleaseGeneratedProguardFiles UP-TO-DATE
Caching disabled for task ':react-native-community_geolocation:mergeReleaseGeneratedProguardFiles' because:
  Build cache is disabled
  Simple merging task
Skipping task ':react-native-community_geolocation:mergeReleaseGeneratedProguardFiles' as it is up-to-date.
Resolve mutations for :react-native-community_geolocation:mergeReleaseConsumerProguardFiles (Thread[Execution worker,5,main]) started.
:react-native-community_geolocation:mergeReleaseConsumerProguardFiles (Thread[Execution worker,5,main]) started.

> Task :react-native-community_geolocation:mergeReleaseConsumerProguardFiles UP-TO-DATE
Caching disabled for task ':react-native-community_geolocation:mergeReleaseConsumerProguardFiles' because:
  Build cache is disabled
  Simple merging task
Skipping task ':react-native-community_geolocation:mergeReleaseConsumerProguardFiles' as it is up-to-date.
Resolve mutations for :react-native-community_geolocation:mergeReleaseJavaResource (Thread[Execution worker,5,main]) started.
:react-native-community_geolocation:mergeReleaseJavaResource (Thread[Execution worker,5,main]) started.

> Task :react-native-community_geolocation:mergeReleaseJavaResource UP-TO-DATE
Caching disabled for task ':react-native-community_geolocation:mergeReleaseJavaResource' because:
  Build cache is disabled
  Caching has been disabled for the task
Skipping task ':react-native-community_geolocation:mergeReleaseJavaResource' as it is up-to-date.
Resolve mutations for :react-native-community_geolocation:syncReleaseLibJars (Thread[Execution worker,5,main]) started.
:react-native-community_geolocation:syncReleaseLibJars (Thread[Execution worker,5,main]) started.

> Task :react-native-community_geolocation:syncReleaseLibJars UP-TO-DATE
Caching disabled for task ':react-native-community_geolocation:syncReleaseLibJars' because:
  Build cache is disabled
Skipping task ':react-native-community_geolocation:syncReleaseLibJars' as it is up-to-date.
Resolve mutations for :react-native-community_geolocation:bundleReleaseLocalLintAar (Thread[Execution worker,5,main]) started.
:react-native-community_geolocation:bundleReleaseLocalLintAar (Thread[Execution worker,5,main]) started.

> Task :react-native-community_geolocation:bundleReleaseLocalLintAar UP-TO-DATE
Caching disabled for task ':react-native-community_geolocation:bundleReleaseLocalLintAar' because:
  Build cache is disabled
  Caching has been disabled for the task
Skipping task ':react-native-community_geolocation:bundleReleaseLocalLintAar' as it is up-to-date.
work action resolve out.aar (project :react-native-community_geolocation) (Thread[Execution worker,5,main]) started.
work action resolve out.aar (project :react-native-community_geolocation) (Thread[Execution worker,5,main]) started.
ExtractAarTransform (Thread[Execution worker Thread 4,5,main]) started.
Resolve mutations for :react-native-device-info:stripReleaseDebugSymbols (Thread[Execution worker,5,main]) started.
ExtractAarTransform (Thread[Execution worker Thread 6,5,main]) started.
:react-native-device-info:stripReleaseDebugSymbols (Thread[Execution worker,5,main]) started.

> Task :react-native-device-info:stripReleaseDebugSymbols NO-SOURCE
Skipping task ':react-native-device-info:stripReleaseDebugSymbols' as it has no source files and no previous output files.
Resolve mutations for :react-native-device-info:copyReleaseJniLibsProjectAndLocalJars (Thread[Execution worker,5,main]) started.
:react-native-device-info:copyReleaseJniLibsProjectAndLocalJars (Thread[Execution worker,5,main]) started.

> Task :react-native-device-info:copyReleaseJniLibsProjectAndLocalJars UP-TO-DATE
Caching disabled for task ':react-native-device-info:copyReleaseJniLibsProjectAndLocalJars' because:
  Build cache is disabled
  Caching has been disabled for the task
Skipping task ':react-native-device-info:copyReleaseJniLibsProjectAndLocalJars' as it is up-to-date.
Resolve mutations for :react-native-device-info:extractDeepLinksForAarRelease (Thread[Execution worker,5,main]) started.
:react-native-device-info:extractDeepLinksForAarRelease (Thread[Execution worker,5,main]) started.

> Task :react-native-device-info:extractDeepLinksForAarRelease UP-TO-DATE
Caching disabled for task ':react-native-device-info:extractDeepLinksForAarRelease' because:
  Build cache is disabled
Skipping task ':react-native-device-info:extractDeepLinksForAarRelease' as it is up-to-date.
Resolve mutations for :react-native-device-info:extractReleaseAnnotations (Thread[Execution worker,5,main]) started.
:react-native-device-info:extractReleaseAnnotations (Thread[Execution worker,5,main]) started.

> Task :react-native-device-info:extractReleaseAnnotations UP-TO-DATE
Caching disabled for task ':react-native-device-info:extractReleaseAnnotations' because:
  Build cache is disabled
Skipping task ':react-native-device-info:extractReleaseAnnotations' as it is up-to-date.
Resolve mutations for :react-native-device-info:mergeReleaseGeneratedProguardFiles (Thread[Execution worker,5,main]) started.
:react-native-device-info:mergeReleaseGeneratedProguardFiles (Thread[Execution worker,5,main]) started.

> Task :react-native-device-info:mergeReleaseGeneratedProguardFiles UP-TO-DATE
Caching disabled for task ':react-native-device-info:mergeReleaseGeneratedProguardFiles' because:
  Build cache is disabled
  Simple merging task
Skipping task ':react-native-device-info:mergeReleaseGeneratedProguardFiles' as it is up-to-date.
Resolve mutations for :react-native-device-info:mergeReleaseConsumerProguardFiles (Thread[Execution worker,5,main]) started.
:react-native-device-info:mergeReleaseConsumerProguardFiles (Thread[Execution worker,5,main]) started.

> Task :react-native-device-info:mergeReleaseConsumerProguardFiles UP-TO-DATE
Caching disabled for task ':react-native-device-info:mergeReleaseConsumerProguardFiles' because:
  Build cache is disabled
  Simple merging task
Skipping task ':react-native-device-info:mergeReleaseConsumerProguardFiles' as it is up-to-date.
Resolve mutations for :react-native-device-info:mergeReleaseJavaResource (Thread[Execution worker,5,main]) started.
:react-native-device-info:mergeReleaseJavaResource (Thread[Execution worker,5,main]) started.

> Task :react-native-device-info:mergeReleaseJavaResource UP-TO-DATE
Caching disabled for task ':react-native-device-info:mergeReleaseJavaResource' because:
  Build cache is disabled
  Caching has been disabled for the task
Skipping task ':react-native-device-info:mergeReleaseJavaResource' as it is up-to-date.
Resolve mutations for :react-native-device-info:syncReleaseLibJars (Thread[Execution worker,5,main]) started.
:react-native-device-info:syncReleaseLibJars (Thread[Execution worker,5,main]) started.

> Task :react-native-device-info:syncReleaseLibJars UP-TO-DATE
Caching disabled for task ':react-native-device-info:syncReleaseLibJars' because:
  Build cache is disabled
Skipping task ':react-native-device-info:syncReleaseLibJars' as it is up-to-date.
Resolve mutations for :react-native-device-info:bundleReleaseLocalLintAar (Thread[Execution worker,5,main]) started.
:react-native-device-info:bundleReleaseLocalLintAar (Thread[Execution worker,5,main]) started.

> Task :react-native-device-info:bundleReleaseLocalLintAar UP-TO-DATE
Caching disabled for task ':react-native-device-info:bundleReleaseLocalLintAar' because:
  Build cache is disabled
  Caching has been disabled for the task
Skipping task ':react-native-device-info:bundleReleaseLocalLintAar' as it is up-to-date.
work action resolve out.aar (project :react-native-device-info) (Thread[Execution worker,5,main]) started.
work action resolve out.aar (project :react-native-device-info) (Thread[Execution worker,5,main]) started.
ExtractAarTransform (Thread[Execution worker Thread 6,5,main]) started.
Resolve mutations for :react-native-fast-image:stripReleaseDebugSymbols (Thread[Execution worker,5,main]) started.
ExtractAarTransform (Thread[included builds,5,main]) started.
:react-native-fast-image:stripReleaseDebugSymbols (Thread[Execution worker,5,main]) started.

> Task :react-native-fast-image:stripReleaseDebugSymbols NO-SOURCE
Skipping task ':react-native-fast-image:stripReleaseDebugSymbols' as it has no source files and no previous output files.
Resolve mutations for :react-native-fast-image:copyReleaseJniLibsProjectAndLocalJars (Thread[Execution worker,5,main]) started.
:react-native-fast-image:copyReleaseJniLibsProjectAndLocalJars (Thread[Execution worker,5,main]) started.

> Task :react-native-fast-image:copyReleaseJniLibsProjectAndLocalJars UP-TO-DATE
Caching disabled for task ':react-native-fast-image:copyReleaseJniLibsProjectAndLocalJars' because:
  Build cache is disabled
  Caching has been disabled for the task
Skipping task ':react-native-fast-image:copyReleaseJniLibsProjectAndLocalJars' as it is up-to-date.
Resolve mutations for :react-native-fast-image:extractDeepLinksForAarRelease (Thread[Execution worker,5,main]) started.
:react-native-fast-image:extractDeepLinksForAarRelease (Thread[Execution worker,5,main]) started.

> Task :react-native-fast-image:extractDeepLinksForAarRelease UP-TO-DATE
Caching disabled for task ':react-native-fast-image:extractDeepLinksForAarRelease' because:
  Build cache is disabled
Skipping task ':react-native-fast-image:extractDeepLinksForAarRelease' as it is up-to-date.
Resolve mutations for :react-native-fast-image:extractReleaseAnnotations (Thread[Execution worker,5,main]) started.
:react-native-fast-image:extractReleaseAnnotations (Thread[Execution worker,5,main]) started.

> Task :react-native-fast-image:extractReleaseAnnotations UP-TO-DATE
Caching disabled for task ':react-native-fast-image:extractReleaseAnnotations' because:
  Build cache is disabled
Skipping task ':react-native-fast-image:extractReleaseAnnotations' as it is up-to-date.
Resolve mutations for :react-native-fast-image:mergeReleaseGeneratedProguardFiles (Thread[Execution worker,5,main]) started.
:react-native-fast-image:mergeReleaseGeneratedProguardFiles (Thread[Execution worker,5,main]) started.

> Task :react-native-fast-image:mergeReleaseGeneratedProguardFiles UP-TO-DATE
Caching disabled for task ':react-native-fast-image:mergeReleaseGeneratedProguardFiles' because:
  Build cache is disabled
  Simple merging task
Skipping task ':react-native-fast-image:mergeReleaseGeneratedProguardFiles' as it is up-to-date.
Resolve mutations for :react-native-fast-image:mergeReleaseConsumerProguardFiles (Thread[Execution worker,5,main]) started.
:react-native-fast-image:mergeReleaseConsumerProguardFiles (Thread[Execution worker,5,main]) started.

> Task :react-native-fast-image:mergeReleaseConsumerProguardFiles UP-TO-DATE
Caching disabled for task ':react-native-fast-image:mergeReleaseConsumerProguardFiles' because:
  Build cache is disabled
  Simple merging task
Skipping task ':react-native-fast-image:mergeReleaseConsumerProguardFiles' as it is up-to-date.
Resolve mutations for :react-native-fast-image:mergeReleaseJavaResource (Thread[Execution worker,5,main]) started.
:react-native-fast-image:mergeReleaseJavaResource (Thread[Execution worker,5,main]) started.

> Task :react-native-fast-image:mergeReleaseJavaResource UP-TO-DATE
Caching disabled for task ':react-native-fast-image:mergeReleaseJavaResource' because:
  Build cache is disabled
  Caching has been disabled for the task
Skipping task ':react-native-fast-image:mergeReleaseJavaResource' as it is up-to-date.
Resolve mutations for :react-native-fast-image:syncReleaseLibJars (Thread[Execution worker,5,main]) started.
:react-native-fast-image:syncReleaseLibJars (Thread[Execution worker,5,main]) started.

> Task :react-native-fast-image:syncReleaseLibJars UP-TO-DATE
Caching disabled for task ':react-native-fast-image:syncReleaseLibJars' because:
  Build cache is disabled
Skipping task ':react-native-fast-image:syncReleaseLibJars' as it is up-to-date.
Resolve mutations for :react-native-fast-image:bundleReleaseLocalLintAar (Thread[Execution worker,5,main]) started.
:react-native-fast-image:bundleReleaseLocalLintAar (Thread[Execution worker,5,main]) started.

> Task :react-native-fast-image:bundleReleaseLocalLintAar UP-TO-DATE
Caching disabled for task ':react-native-fast-image:bundleReleaseLocalLintAar' because:
  Build cache is disabled
  Caching has been disabled for the task
Skipping task ':react-native-fast-image:bundleReleaseLocalLintAar' as it is up-to-date.
work action resolve out.aar (project :react-native-fast-image) (Thread[Execution worker,5,main]) started.
work action resolve out.aar (project :react-native-fast-image) (Thread[Execution worker,5,main]) started.
Resolve mutations for :react-native-linear-gradient:stripReleaseDebugSymbols (Thread[Execution worker,5,main]) started.
ExtractAarTransform (Thread[included builds,5,main]) started.
ExtractAarTransform (Thread[Execution worker Thread 2,5,main]) started.
:react-native-linear-gradient:stripReleaseDebugSymbols (Thread[Execution worker,5,main]) started.

> Task :react-native-linear-gradient:stripReleaseDebugSymbols NO-SOURCE
Skipping task ':react-native-linear-gradient:stripReleaseDebugSymbols' as it has no source files and no previous output files.
Resolve mutations for :react-native-linear-gradient:copyReleaseJniLibsProjectAndLocalJars (Thread[Execution worker,5,main]) started.
:react-native-linear-gradient:copyReleaseJniLibsProjectAndLocalJars (Thread[Execution worker,5,main]) started.

> Task :react-native-linear-gradient:copyReleaseJniLibsProjectAndLocalJars UP-TO-DATE
Caching disabled for task ':react-native-linear-gradient:copyReleaseJniLibsProjectAndLocalJars' because:
  Build cache is disabled
  Caching has been disabled for the task
Skipping task ':react-native-linear-gradient:copyReleaseJniLibsProjectAndLocalJars' as it is up-to-date.
Resolve mutations for :react-native-linear-gradient:extractDeepLinksForAarRelease (Thread[Execution worker,5,main]) started.
:react-native-linear-gradient:extractDeepLinksForAarRelease (Thread[Execution worker,5,main]) started.

> Task :react-native-linear-gradient:extractDeepLinksForAarRelease UP-TO-DATE
Caching disabled for task ':react-native-linear-gradient:extractDeepLinksForAarRelease' because:
  Build cache is disabled
Skipping task ':react-native-linear-gradient:extractDeepLinksForAarRelease' as it is up-to-date.
Resolve mutations for :react-native-linear-gradient:extractReleaseAnnotations (Thread[Execution worker,5,main]) started.
:react-native-linear-gradient:extractReleaseAnnotations (Thread[Execution worker,5,main]) started.

> Task :react-native-linear-gradient:extractReleaseAnnotations UP-TO-DATE
Caching disabled for task ':react-native-linear-gradient:extractReleaseAnnotations' because:
  Build cache is disabled
Skipping task ':react-native-linear-gradient:extractReleaseAnnotations' as it is up-to-date.
Resolve mutations for :react-native-linear-gradient:mergeReleaseGeneratedProguardFiles (Thread[Execution worker,5,main]) started.
:react-native-linear-gradient:mergeReleaseGeneratedProguardFiles (Thread[Execution worker,5,main]) started.

> Task :react-native-linear-gradient:mergeReleaseGeneratedProguardFiles UP-TO-DATE
Caching disabled for task ':react-native-linear-gradient:mergeReleaseGeneratedProguardFiles' because:
  Build cache is disabled
  Simple merging task
Skipping task ':react-native-linear-gradient:mergeReleaseGeneratedProguardFiles' as it is up-to-date.
Resolve mutations for :react-native-linear-gradient:mergeReleaseConsumerProguardFiles (Thread[Execution worker,5,main]) started.
:react-native-linear-gradient:mergeReleaseConsumerProguardFiles (Thread[Execution worker,5,main]) started.

> Task :react-native-linear-gradient:mergeReleaseConsumerProguardFiles UP-TO-DATE
Caching disabled for task ':react-native-linear-gradient:mergeReleaseConsumerProguardFiles' because:
  Build cache is disabled
  Simple merging task
Skipping task ':react-native-linear-gradient:mergeReleaseConsumerProguardFiles' as it is up-to-date.
Resolve mutations for :react-native-linear-gradient:mergeReleaseJavaResource (Thread[Execution worker,5,main]) started.
:react-native-linear-gradient:mergeReleaseJavaResource (Thread[Execution worker,5,main]) started.

> Task :react-native-linear-gradient:mergeReleaseJavaResource UP-TO-DATE
Caching disabled for task ':react-native-linear-gradient:mergeReleaseJavaResource' because:
  Build cache is disabled
  Caching has been disabled for the task
Skipping task ':react-native-linear-gradient:mergeReleaseJavaResource' as it is up-to-date.
Resolve mutations for :react-native-linear-gradient:syncReleaseLibJars (Thread[Execution worker,5,main]) started.
:react-native-linear-gradient:syncReleaseLibJars (Thread[Execution worker,5,main]) started.

> Task :react-native-linear-gradient:syncReleaseLibJars UP-TO-DATE
Caching disabled for task ':react-native-linear-gradient:syncReleaseLibJars' because:
  Build cache is disabled
Skipping task ':react-native-linear-gradient:syncReleaseLibJars' as it is up-to-date.
Resolve mutations for :react-native-linear-gradient:bundleReleaseLocalLintAar (Thread[Execution worker,5,main]) started.
:react-native-linear-gradient:bundleReleaseLocalLintAar (Thread[Execution worker,5,main]) started.

> Task :react-native-linear-gradient:bundleReleaseLocalLintAar UP-TO-DATE
Caching disabled for task ':react-native-linear-gradient:bundleReleaseLocalLintAar' because:
  Build cache is disabled
  Caching has been disabled for the task
Skipping task ':react-native-linear-gradient:bundleReleaseLocalLintAar' as it is up-to-date.
work action resolve out.aar (project :react-native-linear-gradient) (Thread[Execution worker,5,main]) started.
work action resolve out.aar (project :react-native-linear-gradient) (Thread[Execution worker,5,main]) started.
ExtractAarTransform (Thread[included builds,5,main]) started.
Resolve mutations for :react-native-onesignal:stripReleaseDebugSymbols (Thread[Execution worker,5,main]) started.
ExtractAarTransform (Thread[Execution worker Thread 4,5,main]) started.
:react-native-onesignal:stripReleaseDebugSymbols (Thread[Execution worker,5,main]) started.

> Task :react-native-onesignal:stripReleaseDebugSymbols NO-SOURCE
Skipping task ':react-native-onesignal:stripReleaseDebugSymbols' as it has no source files and no previous output files.
Resolve mutations for :react-native-onesignal:copyReleaseJniLibsProjectAndLocalJars (Thread[Execution worker,5,main]) started.
:react-native-onesignal:copyReleaseJniLibsProjectAndLocalJars (Thread[Execution worker,5,main]) started.

> Task :react-native-onesignal:copyReleaseJniLibsProjectAndLocalJars UP-TO-DATE
file or directory '/Users/oem/Projects/KapraDaily/node_modules/react-native-onesignal/android/libs', not found
Caching disabled for task ':react-native-onesignal:copyReleaseJniLibsProjectAndLocalJars' because:
  Build cache is disabled
  Caching has been disabled for the task
Skipping task ':react-native-onesignal:copyReleaseJniLibsProjectAndLocalJars' as it is up-to-date.
Resolve mutations for :react-native-onesignal:extractDeepLinksForAarRelease (Thread[Execution worker,5,main]) started.
:react-native-onesignal:extractDeepLinksForAarRelease (Thread[Execution worker,5,main]) started.

> Task :react-native-onesignal:extractDeepLinksForAarRelease UP-TO-DATE
Caching disabled for task ':react-native-onesignal:extractDeepLinksForAarRelease' because:
  Build cache is disabled
Skipping task ':react-native-onesignal:extractDeepLinksForAarRelease' as it is up-to-date.
Resolve mutations for :react-native-onesignal:extractReleaseAnnotations (Thread[Execution worker,5,main]) started.
:react-native-onesignal:extractReleaseAnnotations (Thread[Execution worker,5,main]) started.

> Task :react-native-onesignal:extractReleaseAnnotations UP-TO-DATE
file or directory '/Users/oem/Projects/KapraDaily/node_modules/react-native-onesignal/android/libs', not found
file or directory '/Users/oem/Projects/KapraDaily/node_modules/react-native-onesignal/android/libs', not found
file or directory '/Users/oem/Projects/KapraDaily/node_modules/react-native-onesignal/android/libs', not found
file or directory '/Users/oem/Projects/KapraDaily/node_modules/react-native-onesignal/android/libs', not found
Caching disabled for task ':react-native-onesignal:extractReleaseAnnotations' because:
  Build cache is disabled
Skipping task ':react-native-onesignal:extractReleaseAnnotations' as it is up-to-date.
Resolve mutations for :react-native-onesignal:mergeReleaseGeneratedProguardFiles (Thread[Execution worker,5,main]) started.
:react-native-onesignal:mergeReleaseGeneratedProguardFiles (Thread[Execution worker,5,main]) started.

> Task :react-native-onesignal:mergeReleaseGeneratedProguardFiles UP-TO-DATE
Caching disabled for task ':react-native-onesignal:mergeReleaseGeneratedProguardFiles' because:
  Build cache is disabled
  Simple merging task
Skipping task ':react-native-onesignal:mergeReleaseGeneratedProguardFiles' as it is up-to-date.
Resolve mutations for :react-native-onesignal:mergeReleaseConsumerProguardFiles (Thread[Execution worker,5,main]) started.
:react-native-onesignal:mergeReleaseConsumerProguardFiles (Thread[Execution worker,5,main]) started.

> Task :react-native-onesignal:mergeReleaseConsumerProguardFiles UP-TO-DATE
Caching disabled for task ':react-native-onesignal:mergeReleaseConsumerProguardFiles' because:
  Build cache is disabled
  Simple merging task
Skipping task ':react-native-onesignal:mergeReleaseConsumerProguardFiles' as it is up-to-date.
Resolve mutations for :react-native-onesignal:mergeReleaseJavaResource (Thread[Execution worker,5,main]) started.
:react-native-onesignal:mergeReleaseJavaResource (Thread[Execution worker,5,main]) started.

> Task :react-native-onesignal:mergeReleaseJavaResource UP-TO-DATE
file or directory '/Users/oem/Projects/KapraDaily/node_modules/react-native-onesignal/android/libs', not found
Caching disabled for task ':react-native-onesignal:mergeReleaseJavaResource' because:
  Build cache is disabled
  Caching has been disabled for the task
Skipping task ':react-native-onesignal:mergeReleaseJavaResource' as it is up-to-date.
Resolve mutations for :react-native-onesignal:syncReleaseLibJars (Thread[Execution worker,5,main]) started.
:react-native-onesignal:syncReleaseLibJars (Thread[Execution worker,5,main]) started.

> Task :react-native-onesignal:syncReleaseLibJars UP-TO-DATE
file or directory '/Users/oem/Projects/KapraDaily/node_modules/react-native-onesignal/android/libs', not found
Caching disabled for task ':react-native-onesignal:syncReleaseLibJars' because:
  Build cache is disabled
Skipping task ':react-native-onesignal:syncReleaseLibJars' as it is up-to-date.
Resolve mutations for :react-native-onesignal:bundleReleaseLocalLintAar (Thread[Execution worker,5,main]) started.
:react-native-onesignal:bundleReleaseLocalLintAar (Thread[Execution worker,5,main]) started.

> Task :react-native-onesignal:bundleReleaseLocalLintAar UP-TO-DATE
file or directory '/Users/oem/Projects/KapraDaily/node_modules/react-native-onesignal/android/libs', not found
Caching disabled for task ':react-native-onesignal:bundleReleaseLocalLintAar' because:
  Build cache is disabled
  Caching has been disabled for the task
Skipping task ':react-native-onesignal:bundleReleaseLocalLintAar' as it is up-to-date.
work action resolve out.aar (project :react-native-onesignal) (Thread[Execution worker,5,main]) started.
work action resolve out.aar (project :react-native-onesignal) (Thread[Execution worker,5,main]) started.
ExtractAarTransform (Thread[included builds,5,main]) started.
Resolve mutations for :react-native-otp-verify:stripReleaseDebugSymbols (Thread[Execution worker,5,main]) started.
ExtractAarTransform (Thread[Execution worker Thread 7,5,main]) started.
:react-native-otp-verify:stripReleaseDebugSymbols (Thread[Execution worker,5,main]) started.

> Task :react-native-otp-verify:stripReleaseDebugSymbols NO-SOURCE
Skipping task ':react-native-otp-verify:stripReleaseDebugSymbols' as it has no source files and no previous output files.
Resolve mutations for :react-native-otp-verify:copyReleaseJniLibsProjectAndLocalJars (Thread[Execution worker,5,main]) started.
:react-native-otp-verify:copyReleaseJniLibsProjectAndLocalJars (Thread[Execution worker,5,main]) started.

> Task :react-native-otp-verify:copyReleaseJniLibsProjectAndLocalJars UP-TO-DATE
Caching disabled for task ':react-native-otp-verify:copyReleaseJniLibsProjectAndLocalJars' because:
  Build cache is disabled
  Caching has been disabled for the task
Skipping task ':react-native-otp-verify:copyReleaseJniLibsProjectAndLocalJars' as it is up-to-date.
Resolve mutations for :react-native-otp-verify:extractDeepLinksForAarRelease (Thread[Execution worker,5,main]) started.
:react-native-otp-verify:extractDeepLinksForAarRelease (Thread[Execution worker,5,main]) started.

> Task :react-native-otp-verify:extractDeepLinksForAarRelease UP-TO-DATE
Caching disabled for task ':react-native-otp-verify:extractDeepLinksForAarRelease' because:
  Build cache is disabled
Skipping task ':react-native-otp-verify:extractDeepLinksForAarRelease' as it is up-to-date.
Resolve mutations for :react-native-otp-verify:extractReleaseAnnotations (Thread[Execution worker,5,main]) started.
:react-native-otp-verify:extractReleaseAnnotations (Thread[Execution worker,5,main]) started.

> Task :react-native-otp-verify:extractReleaseAnnotations UP-TO-DATE
Caching disabled for task ':react-native-otp-verify:extractReleaseAnnotations' because:
  Build cache is disabled
Skipping task ':react-native-otp-verify:extractReleaseAnnotations' as it is up-to-date.
Resolve mutations for :react-native-otp-verify:mergeReleaseGeneratedProguardFiles (Thread[Execution worker,5,main]) started.
:react-native-otp-verify:mergeReleaseGeneratedProguardFiles (Thread[Execution worker,5,main]) started.

> Task :react-native-otp-verify:mergeReleaseGeneratedProguardFiles UP-TO-DATE
Caching disabled for task ':react-native-otp-verify:mergeReleaseGeneratedProguardFiles' because:
  Build cache is disabled
  Simple merging task
Skipping task ':react-native-otp-verify:mergeReleaseGeneratedProguardFiles' as it is up-to-date.
Resolve mutations for :react-native-otp-verify:mergeReleaseConsumerProguardFiles (Thread[Execution worker,5,main]) started.
:react-native-otp-verify:mergeReleaseConsumerProguardFiles (Thread[Execution worker,5,main]) started.

> Task :react-native-otp-verify:mergeReleaseConsumerProguardFiles UP-TO-DATE
Caching disabled for task ':react-native-otp-verify:mergeReleaseConsumerProguardFiles' because:
  Build cache is disabled
  Simple merging task
Skipping task ':react-native-otp-verify:mergeReleaseConsumerProguardFiles' as it is up-to-date.
Resolve mutations for :react-native-otp-verify:mergeReleaseJavaResource (Thread[Execution worker,5,main]) started.
:react-native-otp-verify:mergeReleaseJavaResource (Thread[Execution worker,5,main]) started.

> Task :react-native-otp-verify:mergeReleaseJavaResource UP-TO-DATE
Caching disabled for task ':react-native-otp-verify:mergeReleaseJavaResource' because:
  Build cache is disabled
  Caching has been disabled for the task
Skipping task ':react-native-otp-verify:mergeReleaseJavaResource' as it is up-to-date.
Resolve mutations for :react-native-otp-verify:syncReleaseLibJars (Thread[Execution worker,5,main]) started.
:react-native-otp-verify:syncReleaseLibJars (Thread[Execution worker,5,main]) started.

> Task :react-native-otp-verify:syncReleaseLibJars UP-TO-DATE
Caching disabled for task ':react-native-otp-verify:syncReleaseLibJars' because:
  Build cache is disabled
Skipping task ':react-native-otp-verify:syncReleaseLibJars' as it is up-to-date.
Resolve mutations for :react-native-otp-verify:bundleReleaseLocalLintAar (Thread[Execution worker,5,main]) started.
:react-native-otp-verify:bundleReleaseLocalLintAar (Thread[Execution worker,5,main]) started.

> Task :react-native-otp-verify:bundleReleaseLocalLintAar UP-TO-DATE
Caching disabled for task ':react-native-otp-verify:bundleReleaseLocalLintAar' because:
  Build cache is disabled
  Caching has been disabled for the task
Skipping task ':react-native-otp-verify:bundleReleaseLocalLintAar' as it is up-to-date.
work action resolve out.aar (project :react-native-otp-verify) (Thread[Execution worker,5,main]) started.
work action resolve out.aar (project :react-native-otp-verify) (Thread[Execution worker,5,main]) started.
ExtractAarTransform (Thread[Execution worker Thread 6,5,main]) started.
ExtractAarTransform (Thread[included builds,5,main]) started.
Resolve mutations for :react-native-razorpay:stripReleaseDebugSymbols (Thread[Execution worker,5,main]) started.
:react-native-razorpay:stripReleaseDebugSymbols (Thread[Execution worker,5,main]) started.

> Task :react-native-razorpay:stripReleaseDebugSymbols NO-SOURCE
Skipping task ':react-native-razorpay:stripReleaseDebugSymbols' as it has no source files and no previous output files.
Resolve mutations for :react-native-razorpay:copyReleaseJniLibsProjectAndLocalJars (Thread[Execution worker,5,main]) started.
:react-native-razorpay:copyReleaseJniLibsProjectAndLocalJars (Thread[Execution worker,5,main]) started.

> Task :react-native-razorpay:copyReleaseJniLibsProjectAndLocalJars UP-TO-DATE
Caching disabled for task ':react-native-razorpay:copyReleaseJniLibsProjectAndLocalJars' because:
  Build cache is disabled
  Caching has been disabled for the task
Skipping task ':react-native-razorpay:copyReleaseJniLibsProjectAndLocalJars' as it is up-to-date.
Resolve mutations for :react-native-razorpay:extractDeepLinksForAarRelease (Thread[Execution worker,5,main]) started.
:react-native-razorpay:extractDeepLinksForAarRelease (Thread[Execution worker,5,main]) started.

> Task :react-native-razorpay:extractDeepLinksForAarRelease UP-TO-DATE
Caching disabled for task ':react-native-razorpay:extractDeepLinksForAarRelease' because:
  Build cache is disabled
Skipping task ':react-native-razorpay:extractDeepLinksForAarRelease' as it is up-to-date.
Resolve mutations for :react-native-razorpay:extractReleaseAnnotations (Thread[Execution worker,5,main]) started.
:react-native-razorpay:extractReleaseAnnotations (Thread[Execution worker,5,main]) started.

> Task :react-native-razorpay:extractReleaseAnnotations UP-TO-DATE
Caching disabled for task ':react-native-razorpay:extractReleaseAnnotations' because:
  Build cache is disabled
Skipping task ':react-native-razorpay:extractReleaseAnnotations' as it is up-to-date.
Resolve mutations for :react-native-razorpay:mergeReleaseGeneratedProguardFiles (Thread[Execution worker,5,main]) started.
:react-native-razorpay:mergeReleaseGeneratedProguardFiles (Thread[Execution worker,5,main]) started.

> Task :react-native-razorpay:mergeReleaseGeneratedProguardFiles UP-TO-DATE
Caching disabled for task ':react-native-razorpay:mergeReleaseGeneratedProguardFiles' because:
  Build cache is disabled
  Simple merging task
Skipping task ':react-native-razorpay:mergeReleaseGeneratedProguardFiles' as it is up-to-date.
Resolve mutations for :react-native-razorpay:mergeReleaseConsumerProguardFiles (Thread[Execution worker,5,main]) started.
:react-native-razorpay:mergeReleaseConsumerProguardFiles (Thread[Execution worker,5,main]) started.

> Task :react-native-razorpay:mergeReleaseConsumerProguardFiles UP-TO-DATE
Caching disabled for task ':react-native-razorpay:mergeReleaseConsumerProguardFiles' because:
  Build cache is disabled
  Simple merging task
Skipping task ':react-native-razorpay:mergeReleaseConsumerProguardFiles' as it is up-to-date.
Resolve mutations for :react-native-razorpay:mergeReleaseJavaResource (Thread[Execution worker,5,main]) started.
:react-native-razorpay:mergeReleaseJavaResource (Thread[Execution worker,5,main]) started.

> Task :react-native-razorpay:mergeReleaseJavaResource UP-TO-DATE
Caching disabled for task ':react-native-razorpay:mergeReleaseJavaResource' because:
  Build cache is disabled
  Caching has been disabled for the task
Skipping task ':react-native-razorpay:mergeReleaseJavaResource' as it is up-to-date.
Resolve mutations for :react-native-razorpay:syncReleaseLibJars (Thread[Execution worker,5,main]) started.
:react-native-razorpay:syncReleaseLibJars (Thread[Execution worker,5,main]) started.

> Task :react-native-razorpay:syncReleaseLibJars UP-TO-DATE
Caching disabled for task ':react-native-razorpay:syncReleaseLibJars' because:
  Build cache is disabled
Skipping task ':react-native-razorpay:syncReleaseLibJars' as it is up-to-date.
Resolve mutations for :react-native-razorpay:bundleReleaseLocalLintAar (Thread[Execution worker,5,main]) started.
:react-native-razorpay:bundleReleaseLocalLintAar (Thread[Execution worker,5,main]) started.

> Task :react-native-razorpay:bundleReleaseLocalLintAar UP-TO-DATE
Caching disabled for task ':react-native-razorpay:bundleReleaseLocalLintAar' because:
  Build cache is disabled
  Caching has been disabled for the task
Skipping task ':react-native-razorpay:bundleReleaseLocalLintAar' as it is up-to-date.
work action resolve out.aar (project :react-native-razorpay) (Thread[Execution worker,5,main]) started.
work action resolve out.aar (project :react-native-razorpay) (Thread[Execution worker,5,main]) started.
ExtractAarTransform (Thread[Execution worker,5,main]) started.
Resolve mutations for :react-native-svg:stripReleaseDebugSymbols (Thread[Execution worker Thread 7,5,main]) started.
:react-native-svg:stripReleaseDebugSymbols (Thread[Execution worker Thread 7,5,main]) started.
ExtractAarTransform (Thread[Execution worker,5,main]) started.

> Task :react-native-svg:stripReleaseDebugSymbols NO-SOURCE
Skipping task ':react-native-svg:stripReleaseDebugSymbols' as it has no source files and no previous output files.
Resolve mutations for :react-native-svg:copyReleaseJniLibsProjectAndLocalJars (Thread[Execution worker Thread 7,5,main]) started.
:react-native-svg:copyReleaseJniLibsProjectAndLocalJars (Thread[Execution worker Thread 7,5,main]) started.

> Task :react-native-svg:copyReleaseJniLibsProjectAndLocalJars UP-TO-DATE
Caching disabled for task ':react-native-svg:copyReleaseJniLibsProjectAndLocalJars' because:
  Build cache is disabled
  Caching has been disabled for the task
Skipping task ':react-native-svg:copyReleaseJniLibsProjectAndLocalJars' as it is up-to-date.
Resolve mutations for :react-native-svg:extractDeepLinksForAarRelease (Thread[Execution worker Thread 7,5,main]) started.
:react-native-svg:extractDeepLinksForAarRelease (Thread[Execution worker Thread 7,5,main]) started.

> Task :react-native-svg:extractDeepLinksForAarRelease UP-TO-DATE
Caching disabled for task ':react-native-svg:extractDeepLinksForAarRelease' because:
  Build cache is disabled
Skipping task ':react-native-svg:extractDeepLinksForAarRelease' as it is up-to-date.
Resolve mutations for :react-native-svg:extractReleaseAnnotations (Thread[Execution worker Thread 7,5,main]) started.
:react-native-svg:extractReleaseAnnotations (Thread[Execution worker Thread 7,5,main]) started.

> Task :react-native-svg:extractReleaseAnnotations UP-TO-DATE
Caching disabled for task ':react-native-svg:extractReleaseAnnotations' because:
  Build cache is disabled
Skipping task ':react-native-svg:extractReleaseAnnotations' as it is up-to-date.
Resolve mutations for :react-native-svg:mergeReleaseGeneratedProguardFiles (Thread[Execution worker Thread 7,5,main]) started.
:react-native-svg:mergeReleaseGeneratedProguardFiles (Thread[Execution worker Thread 5,5,main]) started.

> Task :react-native-svg:mergeReleaseGeneratedProguardFiles UP-TO-DATE
Caching disabled for task ':react-native-svg:mergeReleaseGeneratedProguardFiles' because:
  Build cache is disabled
  Simple merging task
Skipping task ':react-native-svg:mergeReleaseGeneratedProguardFiles' as it is up-to-date.
Resolve mutations for :react-native-svg:mergeReleaseConsumerProguardFiles (Thread[Execution worker Thread 5,5,main]) started.
:react-native-svg:mergeReleaseConsumerProguardFiles (Thread[Execution worker Thread 5,5,main]) started.

> Task :react-native-svg:mergeReleaseConsumerProguardFiles UP-TO-DATE
Caching disabled for task ':react-native-svg:mergeReleaseConsumerProguardFiles' because:
  Build cache is disabled
  Simple merging task
Skipping task ':react-native-svg:mergeReleaseConsumerProguardFiles' as it is up-to-date.
Resolve mutations for :react-native-svg:mergeReleaseJavaResource (Thread[Execution worker Thread 5,5,main]) started.
:react-native-svg:mergeReleaseJavaResource (Thread[Execution worker Thread 5,5,main]) started.

> Task :react-native-svg:mergeReleaseJavaResource UP-TO-DATE
Caching disabled for task ':react-native-svg:mergeReleaseJavaResource' because:
  Build cache is disabled
  Caching has been disabled for the task
Skipping task ':react-native-svg:mergeReleaseJavaResource' as it is up-to-date.
Resolve mutations for :react-native-svg:syncReleaseLibJars (Thread[Execution worker Thread 5,5,main]) started.
:react-native-svg:syncReleaseLibJars (Thread[Execution worker Thread 5,5,main]) started.

> Task :react-native-svg:syncReleaseLibJars UP-TO-DATE
Caching disabled for task ':react-native-svg:syncReleaseLibJars' because:
  Build cache is disabled
Skipping task ':react-native-svg:syncReleaseLibJars' as it is up-to-date.
Resolve mutations for :react-native-svg:bundleReleaseLocalLintAar (Thread[Execution worker Thread 5,5,main]) started.
:react-native-svg:bundleReleaseLocalLintAar (Thread[Execution worker Thread 5,5,main]) started.

> Task :react-native-svg:bundleReleaseLocalLintAar UP-TO-DATE
Caching disabled for task ':react-native-svg:bundleReleaseLocalLintAar' because:
  Build cache is disabled
  Caching has been disabled for the task
Skipping task ':react-native-svg:bundleReleaseLocalLintAar' as it is up-to-date.
work action resolve out.aar (project :react-native-svg) (Thread[Execution worker Thread 5,5,main]) started.
work action resolve out.aar (project :react-native-svg) (Thread[Execution worker Thread 5,5,main]) started.
ExtractAarTransform (Thread[Execution worker Thread 5,5,main]) started.
Resolve mutations for :react-native-vector-icons:stripReleaseDebugSymbols (Thread[Execution worker Thread 6,5,main]) started.
ExtractAarTransform (Thread[Execution worker,5,main]) started.
:react-native-vector-icons:stripReleaseDebugSymbols (Thread[Execution worker Thread 6,5,main]) started.

> Task :react-native-vector-icons:stripReleaseDebugSymbols NO-SOURCE
Skipping task ':react-native-vector-icons:stripReleaseDebugSymbols' as it has no source files and no previous output files.
Resolve mutations for :react-native-vector-icons:copyReleaseJniLibsProjectAndLocalJars (Thread[Execution worker Thread 6,5,main]) started.
:react-native-vector-icons:copyReleaseJniLibsProjectAndLocalJars (Thread[Execution worker Thread 6,5,main]) started.

> Task :react-native-vector-icons:copyReleaseJniLibsProjectAndLocalJars UP-TO-DATE
Caching disabled for task ':react-native-vector-icons:copyReleaseJniLibsProjectAndLocalJars' because:
  Build cache is disabled
  Caching has been disabled for the task
Skipping task ':react-native-vector-icons:copyReleaseJniLibsProjectAndLocalJars' as it is up-to-date.
Resolve mutations for :react-native-vector-icons:extractDeepLinksForAarRelease (Thread[Execution worker Thread 6,5,main]) started.
:react-native-vector-icons:extractDeepLinksForAarRelease (Thread[Execution worker Thread 6,5,main]) started.

> Task :react-native-vector-icons:extractDeepLinksForAarRelease UP-TO-DATE
Caching disabled for task ':react-native-vector-icons:extractDeepLinksForAarRelease' because:
  Build cache is disabled
Skipping task ':react-native-vector-icons:extractDeepLinksForAarRelease' as it is up-to-date.
Resolve mutations for :react-native-vector-icons:extractReleaseAnnotations (Thread[Execution worker Thread 6,5,main]) started.
:react-native-vector-icons:extractReleaseAnnotations (Thread[Execution worker Thread 6,5,main]) started.

> Task :react-native-vector-icons:extractReleaseAnnotations UP-TO-DATE
Caching disabled for task ':react-native-vector-icons:extractReleaseAnnotations' because:
  Build cache is disabled
Skipping task ':react-native-vector-icons:extractReleaseAnnotations' as it is up-to-date.
Resolve mutations for :react-native-vector-icons:mergeReleaseGeneratedProguardFiles (Thread[Execution worker Thread 6,5,main]) started.
:react-native-vector-icons:mergeReleaseGeneratedProguardFiles (Thread[Execution worker Thread 6,5,main]) started.

> Task :react-native-vector-icons:mergeReleaseGeneratedProguardFiles UP-TO-DATE
Caching disabled for task ':react-native-vector-icons:mergeReleaseGeneratedProguardFiles' because:
  Build cache is disabled
  Simple merging task
Skipping task ':react-native-vector-icons:mergeReleaseGeneratedProguardFiles' as it is up-to-date.
Resolve mutations for :react-native-vector-icons:mergeReleaseConsumerProguardFiles (Thread[Execution worker Thread 6,5,main]) started.
:react-native-vector-icons:mergeReleaseConsumerProguardFiles (Thread[Execution worker Thread 6,5,main]) started.

> Task :react-native-vector-icons:mergeReleaseConsumerProguardFiles UP-TO-DATE
Caching disabled for task ':react-native-vector-icons:mergeReleaseConsumerProguardFiles' because:
  Build cache is disabled
  Simple merging task
Skipping task ':react-native-vector-icons:mergeReleaseConsumerProguardFiles' as it is up-to-date.
Resolve mutations for :react-native-vector-icons:mergeReleaseJavaResource (Thread[Execution worker Thread 6,5,main]) started.
:react-native-vector-icons:mergeReleaseJavaResource (Thread[Execution worker Thread 6,5,main]) started.

> Task :react-native-vector-icons:mergeReleaseJavaResource UP-TO-DATE
Caching disabled for task ':react-native-vector-icons:mergeReleaseJavaResource' because:
  Build cache is disabled
  Caching has been disabled for the task
Skipping task ':react-native-vector-icons:mergeReleaseJavaResource' as it is up-to-date.
Resolve mutations for :react-native-vector-icons:syncReleaseLibJars (Thread[Execution worker Thread 6,5,main]) started.
:react-native-vector-icons:syncReleaseLibJars (Thread[Execution worker Thread 6,5,main]) started.

> Task :react-native-vector-icons:syncReleaseLibJars UP-TO-DATE
Caching disabled for task ':react-native-vector-icons:syncReleaseLibJars' because:
  Build cache is disabled
Skipping task ':react-native-vector-icons:syncReleaseLibJars' as it is up-to-date.
Resolve mutations for :react-native-vector-icons:bundleReleaseLocalLintAar (Thread[Execution worker Thread 6,5,main]) started.
:react-native-vector-icons:bundleReleaseLocalLintAar (Thread[Execution worker Thread 6,5,main]) started.

> Task :react-native-vector-icons:bundleReleaseLocalLintAar UP-TO-DATE
Caching disabled for task ':react-native-vector-icons:bundleReleaseLocalLintAar' because:
  Build cache is disabled
  Caching has been disabled for the task
Skipping task ':react-native-vector-icons:bundleReleaseLocalLintAar' as it is up-to-date.
work action resolve out.aar (project :react-native-vector-icons) (Thread[Execution worker Thread 6,5,main]) started.
work action resolve out.aar (project :react-native-vector-icons) (Thread[Execution worker Thread 6,5,main]) started.
ExtractAarTransform (Thread[Execution worker Thread 6,5,main]) started.
ExtractAarTransform (Thread[Execution worker Thread 5,5,main]) started.
Resolve mutations for :lottie-react-native:lintVitalAnalyzeRelease (Thread[included builds,5,main]) started.
:lottie-react-native:lintVitalAnalyzeRelease (Thread[included builds,5,main]) started.

> Task :lottie-react-native:lintVitalAnalyzeRelease UP-TO-DATE
Caching disabled for task ':lottie-react-native:lintVitalAnalyzeRelease' because:
  Build cache is disabled
Skipping task ':lottie-react-native:lintVitalAnalyzeRelease' as it is up-to-date.
work action resolve out (project :lottie-react-native) (Thread[included builds,5,main]) started.
work action resolve out (project :lottie-react-native) (Thread[included builds,5,main]) started.
Resolve mutations for :lottie-react-native:writeReleaseLintModelMetadata (Thread[included builds,5,main]) started.
:lottie-react-native:writeReleaseLintModelMetadata (Thread[included builds,5,main]) started.

> Task :lottie-react-native:writeReleaseLintModelMetadata UP-TO-DATE
Caching disabled for task ':lottie-react-native:writeReleaseLintModelMetadata' because:
  Build cache is disabled
  Caching has been disabled for the task
Skipping task ':lottie-react-native:writeReleaseLintModelMetadata' as it is up-to-date.
work action resolve lint-model-metadata.properties (project :lottie-react-native) (Thread[included builds,5,main]) started.
work action resolve lint-model-metadata.properties (project :lottie-react-native) (Thread[included builds,5,main]) started.
Resolve mutations for :react-native-async-storage_async-storage:lintVitalAnalyzeRelease (Thread[included builds,5,main]) started.
:react-native-async-storage_async-storage:lintVitalAnalyzeRelease (Thread[included builds,5,main]) started.

> Task :react-native-async-storage_async-storage:lintVitalAnalyzeRelease UP-TO-DATE
Caching disabled for task ':react-native-async-storage_async-storage:lintVitalAnalyzeRelease' because:
  Build cache is disabled
Skipping task ':react-native-async-storage_async-storage:lintVitalAnalyzeRelease' as it is up-to-date.
work action resolve out (project :react-native-async-storage_async-storage) (Thread[included builds,5,main]) started.
work action resolve out (project :react-native-async-storage_async-storage) (Thread[included builds,5,main]) started.
Resolve mutations for :react-native-async-storage_async-storage:writeReleaseLintModelMetadata (Thread[included builds,5,main]) started.
:react-native-async-storage_async-storage:writeReleaseLintModelMetadata (Thread[included builds,5,main]) started.

> Task :react-native-async-storage_async-storage:writeReleaseLintModelMetadata UP-TO-DATE
Caching disabled for task ':react-native-async-storage_async-storage:writeReleaseLintModelMetadata' because:
  Build cache is disabled
  Caching has been disabled for the task
Skipping task ':react-native-async-storage_async-storage:writeReleaseLintModelMetadata' as it is up-to-date.
work action resolve lint-model-metadata.properties (project :react-native-async-storage_async-storage) (Thread[included builds,5,main]) started.
work action resolve lint-model-metadata.properties (project :react-native-async-storage_async-storage) (Thread[included builds,5,main]) started.
Resolve mutations for :react-native-community_blur:lintVitalAnalyzeRelease (Thread[included builds,5,main]) started.
:react-native-community_blur:lintVitalAnalyzeRelease (Thread[included builds,5,main]) started.

> Task :react-native-community_blur:lintVitalAnalyzeRelease UP-TO-DATE
Caching disabled for task ':react-native-community_blur:lintVitalAnalyzeRelease' because:
  Build cache is disabled
Skipping task ':react-native-community_blur:lintVitalAnalyzeRelease' as it is up-to-date.
work action resolve out (project :react-native-community_blur) (Thread[included builds,5,main]) started.
work action resolve out (project :react-native-community_blur) (Thread[included builds,5,main]) started.
Resolve mutations for :react-native-community_blur:writeReleaseLintModelMetadata (Thread[included builds,5,main]) started.
:react-native-community_blur:writeReleaseLintModelMetadata (Thread[included builds,5,main]) started.

> Task :react-native-community_blur:writeReleaseLintModelMetadata UP-TO-DATE
Caching disabled for task ':react-native-community_blur:writeReleaseLintModelMetadata' because:
  Build cache is disabled
  Caching has been disabled for the task
Skipping task ':react-native-community_blur:writeReleaseLintModelMetadata' as it is up-to-date.
work action resolve lint-model-metadata.properties (project :react-native-community_blur) (Thread[included builds,5,main]) started.
work action resolve lint-model-metadata.properties (project :react-native-community_blur) (Thread[Execution worker Thread 6,5,main]) started.
Resolve mutations for :react-native-community_geolocation:lintVitalAnalyzeRelease (Thread[Execution worker Thread 6,5,main]) started.
:react-native-community_geolocation:lintVitalAnalyzeRelease (Thread[Execution worker Thread 6,5,main]) started.

> Task :react-native-community_geolocation:lintVitalAnalyzeRelease UP-TO-DATE
Caching disabled for task ':react-native-community_geolocation:lintVitalAnalyzeRelease' because:
  Build cache is disabled
Skipping task ':react-native-community_geolocation:lintVitalAnalyzeRelease' as it is up-to-date.
work action resolve out (project :react-native-community_geolocation) (Thread[Execution worker Thread 6,5,main]) started.
work action resolve out (project :react-native-community_geolocation) (Thread[Execution worker Thread 6,5,main]) started.
Resolve mutations for :react-native-community_geolocation:writeReleaseLintModelMetadata (Thread[Execution worker Thread 6,5,main]) started.
:react-native-community_geolocation:writeReleaseLintModelMetadata (Thread[Execution worker Thread 6,5,main]) started.

> Task :react-native-community_geolocation:writeReleaseLintModelMetadata UP-TO-DATE
Caching disabled for task ':react-native-community_geolocation:writeReleaseLintModelMetadata' because:
  Build cache is disabled
  Caching has been disabled for the task
Skipping task ':react-native-community_geolocation:writeReleaseLintModelMetadata' as it is up-to-date.
work action resolve lint-model-metadata.properties (project :react-native-community_geolocation) (Thread[Execution worker Thread 6,5,main]) started.
work action resolve lint-model-metadata.properties (project :react-native-community_geolocation) (Thread[Execution worker Thread 6,5,main]) started.
Resolve mutations for :react-native-device-info:lintVitalAnalyzeRelease (Thread[Execution worker Thread 6,5,main]) started.
:react-native-device-info:lintVitalAnalyzeRelease (Thread[Execution worker Thread 6,5,main]) started.

> Task :react-native-device-info:lintVitalAnalyzeRelease UP-TO-DATE
Caching disabled for task ':react-native-device-info:lintVitalAnalyzeRelease' because:
  Build cache is disabled
Skipping task ':react-native-device-info:lintVitalAnalyzeRelease' as it is up-to-date.
work action resolve out (project :react-native-device-info) (Thread[Execution worker Thread 6,5,main]) started.
work action resolve out (project :react-native-device-info) (Thread[Execution worker Thread 6,5,main]) started.
Resolve mutations for :react-native-device-info:writeReleaseLintModelMetadata (Thread[Execution worker Thread 6,5,main]) started.
:react-native-device-info:writeReleaseLintModelMetadata (Thread[Execution worker Thread 6,5,main]) started.

> Task :react-native-device-info:writeReleaseLintModelMetadata UP-TO-DATE
Caching disabled for task ':react-native-device-info:writeReleaseLintModelMetadata' because:
  Build cache is disabled
  Caching has been disabled for the task
Skipping task ':react-native-device-info:writeReleaseLintModelMetadata' as it is up-to-date.
work action resolve lint-model-metadata.properties (project :react-native-device-info) (Thread[Execution worker Thread 6,5,main]) started.
work action resolve lint-model-metadata.properties (project :react-native-device-info) (Thread[Execution worker Thread 6,5,main]) started.
Resolve mutations for :react-native-fast-image:lintVitalAnalyzeRelease (Thread[Execution worker Thread 6,5,main]) started.
:react-native-fast-image:lintVitalAnalyzeRelease (Thread[Execution worker Thread 6,5,main]) started.

> Task :react-native-fast-image:lintVitalAnalyzeRelease UP-TO-DATE
Caching disabled for task ':react-native-fast-image:lintVitalAnalyzeRelease' because:
  Build cache is disabled
Skipping task ':react-native-fast-image:lintVitalAnalyzeRelease' as it is up-to-date.
work action resolve out (project :react-native-fast-image) (Thread[Execution worker Thread 6,5,main]) started.
work action resolve out (project :react-native-fast-image) (Thread[Execution worker Thread 6,5,main]) started.
Resolve mutations for :react-native-fast-image:writeReleaseLintModelMetadata (Thread[Execution worker Thread 6,5,main]) started.
:react-native-fast-image:writeReleaseLintModelMetadata (Thread[Execution worker Thread 6,5,main]) started.

> Task :react-native-fast-image:writeReleaseLintModelMetadata UP-TO-DATE
Caching disabled for task ':react-native-fast-image:writeReleaseLintModelMetadata' because:
  Build cache is disabled
  Caching has been disabled for the task
Skipping task ':react-native-fast-image:writeReleaseLintModelMetadata' as it is up-to-date.
work action resolve lint-model-metadata.properties (project :react-native-fast-image) (Thread[Execution worker Thread 6,5,main]) started.
work action resolve lint-model-metadata.properties (project :react-native-fast-image) (Thread[Execution worker Thread 6,5,main]) started.
Resolve mutations for :react-native-linear-gradient:lintVitalAnalyzeRelease (Thread[Execution worker Thread 6,5,main]) started.
:react-native-linear-gradient:lintVitalAnalyzeRelease (Thread[Execution worker Thread 6,5,main]) started.

> Task :react-native-linear-gradient:lintVitalAnalyzeRelease UP-TO-DATE
Caching disabled for task ':react-native-linear-gradient:lintVitalAnalyzeRelease' because:
  Build cache is disabled
Skipping task ':react-native-linear-gradient:lintVitalAnalyzeRelease' as it is up-to-date.
work action resolve out (project :react-native-linear-gradient) (Thread[Execution worker Thread 6,5,main]) started.
work action resolve out (project :react-native-linear-gradient) (Thread[Execution worker Thread 6,5,main]) started.
Resolve mutations for :react-native-linear-gradient:writeReleaseLintModelMetadata (Thread[Execution worker Thread 6,5,main]) started.
:react-native-linear-gradient:writeReleaseLintModelMetadata (Thread[Execution worker Thread 6,5,main]) started.

> Task :react-native-linear-gradient:writeReleaseLintModelMetadata UP-TO-DATE
Caching disabled for task ':react-native-linear-gradient:writeReleaseLintModelMetadata' because:
  Build cache is disabled
  Caching has been disabled for the task
Skipping task ':react-native-linear-gradient:writeReleaseLintModelMetadata' as it is up-to-date.
work action resolve lint-model-metadata.properties (project :react-native-linear-gradient) (Thread[Execution worker Thread 6,5,main]) started.
work action resolve lint-model-metadata.properties (project :react-native-linear-gradient) (Thread[Execution worker Thread 6,5,main]) started.
Resolve mutations for :react-native-maps:lintVitalAnalyzeRelease (Thread[Execution worker Thread 6,5,main]) started.
:react-native-maps:lintVitalAnalyzeRelease (Thread[Execution worker Thread 6,5,main]) started.

> Task :react-native-maps:lintVitalAnalyzeRelease UP-TO-DATE
Caching disabled for task ':react-native-maps:lintVitalAnalyzeRelease' because:
  Build cache is disabled
Skipping task ':react-native-maps:lintVitalAnalyzeRelease' as it is up-to-date.
work action resolve out (project :react-native-maps) (Thread[Execution worker Thread 6,5,main]) started.
work action resolve out (project :react-native-maps) (Thread[Execution worker Thread 6,5,main]) started.
Resolve mutations for :react-native-maps:writeReleaseLintModelMetadata (Thread[Execution worker Thread 6,5,main]) started.
:react-native-maps:writeReleaseLintModelMetadata (Thread[Execution worker Thread 6,5,main]) started.

> Task :react-native-maps:writeReleaseLintModelMetadata UP-TO-DATE
Caching disabled for task ':react-native-maps:writeReleaseLintModelMetadata' because:
  Build cache is disabled
  Caching has been disabled for the task
Skipping task ':react-native-maps:writeReleaseLintModelMetadata' as it is up-to-date.
work action resolve lint-model-metadata.properties (project :react-native-maps) (Thread[Execution worker Thread 6,5,main]) started.
work action resolve lint-model-metadata.properties (project :react-native-maps) (Thread[Execution worker Thread 6,5,main]) started.
Resolve mutations for :react-native-onesignal:lintVitalAnalyzeRelease (Thread[Execution worker Thread 6,5,main]) started.
:react-native-onesignal:lintVitalAnalyzeRelease (Thread[Execution worker Thread 6,5,main]) started.

> Task :react-native-onesignal:lintVitalAnalyzeRelease UP-TO-DATE
file or directory '/Users/oem/Projects/KapraDaily/node_modules/react-native-onesignal/android/libs', not found
file or directory '/Users/oem/Projects/KapraDaily/node_modules/react-native-onesignal/android/libs', not found
file or directory '/Users/oem/Projects/KapraDaily/node_modules/react-native-onesignal/android/libs', not found
file or directory '/Users/oem/Projects/KapraDaily/node_modules/react-native-onesignal/android/libs', not found
file or directory '/Users/oem/Projects/KapraDaily/node_modules/react-native-onesignal/android/libs', not found
file or directory '/Users/oem/Projects/KapraDaily/node_modules/react-native-onesignal/android/libs', not found
file or directory '/Users/oem/Projects/KapraDaily/node_modules/react-native-onesignal/android/libs', not found
file or directory '/Users/oem/Projects/KapraDaily/node_modules/react-native-onesignal/android/libs', not found
file or directory '/Users/oem/Projects/KapraDaily/node_modules/react-native-onesignal/android/libs', not found
file or directory '/Users/oem/Projects/KapraDaily/node_modules/react-native-onesignal/android/libs', not found
file or directory '/Users/oem/Projects/KapraDaily/node_modules/react-native-onesignal/android/libs', not found
file or directory '/Users/oem/Projects/KapraDaily/node_modules/react-native-onesignal/android/libs', not found
file or directory '/Users/oem/Projects/KapraDaily/node_modules/react-native-onesignal/android/libs', not found
file or directory '/Users/oem/Projects/KapraDaily/node_modules/react-native-onesignal/android/libs', not found
file or directory '/Users/oem/Projects/KapraDaily/node_modules/react-native-onesignal/android/libs', not found
file or directory '/Users/oem/Projects/KapraDaily/node_modules/react-native-onesignal/android/libs', not found
file or directory '/Users/oem/Projects/KapraDaily/node_modules/react-native-onesignal/android/libs', not found
file or directory '/Users/oem/Projects/KapraDaily/node_modules/react-native-onesignal/android/libs', not found
file or directory '/Users/oem/Projects/KapraDaily/node_modules/react-native-onesignal/android/libs', not found
file or directory '/Users/oem/Projects/KapraDaily/node_modules/react-native-onesignal/android/libs', not found
file or directory '/Users/oem/Projects/KapraDaily/node_modules/react-native-onesignal/android/libs', not found
file or directory '/Users/oem/Projects/KapraDaily/node_modules/react-native-onesignal/android/libs', not found
file or directory '/Users/oem/Projects/KapraDaily/node_modules/react-native-onesignal/android/libs', not found
file or directory '/Users/oem/Projects/KapraDaily/node_modules/react-native-onesignal/android/libs', not found
Caching disabled for task ':react-native-onesignal:lintVitalAnalyzeRelease' because:
  Build cache is disabled
Skipping task ':react-native-onesignal:lintVitalAnalyzeRelease' as it is up-to-date.
work action resolve out (project :react-native-onesignal) (Thread[Execution worker Thread 6,5,main]) started.
work action resolve out (project :react-native-onesignal) (Thread[Execution worker Thread 6,5,main]) started.
Resolve mutations for :react-native-onesignal:writeReleaseLintModelMetadata (Thread[Execution worker Thread 6,5,main]) started.
:react-native-onesignal:writeReleaseLintModelMetadata (Thread[Execution worker Thread 6,5,main]) started.

> Task :react-native-onesignal:writeReleaseLintModelMetadata UP-TO-DATE
Caching disabled for task ':react-native-onesignal:writeReleaseLintModelMetadata' because:
  Build cache is disabled
  Caching has been disabled for the task
Skipping task ':react-native-onesignal:writeReleaseLintModelMetadata' as it is up-to-date.
work action resolve lint-model-metadata.properties (project :react-native-onesignal) (Thread[Execution worker Thread 6,5,main]) started.
work action resolve lint-model-metadata.properties (project :react-native-onesignal) (Thread[Execution worker Thread 6,5,main]) started.
Resolve mutations for :react-native-otp-verify:lintVitalAnalyzeRelease (Thread[Execution worker Thread 6,5,main]) started.
:react-native-otp-verify:lintVitalAnalyzeRelease (Thread[Execution worker Thread 6,5,main]) started.

> Task :react-native-otp-verify:lintVitalAnalyzeRelease UP-TO-DATE
Caching disabled for task ':react-native-otp-verify:lintVitalAnalyzeRelease' because:
  Build cache is disabled
Skipping task ':react-native-otp-verify:lintVitalAnalyzeRelease' as it is up-to-date.
work action resolve out (project :react-native-otp-verify) (Thread[Execution worker Thread 6,5,main]) started.
work action resolve out (project :react-native-otp-verify) (Thread[Execution worker Thread 6,5,main]) started.
Resolve mutations for :react-native-otp-verify:writeReleaseLintModelMetadata (Thread[Execution worker Thread 6,5,main]) started.
:react-native-otp-verify:writeReleaseLintModelMetadata (Thread[Execution worker Thread 6,5,main]) started.

> Task :react-native-otp-verify:writeReleaseLintModelMetadata UP-TO-DATE
Caching disabled for task ':react-native-otp-verify:writeReleaseLintModelMetadata' because:
  Build cache is disabled
  Caching has been disabled for the task
Skipping task ':react-native-otp-verify:writeReleaseLintModelMetadata' as it is up-to-date.
work action resolve lint-model-metadata.properties (project :react-native-otp-verify) (Thread[Execution worker Thread 6,5,main]) started.
work action resolve lint-model-metadata.properties (project :react-native-otp-verify) (Thread[Execution worker Thread 6,5,main]) started.
Resolve mutations for :react-native-permissions:lintVitalAnalyzeRelease (Thread[Execution worker Thread 6,5,main]) started.
:react-native-permissions:lintVitalAnalyzeRelease (Thread[Execution worker Thread 6,5,main]) started.

> Task :react-native-permissions:lintVitalAnalyzeRelease UP-TO-DATE
Caching disabled for task ':react-native-permissions:lintVitalAnalyzeRelease' because:
  Build cache is disabled
Skipping task ':react-native-permissions:lintVitalAnalyzeRelease' as it is up-to-date.
work action resolve out (project :react-native-permissions) (Thread[Execution worker Thread 6,5,main]) started.
work action resolve out (project :react-native-permissions) (Thread[Execution worker Thread 6,5,main]) started.
Resolve mutations for :react-native-permissions:writeReleaseLintModelMetadata (Thread[Execution worker Thread 6,5,main]) started.
:react-native-permissions:writeReleaseLintModelMetadata (Thread[Execution worker Thread 6,5,main]) started.

> Task :react-native-permissions:writeReleaseLintModelMetadata UP-TO-DATE
Caching disabled for task ':react-native-permissions:writeReleaseLintModelMetadata' because:
  Build cache is disabled
  Caching has been disabled for the task
Skipping task ':react-native-permissions:writeReleaseLintModelMetadata' as it is up-to-date.
work action resolve lint-model-metadata.properties (project :react-native-permissions) (Thread[Execution worker Thread 6,5,main]) started.
work action resolve lint-model-metadata.properties (project :react-native-permissions) (Thread[Execution worker Thread 6,5,main]) started.
Resolve mutations for :react-native-razorpay:lintVitalAnalyzeRelease (Thread[Execution worker Thread 6,5,main]) started.
:react-native-razorpay:lintVitalAnalyzeRelease (Thread[Execution worker Thread 6,5,main]) started.

> Task :react-native-razorpay:lintVitalAnalyzeRelease UP-TO-DATE
Caching disabled for task ':react-native-razorpay:lintVitalAnalyzeRelease' because:
  Build cache is disabled
Skipping task ':react-native-razorpay:lintVitalAnalyzeRelease' as it is up-to-date.
work action resolve out (project :react-native-razorpay) (Thread[Execution worker Thread 6,5,main]) started.
work action resolve out (project :react-native-razorpay) (Thread[Execution worker Thread 6,5,main]) started.
Resolve mutations for :react-native-razorpay:writeReleaseLintModelMetadata (Thread[Execution worker Thread 6,5,main]) started.
:react-native-razorpay:writeReleaseLintModelMetadata (Thread[Execution worker Thread 6,5,main]) started.

> Task :react-native-razorpay:writeReleaseLintModelMetadata UP-TO-DATE
Caching disabled for task ':react-native-razorpay:writeReleaseLintModelMetadata' because:
  Build cache is disabled
  Caching has been disabled for the task
Skipping task ':react-native-razorpay:writeReleaseLintModelMetadata' as it is up-to-date.
work action resolve lint-model-metadata.properties (project :react-native-razorpay) (Thread[Execution worker Thread 6,5,main]) started.
work action resolve lint-model-metadata.properties (project :react-native-razorpay) (Thread[Execution worker Thread 6,5,main]) started.
Resolve mutations for :react-native-safe-area-context:lintVitalAnalyzeRelease (Thread[Execution worker Thread 6,5,main]) started.
:react-native-safe-area-context:lintVitalAnalyzeRelease (Thread[Execution worker Thread 6,5,main]) started.

> Task :react-native-safe-area-context:lintVitalAnalyzeRelease UP-TO-DATE
Caching disabled for task ':react-native-safe-area-context:lintVitalAnalyzeRelease' because:
  Build cache is disabled
Skipping task ':react-native-safe-area-context:lintVitalAnalyzeRelease' as it is up-to-date.
work action resolve out (project :react-native-safe-area-context) (Thread[Execution worker Thread 6,5,main]) started.
work action resolve out (project :react-native-safe-area-context) (Thread[Execution worker Thread 6,5,main]) started.
Resolve mutations for :react-native-safe-area-context:writeReleaseLintModelMetadata (Thread[Execution worker Thread 6,5,main]) started.
:react-native-safe-area-context:writeReleaseLintModelMetadata (Thread[Execution worker Thread 6,5,main]) started.

> Task :react-native-safe-area-context:writeReleaseLintModelMetadata UP-TO-DATE
Caching disabled for task ':react-native-safe-area-context:writeReleaseLintModelMetadata' because:
  Build cache is disabled
  Caching has been disabled for the task
Skipping task ':react-native-safe-area-context:writeReleaseLintModelMetadata' as it is up-to-date.
work action resolve lint-model-metadata.properties (project :react-native-safe-area-context) (Thread[Execution worker Thread 6,5,main]) started.
work action resolve lint-model-metadata.properties (project :react-native-safe-area-context) (Thread[Execution worker Thread 6,5,main]) started.
Resolve mutations for :react-native-screens:lintVitalAnalyzeRelease (Thread[Execution worker Thread 6,5,main]) started.
:react-native-screens:lintVitalAnalyzeRelease (Thread[Execution worker Thread 6,5,main]) started.

> Task :react-native-screens:lintVitalAnalyzeRelease UP-TO-DATE
Caching disabled for task ':react-native-screens:lintVitalAnalyzeRelease' because:
  Build cache is disabled
Skipping task ':react-native-screens:lintVitalAnalyzeRelease' as it is up-to-date.
work action resolve out (project :react-native-screens) (Thread[Execution worker Thread 6,5,main]) started.
work action resolve out (project :react-native-screens) (Thread[Execution worker Thread 6,5,main]) started.
Resolve mutations for :react-native-screens:writeReleaseLintModelMetadata (Thread[Execution worker Thread 6,5,main]) started.
:react-native-screens:writeReleaseLintModelMetadata (Thread[Execution worker Thread 6,5,main]) started.

> Task :react-native-screens:writeReleaseLintModelMetadata UP-TO-DATE
Caching disabled for task ':react-native-screens:writeReleaseLintModelMetadata' because:
  Build cache is disabled
  Caching has been disabled for the task
Skipping task ':react-native-screens:writeReleaseLintModelMetadata' as it is up-to-date.
work action resolve lint-model-metadata.properties (project :react-native-screens) (Thread[Execution worker Thread 6,5,main]) started.
work action resolve lint-model-metadata.properties (project :react-native-screens) (Thread[Execution worker Thread 6,5,main]) started.
Resolve mutations for :react-native-svg:lintVitalAnalyzeRelease (Thread[Execution worker Thread 6,5,main]) started.
:react-native-svg:lintVitalAnalyzeRelease (Thread[Execution worker Thread 6,5,main]) started.

> Task :react-native-svg:lintVitalAnalyzeRelease UP-TO-DATE
Caching disabled for task ':react-native-svg:lintVitalAnalyzeRelease' because:
  Build cache is disabled
Skipping task ':react-native-svg:lintVitalAnalyzeRelease' as it is up-to-date.
work action resolve out (project :react-native-svg) (Thread[Execution worker Thread 6,5,main]) started.
work action resolve out (project :react-native-svg) (Thread[Execution worker Thread 6,5,main]) started.
Resolve mutations for :react-native-svg:writeReleaseLintModelMetadata (Thread[Execution worker Thread 6,5,main]) started.
:react-native-svg:writeReleaseLintModelMetadata (Thread[Execution worker Thread 6,5,main]) started.

> Task :react-native-svg:writeReleaseLintModelMetadata UP-TO-DATE
Caching disabled for task ':react-native-svg:writeReleaseLintModelMetadata' because:
  Build cache is disabled
  Caching has been disabled for the task
Skipping task ':react-native-svg:writeReleaseLintModelMetadata' as it is up-to-date.
work action resolve lint-model-metadata.properties (project :react-native-svg) (Thread[Execution worker Thread 6,5,main]) started.
work action resolve lint-model-metadata.properties (project :react-native-svg) (Thread[Execution worker Thread 6,5,main]) started.
Resolve mutations for :react-native-vector-icons:lintVitalAnalyzeRelease (Thread[Execution worker Thread 6,5,main]) started.
:react-native-vector-icons:lintVitalAnalyzeRelease (Thread[Execution worker Thread 6,5,main]) started.
Resolve mutations for :react-native-vector-icons:writeReleaseLintModelMetadata (Thread[Execution worker Thread 2,5,main]) started.
:react-native-vector-icons:writeReleaseLintModelMetadata (Thread[Execution worker Thread 2,5,main]) started.

> Task :react-native-vector-icons:writeReleaseLintModelMetadata UP-TO-DATE
Caching disabled for task ':react-native-vector-icons:writeReleaseLintModelMetadata' because:
  Build cache is disabled
  Caching has been disabled for the task
Skipping task ':react-native-vector-icons:writeReleaseLintModelMetadata' as it is up-to-date.
work action resolve lint-model-metadata.properties (project :react-native-vector-icons) (Thread[Execution worker Thread 2,5,main]) started.
work action resolve lint-model-metadata.properties (project :react-native-vector-icons) (Thread[Execution worker Thread 2,5,main]) started.
Resolve mutations for :lottie-react-native:generateReleaseLintVitalModel (Thread[Execution worker Thread 2,5,main]) started.
:lottie-react-native:generateReleaseLintVitalModel (Thread[Execution worker Thread 2,5,main]) started.

> Task :lottie-react-native:generateReleaseLintVitalModel UP-TO-DATE
Caching disabled for task ':lottie-react-native:generateReleaseLintVitalModel' because:
  Build cache is disabled
  Caching has been disabled for the task
Skipping task ':lottie-react-native:generateReleaseLintVitalModel' as it is up-to-date.
work action resolve generateReleaseLintVitalModel (project :lottie-react-native) (Thread[Execution worker Thread 2,5,main]) started.
work action resolve generateReleaseLintVitalModel (project :lottie-react-native) (Thread[Execution worker Thread 2,5,main]) started.
Resolve mutations for :react-native-async-storage_async-storage:generateReleaseLintVitalModel (Thread[Execution worker Thread 2,5,main]) started.
:react-native-async-storage_async-storage:generateReleaseLintVitalModel (Thread[Execution worker Thread 2,5,main]) started.

> Task :react-native-async-storage_async-storage:generateReleaseLintVitalModel UP-TO-DATE
Caching disabled for task ':react-native-async-storage_async-storage:generateReleaseLintVitalModel' because:
  Build cache is disabled
  Caching has been disabled for the task
Skipping task ':react-native-async-storage_async-storage:generateReleaseLintVitalModel' as it is up-to-date.
work action resolve generateReleaseLintVitalModel (project :react-native-async-storage_async-storage) (Thread[Execution worker Thread 2,5,main]) started.
work action resolve generateReleaseLintVitalModel (project :react-native-async-storage_async-storage) (Thread[Execution worker Thread 2,5,main]) started.
Resolve mutations for :react-native-community_blur:generateReleaseLintVitalModel (Thread[Execution worker Thread 2,5,main]) started.
:react-native-community_blur:generateReleaseLintVitalModel (Thread[Execution worker Thread 2,5,main]) started.

> Task :react-native-community_blur:generateReleaseLintVitalModel UP-TO-DATE
Caching disabled for task ':react-native-community_blur:generateReleaseLintVitalModel' because:
  Build cache is disabled
  Caching has been disabled for the task
Skipping task ':react-native-community_blur:generateReleaseLintVitalModel' as it is up-to-date.
work action resolve generateReleaseLintVitalModel (project :react-native-community_blur) (Thread[Execution worker Thread 2,5,main]) started.
work action resolve generateReleaseLintVitalModel (project :react-native-community_blur) (Thread[Execution worker Thread 2,5,main]) started.
Resolve mutations for :react-native-community_geolocation:generateReleaseLintVitalModel (Thread[Execution worker Thread 2,5,main]) started.
:react-native-community_geolocation:generateReleaseLintVitalModel (Thread[Execution worker Thread 2,5,main]) started.

> Task :react-native-community_geolocation:generateReleaseLintVitalModel UP-TO-DATE
Caching disabled for task ':react-native-community_geolocation:generateReleaseLintVitalModel' because:
  Build cache is disabled
  Caching has been disabled for the task
Skipping task ':react-native-community_geolocation:generateReleaseLintVitalModel' as it is up-to-date.
work action resolve generateReleaseLintVitalModel (project :react-native-community_geolocation) (Thread[Execution worker Thread 2,5,main]) started.
work action resolve generateReleaseLintVitalModel (project :react-native-community_geolocation) (Thread[Execution worker Thread 2,5,main]) started.
Resolve mutations for :react-native-device-info:generateReleaseLintVitalModel (Thread[Execution worker Thread 2,5,main]) started.
:react-native-device-info:generateReleaseLintVitalModel (Thread[Execution worker Thread 2,5,main]) started.

> Task :react-native-device-info:generateReleaseLintVitalModel UP-TO-DATE
Caching disabled for task ':react-native-device-info:generateReleaseLintVitalModel' because:
  Build cache is disabled
  Caching has been disabled for the task
Skipping task ':react-native-device-info:generateReleaseLintVitalModel' as it is up-to-date.
work action resolve generateReleaseLintVitalModel (project :react-native-device-info) (Thread[Execution worker Thread 2,5,main]) started.
work action resolve generateReleaseLintVitalModel (project :react-native-device-info) (Thread[Execution worker Thread 2,5,main]) started.
Resolve mutations for :react-native-fast-image:generateReleaseLintVitalModel (Thread[Execution worker Thread 2,5,main]) started.
:react-native-fast-image:generateReleaseLintVitalModel (Thread[Execution worker Thread 2,5,main]) started.

> Task :react-native-fast-image:generateReleaseLintVitalModel UP-TO-DATE
Caching disabled for task ':react-native-fast-image:generateReleaseLintVitalModel' because:
  Build cache is disabled
  Caching has been disabled for the task
Skipping task ':react-native-fast-image:generateReleaseLintVitalModel' as it is up-to-date.
work action resolve generateReleaseLintVitalModel (project :react-native-fast-image) (Thread[Execution worker Thread 2,5,main]) started.
work action resolve generateReleaseLintVitalModel (project :react-native-fast-image) (Thread[Execution worker Thread 2,5,main]) started.
Resolve mutations for :react-native-linear-gradient:generateReleaseLintVitalModel (Thread[Execution worker Thread 2,5,main]) started.
:react-native-linear-gradient:generateReleaseLintVitalModel (Thread[Execution worker Thread 2,5,main]) started.

> Task :react-native-linear-gradient:generateReleaseLintVitalModel UP-TO-DATE
Caching disabled for task ':react-native-linear-gradient:generateReleaseLintVitalModel' because:
  Build cache is disabled
  Caching has been disabled for the task
Skipping task ':react-native-linear-gradient:generateReleaseLintVitalModel' as it is up-to-date.
work action resolve generateReleaseLintVitalModel (project :react-native-linear-gradient) (Thread[Execution worker Thread 2,5,main]) started.
work action resolve generateReleaseLintVitalModel (project :react-native-linear-gradient) (Thread[Execution worker Thread 2,5,main]) started.
Resolve mutations for :react-native-maps:generateReleaseLintVitalModel (Thread[Execution worker Thread 2,5,main]) started.
:react-native-maps:generateReleaseLintVitalModel (Thread[Execution worker Thread 2,5,main]) started.

> Task :react-native-maps:generateReleaseLintVitalModel UP-TO-DATE
Caching disabled for task ':react-native-maps:generateReleaseLintVitalModel' because:
  Build cache is disabled
  Caching has been disabled for the task
Skipping task ':react-native-maps:generateReleaseLintVitalModel' as it is up-to-date.
work action resolve generateReleaseLintVitalModel (project :react-native-maps) (Thread[Execution worker Thread 2,5,main]) started.
work action resolve generateReleaseLintVitalModel (project :react-native-maps) (Thread[Execution worker Thread 2,5,main]) started.
Resolve mutations for :react-native-onesignal:generateReleaseLintVitalModel (Thread[Execution worker Thread 2,5,main]) started.
:react-native-onesignal:generateReleaseLintVitalModel (Thread[Execution worker Thread 2,5,main]) started.

> Task :react-native-onesignal:generateReleaseLintVitalModel UP-TO-DATE
file or directory '/Users/oem/Projects/KapraDaily/node_modules/react-native-onesignal/android/libs', not found
file or directory '/Users/oem/Projects/KapraDaily/node_modules/react-native-onesignal/android/libs', not found
file or directory '/Users/oem/Projects/KapraDaily/node_modules/react-native-onesignal/android/libs', not found
file or directory '/Users/oem/Projects/KapraDaily/node_modules/react-native-onesignal/android/libs', not found
file or directory '/Users/oem/Projects/KapraDaily/node_modules/react-native-onesignal/android/libs', not found
file or directory '/Users/oem/Projects/KapraDaily/node_modules/react-native-onesignal/android/libs', not found
file or directory '/Users/oem/Projects/KapraDaily/node_modules/react-native-onesignal/android/libs', not found
file or directory '/Users/oem/Projects/KapraDaily/node_modules/react-native-onesignal/android/libs', not found
file or directory '/Users/oem/Projects/KapraDaily/node_modules/react-native-onesignal/android/libs', not found
file or directory '/Users/oem/Projects/KapraDaily/node_modules/react-native-onesignal/android/libs', not found
file or directory '/Users/oem/Projects/KapraDaily/node_modules/react-native-onesignal/android/libs', not found
file or directory '/Users/oem/Projects/KapraDaily/node_modules/react-native-onesignal/android/libs', not found
file or directory '/Users/oem/Projects/KapraDaily/node_modules/react-native-onesignal/android/libs', not found
file or directory '/Users/oem/Projects/KapraDaily/node_modules/react-native-onesignal/android/libs', not found
file or directory '/Users/oem/Projects/KapraDaily/node_modules/react-native-onesignal/android/libs', not found
file or directory '/Users/oem/Projects/KapraDaily/node_modules/react-native-onesignal/android/libs', not found
file or directory '/Users/oem/Projects/KapraDaily/node_modules/react-native-onesignal/android/libs', not found
file or directory '/Users/oem/Projects/KapraDaily/node_modules/react-native-onesignal/android/libs', not found
Caching disabled for task ':react-native-onesignal:generateReleaseLintVitalModel' because:
  Build cache is disabled
  Caching has been disabled for the task
Skipping task ':react-native-onesignal:generateReleaseLintVitalModel' as it is up-to-date.
work action resolve generateReleaseLintVitalModel (project :react-native-onesignal) (Thread[Execution worker Thread 2,5,main]) started.
work action resolve generateReleaseLintVitalModel (project :react-native-onesignal) (Thread[Execution worker Thread 2,5,main]) started.
Resolve mutations for :react-native-otp-verify:generateReleaseLintVitalModel (Thread[Execution worker Thread 2,5,main]) started.
:react-native-otp-verify:generateReleaseLintVitalModel (Thread[Execution worker Thread 2,5,main]) started.

> Task :react-native-otp-verify:generateReleaseLintVitalModel UP-TO-DATE
Caching disabled for task ':react-native-otp-verify:generateReleaseLintVitalModel' because:
  Build cache is disabled
  Caching has been disabled for the task
Skipping task ':react-native-otp-verify:generateReleaseLintVitalModel' as it is up-to-date.
work action resolve generateReleaseLintVitalModel (project :react-native-otp-verify) (Thread[Execution worker Thread 2,5,main]) started.
work action resolve generateReleaseLintVitalModel (project :react-native-otp-verify) (Thread[Execution worker Thread 2,5,main]) started.
Resolve mutations for :react-native-permissions:generateReleaseLintVitalModel (Thread[Execution worker Thread 2,5,main]) started.
:react-native-permissions:generateReleaseLintVitalModel (Thread[Execution worker Thread 2,5,main]) started.

> Task :react-native-permissions:generateReleaseLintVitalModel UP-TO-DATE
Caching disabled for task ':react-native-permissions:generateReleaseLintVitalModel' because:
  Build cache is disabled
  Caching has been disabled for the task
Skipping task ':react-native-permissions:generateReleaseLintVitalModel' as it is up-to-date.
work action resolve generateReleaseLintVitalModel (project :react-native-permissions) (Thread[Execution worker Thread 2,5,main]) started.
work action resolve generateReleaseLintVitalModel (project :react-native-permissions) (Thread[Execution worker Thread 2,5,main]) started.
Resolve mutations for :react-native-razorpay:generateReleaseLintVitalModel (Thread[Execution worker Thread 2,5,main]) started.
:react-native-razorpay:generateReleaseLintVitalModel (Thread[Execution worker Thread 2,5,main]) started.

> Task :react-native-razorpay:generateReleaseLintVitalModel UP-TO-DATE
Caching disabled for task ':react-native-razorpay:generateReleaseLintVitalModel' because:
  Build cache is disabled
  Caching has been disabled for the task
Skipping task ':react-native-razorpay:generateReleaseLintVitalModel' as it is up-to-date.
work action resolve generateReleaseLintVitalModel (project :react-native-razorpay) (Thread[Execution worker Thread 2,5,main]) started.
work action resolve generateReleaseLintVitalModel (project :react-native-razorpay) (Thread[Execution worker Thread 2,5,main]) started.
Resolve mutations for :react-native-safe-area-context:generateReleaseLintVitalModel (Thread[Execution worker Thread 2,5,main]) started.
:react-native-safe-area-context:generateReleaseLintVitalModel (Thread[Execution worker Thread 2,5,main]) started.

> Task :react-native-safe-area-context:generateReleaseLintVitalModel UP-TO-DATE
Caching disabled for task ':react-native-safe-area-context:generateReleaseLintVitalModel' because:
  Build cache is disabled
  Caching has been disabled for the task
Skipping task ':react-native-safe-area-context:generateReleaseLintVitalModel' as it is up-to-date.
work action resolve generateReleaseLintVitalModel (project :react-native-safe-area-context) (Thread[Execution worker Thread 2,5,main]) started.
work action resolve generateReleaseLintVitalModel (project :react-native-safe-area-context) (Thread[Execution worker Thread 2,5,main]) started.
Resolve mutations for :react-native-screens:generateReleaseLintVitalModel (Thread[Execution worker Thread 2,5,main]) started.
:react-native-screens:generateReleaseLintVitalModel (Thread[Execution worker Thread 2,5,main]) started.

> Task :react-native-screens:generateReleaseLintVitalModel UP-TO-DATE
Caching disabled for task ':react-native-screens:generateReleaseLintVitalModel' because:
  Build cache is disabled
  Caching has been disabled for the task
Skipping task ':react-native-screens:generateReleaseLintVitalModel' as it is up-to-date.
work action resolve generateReleaseLintVitalModel (project :react-native-screens) (Thread[Execution worker Thread 2,5,main]) started.
work action resolve generateReleaseLintVitalModel (project :react-native-screens) (Thread[Execution worker Thread 2,5,main]) started.
Resolve mutations for :react-native-svg:generateReleaseLintVitalModel (Thread[Execution worker Thread 2,5,main]) started.
:react-native-svg:generateReleaseLintVitalModel (Thread[Execution worker Thread 2,5,main]) started.

> Task :react-native-svg:generateReleaseLintVitalModel UP-TO-DATE
Caching disabled for task ':react-native-svg:generateReleaseLintVitalModel' because:
  Build cache is disabled
  Caching has been disabled for the task
Skipping task ':react-native-svg:generateReleaseLintVitalModel' as it is up-to-date.
work action resolve generateReleaseLintVitalModel (project :react-native-svg) (Thread[Execution worker Thread 2,5,main]) started.
work action resolve generateReleaseLintVitalModel (project :react-native-svg) (Thread[Execution worker Thread 2,5,main]) started.
Resolve mutations for :react-native-vector-icons:generateReleaseLintVitalModel (Thread[Execution worker Thread 2,5,main]) started.
:react-native-vector-icons:generateReleaseLintVitalModel (Thread[Execution worker Thread 2,5,main]) started.

> Task :react-native-vector-icons:generateReleaseLintVitalModel UP-TO-DATE
Caching disabled for task ':react-native-vector-icons:generateReleaseLintVitalModel' because:
  Build cache is disabled
  Caching has been disabled for the task
Skipping task ':react-native-vector-icons:generateReleaseLintVitalModel' as it is up-to-date.
work action resolve generateReleaseLintVitalModel (project :react-native-vector-icons) (Thread[Execution worker Thread 2,5,main]) started.
work action resolve generateReleaseLintVitalModel (project :react-native-vector-icons) (Thread[Execution worker Thread 2,5,main]) started.
Resolve mutations for :app:collectReleaseDependencies (Thread[Execution worker Thread 2,5,main]) started.
:app:collectReleaseDependencies (Thread[Execution worker Thread 2,5,main]) started.

> Task :app:collectReleaseDependencies UP-TO-DATE
file or directory '/Users/oem/Projects/KapraDaily/node_modules/react-native-onesignal/android/libs', not found
file or directory '/Users/oem/Projects/KapraDaily/node_modules/react-native-onesignal/android/libs', not found
Caching disabled for task ':app:collectReleaseDependencies' because:
  Build cache is disabled
  Caching has been disabled for the task
Skipping task ':app:collectReleaseDependencies' as it is up-to-date.
Resolve mutations for :app:sdkReleaseDependencyData (Thread[Execution worker Thread 2,5,main]) started.
:app:sdkReleaseDependencyData (Thread[Execution worker Thread 2,5,main]) started.

> Task :app:sdkReleaseDependencyData UP-TO-DATE
Caching disabled for task ':app:sdkReleaseDependencyData' because:
  Build cache is disabled
  Caching has been disabled for the task
Skipping task ':app:sdkReleaseDependencyData' as it is up-to-date.
Resolve mutations for :app:validateSigningRelease (Thread[Execution worker Thread 2,5,main]) started.
:app:validateSigningRelease (Thread[Execution worker Thread 2,5,main]) started.

> Task :app:validateSigningRelease UP-TO-DATE
Caching disabled for task ':app:validateSigningRelease' because:
  Build cache is disabled
  Caching has been disabled for the task
Skipping task ':app:validateSigningRelease' as it is up-to-date.
Resolve mutations for :app:writeReleaseAppMetadata (Thread[Execution worker Thread 2,5,main]) started.
:app:writeReleaseAppMetadata (Thread[Execution worker Thread 2,5,main]) started.

> Task :app:writeReleaseAppMetadata UP-TO-DATE
Caching disabled for task ':app:writeReleaseAppMetadata' because:
  Build cache is disabled
  Caching has been disabled for the task
Skipping task ':app:writeReleaseAppMetadata' as it is up-to-date.
Resolve mutations for :app:writeReleaseSigningConfigVersions (Thread[Execution worker Thread 2,5,main]) started.
:app:writeReleaseSigningConfigVersions (Thread[Execution worker Thread 2,5,main]) started.

> Task :app:writeReleaseSigningConfigVersions UP-TO-DATE
Caching disabled for task ':app:writeReleaseSigningConfigVersions' because:
  Build cache is disabled
  Caching has been disabled for the task
Skipping task ':app:writeReleaseSigningConfigVersions' as it is up-to-date.
Resolve mutations for :lottie-react-native:bundleReleaseAar (Thread[Execution worker Thread 2,5,main]) started.
:lottie-react-native:bundleReleaseAar (Thread[Execution worker Thread 2,5,main]) started.

> Task :lottie-react-native:bundleReleaseAar UP-TO-DATE
Caching disabled for task ':lottie-react-native:bundleReleaseAar' because:
  Build cache is disabled
  Caching has been disabled for the task
Skipping task ':lottie-react-native:bundleReleaseAar' as it is up-to-date.
Resolve mutations for :lottie-react-native:mapReleaseSourceSetPaths (Thread[Execution worker Thread 2,5,main]) started.
:lottie-react-native:mapReleaseSourceSetPaths (Thread[Execution worker Thread 2,5,main]) started.

> Task :lottie-react-native:mapReleaseSourceSetPaths UP-TO-DATE
Caching disabled for task ':lottie-react-native:mapReleaseSourceSetPaths' because:
  Build cache is disabled
  Caching has been disabled for the task
Skipping task ':lottie-react-native:mapReleaseSourceSetPaths' as it is up-to-date.
Resolve mutations for :lottie-react-native:mergeReleaseResources (Thread[Execution worker Thread 2,5,main]) started.
:lottie-react-native:mergeReleaseResources (Thread[Execution worker Thread 2,5,main]) started.

> Task :lottie-react-native:mergeReleaseResources UP-TO-DATE
Caching disabled for task ':lottie-react-native:mergeReleaseResources' because:
  Build cache is disabled
Skipping task ':lottie-react-native:mergeReleaseResources' as it is up-to-date.
Resolve mutations for :lottie-react-native:verifyReleaseResources (Thread[Execution worker Thread 2,5,main]) started.
:lottie-react-native:verifyReleaseResources (Thread[Execution worker Thread 2,5,main]) started.

> Task :lottie-react-native:verifyReleaseResources UP-TO-DATE
Caching disabled for task ':lottie-react-native:verifyReleaseResources' because:
  Build cache is disabled
Skipping task ':lottie-react-native:verifyReleaseResources' as it is up-to-date.
Resolve mutations for :lottie-react-native:assembleRelease (Thread[Execution worker Thread 2,5,main]) started.
:lottie-react-native:assembleRelease (Thread[Execution worker Thread 2,5,main]) started.

> Task :lottie-react-native:assembleRelease UP-TO-DATE
Skipping task ':lottie-react-native:assembleRelease' as it has no actions.
Resolve mutations for :react-native-async-storage_async-storage:bundleReleaseAar (Thread[Execution worker Thread 2,5,main]) started.
:react-native-async-storage_async-storage:bundleReleaseAar (Thread[Execution worker Thread 2,5,main]) started.

> Task :react-native-async-storage_async-storage:bundleReleaseAar UP-TO-DATE
Caching disabled for task ':react-native-async-storage_async-storage:bundleReleaseAar' because:
  Build cache is disabled
  Caching has been disabled for the task
Skipping task ':react-native-async-storage_async-storage:bundleReleaseAar' as it is up-to-date.
Resolve mutations for :react-native-async-storage_async-storage:mapReleaseSourceSetPaths (Thread[Execution worker Thread 2,5,main]) started.
:react-native-async-storage_async-storage:mapReleaseSourceSetPaths (Thread[Execution worker Thread 2,5,main]) started.

> Task :react-native-async-storage_async-storage:mapReleaseSourceSetPaths UP-TO-DATE
Caching disabled for task ':react-native-async-storage_async-storage:mapReleaseSourceSetPaths' because:
  Build cache is disabled
  Caching has been disabled for the task
Skipping task ':react-native-async-storage_async-storage:mapReleaseSourceSetPaths' as it is up-to-date.
Resolve mutations for :react-native-async-storage_async-storage:mergeReleaseResources (Thread[Execution worker Thread 2,5,main]) started.
:react-native-async-storage_async-storage:mergeReleaseResources (Thread[Execution worker Thread 2,5,main]) started.

> Task :react-native-async-storage_async-storage:mergeReleaseResources UP-TO-DATE
Caching disabled for task ':react-native-async-storage_async-storage:mergeReleaseResources' because:
  Build cache is disabled
Skipping task ':react-native-async-storage_async-storage:mergeReleaseResources' as it is up-to-date.
Resolve mutations for :react-native-async-storage_async-storage:verifyReleaseResources (Thread[Execution worker Thread 2,5,main]) started.
:react-native-async-storage_async-storage:verifyReleaseResources (Thread[Execution worker Thread 2,5,main]) started.

> Task :react-native-async-storage_async-storage:verifyReleaseResources UP-TO-DATE
Caching disabled for task ':react-native-async-storage_async-storage:verifyReleaseResources' because:
  Build cache is disabled
Skipping task ':react-native-async-storage_async-storage:verifyReleaseResources' as it is up-to-date.
Resolve mutations for :react-native-async-storage_async-storage:assembleRelease (Thread[Execution worker Thread 2,5,main]) started.
:react-native-async-storage_async-storage:assembleRelease (Thread[Execution worker Thread 2,5,main]) started.

> Task :react-native-async-storage_async-storage:assembleRelease UP-TO-DATE
Skipping task ':react-native-async-storage_async-storage:assembleRelease' as it has no actions.
Resolve mutations for :react-native-community_blur:bundleReleaseAar (Thread[Execution worker Thread 2,5,main]) started.
:react-native-community_blur:bundleReleaseAar (Thread[Execution worker Thread 2,5,main]) started.

> Task :react-native-community_blur:bundleReleaseAar UP-TO-DATE
Caching disabled for task ':react-native-community_blur:bundleReleaseAar' because:
  Build cache is disabled
  Caching has been disabled for the task
Skipping task ':react-native-community_blur:bundleReleaseAar' as it is up-to-date.
Resolve mutations for :react-native-community_blur:mapReleaseSourceSetPaths (Thread[Execution worker Thread 2,5,main]) started.
:react-native-community_blur:mapReleaseSourceSetPaths (Thread[Execution worker Thread 2,5,main]) started.

> Task :react-native-community_blur:mapReleaseSourceSetPaths UP-TO-DATE
Caching disabled for task ':react-native-community_blur:mapReleaseSourceSetPaths' because:
  Build cache is disabled
  Caching has been disabled for the task
Skipping task ':react-native-community_blur:mapReleaseSourceSetPaths' as it is up-to-date.
Resolve mutations for :react-native-community_blur:mergeReleaseResources (Thread[Execution worker Thread 2,5,main]) started.
:react-native-community_blur:mergeReleaseResources (Thread[Execution worker Thread 2,5,main]) started.

> Task :react-native-community_blur:mergeReleaseResources UP-TO-DATE
Caching disabled for task ':react-native-community_blur:mergeReleaseResources' because:
  Build cache is disabled
Skipping task ':react-native-community_blur:mergeReleaseResources' as it is up-to-date.
Resolve mutations for :react-native-community_blur:verifyReleaseResources (Thread[Execution worker Thread 2,5,main]) started.
:react-native-community_blur:verifyReleaseResources (Thread[Execution worker Thread 2,5,main]) started.

> Task :react-native-community_blur:verifyReleaseResources UP-TO-DATE
Caching disabled for task ':react-native-community_blur:verifyReleaseResources' because:
  Build cache is disabled
Skipping task ':react-native-community_blur:verifyReleaseResources' as it is up-to-date.
Resolve mutations for :react-native-community_blur:assembleRelease (Thread[Execution worker Thread 2,5,main]) started.
:react-native-community_blur:assembleRelease (Thread[Execution worker Thread 2,5,main]) started.

> Task :react-native-community_blur:assembleRelease UP-TO-DATE
Skipping task ':react-native-community_blur:assembleRelease' as it has no actions.
Resolve mutations for :react-native-community_geolocation:bundleReleaseAar (Thread[Execution worker Thread 2,5,main]) started.
:react-native-community_geolocation:bundleReleaseAar (Thread[Execution worker Thread 2,5,main]) started.

> Task :react-native-community_geolocation:bundleReleaseAar UP-TO-DATE
Caching disabled for task ':react-native-community_geolocation:bundleReleaseAar' because:
  Build cache is disabled
  Caching has been disabled for the task
Skipping task ':react-native-community_geolocation:bundleReleaseAar' as it is up-to-date.
Resolve mutations for :react-native-community_geolocation:mapReleaseSourceSetPaths (Thread[Execution worker Thread 2,5,main]) started.
:react-native-community_geolocation:mapReleaseSourceSetPaths (Thread[Execution worker Thread 2,5,main]) started.

> Task :react-native-community_geolocation:mapReleaseSourceSetPaths UP-TO-DATE
Caching disabled for task ':react-native-community_geolocation:mapReleaseSourceSetPaths' because:
  Build cache is disabled
  Caching has been disabled for the task
Skipping task ':react-native-community_geolocation:mapReleaseSourceSetPaths' as it is up-to-date.
Resolve mutations for :react-native-community_geolocation:mergeReleaseResources (Thread[Execution worker Thread 2,5,main]) started.
:react-native-community_geolocation:mergeReleaseResources (Thread[Execution worker Thread 2,5,main]) started.

> Task :react-native-community_geolocation:mergeReleaseResources UP-TO-DATE
Caching disabled for task ':react-native-community_geolocation:mergeReleaseResources' because:
  Build cache is disabled
Skipping task ':react-native-community_geolocation:mergeReleaseResources' as it is up-to-date.
Resolve mutations for :react-native-community_geolocation:verifyReleaseResources (Thread[Execution worker Thread 2,5,main]) started.
:react-native-community_geolocation:verifyReleaseResources (Thread[Execution worker Thread 2,5,main]) started.

> Task :react-native-community_geolocation:verifyReleaseResources UP-TO-DATE
Caching disabled for task ':react-native-community_geolocation:verifyReleaseResources' because:
  Build cache is disabled
Skipping task ':react-native-community_geolocation:verifyReleaseResources' as it is up-to-date.
Resolve mutations for :react-native-community_geolocation:assembleRelease (Thread[Execution worker Thread 2,5,main]) started.
:react-native-community_geolocation:assembleRelease (Thread[Execution worker Thread 2,5,main]) started.

> Task :react-native-community_geolocation:assembleRelease UP-TO-DATE
Skipping task ':react-native-community_geolocation:assembleRelease' as it has no actions.
Resolve mutations for :react-native-device-info:bundleReleaseAar (Thread[Execution worker Thread 2,5,main]) started.
:react-native-device-info:bundleReleaseAar (Thread[Execution worker Thread 2,5,main]) started.

> Task :react-native-device-info:bundleReleaseAar UP-TO-DATE
Caching disabled for task ':react-native-device-info:bundleReleaseAar' because:
  Build cache is disabled
  Caching has been disabled for the task
Skipping task ':react-native-device-info:bundleReleaseAar' as it is up-to-date.
Resolve mutations for :react-native-device-info:mapReleaseSourceSetPaths (Thread[Execution worker Thread 2,5,main]) started.
:react-native-device-info:mapReleaseSourceSetPaths (Thread[Execution worker Thread 2,5,main]) started.

> Task :react-native-device-info:mapReleaseSourceSetPaths UP-TO-DATE
Caching disabled for task ':react-native-device-info:mapReleaseSourceSetPaths' because:
  Build cache is disabled
  Caching has been disabled for the task
Skipping task ':react-native-device-info:mapReleaseSourceSetPaths' as it is up-to-date.
Resolve mutations for :react-native-device-info:mergeReleaseResources (Thread[Execution worker Thread 2,5,main]) started.
:react-native-device-info:mergeReleaseResources (Thread[Execution worker Thread 2,5,main]) started.

> Task :react-native-device-info:mergeReleaseResources UP-TO-DATE
Caching disabled for task ':react-native-device-info:mergeReleaseResources' because:
  Build cache is disabled
Skipping task ':react-native-device-info:mergeReleaseResources' as it is up-to-date.
Resolve mutations for :react-native-device-info:verifyReleaseResources (Thread[Execution worker Thread 2,5,main]) started.
:react-native-device-info:verifyReleaseResources (Thread[Execution worker Thread 2,5,main]) started.

> Task :react-native-device-info:verifyReleaseResources UP-TO-DATE
Caching disabled for task ':react-native-device-info:verifyReleaseResources' because:
  Build cache is disabled
Skipping task ':react-native-device-info:verifyReleaseResources' as it is up-to-date.
Resolve mutations for :react-native-device-info:assembleRelease (Thread[Execution worker Thread 2,5,main]) started.
:react-native-device-info:assembleRelease (Thread[Execution worker Thread 2,5,main]) started.

> Task :react-native-device-info:assembleRelease UP-TO-DATE
Skipping task ':react-native-device-info:assembleRelease' as it has no actions.
Resolve mutations for :react-native-fast-image:bundleReleaseAar (Thread[Execution worker Thread 2,5,main]) started.
:react-native-fast-image:bundleReleaseAar (Thread[Execution worker Thread 2,5,main]) started.

> Task :react-native-fast-image:bundleReleaseAar UP-TO-DATE
Caching disabled for task ':react-native-fast-image:bundleReleaseAar' because:
  Build cache is disabled
  Caching has been disabled for the task
Skipping task ':react-native-fast-image:bundleReleaseAar' as it is up-to-date.
Resolve mutations for :react-native-fast-image:mapReleaseSourceSetPaths (Thread[Execution worker Thread 2,5,main]) started.
:react-native-fast-image:mapReleaseSourceSetPaths (Thread[Execution worker Thread 2,5,main]) started.

> Task :react-native-fast-image:mapReleaseSourceSetPaths UP-TO-DATE
Caching disabled for task ':react-native-fast-image:mapReleaseSourceSetPaths' because:
  Build cache is disabled
  Caching has been disabled for the task
Skipping task ':react-native-fast-image:mapReleaseSourceSetPaths' as it is up-to-date.
Resolve mutations for :react-native-fast-image:mergeReleaseResources (Thread[Execution worker Thread 2,5,main]) started.
:react-native-fast-image:mergeReleaseResources (Thread[Execution worker Thread 2,5,main]) started.

> Task :react-native-fast-image:mergeReleaseResources UP-TO-DATE
Caching disabled for task ':react-native-fast-image:mergeReleaseResources' because:
  Build cache is disabled
Skipping task ':react-native-fast-image:mergeReleaseResources' as it is up-to-date.
Resolve mutations for :react-native-fast-image:verifyReleaseResources (Thread[Execution worker Thread 2,5,main]) started.
:react-native-fast-image:verifyReleaseResources (Thread[Execution worker Thread 2,5,main]) started.

> Task :react-native-fast-image:verifyReleaseResources UP-TO-DATE
Caching disabled for task ':react-native-fast-image:verifyReleaseResources' because:
  Build cache is disabled
Skipping task ':react-native-fast-image:verifyReleaseResources' as it is up-to-date.
Resolve mutations for :react-native-fast-image:assembleRelease (Thread[Execution worker Thread 5,5,main]) started.
:react-native-fast-image:assembleRelease (Thread[Execution worker Thread 5,5,main]) started.

> Task :react-native-fast-image:assembleRelease UP-TO-DATE
Skipping task ':react-native-fast-image:assembleRelease' as it has no actions.
Resolve mutations for :react-native-linear-gradient:bundleReleaseAar (Thread[Execution worker Thread 5,5,main]) started.
:react-native-linear-gradient:bundleReleaseAar (Thread[Execution worker Thread 5,5,main]) started.

> Task :react-native-linear-gradient:bundleReleaseAar UP-TO-DATE
Caching disabled for task ':react-native-linear-gradient:bundleReleaseAar' because:
  Build cache is disabled
  Caching has been disabled for the task
Skipping task ':react-native-linear-gradient:bundleReleaseAar' as it is up-to-date.
Resolve mutations for :react-native-linear-gradient:mapReleaseSourceSetPaths (Thread[Execution worker Thread 5,5,main]) started.
:react-native-linear-gradient:mapReleaseSourceSetPaths (Thread[Execution worker Thread 5,5,main]) started.

> Task :react-native-linear-gradient:mapReleaseSourceSetPaths UP-TO-DATE
Caching disabled for task ':react-native-linear-gradient:mapReleaseSourceSetPaths' because:
  Build cache is disabled
  Caching has been disabled for the task
Skipping task ':react-native-linear-gradient:mapReleaseSourceSetPaths' as it is up-to-date.
Resolve mutations for :react-native-linear-gradient:mergeReleaseResources (Thread[Execution worker Thread 5,5,main]) started.
:react-native-linear-gradient:mergeReleaseResources (Thread[Execution worker Thread 5,5,main]) started.

> Task :react-native-linear-gradient:mergeReleaseResources UP-TO-DATE
Caching disabled for task ':react-native-linear-gradient:mergeReleaseResources' because:
  Build cache is disabled
Skipping task ':react-native-linear-gradient:mergeReleaseResources' as it is up-to-date.
Resolve mutations for :react-native-linear-gradient:verifyReleaseResources (Thread[Execution worker Thread 5,5,main]) started.
:react-native-linear-gradient:verifyReleaseResources (Thread[Execution worker Thread 5,5,main]) started.

> Task :react-native-linear-gradient:verifyReleaseResources UP-TO-DATE
Caching disabled for task ':react-native-linear-gradient:verifyReleaseResources' because:
  Build cache is disabled
Skipping task ':react-native-linear-gradient:verifyReleaseResources' as it is up-to-date.
Resolve mutations for :react-native-linear-gradient:assembleRelease (Thread[Execution worker Thread 5,5,main]) started.
:react-native-linear-gradient:assembleRelease (Thread[Execution worker Thread 5,5,main]) started.

> Task :react-native-linear-gradient:assembleRelease UP-TO-DATE
Skipping task ':react-native-linear-gradient:assembleRelease' as it has no actions.
Resolve mutations for :react-native-maps:bundleReleaseAar (Thread[Execution worker Thread 5,5,main]) started.
:react-native-maps:bundleReleaseAar (Thread[Execution worker Thread 5,5,main]) started.

> Task :react-native-maps:bundleReleaseAar UP-TO-DATE
Caching disabled for task ':react-native-maps:bundleReleaseAar' because:
  Build cache is disabled
  Caching has been disabled for the task
Skipping task ':react-native-maps:bundleReleaseAar' as it is up-to-date.
Resolve mutations for :react-native-maps:mapReleaseSourceSetPaths (Thread[Execution worker Thread 5,5,main]) started.
:react-native-maps:mapReleaseSourceSetPaths (Thread[Execution worker Thread 5,5,main]) started.

> Task :react-native-maps:mapReleaseSourceSetPaths UP-TO-DATE
Caching disabled for task ':react-native-maps:mapReleaseSourceSetPaths' because:
  Build cache is disabled
  Caching has been disabled for the task
Skipping task ':react-native-maps:mapReleaseSourceSetPaths' as it is up-to-date.
Resolve mutations for :react-native-maps:mergeReleaseResources (Thread[Execution worker Thread 5,5,main]) started.
:react-native-maps:mergeReleaseResources (Thread[Execution worker Thread 5,5,main]) started.

> Task :react-native-maps:mergeReleaseResources UP-TO-DATE
Caching disabled for task ':react-native-maps:mergeReleaseResources' because:
  Build cache is disabled
Skipping task ':react-native-maps:mergeReleaseResources' as it is up-to-date.
Resolve mutations for :react-native-maps:verifyReleaseResources (Thread[Execution worker Thread 5,5,main]) started.
:react-native-maps:verifyReleaseResources (Thread[Execution worker Thread 5,5,main]) started.

> Task :react-native-maps:verifyReleaseResources UP-TO-DATE
Caching disabled for task ':react-native-maps:verifyReleaseResources' because:
  Build cache is disabled
Skipping task ':react-native-maps:verifyReleaseResources' as it is up-to-date.
Resolve mutations for :react-native-maps:assembleRelease (Thread[Execution worker Thread 5,5,main]) started.
:react-native-maps:assembleRelease (Thread[Execution worker Thread 5,5,main]) started.

> Task :react-native-maps:assembleRelease UP-TO-DATE
Skipping task ':react-native-maps:assembleRelease' as it has no actions.
Resolve mutations for :react-native-onesignal:bundleReleaseAar (Thread[Execution worker Thread 5,5,main]) started.
:react-native-onesignal:bundleReleaseAar (Thread[Execution worker Thread 5,5,main]) started.

> Task :react-native-onesignal:bundleReleaseAar UP-TO-DATE
file or directory '/Users/oem/Projects/KapraDaily/node_modules/react-native-onesignal/android/libs', not found
Caching disabled for task ':react-native-onesignal:bundleReleaseAar' because:
  Build cache is disabled
  Caching has been disabled for the task
Skipping task ':react-native-onesignal:bundleReleaseAar' as it is up-to-date.
Resolve mutations for :react-native-onesignal:mapReleaseSourceSetPaths (Thread[Execution worker Thread 5,5,main]) started.
:react-native-onesignal:mapReleaseSourceSetPaths (Thread[Execution worker Thread 5,5,main]) started.

> Task :app:processReleaseResources
file or directory '/Users/oem/Projects/KapraDaily/node_modules/react-native-onesignal/android/libs', not found
Caching disabled for AarResourcesCompilerTransform: /Users/oem/.gradle/caches/8.13/transforms/1af2150d394f770a4fd4bf0c805d0ec7/transformed/hermes-android-0.82.1-release because:
  Build cache is disabled
file or directory '/Users/oem/Projects/KapraDaily/node_modules/react-native-onesignal/android/libs', not found
Caching disabled for LibrarySymbolTableTransform: /Users/oem/.gradle/caches/8.13/transforms/b142e6f75603c774d9881af962aaafa7/transformed/react-android-0.82.1-release because:
  Build cache is disabled
  Caching not enabled.
Caching disabled for LibrarySymbolTableTransform: /Users/oem/.gradle/caches/8.13/transforms/1af2150d394f770a4fd4bf0c805d0ec7/transformed/hermes-android-0.82.1-release because:
  Build cache is disabled
  Caching not enabled.
Caching disabled for task ':app:processReleaseResources' because:
  Build cache is disabled
Task ':app:processReleaseResources' is not up-to-date because:
  No history is available.
The input changes require a full rebuild for incremental task ':app:processReleaseResources'.
AAPT2 aapt2-8.12.0-13700139-osx Daemon #0: starting
Aapt output file /Users/oem/Projects/KapraDaily/android/app/build/intermediates/linked_resources_binary_format/release/processReleaseResources/linked-resources-binary-format-release.ap_

> Task :react-native-onesignal:mapReleaseSourceSetPaths UP-TO-DATE
file or directory '/Users/oem/Projects/KapraDaily/node_modules/react-native-onesignal/android/libs', not found
Caching disabled for task ':react-native-onesignal:mapReleaseSourceSetPaths' because:
  Build cache is disabled
  Caching has been disabled for the task
Skipping task ':react-native-onesignal:mapReleaseSourceSetPaths' as it is up-to-date.
Resolve mutations for :app:compileReleaseKotlin (Thread[Execution worker Thread 5,5,main]) started.
:app:compileReleaseKotlin (Thread[Execution worker Thread 5,5,main]) started.
Resolve mutations for :app:optimizeReleaseResources (Thread[Execution worker Thread 3,5,main]) started.
:app:optimizeReleaseResources (Thread[Execution worker Thread 3,5,main]) started.
Resolve mutations for :react-native-onesignal:mergeReleaseResources (Thread[Execution worker,5,main]) started.
:react-native-onesignal:mergeReleaseResources (Thread[Execution worker,5,main]) started.

> Task :react-native-onesignal:mergeReleaseResources UP-TO-DATE
file or directory '/Users/oem/Projects/KapraDaily/node_modules/react-native-onesignal/android/libs', not found
Caching disabled for task ':react-native-onesignal:mergeReleaseResources' because:
  Build cache is disabled
Skipping task ':react-native-onesignal:mergeReleaseResources' as it is up-to-date.
Resolve mutations for :react-native-onesignal:verifyReleaseResources (Thread[Execution worker,5,main]) started.
:react-native-onesignal:verifyReleaseResources (Thread[Execution worker,5,main]) started.

> Task :react-native-onesignal:verifyReleaseResources UP-TO-DATE
file or directory '/Users/oem/Projects/KapraDaily/node_modules/react-native-onesignal/android/libs', not found
Caching disabled for task ':react-native-onesignal:verifyReleaseResources' because:
  Build cache is disabled
Skipping task ':react-native-onesignal:verifyReleaseResources' as it is up-to-date.
Resolve mutations for :react-native-onesignal:assembleRelease (Thread[Execution worker,5,main]) started.
:react-native-onesignal:assembleRelease (Thread[Execution worker,5,main]) started.

> Task :react-native-onesignal:assembleRelease UP-TO-DATE
Skipping task ':react-native-onesignal:assembleRelease' as it has no actions.
Resolve mutations for :react-native-otp-verify:bundleReleaseAar (Thread[Execution worker,5,main]) started.
:react-native-otp-verify:bundleReleaseAar (Thread[Execution worker,5,main]) started.

> Task :react-native-otp-verify:bundleReleaseAar UP-TO-DATE
Caching disabled for task ':react-native-otp-verify:bundleReleaseAar' because:
  Build cache is disabled
  Caching has been disabled for the task
Skipping task ':react-native-otp-verify:bundleReleaseAar' as it is up-to-date.
Resolve mutations for :react-native-otp-verify:mapReleaseSourceSetPaths (Thread[Execution worker,5,main]) started.
:react-native-otp-verify:mapReleaseSourceSetPaths (Thread[Execution worker,5,main]) started.

> Task :react-native-otp-verify:mapReleaseSourceSetPaths UP-TO-DATE
Caching disabled for task ':react-native-otp-verify:mapReleaseSourceSetPaths' because:
  Build cache is disabled
  Caching has been disabled for the task
Skipping task ':react-native-otp-verify:mapReleaseSourceSetPaths' as it is up-to-date.
Resolve mutations for :react-native-otp-verify:mergeReleaseResources (Thread[Execution worker,5,main]) started.
:react-native-otp-verify:mergeReleaseResources (Thread[Execution worker,5,main]) started.

> Task :react-native-otp-verify:mergeReleaseResources UP-TO-DATE
Caching disabled for task ':react-native-otp-verify:mergeReleaseResources' because:
  Build cache is disabled
Skipping task ':react-native-otp-verify:mergeReleaseResources' as it is up-to-date.
Resolve mutations for :react-native-otp-verify:verifyReleaseResources (Thread[Execution worker,5,main]) started.
:react-native-otp-verify:verifyReleaseResources (Thread[Execution worker,5,main]) started.

> Task :react-native-otp-verify:verifyReleaseResources UP-TO-DATE
Caching disabled for task ':react-native-otp-verify:verifyReleaseResources' because:
  Build cache is disabled
Skipping task ':react-native-otp-verify:verifyReleaseResources' as it is up-to-date.
Resolve mutations for :react-native-otp-verify:assembleRelease (Thread[Execution worker,5,main]) started.
:react-native-otp-verify:assembleRelease (Thread[Execution worker,5,main]) started.

> Task :react-native-otp-verify:assembleRelease UP-TO-DATE
Skipping task ':react-native-otp-verify:assembleRelease' as it has no actions.
Resolve mutations for :react-native-permissions:bundleReleaseAar (Thread[Execution worker,5,main]) started.
:react-native-permissions:bundleReleaseAar (Thread[Execution worker,5,main]) started.

> Task :react-native-permissions:bundleReleaseAar UP-TO-DATE
Caching disabled for task ':react-native-permissions:bundleReleaseAar' because:
  Build cache is disabled
  Caching has been disabled for the task
Skipping task ':react-native-permissions:bundleReleaseAar' as it is up-to-date.
Resolve mutations for :react-native-permissions:mapReleaseSourceSetPaths (Thread[Execution worker,5,main]) started.
:react-native-permissions:mapReleaseSourceSetPaths (Thread[Execution worker,5,main]) started.

> Task :react-native-permissions:mapReleaseSourceSetPaths UP-TO-DATE
Caching disabled for task ':react-native-permissions:mapReleaseSourceSetPaths' because:
  Build cache is disabled
  Caching has been disabled for the task
Skipping task ':react-native-permissions:mapReleaseSourceSetPaths' as it is up-to-date.
Resolve mutations for :react-native-permissions:mergeReleaseResources (Thread[Execution worker,5,main]) started.
:react-native-permissions:mergeReleaseResources (Thread[Execution worker,5,main]) started.

> Task :react-native-permissions:mergeReleaseResources UP-TO-DATE
Caching disabled for task ':react-native-permissions:mergeReleaseResources' because:
  Build cache is disabled
Skipping task ':react-native-permissions:mergeReleaseResources' as it is up-to-date.
Resolve mutations for :react-native-permissions:verifyReleaseResources (Thread[Execution worker,5,main]) started.
:react-native-permissions:verifyReleaseResources (Thread[Execution worker,5,main]) started.

> Task :react-native-permissions:verifyReleaseResources UP-TO-DATE
Caching disabled for task ':react-native-permissions:verifyReleaseResources' because:
  Build cache is disabled
Skipping task ':react-native-permissions:verifyReleaseResources' as it is up-to-date.
Resolve mutations for :react-native-permissions:assembleRelease (Thread[Execution worker,5,main]) started.
:react-native-permissions:assembleRelease (Thread[Execution worker,5,main]) started.

> Task :react-native-permissions:assembleRelease UP-TO-DATE
Skipping task ':react-native-permissions:assembleRelease' as it has no actions.
Resolve mutations for :react-native-razorpay:bundleReleaseAar (Thread[Execution worker,5,main]) started.
:react-native-razorpay:bundleReleaseAar (Thread[Execution worker,5,main]) started.

> Task :react-native-razorpay:bundleReleaseAar UP-TO-DATE
Caching disabled for task ':react-native-razorpay:bundleReleaseAar' because:
  Build cache is disabled
  Caching has been disabled for the task
Skipping task ':react-native-razorpay:bundleReleaseAar' as it is up-to-date.
Resolve mutations for :react-native-razorpay:mapReleaseSourceSetPaths (Thread[Execution worker,5,main]) started.
:react-native-razorpay:mapReleaseSourceSetPaths (Thread[Execution worker,5,main]) started.

> Task :react-native-razorpay:mapReleaseSourceSetPaths UP-TO-DATE
Caching disabled for task ':react-native-razorpay:mapReleaseSourceSetPaths' because:
  Build cache is disabled
  Caching has been disabled for the task
Skipping task ':react-native-razorpay:mapReleaseSourceSetPaths' as it is up-to-date.
Resolve mutations for :react-native-razorpay:mergeReleaseResources (Thread[Execution worker,5,main]) started.
:react-native-razorpay:mergeReleaseResources (Thread[Execution worker,5,main]) started.

> Task :react-native-razorpay:mergeReleaseResources UP-TO-DATE
Caching disabled for task ':react-native-razorpay:mergeReleaseResources' because:
  Build cache is disabled
Skipping task ':react-native-razorpay:mergeReleaseResources' as it is up-to-date.
Resolve mutations for :react-native-razorpay:verifyReleaseResources (Thread[Execution worker,5,main]) started.
:react-native-razorpay:verifyReleaseResources (Thread[Execution worker,5,main]) started.

> Task :react-native-razorpay:verifyReleaseResources UP-TO-DATE
Caching disabled for task ':react-native-razorpay:verifyReleaseResources' because:
  Build cache is disabled
Skipping task ':react-native-razorpay:verifyReleaseResources' as it is up-to-date.
Resolve mutations for :react-native-razorpay:assembleRelease (Thread[Execution worker,5,main]) started.
:react-native-razorpay:assembleRelease (Thread[Execution worker,5,main]) started.

> Task :react-native-razorpay:assembleRelease UP-TO-DATE
Skipping task ':react-native-razorpay:assembleRelease' as it has no actions.
Resolve mutations for :react-native-safe-area-context:bundleReleaseAar (Thread[Execution worker,5,main]) started.
:react-native-safe-area-context:bundleReleaseAar (Thread[Execution worker,5,main]) started.

> Task :react-native-safe-area-context:bundleReleaseAar UP-TO-DATE
Caching disabled for task ':react-native-safe-area-context:bundleReleaseAar' because:
  Build cache is disabled
  Caching has been disabled for the task
Skipping task ':react-native-safe-area-context:bundleReleaseAar' as it is up-to-date.
Resolve mutations for :react-native-safe-area-context:mapReleaseSourceSetPaths (Thread[Execution worker,5,main]) started.
:react-native-safe-area-context:mapReleaseSourceSetPaths (Thread[Execution worker,5,main]) started.

> Task :react-native-safe-area-context:mapReleaseSourceSetPaths UP-TO-DATE
Caching disabled for task ':react-native-safe-area-context:mapReleaseSourceSetPaths' because:
  Build cache is disabled
  Caching has been disabled for the task
Skipping task ':react-native-safe-area-context:mapReleaseSourceSetPaths' as it is up-to-date.
Resolve mutations for :react-native-safe-area-context:mergeReleaseResources (Thread[Execution worker,5,main]) started.
:react-native-safe-area-context:mergeReleaseResources (Thread[Execution worker,5,main]) started.

> Task :react-native-safe-area-context:mergeReleaseResources UP-TO-DATE
Caching disabled for task ':react-native-safe-area-context:mergeReleaseResources' because:
  Build cache is disabled
Skipping task ':react-native-safe-area-context:mergeReleaseResources' as it is up-to-date.
Resolve mutations for :react-native-safe-area-context:verifyReleaseResources (Thread[Execution worker,5,main]) started.
:react-native-safe-area-context:verifyReleaseResources (Thread[Execution worker,5,main]) started.

> Task :react-native-safe-area-context:verifyReleaseResources UP-TO-DATE
Caching disabled for task ':react-native-safe-area-context:verifyReleaseResources' because:
  Build cache is disabled
Skipping task ':react-native-safe-area-context:verifyReleaseResources' as it is up-to-date.
Resolve mutations for :react-native-safe-area-context:assembleRelease (Thread[Execution worker,5,main]) started.
:react-native-safe-area-context:assembleRelease (Thread[Execution worker,5,main]) started.

> Task :react-native-safe-area-context:assembleRelease UP-TO-DATE
Skipping task ':react-native-safe-area-context:assembleRelease' as it has no actions.
Resolve mutations for :react-native-screens:bundleReleaseAar (Thread[Execution worker,5,main]) started.
:react-native-screens:bundleReleaseAar (Thread[Execution worker,5,main]) started.

> Task :react-native-screens:bundleReleaseAar UP-TO-DATE
Caching disabled for task ':react-native-screens:bundleReleaseAar' because:
  Build cache is disabled
  Caching has been disabled for the task
Skipping task ':react-native-screens:bundleReleaseAar' as it is up-to-date.
Resolve mutations for :react-native-screens:mapReleaseSourceSetPaths (Thread[Execution worker,5,main]) started.
:react-native-screens:mapReleaseSourceSetPaths (Thread[Execution worker,5,main]) started.

> Task :react-native-screens:mapReleaseSourceSetPaths UP-TO-DATE
Caching disabled for task ':react-native-screens:mapReleaseSourceSetPaths' because:
  Build cache is disabled
  Caching has been disabled for the task
Skipping task ':react-native-screens:mapReleaseSourceSetPaths' as it is up-to-date.
Resolve mutations for :react-native-screens:mergeReleaseResources (Thread[Execution worker,5,main]) started.
:react-native-screens:mergeReleaseResources (Thread[Execution worker,5,main]) started.

> Task :react-native-vector-icons:lintVitalAnalyzeRelease
Caching disabled for task ':react-native-vector-icons:lintVitalAnalyzeRelease' because:
  Build cache is disabled
Task ':react-native-vector-icons:lintVitalAnalyzeRelease' is not up-to-date because:
  No history is available.
Android Lint: Reusing lint classloader 31.12.0_false

> Task :react-native-screens:mergeReleaseResources UP-TO-DATE
Caching disabled for task ':react-native-screens:mergeReleaseResources' because:
  Build cache is disabled
Skipping task ':react-native-screens:mergeReleaseResources' as it is up-to-date.
Resolve mutations for :react-native-screens:verifyReleaseResources (Thread[Execution worker,5,main]) started.
:react-native-screens:verifyReleaseResources (Thread[Execution worker,5,main]) started.

> Task :react-native-screens:verifyReleaseResources UP-TO-DATE
Caching disabled for task ':react-native-screens:verifyReleaseResources' because:
  Build cache is disabled
Skipping task ':react-native-screens:verifyReleaseResources' as it is up-to-date.
Resolve mutations for :react-native-screens:assembleRelease (Thread[Execution worker,5,main]) started.
:react-native-screens:assembleRelease (Thread[Execution worker,5,main]) started.

> Task :react-native-screens:assembleRelease UP-TO-DATE
Skipping task ':react-native-screens:assembleRelease' as it has no actions.
Resolve mutations for :react-native-svg:bundleReleaseAar (Thread[Execution worker,5,main]) started.
:react-native-svg:bundleReleaseAar (Thread[Execution worker,5,main]) started.

> Task :react-native-svg:bundleReleaseAar UP-TO-DATE
Caching disabled for task ':react-native-svg:bundleReleaseAar' because:
  Build cache is disabled
  Caching has been disabled for the task
Skipping task ':react-native-svg:bundleReleaseAar' as it is up-to-date.
Resolve mutations for :react-native-svg:mapReleaseSourceSetPaths (Thread[Execution worker,5,main]) started.
:react-native-svg:mapReleaseSourceSetPaths (Thread[Execution worker,5,main]) started.

> Task :react-native-svg:mapReleaseSourceSetPaths UP-TO-DATE
Caching disabled for task ':react-native-svg:mapReleaseSourceSetPaths' because:
  Build cache is disabled
  Caching has been disabled for the task
Skipping task ':react-native-svg:mapReleaseSourceSetPaths' as it is up-to-date.
Resolve mutations for :react-native-svg:mergeReleaseResources (Thread[Execution worker,5,main]) started.
:react-native-svg:mergeReleaseResources (Thread[Execution worker,5,main]) started.

> Task :react-native-svg:mergeReleaseResources UP-TO-DATE
Caching disabled for task ':react-native-svg:mergeReleaseResources' because:
  Build cache is disabled
Skipping task ':react-native-svg:mergeReleaseResources' as it is up-to-date.
Resolve mutations for :react-native-svg:verifyReleaseResources (Thread[Execution worker,5,main]) started.
:react-native-svg:verifyReleaseResources (Thread[Execution worker,5,main]) started.

> Task :react-native-svg:verifyReleaseResources UP-TO-DATE
Caching disabled for task ':react-native-svg:verifyReleaseResources' because:
  Build cache is disabled
Skipping task ':react-native-svg:verifyReleaseResources' as it is up-to-date.
Resolve mutations for :react-native-svg:assembleRelease (Thread[Execution worker,5,main]) started.
:react-native-svg:assembleRelease (Thread[Execution worker,5,main]) started.

> Task :react-native-svg:assembleRelease UP-TO-DATE
Skipping task ':react-native-svg:assembleRelease' as it has no actions.
Resolve mutations for :react-native-vector-icons:bundleReleaseAar (Thread[Execution worker,5,main]) started.
:react-native-vector-icons:bundleReleaseAar (Thread[Execution worker,5,main]) started.

> Task :react-native-vector-icons:bundleReleaseAar UP-TO-DATE
Caching disabled for task ':react-native-vector-icons:bundleReleaseAar' because:
  Build cache is disabled
  Caching has been disabled for the task
Skipping task ':react-native-vector-icons:bundleReleaseAar' as it is up-to-date.
Resolve mutations for :react-native-vector-icons:mapReleaseSourceSetPaths (Thread[Execution worker,5,main]) started.
:react-native-vector-icons:mapReleaseSourceSetPaths (Thread[Execution worker,5,main]) started.

> Task :react-native-vector-icons:mapReleaseSourceSetPaths UP-TO-DATE
Caching disabled for task ':react-native-vector-icons:mapReleaseSourceSetPaths' because:
  Build cache is disabled
  Caching has been disabled for the task
Skipping task ':react-native-vector-icons:mapReleaseSourceSetPaths' as it is up-to-date.
Resolve mutations for :react-native-vector-icons:mergeReleaseResources (Thread[Execution worker,5,main]) started.
:react-native-vector-icons:mergeReleaseResources (Thread[Execution worker,5,main]) started.

> Task :react-native-vector-icons:mergeReleaseResources UP-TO-DATE
Caching disabled for task ':react-native-vector-icons:mergeReleaseResources' because:
  Build cache is disabled
Skipping task ':react-native-vector-icons:mergeReleaseResources' as it is up-to-date.
Resolve mutations for :react-native-vector-icons:verifyReleaseResources (Thread[Execution worker,5,main]) started.
:react-native-vector-icons:verifyReleaseResources (Thread[Execution worker,5,main]) started.

> Task :react-native-vector-icons:verifyReleaseResources UP-TO-DATE
Caching disabled for task ':react-native-vector-icons:verifyReleaseResources' because:
  Build cache is disabled
Skipping task ':react-native-vector-icons:verifyReleaseResources' as it is up-to-date.
Resolve mutations for :react-native-vector-icons:assembleRelease (Thread[Execution worker,5,main]) started.
:react-native-vector-icons:assembleRelease (Thread[Execution worker,5,main]) started.

> Task :react-native-vector-icons:assembleRelease UP-TO-DATE
Skipping task ':react-native-vector-icons:assembleRelease' as it has no actions.

> Task :app:optimizeReleaseResources
Custom actions are attached to task ':app:optimizeReleaseResources'.
Caching disabled for task ':app:optimizeReleaseResources' because:
  Build cache is disabled
Task ':app:optimizeReleaseResources' is not up-to-date because:
  No history is available.

> Task :app:compileReleaseKotlin
Caching disabled for AarToClassTransform: /Users/oem/.gradle/caches/modules-2/files-2.1/com.facebook.react/hermes-android/0.82.1/9d3125dc33b6bbddfb7e5b4668ef70708222f9cd/hermes-android-0.82.1-release.aar because:
  Build cache is disabled
  Caching not enabled.
Adding -Xuse-inline-scopes-numbers Kotlin compiler flag for task :app:compileDebugAndroidTestKotlin
Caching disabled for BuildToolsApiClasspathEntrySnapshotTransform: /Users/oem/Projects/KapraDaily/node_modules/react-native-permissions/android/build/intermediates/compile_library_classes_jar/release/bundleLibCompileToJarRelease/classes.jar because:
  Build cache is disabled
Caching disabled for BuildToolsApiClasspathEntrySnapshotTransform: /Users/oem/Projects/KapraDaily/node_modules/react-native-onesignal/android/build/intermediates/compile_library_classes_jar/release/bundleLibCompileToJarRelease/classes.jar because:
  Build cache is disabled
Caching disabled for BuildToolsApiClasspathEntrySnapshotTransform: /Users/oem/Projects/KapraDaily/node_modules/react-native-maps/android/build/intermediates/compile_library_classes_jar/release/bundleLibCompileToJarRelease/classes.jar because:
  Build cache is disabled
Caching disabled for BuildToolsApiClasspathEntrySnapshotTransform: /Users/oem/Projects/KapraDaily/node_modules/@react-native-community/blur/android/build/intermediates/compile_library_classes_jar/release/bundleLibCompileToJarRelease/classes.jar because:
  Build cache is disabled
Caching disabled for BuildToolsApiClasspathEntrySnapshotTransform: /Users/oem/Projects/KapraDaily/android/app/build/intermediates/compile_and_runtime_not_namespaced_r_class_jar/release/processReleaseResources/R.jar because:
  Build cache is disabled
Caching disabled for BuildToolsApiClasspathEntrySnapshotTransform: /Users/oem/Projects/KapraDaily/node_modules/@react-native-async-storage/async-storage/android/build/intermediates/compile_library_classes_jar/release/bundleLibCompileToJarRelease/classes.jar because:
  Build cache is disabled
Caching disabled for BuildToolsApiClasspathEntrySnapshotTransform: /Users/oem/Projects/KapraDaily/node_modules/react-native-screens/android/build/intermediates/compile_library_classes_jar/release/bundleLibCompileToJarRelease/classes.jar because:
  Build cache is disabled
Caching disabled for BuildToolsApiClasspathEntrySnapshotTransform: /Users/oem/Projects/KapraDaily/node_modules/react-native-device-info/android/build/intermediates/compile_library_classes_jar/release/bundleLibCompileToJarRelease/classes.jar because:
  Build cache is disabled
Caching disabled for BuildToolsApiClasspathEntrySnapshotTransform: /Users/oem/Projects/KapraDaily/node_modules/@react-native-community/geolocation/android/build/intermediates/compile_library_classes_jar/release/bundleLibCompileToJarRelease/classes.jar because:
  Build cache is disabled
Caching disabled for BuildToolsApiClasspathEntrySnapshotTransform: /Users/oem/Projects/KapraDaily/node_modules/lottie-react-native/android/build/intermediates/compile_library_classes_jar/release/bundleLibCompileToJarRelease/classes.jar because:
  Build cache is disabled
Caching disabled for BuildToolsApiClasspathEntrySnapshotTransform: /Users/oem/Projects/KapraDaily/node_modules/react-native-linear-gradient/android/build/intermediates/compile_library_classes_jar/release/bundleLibCompileToJarRelease/classes.jar because:
  Build cache is disabled
Caching disabled for BuildToolsApiClasspathEntrySnapshotTransform: /Users/oem/Projects/KapraDaily/node_modules/react-native-fast-image/android/build/intermediates/compile_library_classes_jar/release/bundleLibCompileToJarRelease/classes.jar because:
  Build cache is disabled
Caching disabled for BuildToolsApiClasspathEntrySnapshotTransform: /Users/oem/Projects/KapraDaily/node_modules/react-native-otp-verify/android/build/intermediates/compile_library_classes_jar/release/bundleLibCompileToJarRelease/classes.jar because:
  Build cache is disabled
Caching disabled for BuildToolsApiClasspathEntrySnapshotTransform: /Users/oem/Projects/KapraDaily/node_modules/react-native-razorpay/android/build/intermediates/compile_library_classes_jar/release/bundleLibCompileToJarRelease/classes.jar because:
  Build cache is disabled
Caching disabled for BuildToolsApiClasspathEntrySnapshotTransform: /Users/oem/Projects/KapraDaily/node_modules/react-native-safe-area-context/android/build/intermediates/compile_library_classes_jar/release/bundleLibCompileToJarRelease/classes.jar because:
  Build cache is disabled
Caching disabled for BuildToolsApiClasspathEntrySnapshotTransform: /Users/oem/Projects/KapraDaily/node_modules/react-native-svg/android/build/intermediates/compile_library_classes_jar/release/bundleLibCompileToJarRelease/classes.jar because:
  Build cache is disabled
Caching disabled for BuildToolsApiClasspathEntrySnapshotTransform: /Users/oem/Projects/KapraDaily/node_modules/react-native-vector-icons/android/build/intermediates/compile_library_classes_jar/release/bundleLibCompileToJarRelease/classes.jar because:
  Build cache is disabled
Caching disabled for BuildToolsApiClasspathEntrySnapshotTransform: /Users/oem/.gradle/caches/8.13/transforms/b3d3fd747f09829331e8d2089cf9de73/transformed/hermes-android-0.82.1-release-api.jar because:
  Build cache is disabled
Caching disabled for task ':app:compileReleaseKotlin' because:
  Build cache is disabled
Task ':app:compileReleaseKotlin' is not up-to-date because:
  No history is available.
The input changes require a full rebuild for incremental task ':app:compileReleaseKotlin'.
file or directory '/Users/oem/Projects/KapraDaily/android/app/src/release/kotlin', not found
file or directory '/Users/oem/Projects/KapraDaily/android/app/src/release/java', not found
file or directory '/Users/oem/Projects/KapraDaily/android/app/src/release/kotlin', not found
file or directory '/Users/oem/Projects/KapraDaily/android/app/src/release/java', not found
file or directory '/Users/oem/Projects/KapraDaily/android/app/src/release/kotlin', not found
file or directory '/Users/oem/Projects/KapraDaily/android/app/src/release/java', not found
file or directory '/Users/oem/Projects/KapraDaily/android/app/src/main/kotlin', not found
file or directory '/Users/oem/Projects/KapraDaily/android/app/build/generated/source/codegen/java', not found
file or directory '/Users/oem/Projects/KapraDaily/android/app/src/main/kotlin', not found
file or directory '/Users/oem/Projects/KapraDaily/android/app/build/generated/source/codegen/java', not found
file or directory '/Users/oem/Projects/KapraDaily/android/app/src/main/kotlin', not found
file or directory '/Users/oem/Projects/KapraDaily/android/app/build/generated/source/codegen/java', not found
file or directory '/Users/oem/Projects/KapraDaily/android/app/build/generated/source/codegen/java', not found
file or directory '/Users/oem/Projects/KapraDaily/android/app/src/release/java', not found
file or directory '/Users/oem/Projects/KapraDaily/android/app/src/release/kotlin', not found
file or directory '/Users/oem/Projects/KapraDaily/android/app/src/release/java', not found
file or directory '/Users/oem/Projects/KapraDaily/android/app/src/release/kotlin', not found
file or directory '/Users/oem/Projects/KapraDaily/android/app/src/release/java', not found
file or directory '/Users/oem/Projects/KapraDaily/android/app/src/release/kotlin', not found
file or directory '/Users/oem/Projects/KapraDaily/android/app/src/release/java', not found
file or directory '/Users/oem/Projects/KapraDaily/android/app/src/main/kotlin', not found
file or directory '/Users/oem/Projects/KapraDaily/android/app/src/release/kotlin', not found
file or directory '/Users/oem/Projects/KapraDaily/android/app/src/release/java', not found
file or directory '/Users/oem/Projects/KapraDaily/android/app/src/release/kotlin', not found
file or directory '/Users/oem/Projects/KapraDaily/android/app/src/release/java', not found
file or directory '/Users/oem/Projects/KapraDaily/android/app/src/release/kotlin', not found
file or directory '/Users/oem/Projects/KapraDaily/android/app/src/release/java', not found
file or directory '/Users/oem/Projects/KapraDaily/android/app/src/main/kotlin', not found
file or directory '/Users/oem/Projects/KapraDaily/android/app/build/generated/source/codegen/java', not found
file or directory '/Users/oem/Projects/KapraDaily/android/app/src/main/kotlin', not found
file or directory '/Users/oem/Projects/KapraDaily/android/app/build/generated/source/codegen/java', not found
file or directory '/Users/oem/Projects/KapraDaily/android/app/src/main/kotlin', not found
file or directory '/Users/oem/Projects/KapraDaily/android/app/build/generated/source/codegen/java', not found
file or directory '/Users/oem/Projects/KapraDaily/android/app/build/generated/source/codegen/java', not found
file or directory '/Users/oem/Projects/KapraDaily/android/app/src/release/java', not found
file or directory '/Users/oem/Projects/KapraDaily/android/app/src/release/kotlin', not found
file or directory '/Users/oem/Projects/KapraDaily/android/app/src/release/java', not found
file or directory '/Users/oem/Projects/KapraDaily/android/app/src/release/kotlin', not found
file or directory '/Users/oem/Projects/KapraDaily/android/app/src/release/java', not found
file or directory '/Users/oem/Projects/KapraDaily/android/app/src/release/kotlin', not found
file or directory '/Users/oem/Projects/KapraDaily/android/app/src/release/java', not found
file or directory '/Users/oem/Projects/KapraDaily/android/app/src/main/kotlin', not found
file or directory '/Users/oem/Projects/KapraDaily/android/app/build/generated/source/codegen/java', not found
file or directory '/Users/oem/Projects/KapraDaily/android/app/src/main/kotlin', not found
file or directory '/Users/oem/Projects/KapraDaily/android/app/build/generated/source/codegen/java', not found
file or directory '/Users/oem/Projects/KapraDaily/android/app/src/main/kotlin', not found
file or directory '/Users/oem/Projects/KapraDaily/android/app/build/generated/source/codegen/java', not found
file or directory '/Users/oem/Projects/KapraDaily/android/app/build/generated/source/codegen/java', not found
file or directory '/Users/oem/Projects/KapraDaily/android/app/src/release/java', not found
file or directory '/Users/oem/Projects/KapraDaily/android/app/src/release/kotlin', not found
file or directory '/Users/oem/Projects/KapraDaily/android/app/src/release/java', not found
file or directory '/Users/oem/Projects/KapraDaily/android/app/src/release/kotlin', not found
file or directory '/Users/oem/Projects/KapraDaily/android/app/src/release/java', not found
file or directory '/Users/oem/Projects/KapraDaily/android/app/src/release/kotlin', not found
file or directory '/Users/oem/Projects/KapraDaily/android/app/src/release/java', not found
file or directory '/Users/oem/Projects/KapraDaily/android/app/src/main/kotlin', not found
file or directory '/Users/oem/Projects/KapraDaily/android/app/build/generated/source/codegen/java', not found
file or directory '/Users/oem/Projects/KapraDaily/android/app/src/main/kotlin', not found
file or directory '/Users/oem/Projects/KapraDaily/android/app/build/generated/source/codegen/java', not found
file or directory '/Users/oem/Projects/KapraDaily/android/app/src/main/kotlin', not found
file or directory '/Users/oem/Projects/KapraDaily/android/app/build/generated/source/codegen/java', not found
file or directory '/Users/oem/Projects/KapraDaily/android/app/build/generated/source/codegen/java', not found
file or directory '/Users/oem/Projects/KapraDaily/android/app/src/release/java', not found
Kotlin source files: /Users/oem/Projects/KapraDaily/android/app/src/main/java/com/kapradaily/MainActivity.kt, /Users/oem/Projects/KapraDaily/android/app/src/main/java/com/kapradaily/MainApplication.kt
Java source files: /Users/oem/Projects/KapraDaily/android/app/build/generated/source/buildConfig/release/com/kapradaily/BuildConfig.java, /Users/oem/Projects/KapraDaily/android/app/build/generated/autolinking/src/main/java/com/facebook/react/ReactNativeApplicationEntryPoint.java, /Users/oem/Projects/KapraDaily/android/app/build/generated/autolinking/src/main/java/com/facebook/react/PackageList.java
Script source files: 
Script file extensions: 
Using Kotlin/JVM incremental compilation
[KOTLIN] Kotlin compilation 'jdkHome' argument: null
Options for KOTLIN DAEMON: IncrementalCompilationOptions(super=CompilationOptions(compilerMode=INCREMENTAL_COMPILER, targetPlatform=JVM, reportCategories=[0, 3], reportSeverity=2, requestedCompilationResults=[0], kotlinScriptExtensions=[]), sourceChanges=org.jetbrains.kotlin.buildtools.api.SourcesChanges$Unknown@3c5755f1, classpathChanges=NotAvailableForNonIncrementalRun, workingDir=/Users/oem/Projects/KapraDaily/android/app/build/kotlin/compileReleaseKotlin/cacheable, multiModuleICSettings=MultiModuleICSettings(buildHistoryFile=/Users/oem/Projects/KapraDaily/android/app/build/kotlin/compileReleaseKotlin/local-state/build-history.bin, useModuleDetection=true), usePreciseJavaTracking=true, icFeatures=IncrementalCompilationFeatures(withAbiSnapshot=false, preciseCompilationResultsBackup=true, keepIncrementalCompilationCachesInMemory=true, enableUnsafeIncrementalCompilationForMultiplatform=false, enableMonotonousIncrementalCompileSetExpansion=true), outputFiles=[/Users/oem/Projects/KapraDaily/android/app/build/tmp/kotlin-classes/release, /Users/oem/Projects/KapraDaily/android/app/build/kotlin/compileReleaseKotlin/cacheable, /Users/oem/Projects/KapraDaily/android/app/build/kotlin/compileReleaseKotlin/local-state])

work action resolve out (project :react-native-vector-icons) (Thread[Execution worker Thread 3,5,main]) started.
work action resolve out (project :react-native-vector-icons) (Thread[Execution worker Thread 3,5,main]) started.

> Task :app:compileReleaseKotlin
Finished executing kotlin compiler using DAEMON strategy
Resolve mutations for :app:compileReleaseJavaWithJavac (Thread[Execution worker Thread 5,5,main]) started.
:app:compileReleaseJavaWithJavac (Thread[Execution worker Thread 5,5,main]) started.

> Task :app:compileReleaseJavaWithJavac
Custom actions are attached to task ':app:compileReleaseJavaWithJavac'.
Caching disabled for task ':app:compileReleaseJavaWithJavac' because:
  Build cache is disabled
Task ':app:compileReleaseJavaWithJavac' is not up-to-date because:
  No history is available.
The input changes require a full rebuild for incremental task ':app:compileReleaseJavaWithJavac'.
Compilation mode: in-process compilation
Full recompilation is required because no incremental change information is available. This is usually caused by clean builds or changing compiler arguments.
Compiling with toolchain '/Library/Java/JavaVirtualMachines/temurin-17.jdk/Contents/Home'.
file or directory '/Users/oem/Projects/KapraDaily/android/app/build/generated/source/codegen/java', not found
file or directory '/Users/oem/Projects/KapraDaily/android/app/src/release/java', not found
Compiling with JDK Java compiler API.
Class dependency analysis for incremental compilation took 0.011 secs.
Created classpath snapshot for incremental compilation in 0.17 secs.
Resolve mutations for :app:dexBuilderRelease (Thread[Execution worker Thread 5,5,main]) started.
:app:dexBuilderRelease (Thread[Execution worker Thread 5,5,main]) started.

> Task :app:dexBuilderRelease
Caching disabled for task ':app:dexBuilderRelease' because:
  Build cache is disabled
Task ':app:dexBuilderRelease' is not up-to-date because:
  No history is available.
The input changes require a full rebuild for incremental task ':app:dexBuilderRelease'.
Dex builder is incremental : false 
Processing input /Users/oem/Projects/KapraDaily/android/app/build/tmp/kotlin-classes/release
Processing input /Users/oem/Projects/KapraDaily/android/app/build/kotlinToolingMetadata
Processing input /Users/oem/Projects/KapraDaily/android/app/build/intermediates/javac/release/compileReleaseJavaWithJavac/classes
Dexing /Users/oem/Projects/KapraDaily/android/app/build/tmp/kotlin-classes/release
Dexing /Users/oem/Projects/KapraDaily/android/app/build/kotlinToolingMetadata
Dexing /Users/oem/Projects/KapraDaily/android/app/build/intermediates/javac/release/compileReleaseJavaWithJavac/classes
Processing input /Users/oem/Projects/KapraDaily/android/app/build/intermediates/compile_and_runtime_not_namespaced_r_class_jar/release/processReleaseResources/R.jar
Dexing /Users/oem/Projects/KapraDaily/android/app/build/intermediates/compile_and_runtime_not_namespaced_r_class_jar/release/processReleaseResources/R.jar
Dexing '/Users/oem/Projects/KapraDaily/android/app/build/intermediates/compile_and_runtime_not_namespaced_r_class_jar/release/processReleaseResources/R.jar' to '/Users/oem/Projects/KapraDaily/android/app/build/intermediates/project_dex_archive/release/dexBuilderRelease/out/9bb383587f421919f2680b4ac9c2f630a3292de3e4514f04b6310dbd52ddd49e_0.jar'
Dexing '/Users/oem/Projects/KapraDaily/android/app/build/intermediates/compile_and_runtime_not_namespaced_r_class_jar/release/processReleaseResources/R.jar' to '/Users/oem/Projects/KapraDaily/android/app/build/intermediates/project_dex_archive/release/dexBuilderRelease/out/9bb383587f421919f2680b4ac9c2f630a3292de3e4514f04b6310dbd52ddd49e_1.jar'
Dexing '/Users/oem/Projects/KapraDaily/android/app/build/tmp/kotlin-classes/release' to '/Users/oem/Projects/KapraDaily/android/app/build/intermediates/project_dex_archive/release/dexBuilderRelease/out'
Dexing '/Users/oem/Projects/KapraDaily/android/app/build/kotlinToolingMetadata' to '/Users/oem/Projects/KapraDaily/android/app/build/intermediates/project_dex_archive/release/dexBuilderRelease/out'
Dexing '/Users/oem/Projects/KapraDaily/android/app/build/intermediates/javac/release/compileReleaseJavaWithJavac/classes' to '/Users/oem/Projects/KapraDaily/android/app/build/intermediates/project_dex_archive/release/dexBuilderRelease/out'
Dexing '/Users/oem/Projects/KapraDaily/android/app/build/tmp/kotlin-classes/release' to '/Users/oem/Projects/KapraDaily/android/app/build/intermediates/project_dex_archive/release/dexBuilderRelease/out'
Dexing '/Users/oem/Projects/KapraDaily/android/app/build/kotlinToolingMetadata' to '/Users/oem/Projects/KapraDaily/android/app/build/intermediates/project_dex_archive/release/dexBuilderRelease/out'
Dexing '/Users/oem/Projects/KapraDaily/android/app/build/intermediates/javac/release/compileReleaseJavaWithJavac/classes' to '/Users/oem/Projects/KapraDaily/android/app/build/intermediates/project_dex_archive/release/dexBuilderRelease/out'
Dexing '/Users/oem/Projects/KapraDaily/android/app/build/tmp/kotlin-classes/release' to '/Users/oem/Projects/KapraDaily/android/app/build/intermediates/project_dex_archive/release/dexBuilderRelease/out'
Dexing '/Users/oem/Projects/KapraDaily/android/app/build/tmp/kotlin-classes/release' to '/Users/oem/Projects/KapraDaily/android/app/build/intermediates/project_dex_archive/release/dexBuilderRelease/out'
Dexing '/Users/oem/Projects/KapraDaily/android/app/build/intermediates/compile_and_runtime_not_namespaced_r_class_jar/release/processReleaseResources/R.jar' to '/Users/oem/Projects/KapraDaily/android/app/build/intermediates/project_dex_archive/release/dexBuilderRelease/out/9bb383587f421919f2680b4ac9c2f630a3292de3e4514f04b6310dbd52ddd49e_2.jar'
Dexing '/Users/oem/Projects/KapraDaily/android/app/build/kotlinToolingMetadata' to '/Users/oem/Projects/KapraDaily/android/app/build/intermediates/project_dex_archive/release/dexBuilderRelease/out'
Dexing '/Users/oem/Projects/KapraDaily/android/app/build/intermediates/javac/release/compileReleaseJavaWithJavac/classes' to '/Users/oem/Projects/KapraDaily/android/app/build/intermediates/project_dex_archive/release/dexBuilderRelease/out'
Dexing '/Users/oem/Projects/KapraDaily/android/app/build/kotlinToolingMetadata' to '/Users/oem/Projects/KapraDaily/android/app/build/intermediates/project_dex_archive/release/dexBuilderRelease/out'
Dexing '/Users/oem/Projects/KapraDaily/android/app/build/intermediates/javac/release/compileReleaseJavaWithJavac/classes' to '/Users/oem/Projects/KapraDaily/android/app/build/intermediates/project_dex_archive/release/dexBuilderRelease/out'
Dexing '/Users/oem/Projects/KapraDaily/android/app/build/intermediates/compile_and_runtime_not_namespaced_r_class_jar/release/processReleaseResources/R.jar' to '/Users/oem/Projects/KapraDaily/android/app/build/intermediates/project_dex_archive/release/dexBuilderRelease/out/9bb383587f421919f2680b4ac9c2f630a3292de3e4514f04b6310dbd52ddd49e_3.jar'
Done with all dex archive conversions
Resolve mutations for :app:mergeDexRelease (Thread[included builds,5,main]) started.
:app:mergeDexRelease (Thread[included builds,5,main]) started.
Resolve mutations for :app:mergeReleaseGlobalSynthetics (Thread[Execution worker Thread 5,5,main]) started.
:app:mergeReleaseGlobalSynthetics (Thread[Execution worker Thread 5,5,main]) started.
Resolve mutations for :app:generateReleaseLintVitalReportModel (Thread[Execution worker Thread 7,5,main]) started.
:app:generateReleaseLintVitalReportModel (Thread[Execution worker Thread 7,5,main]) started.

> Task :app:mergeReleaseGlobalSynthetics
file or directory '/Users/oem/Projects/KapraDaily/node_modules/react-native-onesignal/android/libs', not found
file or directory '/Users/oem/Projects/KapraDaily/node_modules/react-native-onesignal/android/libs', not found
Caching disabled for DexingOutputSplitTransform: /Users/oem/.gradle/caches/8.13/transforms/37215cff3ec4a1f0edb9affdadd76984/transformed/react-android-0.82.1-release-runtime because:
  Build cache is disabled
  Caching not enabled.
Caching disabled for DexingOutputSplitTransform: /Users/oem/.gradle/caches/8.13/transforms/572917da558346d03b69cec2822bf02f/transformed/play-services-location-21.3.0-runtime because:
  Build cache is disabled
  Caching not enabled.
Caching disabled for DexingOutputSplitTransform: /Users/oem/.gradle/caches/8.13/transforms/ec823c89d915c3c687ed3437619bcb6f/transformed/notifications-5.6.1-runtime because:
  Build cache is disabled
  Caching not enabled.
Caching disabled for DexingOutputSplitTransform: /Users/oem/.gradle/caches/8.13/transforms/da47df61445704bb022e3d3ed1f4dea7/transformed/in-app-messages-5.6.1-runtime because:
  Build cache is disabled
  Caching not enabled.
Caching disabled for DexingOutputSplitTransform: /Users/oem/.gradle/caches/8.13/transforms/4b046e5f426a92c1039367c31338d41a/transformed/work-runtime-2.9.1-runtime because:
  Build cache is disabled
  Caching not enabled.
Caching disabled for DexingOutputSplitTransform: /Users/oem/.gradle/caches/8.13/transforms/7a1843f27cb80ec26ef44ac7a9509d13/transformed/glide-4.12.0-runtime because:
  Build cache is disabled
  Caching not enabled.
Caching disabled for DexingOutputSplitTransform: /Users/oem/.gradle/caches/8.13/transforms/56fa72a36dbce84564bb59469ed119f2/transformed/android-maps-utils-3.10.0-runtime because:
  Build cache is disabled
  Caching not enabled.
Caching disabled for DexingOutputSplitTransform: /Users/oem/.gradle/caches/8.13/transforms/a86dff840c89111c23b5b4322fd45f54/transformed/standard-core-1.7.1-runtime because:
  Build cache is disabled
  Caching not enabled.
Caching disabled for DexingOutputSplitTransform: /Users/oem/.gradle/caches/8.13/transforms/93483fc806149fbc6c2c2a144e9c8481/transformed/play-services-wallet-18.1.3-runtime because:
  Build cache is disabled
  Caching not enabled.
Caching disabled for DexingOutputSplitTransform: /Users/oem/.gradle/caches/8.13/transforms/56fff36809f736dc4a9f5bbbaced4bc3/transformed/play-services-maps-19.1.0-runtime because:
  Build cache is disabled
  Caching not enabled.
Caching disabled for DexingOutputSplitTransform: /Users/oem/.gradle/caches/8.13/transforms/87defdf82fe520669a21efb770e4a80f/transformed/play-services-auth-api-phone-18.0.2-runtime because:
  Build cache is disabled
  Caching not enabled.
Caching disabled for DexingOutputSplitTransform: /Users/oem/.gradle/caches/8.13/transforms/cda5f9d5d2da11e241f443133be73535/transformed/play-services-auth-21.5.0-runtime because:
  Build cache is disabled
  Caching not enabled.
Caching disabled for DexingOutputSplitTransform: /Users/oem/.gradle/caches/8.13/transforms/8e1fbe26a96ad9241f37a1f6794e2d5d/transformed/play-services-auth-base-18.0.10-runtime because:
  Build cache is disabled
  Caching not enabled.
Caching disabled for DexingOutputSplitTransform: /Users/oem/.gradle/caches/8.13/transforms/1b1f88836ab66750083689b98c097239/transformed/play-services-fido-20.0.1-runtime because:
  Build cache is disabled
  Caching not enabled.
Caching disabled for DexingOutputSplitTransform: /Users/oem/.gradle/caches/8.13/transforms/6d8296d5cfd598957ca476cd8ad5f141/transformed/firebase-messaging-23.4.0-runtime because:
  Build cache is disabled
  Caching not enabled.
Caching disabled for DexingOutputSplitTransform: /Users/oem/.gradle/caches/8.13/transforms/307b4d1e4e7c711e9ebb91404e7f5d3f/transformed/play-services-identity-17.0.0-runtime because:
  Build cache is disabled
  Caching not enabled.
Caching disabled for DexingOutputSplitTransform: /Users/oem/.gradle/caches/8.13/transforms/00fd5cfe4c1f8a5ace28db0064957ba7/transformed/play-services-base-18.5.0-runtime because:
  Build cache is disabled
  Caching not enabled.
Caching disabled for DexingOutputSplitTransform: /Users/oem/.gradle/caches/8.13/transforms/846ec2979982033b07362d1b33fb9d67/transformed/location-5.6.1-runtime because:
  Build cache is disabled
  Caching not enabled.
Caching disabled for DexingOutputSplitTransform: /Users/oem/.gradle/caches/8.13/transforms/80207d204b405bf64ea51e77c719e882/transformed/appcompat-resources-1.7.0-runtime because:
  Build cache is disabled
  Caching not enabled.
Caching disabled for DexingOutputSplitTransform: /Users/oem/.gradle/caches/8.13/transforms/0fac760f483e7515431175a81f2eef63/transformed/material-1.13.0-runtime because:
  Build cache is disabled
  Caching not enabled.
Caching disabled for DexingOutputSplitTransform: /Users/oem/.gradle/caches/8.13/transforms/30ed85a6fb911b7cd83e275070fb1620/transformed/core-5.6.1-runtime because:
  Build cache is disabled
  Caching not enabled.
Caching disabled for DexingOutputSplitTransform: /Users/oem/.gradle/caches/8.13/transforms/032fb684b4cce9d8f11cbbb0ee05c2b6/transformed/constraintlayout-2.1.0-runtime because:
  Build cache is disabled
  Caching not enabled.
Caching disabled for DexingOutputSplitTransform: /Users/oem/.gradle/caches/8.13/transforms/5b61946550d63ea73d7d2e34e95662d2/transformed/appcompat-1.7.0-runtime because:
  Build cache is disabled
  Caching not enabled.
Caching disabled for DexingOutputSplitTransform: /Users/oem/.gradle/caches/8.13/transforms/53d19b7e833a54419644fe33730fe73f/transformed/lottie-6.7.1-runtime because:
  Build cache is disabled
  Caching not enabled.
Caching disabled for DexingOutputSplitTransform: /Users/oem/.gradle/caches/8.13/transforms/4fc733fee61cad03bc6ed0027427d948/transformed/firebase-iid-interop-17.1.0-runtime because:
  Build cache is disabled
  Caching not enabled.
Caching disabled for DexingOutputSplitTransform: /Users/oem/.gradle/caches/8.13/transforms/6c7fb250c7e479aa501bafa15cf5c45e/transformed/play-services-cloud-messaging-17.1.0-runtime because:
  Build cache is disabled
  Caching not enabled.
Caching disabled for DexingOutputSplitTransform: /Users/oem/.gradle/caches/8.13/transforms/7cf2a3325983c2377fd3a2f85f342b4f/transformed/firebase-common-ktx-20.4.2-runtime because:
  Build cache is disabled
  Caching not enabled.
Caching disabled for DexingOutputSplitTransform: /Users/oem/.gradle/caches/8.13/transforms/6773d11c77a7ba85f1d7bf4c7e4bd4fc/transformed/firebase-common-20.4.2-runtime because:
  Build cache is disabled
  Caching not enabled.
Caching disabled for DexingOutputSplitTransform: /Users/oem/.gradle/caches/8.13/transforms/97a16e97a44b6d7c7a6b87ff3f2863e0/transformed/firebase-installations-17.2.0-runtime because:
  Build cache is disabled
  Caching not enabled.
Caching disabled for DexingOutputSplitTransform: /Users/oem/.gradle/caches/8.13/transforms/77c8205229be2393625b478940f610ef/transformed/room-ktx-2.5.0-runtime because:
  Build cache is disabled
  Caching not enabled.
Caching disabled for DexingOutputSplitTransform: /Users/oem/.gradle/caches/8.13/transforms/9a258854d42a209a145b3203d86b54d7/transformed/savedstate-ktx-1.2.1-runtime because:
  Build cache is disabled
  Caching not enabled.
Caching disabled for DexingOutputSplitTransform: /Users/oem/.gradle/caches/8.13/transforms/c9b311b7d560abf571b7dc06125e57f2/transformed/coordinatorlayout-1.2.0-runtime because:
  Build cache is disabled
  Caching not enabled.
Caching disabled for DexingOutputSplitTransform: /Users/oem/.gradle/caches/8.13/transforms/b534fb887879d079b0ccefaf27e31fa3/transformed/firebase-installations-interop-17.1.1-runtime because:
  Build cache is disabled
  Caching not enabled.
Caching disabled for DexingOutputSplitTransform: /Users/oem/.gradle/caches/8.13/transforms/27979a08b009660709e5a1d3299bcaee/transformed/activity-ktx-1.8.0-runtime because:
  Build cache is disabled
  Caching not enabled.
Caching disabled for DexingOutputSplitTransform: /Users/oem/.gradle/caches/8.13/transforms/9da7b6a9191feafb02d06cfa1f31fff6/transformed/activity-1.8.0-runtime because:
  Build cache is disabled
  Caching not enabled.
Caching disabled for DexingOutputSplitTransform: /Users/oem/.gradle/caches/8.13/transforms/eca1f390bebb15eb53246a11042acbb6/transformed/swiperefreshlayout-1.1.0-runtime because:
  Build cache is disabled
  Caching not enabled.
Caching disabled for DexingOutputSplitTransform: /Users/oem/.gradle/caches/8.13/transforms/94c217e1959df3bd08a2bcfc39dd26d3/transformed/graphics-shapes-release-runtime because:
  Build cache is disabled
  Caching not enabled.
Caching disabled for DexingOutputSplitTransform: /Users/oem/.gradle/caches/8.13/transforms/cb5155d6c456955a490a3f5d0da13faf/transformed/core-ktx-1.15.0-runtime because:
  Build cache is disabled
  Caching not enabled.
Caching disabled for DexingOutputSplitTransform: /Users/oem/.gradle/caches/8.13/transforms/e700b6c10febff4b2f6166dff3c113ae/transformed/autofill-1.1.0-runtime because:
  Build cache is disabled
  Caching not enabled.
Caching disabled for DexingOutputSplitTransform: /Users/oem/.gradle/caches/8.13/transforms/613c102a657954baa95dff8459a36613/transformed/loader-1.1.0-runtime because:
  Build cache is disabled
  Caching not enabled.
Caching disabled for DexingOutputSplitTransform: /Users/oem/.gradle/caches/8.13/transforms/445dda65598d86fd972ba65ad85ac9b6/transformed/legacy-support-core-utils-1.0.0-runtime because:
  Build cache is disabled
  Caching not enabled.
Caching disabled for DexingOutputSplitTransform: /Users/oem/.gradle/caches/8.13/transforms/8def715f59e6928ebaf0cb86eee465c8/transformed/play-services-stats-17.0.2-runtime because:
  Build cache is disabled
  Caching not enabled.
Caching disabled for DexingOutputSplitTransform: /Users/oem/.gradle/caches/8.13/transforms/ea76046a661b68edfcfc45ae9324b4c1/transformed/transition-1.5.0-runtime because:
  Build cache is disabled
  Caching not enabled.
Caching disabled for DexingOutputSplitTransform: /Users/oem/.gradle/caches/8.13/transforms/39c27e00557377d38c4c445ef1c68b0d/transformed/viewpager2-1.0.0-runtime because:
  Build cache is disabled
  Caching not enabled.
Caching disabled for DexingOutputSplitTransform: /Users/oem/.gradle/caches/8.13/transforms/1d3cae7e2f242d64f9ea0f7019bc0678/transformed/drawerlayout-1.1.1-runtime because:
  Build cache is disabled
  Caching not enabled.
Caching disabled for DexingOutputSplitTransform: /Users/oem/.gradle/caches/8.13/transforms/586cd45fa16d0ef59c0a52382f018035/transformed/dynamicanimation-1.1.0-runtime because:
  Build cache is disabled
  Caching not enabled.
Caching disabled for DexingOutputSplitTransform: /Users/oem/.gradle/caches/8.13/transforms/3534e25ef6c5aabd5341c765dbbc3a5a/transformed/recyclerview-1.2.1-runtime because:
  Build cache is disabled
  Caching not enabled.
Caching disabled for DexingOutputSplitTransform: /Users/oem/.gradle/caches/8.13/transforms/29ba2e806241368c0c05c3002d6415e2/transformed/vectordrawable-animated-1.1.0-runtime because:
  Build cache is disabled
  Caching not enabled.
Caching disabled for DexingOutputSplitTransform: /Users/oem/.gradle/caches/8.13/transforms/9ed717fa6caf663d3d31ed3f5ebfc65c/transformed/vectordrawable-1.1.0-runtime because:
  Build cache is disabled
  Caching not enabled.
Caching disabled for DexingOutputSplitTransform: /Users/oem/.gradle/caches/8.13/transforms/ecba51a1c61d79aeec59d794821697f6/transformed/fresco-3.6.0-runtime because:
  Build cache is disabled
  Caching not enabled.
Caching disabled for DexingOutputSplitTransform: /Users/oem/.gradle/caches/8.13/transforms/ed5cf79114c4e298767e0ca5ebec77e1/transformed/imagepipeline-okhttp3-3.6.0-runtime because:
  Build cache is disabled
  Caching not enabled.
Caching disabled for DexingOutputSplitTransform: /Users/oem/.gradle/caches/8.13/transforms/af36d0a1637fb624ee1cb3a1af61236c/transformed/nativeimagefilters-3.6.0-runtime because:
  Build cache is disabled
  Caching not enabled.
Caching disabled for DexingOutputSplitTransform: /Users/oem/.gradle/caches/8.13/transforms/2d8cf0ee0e06131426d4118cdb753b5b/transformed/drawee-3.6.0-runtime because:
  Build cache is disabled
  Caching not enabled.
Caching disabled for DexingOutputSplitTransform: /Users/oem/.gradle/caches/8.13/transforms/c4dafe11119c72cc57c32571587c5b6b/transformed/memory-type-native-3.6.0-runtime because:
  Build cache is disabled
  Caching not enabled.
Caching disabled for DexingOutputSplitTransform: /Users/oem/.gradle/caches/8.13/transforms/dcd821ccc2b5acf7d4994dcf23d2b963/transformed/memory-type-java-3.6.0-runtime because:
  Build cache is disabled
  Caching not enabled.
Caching disabled for DexingOutputSplitTransform: /Users/oem/.gradle/caches/8.13/transforms/86ba449e83a93f924ffd604b000ecd2c/transformed/imagepipeline-native-3.6.0-runtime because:
  Build cache is disabled
  Caching not enabled.
Caching disabled for DexingOutputSplitTransform: /Users/oem/.gradle/caches/8.13/transforms/c6321008b0bb3701c7dcb3bc7e8c5ee2/transformed/nativeimagetranscoder-3.6.0-runtime because:
  Build cache is disabled
  Caching not enabled.
Caching disabled for DexingOutputSplitTransform: /Users/oem/.gradle/caches/8.13/transforms/dbd9c66f3cac9851a635169bb0c3edd9/transformed/imagepipeline-3.6.0-runtime because:
  Build cache is disabled
  Caching not enabled.
Caching disabled for DexingOutputSplitTransform: /Users/oem/.gradle/caches/8.13/transforms/aec0e3dc62076efa9e9829b2a7d8828d/transformed/imagepipeline-base-3.6.0-runtime because:
  Build cache is disabled
  Caching not enabled.
Caching disabled for DexingOutputSplitTransform: /Users/oem/.gradle/caches/8.13/transforms/4c2df1c1bf1d47ef6f1c08786f810fcc/transformed/memory-type-ashmem-3.6.0-runtime because:
  Build cache is disabled
  Caching not enabled.
Caching disabled for DexingOutputSplitTransform: /Users/oem/.gradle/caches/8.13/transforms/e155897ef20776262880163bd45501cd/transformed/middleware-3.6.0-runtime because:
  Build cache is disabled
  Caching not enabled.
Caching disabled for DexingOutputSplitTransform: /Users/oem/.gradle/caches/8.13/transforms/138ad5592eecff7d0920159c55c1a1e9/transformed/urimod-3.6.0-runtime because:
  Build cache is disabled
  Caching not enabled.
Caching disabled for DexingOutputSplitTransform: /Users/oem/.gradle/caches/8.13/transforms/aec1ff97aa163e15b432b559f5cad0a5/transformed/vito-source-3.6.0-runtime because:
  Build cache is disabled
  Caching not enabled.
Caching disabled for DexingOutputSplitTransform: /Users/oem/.gradle/caches/8.13/transforms/6091dd32d50f6a5670a427d1c3832830/transformed/ui-common-3.6.0-runtime because:
  Build cache is disabled
  Caching not enabled.
Caching disabled for DexingOutputSplitTransform: /Users/oem/.gradle/caches/8.13/transforms/d615a546236613f2e61eb8066103ddee/transformed/fbcore-3.6.0-runtime because:
  Build cache is disabled
  Caching not enabled.
Caching disabled for DexingOutputSplitTransform: /Users/oem/.gradle/caches/8.13/transforms/a62ef98be9eaf615d2e7ea5fbca2528f/transformed/emoji2-views-helper-1.3.0-runtime because:
  Build cache is disabled
  Caching not enabled.
Caching disabled for DexingOutputSplitTransform: /Users/oem/.gradle/caches/8.13/transforms/575b062c703833904aa16664ca0f9083/transformed/viewpager-1.0.0-runtime because:
  Build cache is disabled
  Caching not enabled.
Caching disabled for DexingOutputSplitTransform: /Users/oem/.gradle/caches/8.13/transforms/a412e6d495a786732d7742e4d1828272/transformed/browser-1.3.0-runtime because:
  Build cache is disabled
  Caching not enabled.
Caching disabled for DexingOutputSplitTransform: /Users/oem/.gradle/caches/8.13/transforms/d90e62cffe355d0eec1cc519ca353b22/transformed/emoji2-1.3.0-runtime because:
  Build cache is disabled
  Caching not enabled.
Caching disabled for DexingOutputSplitTransform: /Users/oem/.gradle/caches/8.13/transforms/2f0b53ac7b43eb024cac230d7357908e/transformed/customview-1.1.0-runtime because:
  Build cache is disabled
  Caching not enabled.
Caching disabled for DexingOutputSplitTransform: /Users/oem/.gradle/caches/8.13/transforms/ed0e016f9cf9e811f654551725bc347a/transformed/core-1.15.0-runtime because:
  Build cache is disabled
  Caching not enabled.
Caching disabled for DexingOutputSplitTransform: /Users/oem/.gradle/caches/8.13/transforms/d19d5326c7932e17de028767603fc494/transformed/lifecycle-viewmodel-2.6.2-runtime because:
  Build cache is disabled
  Caching not enabled.
Caching disabled for DexingOutputSplitTransform: /Users/oem/.gradle/caches/8.13/transforms/d2b6cad001fe3f697ccadaeaf2ff55b3/transformed/lifecycle-process-2.6.2-runtime because:
  Build cache is disabled
  Caching not enabled.
Caching disabled for DexingOutputSplitTransform: /Users/oem/.gradle/caches/8.13/transforms/f5d9ab949817ad6b3159abb317ed4021/transformed/lifecycle-livedata-core-ktx-2.6.2-runtime because:
  Build cache is disabled
  Caching not enabled.
Caching disabled for DexingOutputSplitTransform: /Users/oem/.gradle/caches/8.13/transforms/a076b31ec9c38881f13eeb5b73422393/transformed/lifecycle-viewmodel-ktx-2.6.2-runtime because:
  Build cache is disabled
  Caching not enabled.
Caching disabled for DexingOutputSplitTransform: /Users/oem/.gradle/caches/8.13/transforms/5743c5463556a206a7e6a988f76523a6/transformed/lifecycle-service-2.6.2-runtime because:
  Build cache is disabled
  Caching not enabled.
Caching disabled for DexingOutputSplitTransform: /Users/oem/.gradle/caches/8.13/transforms/106ac8fe94083a260f615b20738130eb/transformed/lifecycle-runtime-ktx-2.6.2-runtime because:
  Build cache is disabled
  Caching not enabled.
Caching disabled for DexingOutputSplitTransform: /Users/oem/.gradle/caches/8.13/transforms/c01e5134b5a83444183a099325bcdefc/transformed/lifecycle-livedata-core-2.6.2-runtime because:
  Build cache is disabled
  Caching not enabled.
Caching disabled for DexingOutputSplitTransform: /Users/oem/.gradle/caches/8.13/transforms/9320c7d0b5b85c6e89945635f947564f/transformed/lifecycle-livedata-2.6.2-runtime because:
  Build cache is disabled
  Caching not enabled.
Caching disabled for DexingOutputSplitTransform: /Users/oem/.gradle/caches/8.13/transforms/0e9dadf93445bb19423bc0acd6b00208/transformed/lifecycle-runtime-2.6.2-runtime because:
  Build cache is disabled
  Caching not enabled.
Caching disabled for DexingOutputSplitTransform: /Users/oem/.gradle/caches/8.13/transforms/ee4735549f2b6498de38ed8834e6ddaa/transformed/lifecycle-viewmodel-savedstate-2.6.2-runtime because:
  Build cache is disabled
  Caching not enabled.
Caching disabled for DexingOutputSplitTransform: /Users/oem/.gradle/caches/8.13/transforms/f629a02821da4e46d2dc24044cc74047/transformed/savedstate-1.2.1-runtime because:
  Build cache is disabled
  Caching not enabled.
Caching disabled for DexingOutputSplitTransform: /Users/oem/.gradle/caches/8.13/transforms/8e4004eea76bc55edd51f2767ea69379/transformed/lifecycle-common-2.6.2 because:
  Build cache is disabled
  Caching not enabled.
Caching disabled for DexingOutputSplitTransform: /Users/oem/.gradle/caches/8.13/transforms/7c0e71efb3274d4d57bf88f13a75e1e8/transformed/kotlinx-coroutines-android-1.9.0 because:
  Build cache is disabled
  Caching not enabled.
Caching disabled for DexingOutputSplitTransform: /Users/oem/.gradle/caches/8.13/transforms/0120711d1d9c9b65d13dc00487499730/transformed/kotlinx-coroutines-core-jvm-1.9.0 because:
  Build cache is disabled
  Caching not enabled.
Caching disabled for DexingOutputSplitTransform: /Users/oem/.gradle/caches/8.13/transforms/9c16b538a291ea9256e986fb9864bc97/transformed/kotlinx-coroutines-play-services-1.9.0 because:
  Build cache is disabled
  Caching not enabled.
Caching disabled for DexingOutputSplitTransform: /Users/oem/.gradle/caches/8.13/transforms/af4355e4bad75ef0df9b9c2011aeebcf/transformed/play-services-tasks-18.2.0-runtime because:
  Build cache is disabled
  Caching not enabled.
Caching disabled for DexingOutputSplitTransform: /Users/oem/.gradle/caches/8.13/transforms/c7529da66556401cbf38122c75b9ebc5/transformed/play-services-basement-18.9.0-runtime because:
  Build cache is disabled
  Caching not enabled.
Caching disabled for DexingOutputSplitTransform: /Users/oem/.gradle/caches/8.13/transforms/b6d9e50311b2437601ba184cc2e296db/transformed/firebase-measurement-connector-19.0.0-runtime because:
  Build cache is disabled
  Caching not enabled.
Caching disabled for DexingOutputSplitTransform: /Users/oem/.gradle/caches/8.13/transforms/9a0d22f8f92b79f609fd9fc86ca2c96e/transformed/fragment-1.6.1-runtime because:
  Build cache is disabled
  Caching not enabled.
Caching disabled for DexingOutputSplitTransform: /Users/oem/.gradle/caches/8.13/transforms/4d5ec0d3428bd864d13391be13e9c0e5/transformed/fragment-ktx-1.6.1-runtime because:
  Build cache is disabled
  Caching not enabled.
Caching disabled for DexingOutputSplitTransform: /Users/oem/.gradle/caches/8.13/transforms/ae86c755b3d96d2fd19036978a2b12ee/transformed/okio-jvm-2.9.0 because:
  Build cache is disabled
  Caching not enabled.
Caching disabled for DexingOutputSplitTransform: /Users/oem/.gradle/caches/8.13/transforms/efc75c0bd95d222fb8b9c3a6be68337f/transformed/ui-core-3.6.0-runtime because:
  Build cache is disabled
  Caching not enabled.
Caching disabled for DexingOutputSplitTransform: /Users/oem/.gradle/caches/8.13/transforms/492fbe92b03f9a26be22336921aaabbc/transformed/okhttp-4.9.2 because:
  Build cache is disabled
  Caching not enabled.
Caching disabled for DexingOutputSplitTransform: /Users/oem/.gradle/caches/8.13/transforms/d5f9d231d11933263869efd0b6431c31/transformed/room-runtime-2.5.0-runtime because:
  Build cache is disabled
  Caching not enabled.
Caching disabled for DexingOutputSplitTransform: /Users/oem/.gradle/caches/8.13/transforms/03a58ca8626d256ad65029ee0818a16e/transformed/okhttp-urlconnection-4.9.2 because:
  Build cache is disabled
  Caching not enabled.
Caching disabled for DexingOutputSplitTransform: /Users/oem/.gradle/caches/8.13/transforms/14ebf737b860dc086f445d358361d3b5/transformed/sqlite-framework-2.3.0-runtime because:
  Build cache is disabled
  Caching not enabled.
Caching disabled for DexingOutputSplitTransform: /Users/oem/.gradle/caches/8.13/transforms/3e7c086fac2a632b7ece5b470e304e3f/transformed/room-common-2.5.0 because:
  Build cache is disabled
  Caching not enabled.
Caching disabled for DexingOutputSplitTransform: /Users/oem/.gradle/caches/8.13/transforms/82d0b7a73d68edea4b6445a3414e42a4/transformed/sqlite-2.3.0-runtime because:
  Build cache is disabled
  Caching not enabled.
Caching disabled for DexingOutputSplitTransform: /Users/oem/.gradle/caches/8.13/transforms/6a8abcf25eb8c849f9014760454ba6e2/transformed/gifdecoder-4.12.0-runtime because:
  Build cache is disabled
  Caching not enabled.
Caching disabled for DexingOutputSplitTransform: /Users/oem/.gradle/caches/8.13/transforms/c6997c39f37f7beef89f5727f3b962e3/transformed/BlurView-version-2.0.4-runtime because:
  Build cache is disabled
  Caching not enabled.
Caching disabled for DexingOutputSplitTransform: /Users/oem/.gradle/caches/8.13/transforms/4731fa70f9fa909a63d6ce4501433227/transformed/exifinterface-1.2.0-runtime because:
  Build cache is disabled
  Caching not enabled.
Caching disabled for DexingOutputSplitTransform: /Users/oem/.gradle/caches/8.13/transforms/4ea9a0b08bcc270168d5e509572898fa/transformed/profileinstaller-1.3.1-runtime because:
  Build cache is disabled
  Caching not enabled.
Caching disabled for DexingOutputSplitTransform: /Users/oem/.gradle/caches/8.13/transforms/09ffbe3799bcca3ef2edb450abf79906/transformed/hermes-android-0.82.1-release-runtime because:
  Build cache is disabled
  Caching not enabled.
Caching disabled for DexingOutputSplitTransform: /Users/oem/.gradle/caches/8.13/transforms/03a3bff2bf796bd9ca349bfdb6e1453b/transformed/startup-runtime-1.1.1-runtime because:
  Build cache is disabled
  Caching not enabled.
Caching disabled for DexingOutputSplitTransform: /Users/oem/.gradle/caches/8.13/transforms/9f8858a1f7d455c3d7d63afb6fa03d05/transformed/interpolator-1.0.0-runtime because:
  Build cache is disabled
  Caching not enabled.
Caching disabled for DexingOutputSplitTransform: /Users/oem/.gradle/caches/8.13/transforms/97a8579aafc0ef8960ea2724000ebda9/transformed/cardview-1.0.0-runtime because:
  Build cache is disabled
  Caching not enabled.
Caching disabled for DexingOutputSplitTransform: /Users/oem/.gradle/caches/8.13/transforms/2932b19a0b827d19558892ffbd352b53/transformed/resourceinspection-annotation-1.0.1 because:
  Build cache is disabled
  Caching not enabled.
Caching disabled for DexingOutputSplitTransform: /Users/oem/.gradle/caches/8.13/transforms/26efbd94947c37ec0b53fa7f36bf923f/transformed/cursoradapter-1.0.0-runtime because:
  Build cache is disabled
  Caching not enabled.
Caching disabled for DexingOutputSplitTransform: /Users/oem/.gradle/caches/8.13/transforms/da224d937ec085ac1132fd81684988a4/transformed/concurrent-futures-1.1.0 because:
  Build cache is disabled
  Caching not enabled.
Caching disabled for DexingOutputSplitTransform: /Users/oem/.gradle/caches/8.13/transforms/1427e50e7ebe17d027e546bcaefd62e5/transformed/tracing-1.2.0-runtime because:
  Build cache is disabled
  Caching not enabled.
Caching disabled for DexingOutputSplitTransform: /Users/oem/.gradle/caches/8.13/transforms/948110ae33129340ba1bb8e5cba6f4e9/transformed/versionedparcelable-1.1.1-runtime because:
  Build cache is disabled
  Caching not enabled.
Caching disabled for DexingOutputSplitTransform: /Users/oem/.gradle/caches/8.13/transforms/7bcb219aeaa70b8c89c7c1b112b347ed/transformed/transport-backend-cct-3.1.8-runtime because:
  Build cache is disabled
  Caching not enabled.
Caching disabled for DexingOutputSplitTransform: /Users/oem/.gradle/caches/8.13/transforms/c30467000dff78615791055fde4c3de4/transformed/firebase-datatransport-18.1.7-runtime because:
  Build cache is disabled
  Caching not enabled.
Caching disabled for DexingOutputSplitTransform: /Users/oem/.gradle/caches/8.13/transforms/8812b0e3ba07b244e5c88da4128d72ee/transformed/transport-runtime-3.1.8-runtime because:
  Build cache is disabled
  Caching not enabled.
Caching disabled for DexingOutputSplitTransform: /Users/oem/.gradle/caches/8.13/transforms/6c3bf81b71d099eec517440022536c77/transformed/firebase-encoders-proto-16.0.0 because:
  Build cache is disabled
  Caching not enabled.
Caching disabled for DexingOutputSplitTransform: /Users/oem/.gradle/caches/8.13/transforms/4f49ff156bfa93961e08648a13bc7389/transformed/transport-api-3.1.0-runtime because:
  Build cache is disabled
  Caching not enabled.
Caching disabled for DexingOutputSplitTransform: /Users/oem/.gradle/caches/8.13/transforms/0bd7673fd1a6da3f08669624fa7371fc/transformed/firebase-encoders-json-18.0.0-runtime because:
  Build cache is disabled
  Caching not enabled.
Caching disabled for DexingOutputSplitTransform: /Users/oem/.gradle/caches/8.13/transforms/ee162afa1eef2e21f261a511b5a4d473/transformed/firebase-encoders-17.0.0 because:
  Build cache is disabled
  Caching not enabled.
Caching disabled for DexingOutputSplitTransform: /Users/oem/.gradle/caches/8.13/transforms/de04f27860de93649911e58f5ad61d7e/transformed/collection-jvm-1.4.2 because:
  Build cache is disabled
  Caching not enabled.
Caching disabled for DexingOutputSplitTransform: /Users/oem/.gradle/caches/8.13/transforms/00d819108e3809973d8a2bd12a1b6658/transformed/core-runtime-2.2.0-runtime because:
  Build cache is disabled
  Caching not enabled.
Caching disabled for DexingOutputSplitTransform: /Users/oem/.gradle/caches/8.13/transforms/c12a97716e5377cd88361e52acb0f83a/transformed/core-common-2.2.0 because:
  Build cache is disabled
  Caching not enabled.
Caching disabled for DexingOutputSplitTransform: /Users/oem/.gradle/caches/8.13/transforms/8874624f713c432e54f60e0180a6f2e0/transformed/firebase-components-17.1.5-runtime because:
  Build cache is disabled
  Caching not enabled.
Caching disabled for DexingOutputSplitTransform: /Users/oem/.gradle/caches/8.13/transforms/a64f1bd70e3131a97ffcd2eae8a4d36b/transformed/print-1.0.0-runtime because:
  Build cache is disabled
  Caching not enabled.
Caching disabled for DexingOutputSplitTransform: /Users/oem/.gradle/caches/8.13/transforms/0b1874c66b9c607f324ba73fb7d6f3d4/transformed/documentfile-1.0.0-runtime because:
  Build cache is disabled
  Caching not enabled.
Caching disabled for DexingOutputSplitTransform: /Users/oem/.gradle/caches/8.13/transforms/a0ba5403cccb4e4958136574e616ea20/transformed/annotation-jvm-1.8.1 because:
  Build cache is disabled
  Caching not enabled.
Caching disabled for DexingOutputSplitTransform: /Users/oem/.gradle/caches/8.13/transforms/3b86a2e3de4836b0fde594b7574ab542/transformed/annotation-experimental-1.4.1-runtime because:
  Build cache is disabled
  Caching not enabled.
Caching disabled for DexingOutputSplitTransform: /Users/oem/.gradle/caches/8.13/transforms/c86f2568ba713cfa2398df175e50ba0e/transformed/localbroadcastmanager-1.0.0-runtime because:
  Build cache is disabled
  Caching not enabled.
Caching disabled for DexingOutputSplitTransform: /Users/oem/.gradle/caches/8.13/transforms/b17d0cdc1fd15cfda86ae487291db8e0/transformed/annotations-23.0.0 because:
  Build cache is disabled
  Caching not enabled.
Caching disabled for DexingOutputSplitTransform: /Users/oem/.gradle/caches/8.13/transforms/0896fe67ed693034d97d0becc489d582/transformed/kotlin-stdlib-2.1.20 because:
  Build cache is disabled
  Caching not enabled.
Caching disabled for DexingOutputSplitTransform: /Users/oem/.gradle/caches/8.13/transforms/f9bae63c6c47df70db35430bc93c3b1c/transformed/installreferrer-1.1.2-runtime because:
  Build cache is disabled
  Caching not enabled.
Caching disabled for DexingOutputSplitTransform: /Users/oem/.gradle/caches/8.13/transforms/37cab49baa5a4b9bfcac58d2841c32d8/transformed/fbjni-0.7.0-runtime because:
  Build cache is disabled
  Caching not enabled.
Caching disabled for DexingOutputSplitTransform: /Users/oem/.gradle/caches/8.13/transforms/605a182592ec1c1ecf440f251031a7e1/transformed/infer-annotation-0.18.0 because:
  Build cache is disabled
  Caching not enabled.
Caching disabled for DexingOutputSplitTransform: /Users/oem/.gradle/caches/8.13/transforms/85bd8f8ebef1d8713c74768983c0cd6b/transformed/soloader-0.12.1-runtime because:
  Build cache is disabled
  Caching not enabled.
Caching disabled for DexingOutputSplitTransform: /Users/oem/.gradle/caches/8.13/transforms/9c834977ac518f9e3577b57a652f80bc/transformed/proguard-annotations-1.19.0 because:
  Build cache is disabled
  Caching not enabled.
Caching disabled for DexingOutputSplitTransform: /Users/oem/.gradle/caches/8.13/transforms/baf8cd681d35304f990772e5d8ec3f55/transformed/jsr305-3.0.2 because:
  Build cache is disabled
  Caching not enabled.
Caching disabled for DexingOutputSplitTransform: /Users/oem/.gradle/caches/8.13/transforms/e3a33e3d56b93913754feb51721f166a/transformed/firebase-annotations-16.2.0 because:
  Build cache is disabled
  Caching not enabled.
Caching disabled for DexingOutputSplitTransform: /Users/oem/.gradle/caches/8.13/transforms/da0d997592c2f9ab219dd08247532e70/transformed/javax.inject-1 because:
  Build cache is disabled
  Caching not enabled.
Caching disabled for DexingOutputSplitTransform: /Users/oem/.gradle/caches/8.13/transforms/aa92c074b19dffaa2636a426d5cc593d/transformed/annotations-4.12.0 because:
  Build cache is disabled
  Caching not enabled.
Caching disabled for DexingOutputSplitTransform: /Users/oem/.gradle/caches/8.13/transforms/2820dc34d7c38a8d33c743393c96d24d/transformed/disklrucache-4.12.0 because:
  Build cache is disabled
  Caching not enabled.
Caching disabled for DexingOutputSplitTransform: /Users/oem/.gradle/caches/8.13/transforms/3b13ab373c73e1fb95a68669c01c4263/transformed/listenablefuture-1.0 because:
  Build cache is disabled
  Caching not enabled.
Caching disabled for DexingOutputSplitTransform: /Users/oem/.gradle/caches/8.13/transforms/83b742bc31116bc1aca5a9c3dcdfb51d/transformed/core-1.0.1-runtime because:
  Build cache is disabled
  Caching not enabled.
Caching disabled for DexingOutputSplitTransform: /Users/oem/.gradle/caches/8.13/transforms/1391c4307f4350c4311601709b4fd635/transformed/error_prone_annotations-2.15.0 because:
  Build cache is disabled
  Caching not enabled.
Caching disabled for DexingOutputSplitTransform: /Users/oem/.gradle/caches/8.13/transforms/7ee3dddcacf55daad71aab6eb9b53a6a/transformed/nativeloader-0.12.1 because:
  Build cache is disabled
  Caching not enabled.
Caching disabled for DexingOutputSplitTransform: /Users/oem/.gradle/caches/8.13/transforms/94bc82ea4217bbd5a2bcac2d004a3f46/transformed/kotlin-annotations-jvm-1.3.72 because:
  Build cache is disabled
  Caching not enabled.
Caching disabled for DexingOutputSplitTransform: /Users/oem/.gradle/caches/8.13/transforms/bcdeafd48d28f3345ccc31f4ec476c74/transformed/annotation-0.12.1 because:
  Build cache is disabled
  Caching not enabled.
Caching disabled for DexingOutputSplitTransform: /Users/oem/.gradle/caches/8.13/transforms/fabc3cb77aff40fecfc947b9d346ecdb/transformed/constraintlayout-core-1.0.0 because:
  Build cache is disabled
  Caching not enabled.
Caching disabled for DexingOutputSplitTransform: /Users/oem/.gradle/caches/8.13/transforms/5c128b4bcc95019c5372d8b0eab9248b/transformed/jspecify-1.0.0 because:
  Build cache is disabled
  Caching not enabled.
Caching disabled for DexingOutputSplitTransform: /Users/oem/.gradle/caches/8.13/transforms/c731d4d31fe3162e91a3636bb081c736/transformed/okhttp3-integration-4.12.0-runtime because:
  Build cache is disabled
  Caching not enabled.
Caching disabled for DexingOutputSplitTransform: /Users/oem/.gradle/caches/8.13/transforms/4b5649d2ebb285bcf7898b90bc3de958/transformed/bolts-tasks-1.4.0 because:
  Build cache is disabled
  Caching not enabled.
Caching disabled for task ':app:mergeReleaseGlobalSynthetics' because:
  Build cache is disabled
Task ':app:mergeReleaseGlobalSynthetics' is not up-to-date because:
  No history is available.

> Task :app:generateReleaseLintVitalReportModel
Caching disabled for AarTransform: /Users/oem/.gradle/caches/8.13/transforms/1af2150d394f770a4fd4bf0c805d0ec7/transformed/hermes-android-0.82.1-release because:
  Build cache is disabled
  Caching not enabled.
file or directory '/Users/oem/Projects/KapraDaily/node_modules/react-native-onesignal/android/libs', not found
file or directory '/Users/oem/Projects/KapraDaily/node_modules/react-native-onesignal/android/libs', not found
file or directory '/Users/oem/Projects/KapraDaily/node_modules/react-native-onesignal/android/libs', not found
file or directory '/Users/oem/Projects/KapraDaily/node_modules/react-native-onesignal/android/libs', not found
file or directory '/Users/oem/Projects/KapraDaily/node_modules/react-native-onesignal/android/libs', not found
Caching disabled for AarTransform: /Users/oem/.gradle/caches/8.13/transforms/22fda6b355d955668315ccba37e27069/transformed/work-runtime-ktx-2.9.1 because:
  Build cache is disabled
  Caching not enabled.
file or directory '/Users/oem/Projects/KapraDaily/node_modules/react-native-onesignal/android/libs', not found
file or directory '/Users/oem/Projects/KapraDaily/node_modules/react-native-onesignal/android/libs', not found
file or directory '/Users/oem/Projects/KapraDaily/node_modules/react-native-onesignal/android/libs', not found
file or directory '/Users/oem/Projects/KapraDaily/node_modules/react-native-onesignal/android/libs', not found
file or directory '/Users/oem/Projects/KapraDaily/node_modules/react-native-onesignal/android/libs', not found
file or directory '/Users/oem/Projects/KapraDaily/node_modules/react-native-onesignal/android/libs', not found
Caching disabled for task ':app:generateReleaseLintVitalReportModel' because:
  Build cache is disabled
  Caching has been disabled for the task
Task ':app:generateReleaseLintVitalReportModel' is not up-to-date because:
  No history is available.
file or directory '/Users/oem/Projects/KapraDaily/node_modules/react-native-onesignal/android/libs', not found
file or directory '/Users/oem/Projects/KapraDaily/node_modules/react-native-onesignal/android/libs', not found
file or directory '/Users/oem/Projects/KapraDaily/node_modules/react-native-onesignal/android/libs', not found
file or directory '/Users/oem/Projects/KapraDaily/node_modules/react-native-onesignal/android/libs', not found
file or directory '/Users/oem/Projects/KapraDaily/node_modules/react-native-onesignal/android/libs', not found
file or directory '/Users/oem/Projects/KapraDaily/node_modules/react-native-onesignal/android/libs', not found
Resolve mutations for :app:lintVitalAnalyzeRelease (Thread[Execution worker Thread 7,5,main]) started.
:app:lintVitalAnalyzeRelease (Thread[Execution worker Thread 7,5,main]) started.
Resolve mutations for :app:processReleaseJavaRes (Thread[Execution worker Thread 5,5,main]) started.
:app:processReleaseJavaRes (Thread[Execution worker Thread 5,5,main]) started.

> Task :app:processReleaseJavaRes
file or directory '/Users/oem/Projects/KapraDaily/android/app/src/main/resources', not found
file or directory '/Users/oem/Projects/KapraDaily/android/app/src/release/resources', not found
file or directory '/Users/oem/Projects/KapraDaily/android/app/src/main/resources', not found
file or directory '/Users/oem/Projects/KapraDaily/android/app/src/release/resources', not found
Caching disabled for task ':app:processReleaseJavaRes' because:
  Build cache is disabled
  Caching has been disabled for the task
Task ':app:processReleaseJavaRes' is not up-to-date because:
  No history is available.
file or directory '/Users/oem/Projects/KapraDaily/android/app/src/main/resources', not found
file or directory '/Users/oem/Projects/KapraDaily/android/app/src/release/resources', not found
file or directory '/Users/oem/Projects/KapraDaily/android/app/src/main/resources', not found
file or directory '/Users/oem/Projects/KapraDaily/android/app/src/release/resources', not found
Resolve mutations for :app:mergeReleaseJavaResource (Thread[Execution worker Thread 5,5,main]) started.
:app:mergeReleaseJavaResource (Thread[Execution worker Thread 5,5,main]) started.

> Task :app:mergeDexRelease
file or directory '/Users/oem/Projects/KapraDaily/node_modules/react-native-onesignal/android/libs', not found
file or directory '/Users/oem/Projects/KapraDaily/node_modules/react-native-onesignal/android/libs', not found
Caching disabled for task ':app:mergeDexRelease' because:
  Build cache is disabled
Task ':app:mergeDexRelease' is not up-to-date because:
  No history is available.
The input changes require a full rebuild for incremental task ':app:mergeDexRelease'.
file or directory '/Users/oem/Projects/KapraDaily/node_modules/react-native-onesignal/android/libs', not found
file or directory '/Users/oem/Projects/KapraDaily/node_modules/react-native-onesignal/android/libs', not found
Merging to '/Users/oem/Projects/KapraDaily/android/app/build/intermediates/dex/release/mergeDexRelease' with D8 from all or a subset of dex files in /Users/oem/Projects/KapraDaily/android/app/build/intermediates/project_dex_archive/release/dexBuilderRelease/out, /Users/oem/Projects/KapraDaily/android/app/build/intermediates/project_dex_archive/release/dexBuilderRelease/out, /Users/oem/Projects/KapraDaily/android/app/build/intermediates/project_dex_archive/release/dexBuilderRelease/out, /Users/oem/Projects/KapraDaily/android/app/build/intermediates/project_dex_archive/release/dexBuilderRelease/out, /Users/oem/Projects/KapraDaily/android/app/build/intermediates/project_dex_archive/release/dexBuilderRelease/out, /Users/oem/Projects/KapraDaily/node_modules/lottie-react-native/android/build/.transforms/ba29c598d7781f24a2392616ce850c3a/transformed/bundleLibRuntimeToDirRelease/bundleLibRuntimeToDirRelease_dex, /Users/oem/Projects/KapraDaily/node_modules/lottie-react-native/android/build/.transforms/ba29c598d7781f24a2392616ce850c3a/transformed/bundleLibRuntimeToDirRelease/bundleLibRuntimeToDirRelease_dex, /Users/oem/Projects/KapraDaily/node_modules/lottie-react-native/android/build/.transforms/ba29c598d7781f24a2392616ce850c3a/transformed/bundleLibRuntimeToDirRelease/bundleLibRuntimeToDirRelease_dex, /Users/oem/Projects/KapraDaily/node_modules/lottie-react-native/android/build/.transforms/ba29c598d7781f24a2392616ce850c3a/transformed/bundleLibRuntimeToDirRelease/bundleLibRuntimeToDirRelease_dex, /Users/oem/Projects/KapraDaily/node_modules/lottie-react-native/android/build/.transforms/ba29c598d7781f24a2392616ce850c3a/transformed/bundleLibRuntimeToDirRelease/bundleLibRuntimeToDirRelease_dex, /Users/oem/Projects/KapraDaily/node_modules/lottie-react-native/android/build/.transforms/ba29c598d7781f24a2392616ce850c3a/transformed/bundleLibRuntimeToDirRelease/bundleLibRuntimeToDirRelease_dex, /Users/oem/Projects/KapraDaily/node_modules/lottie-react-native/android/build/.transforms/ba29c598d7781f24a2392616ce850c3a/transformed/bundleLibRuntimeToDirRelease/bundleLibRuntimeToDirRelease_dex, /Users/oem/Projects/KapraDaily/node_modules/lottie-react-native/android/build/.transforms/ba29c598d7781f24a2392616ce850c3a/transformed/bundleLibRuntimeToDirRelease/bundleLibRuntimeToDirRelease_dex, /Users/oem/Projects/KapraDaily/node_modules/lottie-react-native/android/build/.transforms/ba29c598d7781f24a2392616ce850c3a/transformed/bundleLibRuntimeToDirRelease/bundleLibRuntimeToDirRelease_dex, /Users/oem/Projects/KapraDaily/node_modules/lottie-react-native/android/build/.transforms/ba29c598d7781f24a2392616ce850c3a/transformed/bundleLibRuntimeToDirRelease/bundleLibRuntimeToDirRelease_dex, /Users/oem/Projects/KapraDaily/node_modules/lottie-react-native/android/build/.transforms/ba29c598d7781f24a2392616ce850c3a/transformed/bundleLibRuntimeToDirRelease/bundleLibRuntimeToDirRelease_dex, /Users/oem/Projects/KapraDaily/node_modules/lottie-react-native/android/build/.transforms/ba29c598d7781f24a2392616ce850c3a/transformed/bundleLibRuntimeToDirRelease/bundleLibRuntimeToDirRelease_dex, /Users/oem/Projects/KapraDaily/node_modules/lottie-react-native/android/build/.transforms/ba29c598d7781f24a2392616ce850c3a/transformed/bundleLibRuntimeToDirRelease/bundleLibRuntimeToDirRelease_dex, /Users/oem/Projects/KapraDaily/node_modules/lottie-react-native/android/build/.transforms/ba29c598d7781f24a2392616ce850c3a/transformed/bundleLibRuntimeToDirRelease/bundleLibRuntimeToDirRelease_dex, /Users/oem/Projects/KapraDaily/node_modules/lottie-react-native/android/build/.transforms/ba29c598d7781f24a2392616ce850c3a/transformed/bundleLibRuntimeToDirRelease/bundleLibRuntimeToDirRelease_dex, /Users/oem/Projects/KapraDaily/node_modules/lottie-react-native/android/build/.transforms/ba29c598d7781f24a2392616ce850c3a/transformed/bundleLibRuntimeToDirRelease/bundleLibRuntimeToDirRelease_dex, /Users/oem/Projects/KapraDaily/node_modules/react-native-maps/android/build/.transforms/02a98836ec43cbf29ded6932ac37707e/transformed/bundleLibRuntimeToDirRelease/bundleLibRuntimeToDirRelease_dex, /Users/oem/Projects/KapraDaily/node_modules/react-native-maps/android/build/.transforms/02a98836ec43cbf29ded6932ac37707e/transformed/bundleLibRuntimeToDirRelease/bundleLibRuntimeToDirRelease_dex, /Users/oem/Projects/KapraDaily/node_modules/react-native-maps/android/build/.transforms/02a98836ec43cbf29ded6932ac37707e/transformed/bundleLibRuntimeToDirRelease/bundleLibRuntimeToDirRelease_dex, /Users/oem/Projects/KapraDaily/node_modules/react-native-maps/android/build/.transforms/02a98836ec43cbf29ded6932ac37707e/transformed/bundleLibRuntimeToDirRelease/bundleLibRuntimeToDirRelease_dex, /Users/oem/Projects/KapraDaily/node_modules/react-native-maps/android/build/.transforms/02a98836ec43cbf29ded6932ac37707e/transformed/bundleLibRuntimeToDirRelease/bundleLibRuntimeToDirRelease_dex, /Users/oem/Projects/KapraDaily/node_modules/react-native-maps/android/build/.transforms/02a98836ec43cbf29ded6932ac37707e/transformed/bundleLibRuntimeToDirRelease/bundleLibRuntimeToDirRelease_dex, /Users/oem/Projects/KapraDaily/node_modules/react-native-maps/android/build/.transforms/02a98836ec43cbf29ded6932ac37707e/transformed/bundleLibRuntimeToDirRelease/bundleLibRuntimeToDirRelease_dex, /Users/oem/Projects/KapraDaily/node_modules/react-native-maps/android/build/.transforms/02a98836ec43cbf29ded6932ac37707e/transformed/bundleLibRuntimeToDirRelease/bundleLibRuntimeToDirRelease_dex, /Users/oem/Projects/KapraDaily/node_modules/react-native-maps/android/build/.transforms/02a98836ec43cbf29ded6932ac37707e/transformed/bundleLibRuntimeToDirRelease/bundleLibRuntimeToDirRelease_dex, /Users/oem/Projects/KapraDaily/node_modules/react-native-maps/android/build/.transforms/02a98836ec43cbf29ded6932ac37707e/transformed/bundleLibRuntimeToDirRelease/bundleLibRuntimeToDirRelease_dex, /Users/oem/Projects/KapraDaily/node_modules/react-native-maps/android/build/.transforms/02a98836ec43cbf29ded6932ac37707e/transformed/bundleLibRuntimeToDirRelease/bundleLibRuntimeToDirRelease_dex, /Users/oem/Projects/KapraDaily/node_modules/react-native-maps/android/build/.transforms/02a98836ec43cbf29ded6932ac37707e/transformed/bundleLibRuntimeToDirRelease/bundleLibRuntimeToDirRelease_dex, /Users/oem/Projects/KapraDaily/node_modules/react-native-maps/android/build/.transforms/02a98836ec43cbf29ded6932ac37707e/transformed/bundleLibRuntimeToDirRelease/bundleLibRuntimeToDirRelease_dex, /Users/oem/Projects/KapraDaily/node_modules/react-native-maps/android/build/.transforms/02a98836ec43cbf29ded6932ac37707e/transformed/bundleLibRuntimeToDirRelease/bundleLibRuntimeToDirRelease_dex, /Users/oem/Projects/KapraDaily/node_modules/react-native-maps/android/build/.transforms/02a98836ec43cbf29ded6932ac37707e/transformed/bundleLibRuntimeToDirRelease/bundleLibRuntimeToDirRelease_dex, /Users/oem/Projects/KapraDaily/node_modules/react-native-maps/android/build/.transforms/02a98836ec43cbf29ded6932ac37707e/transformed/bundleLibRuntimeToDirRelease/bundleLibRuntimeToDirRelease_dex, /Users/oem/Projects/KapraDaily/node_modules/react-native-maps/android/build/.transforms/02a98836ec43cbf29ded6932ac37707e/transformed/bundleLibRuntimeToDirRelease/bundleLibRuntimeToDirRelease_dex, /Users/oem/Projects/KapraDaily/node_modules/react-native-maps/android/build/.transforms/02a98836ec43cbf29ded6932ac37707e/transformed/bundleLibRuntimeToDirRelease/bundleLibRuntimeToDirRelease_dex, /Users/oem/Projects/KapraDaily/node_modules/react-native-maps/android/build/.transforms/02a98836ec43cbf29ded6932ac37707e/transformed/bundleLibRuntimeToDirRelease/bundleLibRuntimeToDirRelease_dex, /Users/oem/Projects/KapraDaily/node_modules/react-native-maps/android/build/.transforms/02a98836ec43cbf29ded6932ac37707e/transformed/bundleLibRuntimeToDirRelease/bundleLibRuntimeToDirRelease_dex, /Users/oem/Projects/KapraDaily/node_modules/react-native-maps/android/build/.transforms/02a98836ec43cbf29ded6932ac37707e/transformed/bundleLibRuntimeToDirRelease/bundleLibRuntimeToDirRelease_dex, /Users/oem/Projects/KapraDaily/node_modules/react-native-maps/android/build/.transforms/02a98836ec43cbf29ded6932ac37707e/transformed/bundleLibRuntimeToDirRelease/bundleLibRuntimeToDirRelease_dex, /Users/oem/Projects/KapraDaily/node_modules/react-native-maps/android/build/.transforms/02a98836ec43cbf29ded6932ac37707e/transformed/bundleLibRuntimeToDirRelease/bundleLibRuntimeToDirRelease_dex, /Users/oem/Projects/KapraDaily/node_modules/react-native-maps/android/build/.transforms/02a98836ec43cbf29ded6932ac37707e/transformed/bundleLibRuntimeToDirRelease/bundleLibRuntimeToDirRelease_dex, /Users/oem/Projects/KapraDaily/node_modules/react-native-maps/android/build/.transforms/02a98836ec43cbf29ded6932ac37707e/transformed/bundleLibRuntimeToDirRelease/bundleLibRuntimeToDirRelease_dex, /Users/oem/Projects/KapraDaily/node_modules/react-native-maps/android/build/.transforms/02a98836ec43cbf29ded6932ac37707e/transformed/bundleLibRuntimeToDirRelease/bundleLibRuntimeToDirRelease_dex, /Users/oem/Projects/KapraDaily/node_modules/react-native-maps/android/build/.transforms/02a98836ec43cbf29ded6932ac37707e/transformed/bundleLibRuntimeToDirRelease/bundleLibRuntimeToDirRelease_dex, /Users/oem/Projects/KapraDaily/node_modules/react-native-maps/android/build/.transforms/02a98836ec43cbf29ded6932ac37707e/transformed/bundleLibRuntimeToDirRelease/bundleLibRuntimeToDirRelease_dex, /Users/oem/Projects/KapraDaily/node_modules/react-native-maps/android/build/.transforms/02a98836ec43cbf29ded6932ac37707e/transformed/bundleLibRuntimeToDirRelease/bundleLibRuntimeToDirRelease_dex, /Users/oem/Projects/KapraDaily/node_modules/react-native-maps/android/build/.transforms/02a98836ec43cbf29ded6932ac37707e/transformed/bundleLibRuntimeToDirRelease/bundleLibRuntimeToDirRelease_dex, /Users/oem/Projects/KapraDaily/node_modules/react-native-maps/android/build/.transforms/02a98836ec43cbf29ded6932ac37707e/transformed/bundleLibRuntimeToDirRelease/bundleLibRuntimeToDirRelease_dex, /Users/oem/Projects/KapraDaily/node_modules/react-native-maps/android/build/.transforms/02a98836ec43cbf29ded6932ac37707e/transformed/bundleLibRuntimeToDirRelease/bundleLibRuntimeToDirRelease_dex, /Users/oem/Projects/KapraDaily/node_modules/react-native-maps/android/build/.transforms/02a98836ec43cbf29ded6932ac37707e/transformed/bundleLibRuntimeToDirRelease/bundleLibRuntimeToDirRelease_dex, /Users/oem/Projects/KapraDaily/node_modules/react-native-maps/android/build/.transforms/02a98836ec43cbf29ded6932ac37707e/transformed/bundleLibRuntimeToDirRelease/bundleLibRuntimeToDirRelease_dex, /Users/oem/Projects/KapraDaily/node_modules/react-native-maps/android/build/.transforms/02a98836ec43cbf29ded6932ac37707e/transformed/bundleLibRuntimeToDirRelease/bundleLibRuntimeToDirRelease_dex, /Users/oem/Projects/KapraDaily/node_modules/react-native-maps/android/build/.transforms/02a98836ec43cbf29ded6932ac37707e/transformed/bundleLibRuntimeToDirRelease/bundleLibRuntimeToDirRelease_dex, /Users/oem/Projects/KapraDaily/node_modules/react-native-maps/android/build/.transforms/02a98836ec43cbf29ded6932ac37707e/transformed/bundleLibRuntimeToDirRelease/bundleLibRuntimeToDirRelease_dex, /Users/oem/Projects/KapraDaily/node_modules/react-native-maps/android/build/.transforms/02a98836ec43cbf29ded6932ac37707e/transformed/bundleLibRuntimeToDirRelease/bundleLibRuntimeToDirRelease_dex, /Users/oem/Projects/KapraDaily/node_modules/react-native-maps/android/build/.transforms/02a98836ec43cbf29ded6932ac37707e/transformed/bundleLibRuntimeToDirRelease/bundleLibRuntimeToDirRelease_dex, /Users/oem/Projects/KapraDaily/node_modules/react-native-maps/android/build/.transforms/02a98836ec43cbf29ded6932ac37707e/transformed/bundleLibRuntimeToDirRelease/bundleLibRuntimeToDirRelease_dex, /Users/oem/Projects/KapraDaily/node_modules/react-native-maps/android/build/.transforms/02a98836ec43cbf29ded6932ac37707e/transformed/bundleLibRuntimeToDirRelease/bundleLibRuntimeToDirRelease_dex, /Users/oem/Projects/KapraDaily/node_modules/react-native-maps/android/build/.transforms/02a98836ec43cbf29ded6932ac37707e/transformed/bundleLibRuntimeToDirRelease/bundleLibRuntimeToDirRelease_dex, /Users/oem/Projects/KapraDaily/node_modules/react-native-maps/android/build/.transforms/02a98836ec43cbf29ded6932ac37707e/transformed/bundleLibRuntimeToDirRelease/bundleLibRuntimeToDirRelease_dex, /Users/oem/Projects/KapraDaily/node_modules/react-native-maps/android/build/.transforms/02a98836ec43cbf29ded6932ac37707e/transformed/bundleLibRuntimeToDirRelease/bundleLibRuntimeToDirRelease_dex, /Users/oem/Projects/KapraDaily/node_modules/react-native-maps/android/build/.transforms/02a98836ec43cbf29ded6932ac37707e/transformed/bundleLibRuntimeToDirRelease/bundleLibRuntimeToDirRelease_dex, /Users/oem/Projects/KapraDaily/node_modules/react-native-maps/android/build/.transforms/02a98836ec43cbf29ded6932ac37707e/transformed/bundleLibRuntimeToDirRelease/bundleLibRuntimeToDirRelease_dex, /Users/oem/Projects/KapraDaily/node_modules/react-native-maps/android/build/.transforms/02a98836ec43cbf29ded6932ac37707e/transformed/bundleLibRuntimeToDirRelease/bundleLibRuntimeToDirRelease_dex, /Users/oem/Projects/KapraDaily/node_modules/react-native-maps/android/build/.transforms/02a98836ec43cbf29ded6932ac37707e/transformed/bundleLibRuntimeToDirRelease/bundleLibRuntimeToDirRelease_dex, /Users/oem/Projects/KapraDaily/node_modules/react-native-maps/android/build/.transforms/02a98836ec43cbf29ded6932ac37707e/transformed/bundleLibRuntimeToDirRelease/bundleLibRuntimeToDirRelease_dex, /Users/oem/Projects/KapraDaily/node_modules/react-native-maps/android/build/.transforms/02a98836ec43cbf29ded6932ac37707e/transformed/bundleLibRuntimeToDirRelease/bundleLibRuntimeToDirRelease_dex, /Users/oem/Projects/KapraDaily/node_modules/react-native-maps/android/build/.transforms/02a98836ec43cbf29ded6932ac37707e/transformed/bundleLibRuntimeToDirRelease/bundleLibRuntimeToDirRelease_dex, /Users/oem/Projects/KapraDaily/node_modules/react-native-maps/android/build/.transforms/02a98836ec43cbf29ded6932ac37707e/transformed/bundleLibRuntimeToDirRelease/bundleLibRuntimeToDirRelease_dex, /Users/oem/Projects/KapraDaily/node_modules/react-native-maps/android/build/.transforms/02a98836ec43cbf29ded6932ac37707e/transformed/bundleLibRuntimeToDirRelease/bundleLibRuntimeToDirRelease_dex, /Users/oem/Projects/KapraDaily/node_modules/react-native-maps/android/build/.transforms/02a98836ec43cbf29ded6932ac37707e/transformed/bundleLibRuntimeToDirRelease/bundleLibRuntimeToDirRelease_dex, /Users/oem/Projects/KapraDaily/node_modules/react-native-maps/android/build/.transforms/02a98836ec43cbf29ded6932ac37707e/transformed/bundleLibRuntimeToDirRelease/bundleLibRuntimeToDirRelease_dex, /Users/oem/Projects/KapraDaily/node_modules/react-native-maps/android/build/.transforms/02a98836ec43cbf29ded6932ac37707e/transformed/bundleLibRuntimeToDirRelease/bundleLibRuntimeToDirRelease_dex, /Users/oem/Projects/KapraDaily/node_modules/react-native-maps/android/build/.transforms/02a98836ec43cbf29ded6932ac37707e/transformed/bundleLibRuntimeToDirRelease/bundleLibRuntimeToDirRelease_dex, /Users/oem/Projects/KapraDaily/node_modules/react-native-maps/android/build/.transforms/02a98836ec43cbf29ded6932ac37707e/transformed/bundleLibRuntimeToDirRelease/bundleLibRuntimeToDirRelease_dex, /Users/oem/Projects/KapraDaily/node_modules/react-native-maps/android/build/.transforms/02a98836ec43cbf29ded6932ac37707e/transformed/bundleLibRuntimeToDirRelease/bundleLibRuntimeToDirRelease_dex, /Users/oem/Projects/KapraDaily/node_modules/react-native-maps/android/build/.transforms/02a98836ec43cbf29ded6932ac37707e/transformed/bundleLibRuntimeToDirRelease/bundleLibRuntimeToDirRelease_dex, /Users/oem/Projects/KapraDaily/node_modules/react-native-maps/android/build/.transforms/02a98836ec43cbf29ded6932ac37707e/transformed/bundleLibRuntimeToDirRelease/bundleLibRuntimeToDirRelease_dex, /Users/oem/Projects/KapraDaily/node_modules/react-native-maps/android/build/.transforms/02a98836ec43cbf29ded6932ac37707e/transformed/bundleLibRuntimeToDirRelease/bundleLibRuntimeToDirRelease_dex, /Users/oem/Projects/KapraDaily/node_modules/react-native-maps/android/build/.transforms/02a98836ec43cbf29ded6932ac37707e/transformed/bundleLibRuntimeToDirRelease/bundleLibRuntimeToDirRelease_dex, /Users/oem/Projects/KapraDaily/node_modules/react-native-maps/android/build/.transforms/02a98836ec43cbf29ded6932ac37707e/transformed/bundleLibRuntimeToDirRelease/bundleLibRuntimeToDirRelease_dex, /Users/oem/Projects/KapraDaily/node_modules/react-native-maps/android/build/.transforms/02a98836ec43cbf29ded6932ac37707e/transformed/bundleLibRuntimeToDirRelease/bundleLibRuntimeToDirRelease_dex, /Users/oem/Projects/KapraDaily/node_modules/react-native-maps/android/build/.transforms/02a98836ec43cbf29ded6932ac37707e/transformed/bundleLibRuntimeToDirRelease/bundleLibRuntimeToDirRelease_dex, /Users/oem/Projects/KapraDaily/node_modules/react-native-maps/android/build/.transforms/02a98836ec43cbf29ded6932ac37707e/transformed/bundleLibRuntimeToDirRelease/bundleLibRuntimeToDirRelease_dex, /Users/oem/Projects/KapraDaily/node_modules/react-native-maps/android/build/.transforms/02a98836ec43cbf29ded6932ac37707e/transformed/bundleLibRuntimeToDirRelease/bundleLibRuntimeToDirRelease_dex, /Users/oem/Projects/KapraDaily/node_modules/react-native-maps/android/build/.transforms/02a98836ec43cbf29ded6932ac37707e/transformed/bundleLibRuntimeToDirRelease/bundleLibRuntimeToDirRelease_dex, /Users/oem/Projects/KapraDaily/node_modules/react-native-maps/android/build/.transforms/02a98836ec43cbf29ded6932ac37707e/transformed/bundleLibRuntimeToDirRelease/bundleLibRuntimeToDirRelease_dex, /Users/oem/Projects/KapraDaily/node_modules/react-native-maps/android/build/.transforms/02a98836ec43cbf29ded6932ac37707e/transformed/bundleLibRuntimeToDirRelease/bundleLibRuntimeToDirRelease_dex, /Users/oem/Projects/KapraDaily/node_modules/react-native-maps/android/build/.transforms/02a98836ec43cbf29ded6932ac37707e/transformed/bundleLibRuntimeToDirRelease/bundleLibRuntimeToDirRelease_dex, /Users/oem/Projects/KapraDaily/node_modules/react-native-maps/android/build/.transforms/02a98836ec43cbf29ded6932ac37707e/transformed/bundleLibRuntimeToDirRelease/bundleLibRuntimeToDirRelease_dex, /Users/oem/Projects/KapraDaily/node_modules/react-native-maps/android/build/.transforms/02a98836ec43cbf29ded6932ac37707e/transformed/bundleLibRuntimeToDirRelease/bundleLibRuntimeToDirRelease_dex, /Users/oem/Projects/KapraDaily/node_modules/react-native-maps/android/build/.transforms/02a98836ec43cbf29ded6932ac37707e/transformed/bundleLibRuntimeToDirRelease/bundleLibRuntimeToDirRelease_dex, /Users/oem/Projects/KapraDaily/node_modules/react-native-maps/android/build/.transforms/02a98836ec43cbf29ded6932ac37707e/transformed/bundleLibRuntimeToDirRelease/bundleLibRuntimeToDirRelease_dex, /Users/oem/Projects/KapraDaily/node_modules/react-native-maps/android/build/.transforms/02a98836ec43cbf29ded6932ac37707e/transformed/bundleLibRuntimeToDirRelease/bundleLibRuntimeToDirRelease_dex, /Users/oem/Projects/KapraDaily/node_modules/react-native-maps/android/build/.transforms/02a98836ec43cbf29ded6932ac37707e/transformed/bundleLibRuntimeToDirRelease/bundleLibRuntimeToDirRelease_dex, /Users/oem/Projects/KapraDaily/node_modules/react-native-maps/android/build/.transforms/02a98836ec43cbf29ded6932ac37707e/transformed/bundleLibRuntimeToDirRelease/bundleLibRuntimeToDirRelease_dex, /Users/oem/Projects/KapraDaily/node_modules/react-native-maps/android/build/.transforms/02a98836ec43cbf29ded6932ac37707e/transformed/bundleLibRuntimeToDirRelease/bundleLibRuntimeToDirRelease_dex, /Users/oem/Projects/KapraDaily/node_modules/react-native-maps/android/build/.transforms/02a98836ec43cbf29ded6932ac37707e/transformed/bundleLibRuntimeToDirRelease/bundleLibRuntimeToDirRelease_dex, /Users/oem/Projects/KapraDaily/node_modules/react-native-maps/android/build/.transforms/02a98836ec43cbf29ded6932ac37707e/transformed/bundleLibRuntimeToDirRelease/bundleLibRuntimeToDirRelease_dex, /Users/oem/Projects/KapraDaily/node_modules/react-native-maps/android/build/.transforms/02a98836ec43cbf29ded6932ac37707e/transformed/bundleLibRuntimeToDirRelease/bundleLibRuntimeToDirRelease_dex, /Users/oem/Projects/KapraDaily/node_modules/react-native-maps/android/build/.transforms/02a98836ec43cbf29ded6932ac37707e/transformed/bundleLibRuntimeToDirRelease/bundleLibRuntimeToDirRelease_dex, /Users/oem/Projects/KapraDaily/node_modules/react-native-maps/android/build/.transforms/02a98836ec43cbf29ded6932ac37707e/transformed/bundleLibRuntimeToDirRelease/bundleLibRuntimeToDirRelease_dex, /Users/oem/Projects/KapraDaily/node_modules/react-native-maps/android/build/.transforms/02a98836ec43cbf29ded6932ac37707e/transformed/bundleLibRuntimeToDirRelease/bundleLibRuntimeToDirRelease_dex, /Users/oem/Projects/KapraDaily/node_modules/react-native-maps/android/build/.transforms/02a98836ec43cbf29ded6932ac37707e/transformed/bundleLibRuntimeToDirRelease/bundleLibRuntimeToDirRelease_dex, /Users/oem/Projects/KapraDaily/node_modules/react-native-maps/android/build/.transforms/02a98836ec43cbf29ded6932ac37707e/transformed/bundleLibRuntimeToDirRelease/bundleLibRuntimeToDirRelease_dex, /Users/oem/Projects/KapraDaily/node_modules/react-native-maps/android/build/.transforms/02a98836ec43cbf29ded6932ac37707e/transformed/bundleLibRuntimeToDirRelease/bundleLibRuntimeToDirRelease_dex, /Users/oem/Projects/KapraDaily/node_modules/react-native-maps/android/build/.transforms/02a98836ec43cbf29ded6932ac37707e/transformed/bundleLibRuntimeToDirRelease/bundleLibRuntimeToDirRelease_dex, /Users/oem/Projects/KapraDaily/node_modules/react-native-maps/android/build/.transforms/02a98836ec43cbf29ded6932ac37707e/transformed/bundleLibRuntimeToDirRelease/bundleLibRuntimeToDirRelease_dex, /Users/oem/Projects/KapraDaily/node_modules/react-native-maps/android/build/.transforms/02a98836ec43cbf29ded6932ac37707e/transformed/bundleLibRuntimeToDirRelease/bundleLibRuntimeToDirRelease_dex, /Users/oem/Projects/KapraDaily/node_modules/react-native-maps/android/build/.transforms/02a98836ec43cbf29ded6932ac37707e/transformed/bundleLibRuntimeToDirRelease/bundleLibRuntimeToDirRelease_dex, /Users/oem/Projects/KapraDaily/node_modules/react-native-maps/android/build/.transforms/02a98836ec43cbf29ded6932ac37707e/transformed/bundleLibRuntimeToDirRelease/bundleLibRuntimeToDirRelease_dex, /Users/oem/Projects/KapraDaily/node_modules/react-native-maps/android/build/.transforms/02a98836ec43cbf29ded6932ac37707e/transformed/bundleLibRuntimeToDirRelease/bundleLibRuntimeToDirRelease_dex, /Users/oem/Projects/KapraDaily/node_modules/react-native-maps/android/build/.transforms/02a98836ec43cbf29ded6932ac37707e/transformed/bundleLibRuntimeToDirRelease/bundleLibRuntimeToDirRelease_dex, /Users/oem/Projects/KapraDaily/node_modules/react-native-maps/android/build/.transforms/02a98836ec43cbf29ded6932ac37707e/transformed/bundleLibRuntimeToDirRelease/bundleLibRuntimeToDirRelease_dex, /Users/oem/Projects/KapraDaily/node_modules/react-native-maps/android/build/.transforms/02a98836ec43cbf29ded6932ac37707e/transformed/bundleLibRuntimeToDirRelease/bundleLibRuntimeToDirRelease_dex, /Users/oem/Projects/KapraDaily/node_modules/react-native-maps/android/build/.transforms/02a98836ec43cbf29ded6932ac37707e/transformed/bundleLibRuntimeToDirRelease/bundleLibRuntimeToDirRelease_dex, /Users/oem/Projects/KapraDaily/node_modules/react-native-maps/android/build/.transforms/02a98836ec43cbf29ded6932ac37707e/transformed/bundleLibRuntimeToDirRelease/bundleLibRuntimeToDirRelease_dex, /Users/oem/Projects/KapraDaily/node_modules/react-native-maps/android/build/.transforms/02a98836ec43cbf29ded6932ac37707e/transformed/bundleLibRuntimeToDirRelease/bundleLibRuntimeToDirRelease_dex, /Users/oem/Projects/KapraDaily/node_modules/react-native-maps/android/build/.transforms/02a98836ec43cbf29ded6932ac37707e/transformed/bundleLibRuntimeToDirRelease/bundleLibRuntimeToDirRelease_dex, /Users/oem/Projects/KapraDaily/node_modules/react-native-maps/android/build/.transforms/02a98836ec43cbf29ded6932ac37707e/transformed/bundleLibRuntimeToDirRelease/bundleLibRuntimeToDirRelease_dex, /Users/oem/Projects/KapraDaily/node_modules/react-native-maps/android/build/.transforms/02a98836ec43cbf29ded6932ac37707e/transformed/bundleLibRuntimeToDirRelease/bundleLibRuntimeToDirRelease_dex, /Users/oem/Projects/KapraDaily/node_modules/react-native-maps/android/build/.transforms/02a98836ec43cbf29ded6932ac37707e/transformed/bundleLibRuntimeToDirRelease/bundleLibRuntimeToDirRelease_dex, /Users/oem/Projects/KapraDaily/node_modules/react-native-maps/android/build/.transforms/02a98836ec43cbf29ded6932ac37707e/transformed/bundleLibRuntimeToDirRelease/bundleLibRuntimeToDirRelease_dex, /Users/oem/Projects/KapraDaily/node_modules/react-native-maps/android/build/.transforms/02a98836ec43cbf29ded6932ac37707e/transformed/bundleLibRuntimeToDirRelease/bundleLibRuntimeToDirRelease_dex, /Users/oem/Projects/KapraDaily/node_modules/react-native-maps/android/build/.transforms/02a98836ec43cbf29ded6932ac37707e/transformed/bundleLibRuntimeToDirRelease/bundleLibRuntimeToDirRelease_dex, /Users/oem/Projects/KapraDaily/node_modules/react-native-maps/android/build/.transforms/02a98836ec43cbf29ded6932ac37707e/transformed/bundleLibRuntimeToDirRelease/bundleLibRuntimeToDirRelease_dex, /Users/oem/Projects/KapraDaily/node_modules/react-native-maps/android/build/.transforms/02a98836ec43cbf29ded6932ac37707e/transformed/bundleLibRuntimeToDirRelease/bundleLibRuntimeToDirRelease_dex, /Users/oem/Projects/KapraDaily/node_modules/react-native-maps/android/build/.transforms/02a98836ec43cbf29ded6932ac37707e/transformed/bundleLibRuntimeToDirRelease/bundleLibRuntimeToDirRelease_dex, /Users/oem/Projects/KapraDaily/node_modules/react-native-maps/android/build/.transforms/02a98836ec43cbf29ded6932ac37707e/transformed/bundleLibRuntimeToDirRelease/bundleLibRuntimeToDirRelease_dex, /Users/oem/Projects/KapraDaily/node_modules/react-native-maps/android/build/.transforms/02a98836ec43cbf29ded6932ac37707e/transformed/bundleLibRuntimeToDirRelease/bundleLibRuntimeToDirRelease_dex, /Users/oem/Projects/KapraDaily/node_modules/react-native-maps/android/build/.transforms/02a98836ec43cbf29ded6932ac37707e/transformed/bundleLibRuntimeToDirRelease/bundleLibRuntimeToDirRelease_dex, /Users/oem/Projects/KapraDaily/node_modules/react-native-maps/android/build/.transforms/02a98836ec43cbf29ded6932ac37707e/transformed/bundleLibRuntimeToDirRelease/bundleLibRuntimeToDirRelease_dex, /Users/oem/Projects/KapraDaily/node_modules/react-native-maps/android/build/.transforms/02a98836ec43cbf29ded6932ac37707e/transformed/bundleLibRuntimeToDirRelease/bundleLibRuntimeToDirRelease_dex, /Users/oem/Projects/KapraDaily/node_modules/react-native-maps/android/build/.transforms/02a98836ec43cbf29ded6932ac37707e/transformed/bundleLibRuntimeToDirRelease/bundleLibRuntimeToDirRelease_dex, /Users/oem/Projects/KapraDaily/node_modules/react-native-maps/android/build/.transforms/02a98836ec43cbf29ded6932ac37707e/transformed/bundleLibRuntimeToDirRelease/bundleLibRuntimeToDirRelease_dex, /Users/oem/Projects/KapraDaily/node_modules/react-native-maps/android/build/.transforms/02a98836ec43cbf29ded6932ac37707e/transformed/bundleLibRuntimeToDirRelease/bundleLibRuntimeToDirRelease_dex, /Users/oem/Projects/KapraDaily/node_modules/react-native-maps/android/build/.transforms/02a98836ec43cbf29ded6932ac37707e/transformed/bundleLibRuntimeToDirRelease/bundleLibRuntimeToDirRelease_dex, /Users/oem/Projects/KapraDaily/node_modules/react-native-maps/android/build/.transforms/02a98836ec43cbf29ded6932ac37707e/transformed/bundleLibRuntimeToDirRelease/bundleLibRuntimeToDirRelease_dex, /Users/oem/Projects/KapraDaily/node_modules/react-native-maps/android/build/.transforms/02a98836ec43cbf29ded6932ac37707e/transformed/bundleLibRuntimeToDirRelease/bundleLibRuntimeToDirRelease_dex, /Users/oem/Projects/KapraDaily/node_modules/react-native-maps/android/build/.transforms/02a98836ec43cbf29ded6932ac37707e/transformed/bundleLibRuntimeToDirRelease/bundleLibRuntimeToDirRelease_dex, /Users/oem/Projects/KapraDaily/node_modules/react-native-maps/android/build/.transforms/02a98836ec43cbf29ded6932ac37707e/transformed/bundleLibRuntimeToDirRelease/bundleLibRuntimeToDirRelease_dex, /Users/oem/Projects/KapraDaily/node_modules/react-native-maps/android/build/.transforms/02a98836ec43cbf29ded6932ac37707e/transformed/bundleLibRuntimeToDirRelease/bundleLibRuntimeToDirRelease_dex, /Users/oem/Projects/KapraDaily/node_modules/react-native-maps/android/build/.transforms/02a98836ec43cbf29ded6932ac37707e/transformed/bundleLibRuntimeToDirRelease/bundleLibRuntimeToDirRelease_dex, /Users/oem/Projects/KapraDaily/node_modules/react-native-maps/android/build/.transforms/02a98836ec43cbf29ded6932ac37707e/transformed/bundleLibRuntimeToDirRelease/bundleLibRuntimeToDirRelease_dex, /Users/oem/Projects/KapraDaily/node_modules/react-native-maps/android/build/.transforms/02a98836ec43cbf29ded6932ac37707e/transformed/bundleLibRuntimeToDirRelease/bundleLibRuntimeToDirRelease_dex, /Users/oem/Projects/KapraDaily/node_modules/react-native-maps/android/build/.transforms/02a98836ec43cbf29ded6932ac37707e/transformed/bundleLibRuntimeToDirRelease/bundleLibRuntimeToDirRelease_dex, /Users/oem/Projects/KapraDaily/node_modules/react-native-maps/android/build/.transforms/02a98836ec43cbf29ded6932ac37707e/transformed/bundleLibRuntimeToDirRelease/bundleLibRuntimeToDirRelease_dex, /Users/oem/Projects/KapraDaily/node_modules/react-native-maps/android/build/.transforms/02a98836ec43cbf29ded6932ac37707e/transformed/bundleLibRuntimeToDirRelease/bundleLibRuntimeToDirRelease_dex, /Users/oem/Projects/KapraDaily/node_modules/react-native-maps/android/build/.transforms/02a98836ec43cbf29ded6932ac37707e/transformed/bundleLibRuntimeToDirRelease/bundleLibRuntimeToDirRelease_dex, /Users/oem/Projects/KapraDaily/node_modules/react-native-permissions/android/build/.transforms/5120cbe49b2bd539e1604a0888bc2228/transformed/bundleLibRuntimeToDirRelease/bundleLibRuntimeToDirRelease_dex, /Users/oem/Projects/KapraDaily/node_modules/react-native-permissions/android/build/.transforms/5120cbe49b2bd539e1604a0888bc2228/transformed/bundleLibRuntimeToDirRelease/bundleLibRuntimeToDirRelease_dex, /Users/oem/Projects/KapraDaily/node_modules/react-native-permissions/android/build/.transforms/5120cbe49b2bd539e1604a0888bc2228/transformed/bundleLibRuntimeToDirRelease/bundleLibRuntimeToDirRelease_dex, /Users/oem/Projects/KapraDaily/node_modules/react-native-permissions/android/build/.transforms/5120cbe49b2bd539e1604a0888bc2228/transformed/bundleLibRuntimeToDirRelease/bundleLibRuntimeToDirRelease_dex, /Users/oem/Projects/KapraDaily/node_modules/react-native-permissions/android/build/.transforms/5120cbe49b2bd539e1604a0888bc2228/transformed/bundleLibRuntimeToDirRelease/bundleLibRuntimeToDirRelease_dex, /Users/oem/Projects/KapraDaily/node_modules/react-native-safe-area-context/android/build/.transforms/0061880c011352eb51412e0f6618d19d/transformed/bundleLibRuntimeToDirRelease/bundleLibRuntimeToDirRelease_dex, /Users/oem/Projects/KapraDaily/node_modules/react-native-safe-area-context/android/build/.transforms/0061880c011352eb51412e0f6618d19d/transformed/bundleLibRuntimeToDirRelease/bundleLibRuntimeToDirRelease_dex, /Users/oem/Projects/KapraDaily/node_modules/react-native-safe-area-context/android/build/.transforms/0061880c011352eb51412e0f6618d19d/transformed/bundleLibRuntimeToDirRelease/bundleLibRuntimeToDirRelease_dex, /Users/oem/Projects/KapraDaily/node_modules/react-native-safe-area-context/android/build/.transforms/0061880c011352eb51412e0f6618d19d/transformed/bundleLibRuntimeToDirRelease/bundleLibRuntimeToDirRelease_dex, /Users/oem/Projects/KapraDaily/node_modules/react-native-safe-area-context/android/build/.transforms/0061880c011352eb51412e0f6618d19d/transformed/bundleLibRuntimeToDirRelease/bundleLibRuntimeToDirRelease_dex, /Users/oem/Projects/KapraDaily/node_modules/react-native-safe-area-context/android/build/.transforms/0061880c011352eb51412e0f6618d19d/transformed/bundleLibRuntimeToDirRelease/bundleLibRuntimeToDirRelease_dex, /Users/oem/Projects/KapraDaily/node_modules/react-native-safe-area-context/android/build/.transforms/0061880c011352eb51412e0f6618d19d/transformed/bundleLibRuntimeToDirRelease/bundleLibRuntimeToDirRelease_dex, /Users/oem/Projects/KapraDaily/node_modules/react-native-safe-area-context/android/build/.transforms/0061880c011352eb51412e0f6618d19d/transformed/bundleLibRuntimeToDirRelease/bundleLibRuntimeToDirRelease_dex, /Users/oem/Projects/KapraDaily/node_modules/react-native-safe-area-context/android/build/.transforms/0061880c011352eb51412e0f6618d19d/transformed/bundleLibRuntimeToDirRelease/bundleLibRuntimeToDirRelease_dex, /Users/oem/Projects/KapraDaily/node_modules/react-native-safe-area-context/android/build/.transforms/0061880c011352eb51412e0f6618d19d/transformed/bundleLibRuntimeToDirRelease/bundleLibRuntimeToDirRelease_dex, /Users/oem/Projects/KapraDaily/node_modules/react-native-safe-area-context/android/build/.transforms/0061880c011352eb51412e0f6618d19d/transformed/bundleLibRuntimeToDirRelease/bundleLibRuntimeToDirRelease_dex, /Users/oem/Projects/KapraDaily/node_modules/react-native-safe-area-context/android/build/.transforms/0061880c011352eb51412e0f6618d19d/transformed/bundleLibRuntimeToDirRelease/bundleLibRuntimeToDirRelease_dex, /Users/oem/Projects/KapraDaily/node_modules/react-native-safe-area-context/android/build/.transforms/0061880c011352eb51412e0f6618d19d/transformed/bundleLibRuntimeToDirRelease/bundleLibRuntimeToDirRelease_dex, /Users/oem/Projects/KapraDaily/node_modules/react-native-safe-area-context/android/build/.transforms/0061880c011352eb51412e0f6618d19d/transformed/bundleLibRuntimeToDirRelease/bundleLibRuntimeToDirRelease_dex, /Users/oem/Projects/KapraDaily/node_modules/react-native-safe-area-context/android/build/.transforms/0061880c011352eb51412e0f6618d19d/transformed/bundleLibRuntimeToDirRelease/bundleLibRuntimeToDirRelease_dex, /Users/oem/Projects/KapraDaily/node_modules/react-native-safe-area-context/android/build/.transforms/0061880c011352eb51412e0f6618d19d/transformed/bundleLibRuntimeToDirRelease/bundleLibRuntimeToDirRelease_dex, /Users/oem/Projects/KapraDaily/node_modules/react-native-safe-area-context/android/build/.transforms/0061880c011352eb51412e0f6618d19d/transformed/bundleLibRuntimeToDirRelease/bundleLibRuntimeToDirRelease_dex, /Users/oem/Projects/KapraDaily/node_modules/react-native-safe-area-context/android/build/.transforms/0061880c011352eb51412e0f6618d19d/transformed/bundleLibRuntimeToDirRelease/bundleLibRuntimeToDirRelease_dex, /Users/oem/Projects/KapraDaily/node_modules/react-native-safe-area-context/android/build/.transforms/0061880c011352eb51412e0f6618d19d/transformed/bundleLibRuntimeToDirRelease/bundleLibRuntimeToDirRelease_dex, /Users/oem/Projects/KapraDaily/node_modules/react-native-safe-area-context/android/build/.transforms/0061880c011352eb51412e0f6618d19d/transformed/bundleLibRuntimeToDirRelease/bundleLibRuntimeToDirRelease_dex, /Users/oem/Projects/KapraDaily/node_modules/react-native-safe-area-context/android/build/.transforms/0061880c011352eb51412e0f6618d19d/transformed/bundleLibRuntimeToDirRelease/bundleLibRuntimeToDirRelease_dex, /Users/oem/Projects/KapraDaily/node_modules/react-native-safe-area-context/android/build/.transforms/0061880c011352eb51412e0f6618d19d/transformed/bundleLibRuntimeToDirRelease/bundleLibRuntimeToDirRelease_dex, /Users/oem/Projects/KapraDaily/node_modules/react-native-safe-area-context/android/build/.transforms/0061880c011352eb51412e0f6618d19d/transformed/bundleLibRuntimeToDirRelease/bundleLibRuntimeToDirRelease_dex, /Users/oem/Projects/KapraDaily/node_modules/react-native-safe-area-context/android/build/.transforms/0061880c011352eb51412e0f6618d19d/transformed/bundleLibRuntimeToDirRelease/bundleLibRuntimeToDirRelease_dex, /Users/oem/Projects/KapraDaily/node_modules/react-native-safe-area-context/android/build/.transforms/0061880c011352eb51412e0f6618d19d/transformed/bundleLibRuntimeToDirRelease/bundleLibRuntimeToDirRelease_dex, /Users/oem/Projects/KapraDaily/node_modules/react-native-safe-area-context/android/build/.transforms/0061880c011352eb51412e0f6618d19d/transformed/bundleLibRuntimeToDirRelease/bundleLibRuntimeToDirRelease_dex, /Users/oem/Projects/KapraDaily/node_modules/react-native-safe-area-context/android/build/.transforms/0061880c011352eb51412e0f6618d19d/transformed/bundleLibRuntimeToDirRelease/bundleLibRuntimeToDirRelease_dex, /Users/oem/Projects/KapraDaily/node_modules/react-native-safe-area-context/android/build/.transforms/0061880c011352eb51412e0f6618d19d/transformed/bundleLibRuntimeToDirRelease/bundleLibRuntimeToDirRelease_dex, /Users/oem/Projects/KapraDaily/node_modules/react-native-safe-area-context/android/build/.transforms/0061880c011352eb51412e0f6618d19d/transformed/bundleLibRuntimeToDirRelease/bundleLibRuntimeToDirRelease_dex, /Users/oem/Projects/KapraDaily/node_modules/react-native-safe-area-context/android/build/.transforms/0061880c011352eb51412e0f6618d19d/transformed/bundleLibRuntimeToDirRelease/bundleLibRuntimeToDirRelease_dex, /Users/oem/Projects/KapraDaily/node_modules/react-native-safe-area-context/android/build/.transforms/0061880c011352eb51412e0f6618d19d/transformed/bundleLibRuntimeToDirRelease/bundleLibRuntimeToDirRelease_dex, /Users/oem/Projects/KapraDaily/node_modules/react-native-safe-area-context/android/build/.transforms/0061880c011352eb51412e0f6618d19d/transformed/bundleLibRuntimeToDirRelease/bundleLibRuntimeToDirRelease_dex, /Users/oem/Projects/KapraDaily/node_modules/react-native-screens/android/build/.transforms/7239bd37896b540d42a3630db30739fc/transformed/bundleLibRuntimeToDirRelease/bundleLibRuntimeToDirRelease_dex, /Users/oem/Projects/KapraDaily/node_modules/react-native-screens/android/build/.transforms/7239bd37896b540d42a3630db30739fc/transformed/bundleLibRuntimeToDirRelease/bundleLibRuntimeToDirRelease_dex, /Users/oem/Projects/KapraDaily/node_modules/react-native-screens/android/build/.transforms/7239bd37896b540d42a3630db30739fc/transformed/bundleLibRuntimeToDirRelease/bundleLibRuntimeToDirRelease_dex, /Users/oem/Projects/KapraDaily/node_modules/react-native-screens/android/build/.transforms/7239bd37896b540d42a3630db30739fc/transformed/bundleLibRuntimeToDirRelease/bundleLibRuntimeToDirRelease_dex, /Users/oem/Projects/KapraDaily/node_modules/react-native-screens/android/build/.transforms/7239bd37896b540d42a3630db30739fc/transformed/bundleLibRuntimeToDirRelease/bundleLibRuntimeToDirRelease_dex, /Users/oem/Projects/KapraDaily/node_modules/react-native-screens/android/build/.transforms/7239bd37896b540d42a3630db30739fc/transformed/bundleLibRuntimeToDirRelease/bundleLibRuntimeToDirRelease_dex, /Users/oem/Projects/KapraDaily/node_modules/react-native-screens/android/build/.transforms/7239bd37896b540d42a3630db30739fc/transformed/bundleLibRuntimeToDirRelease/bundleLibRuntimeToDirRelease_dex, /Users/oem/Projects/KapraDaily/node_modules/react-native-screens/android/build/.transforms/7239bd37896b540d42a3630db30739fc/transformed/bundleLibRuntimeToDirRelease/bundleLibRuntimeToDirRelease_dex, /Users/oem/Projects/KapraDaily/node_modules/react-native-screens/android/build/.transforms/7239bd37896b540d42a3630db30739fc/transformed/bundleLibRuntimeToDirRelease/bundleLibRuntimeToDirRelease_dex, /Users/oem/Projects/KapraDaily/node_modules/react-native-screens/android/build/.transforms/7239bd37896b540d42a3630db30739fc/transformed/bundleLibRuntimeToDirRelease/bundleLibRuntimeToDirRelease_dex, /Users/oem/Projects/KapraDaily/node_modules/react-native-screens/android/build/.transforms/7239bd37896b540d42a3630db30739fc/transformed/bundleLibRuntimeToDirRelease/bundleLibRuntimeToDirRelease_dex, /Users/oem/Projects/KapraDaily/node_modules/react-native-screens/android/build/.transforms/7239bd37896b540d42a3630db30739fc/transformed/bundleLibRuntimeToDirRelease/bundleLibRuntimeToDirRelease_dex, /Users/oem/Projects/KapraDaily/node_modules/react-native-screens/android/build/.transforms/7239bd37896b540d42a3630db30739fc/transformed/bundleLibRuntimeToDirRelease/bundleLibRuntimeToDirRelease_dex, /Users/oem/Projects/KapraDaily/node_modules/react-native-screens/android/build/.transforms/7239bd37896b540d42a3630db30739fc/transformed/bundleLibRuntimeToDirRelease/bundleLibRuntimeToDirRelease_dex, /Users/oem/Projects/KapraDaily/node_modules/react-native-screens/android/build/.transforms/7239bd37896b540d42a3630db30739fc/transformed/bundleLibRuntimeToDirRelease/bundleLibRuntimeToDirRelease_dex, /Users/oem/Projects/KapraDaily/node_modules/react-native-screens/android/build/.transforms/7239bd37896b540d42a3630db30739fc/transformed/bundleLibRuntimeToDirRelease/bundleLibRuntimeToDirRelease_dex, /Users/oem/Projects/KapraDaily/node_modules/react-native-screens/android/build/.transforms/7239bd37896b540d42a3630db30739fc/transformed/bundleLibRuntimeToDirRelease/bundleLibRuntimeToDirRelease_dex, /Users/oem/Projects/KapraDaily/node_modules/react-native-screens/android/build/.transforms/7239bd37896b540d42a3630db30739fc/transformed/bundleLibRuntimeToDirRelease/bundleLibRuntimeToDirRelease_dex, /Users/oem/Projects/KapraDaily/node_modules/react-native-screens/android/build/.transforms/7239bd37896b540d42a3630db30739fc/transformed/bundleLibRuntimeToDirRelease/bundleLibRuntimeToDirRelease_dex, /Users/oem/Projects/KapraDaily/node_modules/react-native-screens/android/build/.transforms/7239bd37896b540d42a3630db30739fc/transformed/bundleLibRuntimeToDirRelease/bundleLibRuntimeToDirRelease_dex, /Users/oem/Projects/KapraDaily/node_modules/react-native-screens/android/build/.transforms/7239bd37896b540d42a3630db30739fc/transformed/bundleLibRuntimeToDirRelease/bundleLibRuntimeToDirRelease_dex, /Users/oem/Projects/KapraDaily/node_modules/react-native-screens/android/build/.transforms/7239bd37896b540d42a3630db30739fc/transformed/bundleLibRuntimeToDirRelease/bundleLibRuntimeToDirRelease_dex, /Users/oem/Projects/KapraDaily/node_modules/react-native-screens/android/build/.transforms/7239bd37896b540d42a3630db30739fc/transformed/bundleLibRuntimeToDirRelease/bundleLibRuntimeToDirRelease_dex, /Users/oem/Projects/KapraDaily/node_modules/react-native-screens/android/build/.transforms/7239bd37896b540d42a3630db30739fc/transformed/bundleLibRuntimeToDirRelease/bundleLibRuntimeToDirRelease_dex, /Users/oem/Projects/KapraDaily/node_modules/react-native-screens/android/build/.transforms/7239bd37896b540d42a3630db30739fc/transformed/bundleLibRuntimeToDirRelease/bundleLibRuntimeToDirRelease_dex, /Users/oem/Projects/KapraDaily/node_modules/react-native-screens/android/build/.transforms/7239bd37896b540d42a3630db30739fc/transformed/bundleLibRuntimeToDirRelease/bundleLibRuntimeToDirRelease_dex, /Users/oem/Projects/KapraDaily/node_modules/react-native-screens/android/build/.transforms/7239bd37896b540d42a3630db30739fc/transformed/bundleLibRuntimeToDirRelease/bundleLibRuntimeToDirRelease_dex, /Users/oem/Projects/KapraDaily/node_modules/react-native-screens/android/build/.transforms/7239bd37896b540d42a3630db30739fc/transformed/bundleLibRuntimeToDirRelease/bundleLibRuntimeToDirRelease_dex, /Users/oem/Projects/KapraDaily/node_modules/react-native-screens/android/build/.transforms/7239bd37896b540d42a3630db30739fc/transformed/bundleLibRuntimeToDirRelease/bundleLibRuntimeToDirRelease_dex, /Users/oem/Projects/KapraDaily/node_modules/react-native-screens/android/build/.transforms/7239bd37896b540d42a3630db30739fc/transformed/bundleLibRuntimeToDirRelease/bundleLibRuntimeToDirRelease_dex, /Users/oem/Projects/KapraDaily/node_modules/react-native-screens/android/build/.transforms/7239bd37896b540d42a3630db30739fc/transformed/bundleLibRuntimeToDirRelease/bundleLibRuntimeToDirRelease_dex, /Users/oem/Projects/KapraDaily/node_modules/react-native-screens/android/build/.transforms/7239bd37896b540d42a3630db30739fc/transformed/bundleLibRuntimeToDirRelease/bundleLibRuntimeToDirRelease_dex, /Users/oem/Projects/KapraDaily/node_modules/react-native-screens/android/build/.transforms/7239bd37896b540d42a3630db30739fc/transformed/bundleLibRuntimeToDirRelease/bundleLibRuntimeToDirRelease_dex, /Users/oem/Projects/KapraDaily/node_modules/react-native-screens/android/build/.transforms/7239bd37896b540d42a3630db30739fc/transformed/bundleLibRuntimeToDirRelease/bundleLibRuntimeToDirRelease_dex, /Users/oem/Projects/KapraDaily/node_modules/react-native-screens/android/build/.transforms/7239bd37896b540d42a3630db30739fc/transformed/bundleLibRuntimeToDirRelease/bundleLibRuntimeToDirRelease_dex, /Users/oem/Projects/KapraDaily/node_modules/react-native-screens/android/build/.transforms/7239bd37896b540d42a3630db30739fc/transformed/bundleLibRuntimeToDirRelease/bundleLibRuntimeToDirRelease_dex, /Users/oem/Projects/KapraDaily/node_modules/react-native-screens/android/build/.transforms/7239bd37896b540d42a3630db30739fc/transformed/bundleLibRuntimeToDirRelease/bundleLibRuntimeToDirRelease_dex, /Users/oem/Projects/KapraDaily/node_modules/react-native-screens/android/build/.transforms/7239bd37896b540d42a3630db30739fc/transformed/bundleLibRuntimeToDirRelease/bundleLibRuntimeToDirRelease_dex, /Users/oem/Projects/KapraDaily/node_modules/react-native-screens/android/build/.transforms/7239bd37896b540d42a3630db30739fc/transformed/bundleLibRuntimeToDirRelease/bundleLibRuntimeToDirRelease_dex, /Users/oem/Projects/KapraDaily/node_modules/react-native-screens/android/build/.transforms/7239bd37896b540d42a3630db30739fc/transformed/bundleLibRuntimeToDirRelease/bundleLibRuntimeToDirRelease_dex, /Users/oem/Projects/KapraDaily/node_modules/react-native-screens/android/build/.transforms/7239bd37896b540d42a3630db30739fc/transformed/bundleLibRuntimeToDirRelease/bundleLibRuntimeToDirRelease_dex, /Users/oem/Projects/KapraDaily/node_modules/react-native-screens/android/build/.transforms/7239bd37896b540d42a3630db30739fc/transformed/bundleLibRuntimeToDirRelease/bundleLibRuntimeToDirRelease_dex, /Users/oem/Projects/KapraDaily/node_modules/react-native-screens/android/build/.transforms/7239bd37896b540d42a3630db30739fc/transformed/bundleLibRuntimeToDirRelease/bundleLibRuntimeToDirRelease_dex, /Users/oem/Projects/KapraDaily/node_modules/react-native-screens/android/build/.transforms/7239bd37896b540d42a3630db30739fc/transformed/bundleLibRuntimeToDirRelease/bundleLibRuntimeToDirRelease_dex, /Users/oem/Projects/KapraDaily/node_modules/react-native-screens/android/build/.transforms/7239bd37896b540d42a3630db30739fc/transformed/bundleLibRuntimeToDirRelease/bundleLibRuntimeToDirRelease_dex, /Users/oem/Projects/KapraDaily/node_modules/react-native-screens/android/build/.transforms/7239bd37896b540d42a3630db30739fc/transformed/bundleLibRuntimeToDirRelease/bundleLibRuntimeToDirRelease_dex, /Users/oem/Projects/KapraDaily/node_modules/react-native-screens/android/build/.transforms/7239bd37896b540d42a3630db30739fc/transformed/bundleLibRuntimeToDirRelease/bundleLibRuntimeToDirRelease_dex, /Users/oem/Projects/KapraDaily/node_modules/react-native-screens/android/build/.transforms/7239bd37896b540d42a3630db30739fc/transformed/bundleLibRuntimeToDirRelease/bundleLibRuntimeToDirRelease_dex, /Users/oem/Projects/KapraDaily/node_modules/react-native-screens/android/build/.transforms/7239bd37896b540d42a3630db30739fc/transformed/bundleLibRuntimeToDirRelease/bundleLibRuntimeToDirRelease_dex, /Users/oem/Projects/KapraDaily/node_modules/react-native-screens/android/build/.transforms/7239bd37896b540d42a3630db30739fc/transformed/bundleLibRuntimeToDirRelease/bundleLibRuntimeToDirRelease_dex, /Users/oem/Projects/KapraDaily/node_modules/react-native-screens/android/build/.transforms/7239bd37896b540d42a3630db30739fc/transformed/bundleLibRuntimeToDirRelease/bundleLibRuntimeToDirRelease_dex, /Users/oem/Projects/KapraDaily/node_modules/react-native-screens/android/build/.transforms/7239bd37896b540d42a3630db30739fc/transformed/bundleLibRuntimeToDirRelease/bundleLibRuntimeToDirRelease_dex, /Users/oem/Projects/KapraDaily/node_modules/react-native-screens/android/build/.transforms/7239bd37896b540d42a3630db30739fc/transformed/bundleLibRuntimeToDirRelease/bundleLibRuntimeToDirRelease_dex, /Users/oem/Projects/KapraDaily/node_modules/react-native-screens/android/build/.transforms/7239bd37896b540d42a3630db30739fc/transformed/bundleLibRuntimeToDirRelease/bundleLibRuntimeToDirRelease_dex, /Users/oem/Projects/KapraDaily/node_modules/react-native-screens/android/build/.transforms/7239bd37896b540d42a3630db30739fc/transformed/bundleLibRuntimeToDirRelease/bundleLibRuntimeToDirRelease_dex, /Users/oem/Projects/KapraDaily/node_modules/react-native-screens/android/build/.transforms/7239bd37896b540d42a3630db30739fc/transformed/bundleLibRuntimeToDirRelease/bundleLibRuntimeToDirRelease_dex, /Users/oem/Projects/KapraDaily/node_modules/react-native-screens/android/build/.transforms/7239bd37896b540d42a3630db30739fc/transformed/bundleLibRuntimeToDirRelease/bundleLibRuntimeToDirRelease_dex, /Users/oem/Projects/KapraDaily/node_modules/react-native-screens/android/build/.transforms/7239bd37896b540d42a3630db30739fc/transformed/bundleLibRuntimeToDirRelease/bundleLibRuntimeToDirRelease_dex, /Users/oem/Projects/KapraDaily/node_modules/react-native-screens/android/build/.transforms/7239bd37896b540d42a3630db30739fc/transformed/bundleLibRuntimeToDirRelease/bundleLibRuntimeToDirRelease_dex, /Users/oem/Projects/KapraDaily/node_modules/react-native-screens/android/build/.transforms/7239bd37896b540d42a3630db30739fc/transformed/bundleLibRuntimeToDirRelease/bundleLibRuntimeToDirRelease_dex, /Users/oem/Projects/KapraDaily/node_modules/react-native-screens/android/build/.transforms/7239bd37896b540d42a3630db30739fc/transformed/bundleLibRuntimeToDirRelease/bundleLibRuntimeToDirRelease_dex, /Users/oem/Projects/KapraDaily/node_modules/react-native-screens/android/build/.transforms/7239bd37896b540d42a3630db30739fc/transformed/bundleLibRuntimeToDirRelease/bundleLibRuntimeToDirRelease_dex, /Users/oem/Projects/KapraDaily/node_modules/react-native-screens/android/build/.transforms/7239bd37896b540d42a3630db30739fc/transformed/bundleLibRuntimeToDirRelease/bundleLibRuntimeToDirRelease_dex, /Users/oem/Projects/KapraDaily/node_modules/react-native-screens/android/build/.transforms/7239bd37896b540d42a3630db30739fc/transformed/bundleLibRuntimeToDirRelease/bundleLibRuntimeToDirRelease_dex, /Users/oem/Projects/KapraDaily/node_modules/react-native-screens/android/build/.transforms/7239bd37896b540d42a3630db30739fc/transformed/bundleLibRuntimeToDirRelease/bundleLibRuntimeToDirRelease_dex, /Users/oem/Projects/KapraDaily/node_modules/react-native-screens/android/build/.transforms/7239bd37896b540d42a3630db30739fc/transformed/bundleLibRuntimeToDirRelease/bundleLibRuntimeToDirRelease_dex, /Users/oem/Projects/KapraDaily/node_modules/react-native-screens/android/build/.transforms/7239bd37896b540d42a3630db30739fc/transformed/bundleLibRuntimeToDirRelease/bundleLibRuntimeToDirRelease_dex, /Users/oem/Projects/KapraDaily/node_modules/react-native-screens/android/build/.transforms/7239bd37896b540d42a3630db30739fc/transformed/bundleLibRuntimeToDirRelease/bundleLibRuntimeToDirRelease_dex, /Users/oem/Projects/KapraDaily/node_modules/react-native-screens/android/build/.transforms/7239bd37896b540d42a3630db30739fc/transformed/bundleLibRuntimeToDirRelease/bundleLibRuntimeToDirRelease_dex, /Users/oem/Projects/KapraDaily/node_modules/react-native-screens/android/build/.transforms/7239bd37896b540d42a3630db30739fc/transformed/bundleLibRuntimeToDirRelease/bundleLibRuntimeToDirRelease_dex, /Users/oem/Projects/KapraDaily/node_modules/react-native-screens/android/build/.transforms/7239bd37896b540d42a3630db30739fc/transformed/bundleLibRuntimeToDirRelease/bundleLibRuntimeToDirRelease_dex, /Users/oem/Projects/KapraDaily/node_modules/react-native-screens/android/build/.transforms/7239bd37896b540d42a3630db30739fc/transformed/bundleLibRuntimeToDirRelease/bundleLibRuntimeToDirRelease_dex, /Users/oem/Projects/KapraDaily/node_modules/react-native-screens/android/build/.transforms/7239bd37896b540d42a3630db30739fc/transformed/bundleLibRuntimeToDirRelease/bundleLibRuntimeToDirRelease_dex, /Users/oem/Projects/KapraDaily/node_modules/react-native-screens/android/build/.transforms/7239bd37896b540d42a3630db30739fc/transformed/bundleLibRuntimeToDirRelease/bundleLibRuntimeToDirRelease_dex, /Users/oem/Projects/KapraDaily/node_modules/react-native-screens/android/build/.transforms/7239bd37896b540d42a3630db30739fc/transformed/bundleLibRuntimeToDirRelease/bundleLibRuntimeToDirRelease_dex, /Users/oem/Projects/KapraDaily/node_modules/react-native-screens/android/build/.transforms/7239bd37896b540d42a3630db30739fc/transformed/bundleLibRuntimeToDirRelease/bundleLibRuntimeToDirRelease_dex, /Users/oem/Projects/KapraDaily/node_modules/react-native-screens/android/build/.transforms/7239bd37896b540d42a3630db30739fc/transformed/bundleLibRuntimeToDirRelease/bundleLibRuntimeToDirRelease_dex, /Users/oem/Projects/KapraDaily/node_modules/react-native-screens/android/build/.transforms/7239bd37896b540d42a3630db30739fc/transformed/bundleLibRuntimeToDirRelease/bundleLibRuntimeToDirRelease_dex, /Users/oem/Projects/KapraDaily/node_modules/react-native-screens/android/build/.transforms/7239bd37896b540d42a3630db30739fc/transformed/bundleLibRuntimeToDirRelease/bundleLibRuntimeToDirRelease_dex, /Users/oem/Projects/KapraDaily/node_modules/react-native-screens/android/build/.transforms/7239bd37896b540d42a3630db30739fc/transformed/bundleLibRuntimeToDirRelease/bundleLibRuntimeToDirRelease_dex, /Users/oem/Projects/KapraDaily/node_modules/react-native-screens/android/build/.transforms/7239bd37896b540d42a3630db30739fc/transformed/bundleLibRuntimeToDirRelease/bundleLibRuntimeToDirRelease_dex, /Users/oem/Projects/KapraDaily/node_modules/react-native-screens/android/build/.transforms/7239bd37896b540d42a3630db30739fc/transformed/bundleLibRuntimeToDirRelease/bundleLibRuntimeToDirRelease_dex, /Users/oem/Projects/KapraDaily/node_modules/react-native-screens/android/build/.transforms/7239bd37896b540d42a3630db30739fc/transformed/bundleLibRuntimeToDirRelease/bundleLibRuntimeToDirRelease_dex, /Users/oem/Projects/KapraDaily/node_modules/react-native-screens/android/build/.transforms/7239bd37896b540d42a3630db30739fc/transformed/bundleLibRuntimeToDirRelease/bundleLibRuntimeToDirRelease_dex, /Users/oem/Projects/KapraDaily/node_modules/react-native-screens/android/build/.transforms/7239bd37896b540d42a3630db30739fc/transformed/bundleLibRuntimeToDirRelease/bundleLibRuntimeToDirRelease_dex, /Users/oem/Projects/KapraDaily/node_modules/react-native-screens/android/build/.transforms/7239bd37896b540d42a3630db30739fc/transformed/bundleLibRuntimeToDirRelease/bundleLibRuntimeToDirRelease_dex, /Users/oem/Projects/KapraDaily/node_modules/react-native-screens/android/build/.transforms/7239bd37896b540d42a3630db30739fc/transformed/bundleLibRuntimeToDirRelease/bundleLibRuntimeToDirRelease_dex, /Users/oem/Projects/KapraDaily/node_modules/react-native-screens/android/build/.transforms/7239bd37896b540d42a3630db30739fc/transformed/bundleLibRuntimeToDirRelease/bundleLibRuntimeToDirRelease_dex, /Users/oem/Projects/KapraDaily/node_modules/react-native-screens/android/build/.transforms/7239bd37896b540d42a3630db30739fc/transformed/bundleLibRuntimeToDirRelease/bundleLibRuntimeToDirRelease_dex, /Users/oem/Projects/KapraDaily/node_modules/react-native-screens/android/build/.transforms/7239bd37896b540d42a3630db30739fc/transformed/bundleLibRuntimeToDirRelease/bundleLibRuntimeToDirRelease_dex, /Users/oem/Projects/KapraDaily/node_modules/react-native-screens/android/build/.transforms/7239bd37896b540d42a3630db30739fc/transformed/bundleLibRuntimeToDirRelease/bundleLibRuntimeToDirRelease_dex, /Users/oem/Projects/KapraDaily/node_modules/react-native-screens/android/build/.transforms/7239bd37896b540d42a3630db30739fc/transformed/bundleLibRuntimeToDirRelease/bundleLibRuntimeToDirRelease_dex, /Users/oem/Projects/KapraDaily/node_modules/react-native-screens/android/build/.transforms/7239bd37896b540d42a3630db30739fc/transformed/bundleLibRuntimeToDirRelease/bundleLibRuntimeToDirRelease_dex, /Users/oem/Projects/KapraDaily/node_modules/react-native-screens/android/build/.transforms/7239bd37896b540d42a3630db30739fc/transformed/bundleLibRuntimeToDirRelease/bundleLibRuntimeToDirRelease_dex, /Users/oem/Projects/KapraDaily/node_modules/react-native-screens/android/build/.transforms/7239bd37896b540d42a3630db30739fc/transformed/bundleLibRuntimeToDirRelease/bundleLibRuntimeToDirRelease_dex, /Users/oem/Projects/KapraDaily/node_modules/react-native-screens/android/build/.transforms/7239bd37896b540d42a3630db30739fc/transformed/bundleLibRuntimeToDirRelease/bundleLibRuntimeToDirRelease_dex, /Users/oem/Projects/KapraDaily/node_modules/react-native-screens/android/build/.transforms/7239bd37896b540d42a3630db30739fc/transformed/bundleLibRuntimeToDirRelease/bundleLibRuntimeToDirRelease_dex, /Users/oem/Projects/KapraDaily/node_modules/react-native-screens/android/build/.transforms/7239bd37896b540d42a3630db30739fc/transformed/bundleLibRuntimeToDirRelease/bundleLibRuntimeToDirRelease_dex, /Users/oem/Projects/KapraDaily/node_modules/react-native-screens/android/build/.transforms/7239bd37896b540d42a3630db30739fc/transformed/bundleLibRuntimeToDirRelease/bundleLibRuntimeToDirRelease_dex, /Users/oem/Projects/KapraDaily/node_modules/react-native-screens/android/build/.transforms/7239bd37896b540d42a3630db30739fc/transformed/bundleLibRuntimeToDirRelease/bundleLibRuntimeToDirRelease_dex, /Users/oem/Projects/KapraDaily/node_modules/react-native-screens/android/build/.transforms/7239bd37896b540d42a3630db30739fc/transformed/bundleLibRuntimeToDirRelease/bundleLibRuntimeToDirRelease_dex, /Users/oem/Projects/KapraDaily/node_modules/react-native-screens/android/build/.transforms/7239bd37896b540d42a3630db30739fc/transformed/bundleLibRuntimeToDirRelease/bundleLibRuntimeToDirRelease_dex, /Users/oem/Projects/KapraDaily/node_modules/react-native-screens/android/build/.transforms/7239bd37896b540d42a3630db30739fc/transformed/bundleLibRuntimeToDirRelease/bundleLibRuntimeToDirRelease_dex, /Users/oem/Projects/KapraDaily/node_modules/react-native-screens/android/build/.transforms/7239bd37896b540d42a3630db30739fc/transformed/bundleLibRuntimeToDirRelease/bundleLibRuntimeToDirRelease_dex, /Users/oem/Projects/KapraDaily/node_modules/react-native-screens/android/build/.transforms/7239bd37896b540d42a3630db30739fc/transformed/bundleLibRuntimeToDirRelease/bundleLibRuntimeToDirRelease_dex, /Users/oem/Projects/KapraDaily/node_modules/react-native-screens/android/build/.transforms/7239bd37896b540d42a3630db30739fc/transformed/bundleLibRuntimeToDirRelease/bundleLibRuntimeToDirRelease_dex, /Users/oem/Projects/KapraDaily/node_modules/react-native-screens/android/build/.transforms/7239bd37896b540d42a3630db30739fc/transformed/bundleLibRuntimeToDirRelease/bundleLibRuntimeToDirRelease_dex, /Users/oem/Projects/KapraDaily/node_modules/react-native-screens/android/build/.transforms/7239bd37896b540d42a3630db30739fc/transformed/bundleLibRuntimeToDirRelease/bundleLibRuntimeToDirRelease_dex, /Users/oem/Projects/KapraDaily/node_modules/react-native-screens/android/build/.transforms/7239bd37896b540d42a3630db30739fc/transformed/bundleLibRuntimeToDirRelease/bundleLibRuntimeToDirRelease_dex, /Users/oem/Projects/KapraDaily/node_modules/react-native-screens/android/build/.transforms/7239bd37896b540d42a3630db30739fc/transformed/bundleLibRuntimeToDirRelease/bundleLibRuntimeToDirRelease_dex, /Users/oem/Projects/KapraDaily/node_modules/react-native-screens/android/build/.transforms/7239bd37896b540d42a3630db30739fc/transformed/bundleLibRuntimeToDirRelease/bundleLibRuntimeToDirRelease_dex, /Users/oem/Projects/KapraDaily/node_modules/react-native-screens/android/build/.transforms/7239bd37896b540d42a3630db30739fc/transformed/bundleLibRuntimeToDirRelease/bundleLibRuntimeToDirRelease_dex, /Users/oem/Projects/KapraDaily/node_modules/react-native-screens/android/build/.transforms/7239bd37896b540d42a3630db30739fc/transformed/bundleLibRuntimeToDirRelease/bundleLibRuntimeToDirRelease_dex, /Users/oem/Projects/KapraDaily/node_modules/react-native-screens/android/build/.transforms/7239bd37896b540d42a3630db30739fc/transformed/bundleLibRuntimeToDirRelease/bundleLibRuntimeToDirRelease_dex, /Users/oem/Projects/KapraDaily/node_modules/react-native-screens/android/build/.transforms/7239bd37896b540d42a3630db30739fc/transformed/bundleLibRuntimeToDirRelease/bundleLibRuntimeToDirRelease_dex, /Users/oem/Projects/KapraDaily/node_modules/react-native-screens/android/build/.transforms/7239bd37896b540d42a3630db30739fc/transformed/bundleLibRuntimeToDirRelease/bundleLibRuntimeToDirRelease_dex, /Users/oem/Projects/KapraDaily/node_modules/react-native-screens/android/build/.transforms/7239bd37896b540d42a3630db30739fc/transformed/bundleLibRuntimeToDirRelease/bundleLibRuntimeToDirRelease_dex, /Users/oem/Projects/KapraDaily/node_modules/react-native-screens/android/build/.transforms/7239bd37896b540d42a3630db30739fc/transformed/bundleLibRuntimeToDirRelease/bundleLibRuntimeToDirRelease_dex, /Users/oem/Projects/KapraDaily/node_modules/react-native-screens/android/build/.transforms/7239bd37896b540d42a3630db30739fc/transformed/bundleLibRuntimeToDirRelease/bundleLibRuntimeToDirRelease_dex, /Users/oem/Projects/KapraDaily/node_modules/react-native-screens/android/build/.transforms/7239bd37896b540d42a3630db30739fc/transformed/bundleLibRuntimeToDirRelease/bundleLibRuntimeToDirRelease_dex, /Users/oem/Projects/KapraDaily/node_modules/react-native-screens/android/build/.transforms/7239bd37896b540d42a3630db30739fc/transformed/bundleLibRuntimeToDirRelease/bundleLibRuntimeToDirRelease_dex, /Users/oem/Projects/KapraDaily/node_modules/react-native-screens/android/build/.transforms/7239bd37896b540d42a3630db30739fc/transformed/bundleLibRuntimeToDirRelease/bundleLibRuntimeToDirRelease_dex, /Users/oem/Projects/KapraDaily/node_modules/react-native-screens/android/build/.transforms/7239bd37896b540d42a3630db30739fc/transformed/bundleLibRuntimeToDirRelease/bundleLibRuntimeToDirRelease_dex, /Users/oem/Projects/KapraDaily/node_modules/react-native-screens/android/build/.transforms/7239bd37896b540d42a3630db30739fc/transformed/bundleLibRuntimeToDirRelease/bundleLibRuntimeToDirRelease_dex, /Users/oem/Projects/KapraDaily/node_modules/react-native-screens/android/build/.transforms/7239bd37896b540d42a3630db30739fc/transformed/bundleLibRuntimeToDirRelease/bundleLibRuntimeToDirRelease_dex, /Users/oem/Projects/KapraDaily/node_modules/react-native-screens/android/build/.transforms/7239bd37896b540d42a3630db30739fc/transformed/bundleLibRuntimeToDirRelease/bundleLibRuntimeToDirRelease_dex, /Users/oem/Projects/KapraDaily/node_modules/react-native-screens/android/build/.transforms/7239bd37896b540d42a3630db30739fc/transformed/bundleLibRuntimeToDirRelease/bundleLibRuntimeToDirRelease_dex, /Users/oem/Projects/KapraDaily/node_modules/react-native-screens/android/build/.transforms/7239bd37896b540d42a3630db30739fc/transformed/bundleLibRuntimeToDirRelease/bundleLibRuntimeToDirRelease_dex, /Users/oem/Projects/KapraDaily/node_modules/react-native-screens/android/build/.transforms/7239bd37896b540d42a3630db30739fc/transformed/bundleLibRuntimeToDirRelease/bundleLibRuntimeToDirRelease_dex, /Users/oem/Projects/KapraDaily/node_modules/react-native-screens/android/build/.transforms/7239bd37896b540d42a3630db30739fc/transformed/bundleLibRuntimeToDirRelease/bundleLibRuntimeToDirRelease_dex, /Users/oem/Projects/KapraDaily/node_modules/react-native-screens/android/build/.transforms/7239bd37896b540d42a3630db30739fc/transformed/bundleLibRuntimeToDirRelease/bundleLibRuntimeToDirRelease_dex, /Users/oem/Projects/KapraDaily/node_modules/react-native-screens/android/build/.transforms/7239bd37896b540d42a3630db30739fc/transformed/bundleLibRuntimeToDirRelease/bundleLibRuntimeToDirRelease_dex, /Users/oem/Projects/KapraDaily/node_modules/react-native-screens/android/build/.transforms/7239bd37896b540d42a3630db30739fc/transformed/bundleLibRuntimeToDirRelease/bundleLibRuntimeToDirRelease_dex, /Users/oem/Projects/KapraDaily/node_modules/react-native-screens/android/build/.transforms/7239bd37896b540d42a3630db30739fc/transformed/bundleLibRuntimeToDirRelease/bundleLibRuntimeToDirRelease_dex, /Users/oem/Projects/KapraDaily/node_modules/react-native-screens/android/build/.transforms/7239bd37896b540d42a3630db30739fc/transformed/bundleLibRuntimeToDirRelease/bundleLibRuntimeToDirRelease_dex, /Users/oem/Projects/KapraDaily/node_modules/react-native-screens/android/build/.transforms/7239bd37896b540d42a3630db30739fc/transformed/bundleLibRuntimeToDirRelease/bundleLibRuntimeToDirRelease_dex, /Users/oem/Projects/KapraDaily/node_modules/react-native-screens/android/build/.transforms/7239bd37896b540d42a3630db30739fc/transformed/bundleLibRuntimeToDirRelease/bundleLibRuntimeToDirRelease_dex, /Users/oem/Projects/KapraDaily/node_modules/react-native-screens/android/build/.transforms/7239bd37896b540d42a3630db30739fc/transformed/bundleLibRuntimeToDirRelease/bundleLibRuntimeToDirRelease_dex, /Users/oem/Projects/KapraDaily/node_modules/react-native-screens/android/build/.transforms/7239bd37896b540d42a3630db30739fc/transformed/bundleLibRuntimeToDirRelease/bundleLibRuntimeToDirRelease_dex, /Users/oem/Projects/KapraDaily/node_modules/react-native-screens/android/build/.transforms/7239bd37896b540d42a3630db30739fc/transformed/bundleLibRuntimeToDirRelease/bundleLibRuntimeToDirRelease_dex, /Users/oem/Projects/KapraDaily/node_modules/react-native-screens/android/build/.transforms/7239bd37896b540d42a3630db30739fc/transformed/bundleLibRuntimeToDirRelease/bundleLibRuntimeToDirRelease_dex, /Users/oem/Projects/KapraDaily/node_modules/react-native-screens/android/build/.transforms/7239bd37896b540d42a3630db30739fc/transformed/bundleLibRuntimeToDirRelease/bundleLibRuntimeToDirRelease_dex, /Users/oem/Projects/KapraDaily/node_modules/react-native-screens/android/build/.transforms/7239bd37896b540d42a3630db30739fc/transformed/bundleLibRuntimeToDirRelease/bundleLibRuntimeToDirRelease_dex, /Users/oem/Projects/KapraDaily/node_modules/react-native-screens/android/build/.transforms/7239bd37896b540d42a3630db30739fc/transformed/bundleLibRuntimeToDirRelease/bundleLibRuntimeToDirRelease_dex, /Users/oem/Projects/KapraDaily/node_modules/react-native-screens/android/build/.transforms/7239bd37896b540d42a3630db30739fc/transformed/bundleLibRuntimeToDirRelease/bundleLibRuntimeToDirRelease_dex, /Users/oem/Projects/KapraDaily/node_modules/react-native-screens/android/build/.transforms/7239bd37896b540d42a3630db30739fc/transformed/bundleLibRuntimeToDirRelease/bundleLibRuntimeToDirRelease_dex, /Users/oem/Projects/KapraDaily/node_modules/react-native-screens/android/build/.transforms/7239bd37896b540d42a3630db30739fc/transformed/bundleLibRuntimeToDirRelease/bundleLibRuntimeToDirRelease_dex, /Users/oem/Projects/KapraDaily/node_modules/react-native-screens/android/build/.transforms/7239bd37896b540d42a3630db30739fc/transformed/bundleLibRuntimeToDirRelease/bundleLibRuntimeToDirRelease_dex, /Users/oem/Projects/KapraDaily/node_modules/react-native-screens/android/build/.transforms/7239bd37896b540d42a3630db30739fc/transformed/bundleLibRuntimeToDirRelease/bundleLibRuntimeToDirRelease_dex, /Users/oem/Projects/KapraDaily/node_modules/react-native-screens/android/build/.transforms/7239bd37896b540d42a3630db30739fc/transformed/bundleLibRuntimeToDirRelease/bundleLibRuntimeToDirRelease_dex, /Users/oem/Projects/KapraDaily/node_modules/react-native-screens/android/build/.transforms/7239bd37896b540d42a3630db30739fc/transformed/bundleLibRuntimeToDirRelease/bundleLibRuntimeToDirRelease_dex, /Users/oem/Projects/KapraDaily/node_modules/react-native-screens/android/build/.transforms/7239bd37896b540d42a3630db30739fc/transformed/bundleLibRuntimeToDirRelease/bundleLibRuntimeToDirRelease_dex, /Users/oem/Projects/KapraDaily/node_modules/react-native-screens/android/build/.transforms/7239bd37896b540d42a3630db30739fc/transformed/bundleLibRuntimeToDirRelease/bundleLibRuntimeToDirRelease_dex, /Users/oem/Projects/KapraDaily/node_modules/react-native-screens/android/build/.transforms/7239bd37896b540d42a3630db30739fc/transformed/bundleLibRuntimeToDirRelease/bundleLibRuntimeToDirRelease_dex, /Users/oem/Projects/KapraDaily/node_modules/react-native-screens/android/build/.transforms/7239bd37896b540d42a3630db30739fc/transformed/bundleLibRuntimeToDirRelease/bundleLibRuntimeToDirRelease_dex, /Users/oem/Projects/KapraDaily/node_modules/react-native-screens/android/build/.transforms/7239bd37896b540d42a3630db30739fc/transformed/bundleLibRuntimeToDirRelease/bundleLibRuntimeToDirRelease_dex, /Users/oem/Projects/KapraDaily/node_modules/react-native-screens/android/build/.transforms/7239bd37896b540d42a3630db30739fc/transformed/bundleLibRuntimeToDirRelease/bundleLibRuntimeToDirRelease_dex, /Users/oem/Projects/KapraDaily/node_modules/react-native-screens/android/build/.transforms/7239bd37896b540d42a3630db30739fc/transformed/bundleLibRuntimeToDirRelease/bundleLibRuntimeToDirRelease_dex, /Users/oem/Projects/KapraDaily/node_modules/react-native-screens/android/build/.transforms/7239bd37896b540d42a3630db30739fc/transformed/bundleLibRuntimeToDirRelease/bundleLibRuntimeToDirRelease_dex, /Users/oem/Projects/KapraDaily/node_modules/react-native-screens/android/build/.transforms/7239bd37896b540d42a3630db30739fc/transformed/bundleLibRuntimeToDirRelease/bundleLibRuntimeToDirRelease_dex, /Users/oem/Projects/KapraDaily/node_modules/react-native-screens/android/build/.transforms/7239bd37896b540d42a3630db30739fc/transformed/bundleLibRuntimeToDirRelease/bundleLibRuntimeToDirRelease_dex, /Users/oem/Projects/KapraDaily/node_modules/react-native-screens/android/build/.transforms/7239bd37896b540d42a3630db30739fc/transformed/bundleLibRuntimeToDirRelease/bundleLibRuntimeToDirRelease_dex, /Users/oem/Projects/KapraDaily/node_modules/react-native-screens/android/build/.transforms/7239bd37896b540d42a3630db30739fc/transformed/bundleLibRuntimeToDirRelease/bundleLibRuntimeToDirRelease_dex, /Users/oem/Projects/KapraDaily/node_modules/react-native-screens/android/build/.transforms/7239bd37896b540d42a3630db30739fc/transformed/bundleLibRuntimeToDirRelease/bundleLibRuntimeToDirRelease_dex, /Users/oem/Projects/KapraDaily/node_modules/react-native-screens/android/build/.transforms/7239bd37896b540d42a3630db30739fc/transformed/bundleLibRuntimeToDirRelease/bundleLibRuntimeToDirRelease_dex, /Users/oem/Projects/KapraDaily/node_modules/react-native-screens/android/build/.transforms/7239bd37896b540d42a3630db30739fc/transformed/bundleLibRuntimeToDirRelease/bundleLibRuntimeToDirRelease_dex, /Users/oem/Projects/KapraDaily/node_modules/react-native-screens/android/build/.transforms/7239bd37896b540d42a3630db30739fc/transformed/bundleLibRuntimeToDirRelease/bundleLibRuntimeToDirRelease_dex, /Users/oem/Projects/KapraDaily/node_modules/react-native-screens/android/build/.transforms/7239bd37896b540d42a3630db30739fc/transformed/bundleLibRuntimeToDirRelease/bundleLibRuntimeToDirRelease_dex, /Users/oem/Projects/KapraDaily/node_modules/react-native-screens/android/build/.transforms/7239bd37896b540d42a3630db30739fc/transformed/bundleLibRuntimeToDirRelease/bundleLibRuntimeToDirRelease_dex, /Users/oem/Projects/KapraDaily/node_modules/react-native-screens/android/build/.transforms/7239bd37896b540d42a3630db30739fc/transformed/bundleLibRuntimeToDirRelease/bundleLibRuntimeToDirRelease_dex, /Users/oem/Projects/KapraDaily/node_modules/react-native-screens/android/build/.transforms/7239bd37896b540d42a3630db30739fc/transformed/bundleLibRuntimeToDirRelease/bundleLibRuntimeToDirRelease_dex, /Users/oem/Projects/KapraDaily/node_modules/react-native-screens/android/build/.transforms/7239bd37896b540d42a3630db30739fc/transformed/bundleLibRuntimeToDirRelease/bundleLibRuntimeToDirRelease_dex, /Users/oem/Projects/KapraDaily/node_modules/react-native-screens/android/build/.transforms/7239bd37896b540d42a3630db30739fc/transformed/bundleLibRuntimeToDirRelease/bundleLibRuntimeToDirRelease_dex, /Users/oem/Projects/KapraDaily/node_modules/react-native-screens/android/build/.transforms/7239bd37896b540d42a3630db30739fc/transformed/bundleLibRuntimeToDirRelease/bundleLibRuntimeToDirRelease_dex, /Users/oem/Projects/KapraDaily/node_modules/react-native-screens/android/build/.transforms/7239bd37896b540d42a3630db30739fc/transformed/bundleLibRuntimeToDirRelease/bundleLibRuntimeToDirRelease_dex, /Users/oem/Projects/KapraDaily/node_modules/react-native-screens/android/build/.transforms/7239bd37896b540d42a3630db30739fc/transformed/bundleLibRuntimeToDirRelease/bundleLibRuntimeToDirRelease_dex, /Users/oem/Projects/KapraDaily/node_modules/react-native-screens/android/build/.transforms/7239bd37896b540d42a3630db30739fc/transformed/bundleLibRuntimeToDirRelease/bundleLibRuntimeToDirRelease_dex, /Users/oem/Projects/KapraDaily/node_modules/react-native-screens/android/build/.transforms/7239bd37896b540d42a3630db30739fc/transformed/bundleLibRuntimeToDirRelease/bundleLibRuntimeToDirRelease_dex, /Users/oem/Projects/KapraDaily/node_modules/react-native-screens/android/build/.transforms/7239bd37896b540d42a3630db30739fc/transformed/bundleLibRuntimeToDirRelease/bundleLibRuntimeToDirRelease_dex, /Users/oem/Projects/KapraDaily/node_modules/react-native-screens/android/build/.transforms/7239bd37896b540d42a3630db30739fc/transformed/bundleLibRuntimeToDirRelease/bundleLibRuntimeToDirRelease_dex, /Users/oem/Projects/KapraDaily/node_modules/react-native-screens/android/build/.transforms/7239bd37896b540d42a3630db30739fc/transformed/bundleLibRuntimeToDirRelease/bundleLibRuntimeToDirRelease_dex, /Users/oem/Projects/KapraDaily/node_modules/react-native-screens/android/build/.transforms/7239bd37896b540d42a3630db30739fc/transformed/bundleLibRuntimeToDirRelease/bundleLibRuntimeToDirRelease_dex, /Users/oem/Projects/KapraDaily/node_modules/react-native-screens/android/build/.transforms/7239bd37896b540d42a3630db30739fc/transformed/bundleLibRuntimeToDirRelease/bundleLibRuntimeToDirRelease_dex, /Users/oem/Projects/KapraDaily/node_modules/react-native-screens/android/build/.transforms/7239bd37896b540d42a3630db30739fc/transformed/bundleLibRuntimeToDirRelease/bundleLibRuntimeToDirRelease_dex, /Users/oem/Projects/KapraDaily/node_modules/react-native-screens/android/build/.transforms/7239bd37896b540d42a3630db30739fc/transformed/bundleLibRuntimeToDirRelease/bundleLibRuntimeToDirRelease_dex, /Users/oem/Projects/KapraDaily/node_modules/react-native-screens/android/build/.transforms/7239bd37896b540d42a3630db30739fc/transformed/bundleLibRuntimeToDirRelease/bundleLibRuntimeToDirRelease_dex, /Users/oem/Projects/KapraDaily/node_modules/react-native-screens/android/build/.transforms/7239bd37896b540d42a3630db30739fc/transformed/bundleLibRuntimeToDirRelease/bundleLibRuntimeToDirRelease_dex, /Users/oem/Projects/KapraDaily/node_modules/react-native-screens/android/build/.transforms/7239bd37896b540d42a3630db30739fc/transformed/bundleLibRuntimeToDirRelease/bundleLibRuntimeToDirRelease_dex, /Users/oem/Projects/KapraDaily/node_modules/react-native-screens/android/build/.transforms/7239bd37896b540d42a3630db30739fc/transformed/bundleLibRuntimeToDirRelease/bundleLibRuntimeToDirRelease_dex, /Users/oem/Projects/KapraDaily/node_modules/react-native-screens/android/build/.transforms/7239bd37896b540d42a3630db30739fc/transformed/bundleLibRuntimeToDirRelease/bundleLibRuntimeToDirRelease_dex, /Users/oem/Projects/KapraDaily/node_modules/react-native-screens/android/build/.transforms/7239bd37896b540d42a3630db30739fc/transformed/bundleLibRuntimeToDirRelease/bundleLibRuntimeToDirRelease_dex, /Users/oem/Projects/KapraDaily/node_modules/react-native-screens/android/build/.transforms/7239bd37896b540d42a3630db30739fc/transformed/bundleLibRuntimeToDirRelease/bundleLibRuntimeToDirRelease_dex, /Users/oem/Projects/KapraDaily/node_modules/react-native-screens/android/build/.transforms/7239bd37896b540d42a3630db30739fc/transformed/bundleLibRuntimeToDirRelease/bundleLibRuntimeToDirRelease_dex, /Users/oem/Projects/KapraDaily/node_modules/react-native-screens/android/build/.transforms/7239bd37896b540d42a3630db30739fc/transformed/bundleLibRuntimeToDirRelease/bundleLibRuntimeToDirRelease_dex, /Users/oem/Projects/KapraDaily/node_modules/react-native-screens/android/build/.transforms/7239bd37896b540d42a3630db30739fc/transformed/bundleLibRuntimeToDirRelease/bundleLibRuntimeToDirRelease_dex, /Users/oem/Projects/KapraDaily/node_modules/react-native-screens/android/build/.transforms/7239bd37896b540d42a3630db30739fc/transformed/bundleLibRuntimeToDirRelease/bundleLibRuntimeToDirRelease_dex, /Users/oem/Projects/KapraDaily/node_modules/react-native-screens/android/build/.transforms/7239bd37896b540d42a3630db30739fc/transformed/bundleLibRuntimeToDirRelease/bundleLibRuntimeToDirRelease_dex, /Users/oem/Projects/KapraDaily/node_modules/react-native-screens/android/build/.transforms/7239bd37896b540d42a3630db30739fc/transformed/bundleLibRuntimeToDirRelease/bundleLibRuntimeToDirRelease_dex, /Users/oem/Projects/KapraDaily/node_modules/react-native-screens/android/build/.transforms/7239bd37896b540d42a3630db30739fc/transformed/bundleLibRuntimeToDirRelease/bundleLibRuntimeToDirRelease_dex, /Users/oem/Projects/KapraDaily/node_modules/react-native-screens/android/build/.transforms/7239bd37896b540d42a3630db30739fc/transformed/bundleLibRuntimeToDirRelease/bundleLibRuntimeToDirRelease_dex, /Users/oem/Projects/KapraDaily/node_modules/react-native-screens/android/build/.transforms/7239bd37896b540d42a3630db30739fc/transformed/bundleLibRuntimeToDirRelease/bundleLibRuntimeToDirRelease_dex, /Users/oem/Projects/KapraDaily/node_modules/react-native-screens/android/build/.transforms/7239bd37896b540d42a3630db30739fc/transformed/bundleLibRuntimeToDirRelease/bundleLibRuntimeToDirRelease_dex, /Users/oem/Projects/KapraDaily/node_modules/react-native-screens/android/build/.transforms/7239bd37896b540d42a3630db30739fc/transformed/bundleLibRuntimeToDirRelease/bundleLibRuntimeToDirRelease_dex, /Users/oem/Projects/KapraDaily/node_modules/react-native-screens/android/build/.transforms/7239bd37896b540d42a3630db30739fc/transformed/bundleLibRuntimeToDirRelease/bundleLibRuntimeToDirRelease_dex, /Users/oem/Projects/KapraDaily/node_modules/react-native-screens/android/build/.transforms/7239bd37896b540d42a3630db30739fc/transformed/bundleLibRuntimeToDirRelease/bundleLibRuntimeToDirRelease_dex, /Users/oem/Projects/KapraDaily/node_modules/react-native-screens/android/build/.transforms/7239bd37896b540d42a3630db30739fc/transformed/bundleLibRuntimeToDirRelease/bundleLibRuntimeToDirRelease_dex, /Users/oem/Projects/KapraDaily/node_modules/react-native-screens/android/build/.transforms/7239bd37896b540d42a3630db30739fc/transformed/bundleLibRuntimeToDirRelease/bundleLibRuntimeToDirRelease_dex, /Users/oem/Projects/KapraDaily/node_modules/react-native-screens/android/build/.transforms/7239bd37896b540d42a3630db30739fc/transformed/bundleLibRuntimeToDirRelease/bundleLibRuntimeToDirRelease_dex, /Users/oem/Projects/KapraDaily/node_modules/react-native-screens/android/build/.transforms/7239bd37896b540d42a3630db30739fc/transformed/bundleLibRuntimeToDirRelease/bundleLibRuntimeToDirRelease_dex, /Users/oem/Projects/KapraDaily/node_modules/react-native-screens/android/build/.transforms/7239bd37896b540d42a3630db30739fc/transformed/bundleLibRuntimeToDirRelease/bundleLibRuntimeToDirRelease_dex, /Users/oem/Projects/KapraDaily/node_modules/react-native-screens/android/build/.transforms/7239bd37896b540d42a3630db30739fc/transformed/bundleLibRuntimeToDirRelease/bundleLibRuntimeToDirRelease_dex, /Users/oem/Projects/KapraDaily/node_modules/react-native-screens/android/build/.transforms/7239bd37896b540d42a3630db30739fc/transformed/bundleLibRuntimeToDirRelease/bundleLibRuntimeToDirRelease_dex, /Users/oem/Projects/KapraDaily/node_modules/react-native-screens/android/build/.transforms/7239bd37896b540d42a3630db30739fc/transformed/bundleLibRuntimeToDirRelease/bundleLibRuntimeToDirRelease_dex, /Users/oem/Projects/KapraDaily/node_modules/react-native-screens/android/build/.transforms/7239bd37896b540d42a3630db30739fc/transformed/bundleLibRuntimeToDirRelease/bundleLibRuntimeToDirRelease_dex, /Users/oem/Projects/KapraDaily/node_modules/react-native-screens/android/build/.transforms/7239bd37896b540d42a3630db30739fc/transformed/bundleLibRuntimeToDirRelease/bundleLibRuntimeToDirRelease_dex, /Users/oem/Projects/KapraDaily/node_modules/react-native-screens/android/build/.transforms/7239bd37896b540d42a3630db30739fc/transformed/bundleLibRuntimeToDirRelease/bundleLibRuntimeToDirRelease_dex, /Users/oem/Projects/KapraDaily/node_modules/react-native-screens/android/build/.transforms/7239bd37896b540d42a3630db30739fc/transformed/bundleLibRuntimeToDirRelease/bundleLibRuntimeToDirRelease_dex, /Users/oem/Projects/KapraDaily/node_modules/react-native-screens/android/build/.transforms/7239bd37896b540d42a3630db30739fc/transformed/bundleLibRuntimeToDirRelease/bundleLibRuntimeToDirRelease_dex, /Users/oem/Projects/KapraDaily/node_modules/react-native-screens/android/build/.transforms/7239bd37896b540d42a3630db30739fc/transformed/bundleLibRuntimeToDirRelease/bundleLibRuntimeToDirRelease_dex, /Users/oem/Projects/KapraDaily/node_modules/react-native-screens/android/build/.transforms/7239bd37896b540d42a3630db30739fc/transformed/bundleLibRuntimeToDirRelease/bundleLibRuntimeToDirRelease_dex, /Users/oem/Projects/KapraDaily/node_modules/react-native-screens/android/build/.transforms/7239bd37896b540d42a3630db30739fc/transformed/bundleLibRuntimeToDirRelease/bundleLibRuntimeToDirRelease_dex, /Users/oem/Projects/KapraDaily/node_modules/react-native-screens/android/build/.transforms/7239bd37896b540d42a3630db30739fc/transformed/bundleLibRuntimeToDirRelease/bundleLibRuntimeToDirRelease_dex, /Users/oem/Projects/KapraDaily/node_modules/react-native-screens/android/build/.transforms/7239bd37896b540d42a3630db30739fc/transformed/bundleLibRuntimeToDirRelease/bundleLibRuntimeToDirRelease_dex, /Users/oem/Projects/KapraDaily/node_modules/react-native-screens/android/build/.transforms/7239bd37896b540d42a3630db30739fc/transformed/bundleLibRuntimeToDirRelease/bundleLibRuntimeToDirRelease_dex, /Users/oem/Projects/KapraDaily/node_modules/react-native-screens/android/build/.transforms/7239bd37896b540d42a3630db30739fc/transformed/bundleLibRuntimeToDirRelease/bundleLibRuntimeToDirRelease_dex, /Users/oem/Projects/KapraDaily/node_modules/react-native-screens/android/build/.transforms/7239bd37896b540d42a3630db30739fc/transformed/bundleLibRuntimeToDirRelease/bundleLibRuntimeToDirRelease_dex, /Users/oem/Projects/KapraDaily/node_modules/react-native-screens/android/build/.transforms/7239bd37896b540d42a3630db30739fc/transformed/bundleLibRuntimeToDirRelease/bundleLibRuntimeToDirRelease_dex, /Users/oem/Projects/KapraDaily/node_modules/react-native-screens/android/build/.transforms/7239bd37896b540d42a3630db30739fc/transformed/bundleLibRuntimeToDirRelease/bundleLibRuntimeToDirRelease_dex, /Users/oem/Projects/KapraDaily/node_modules/react-native-screens/android/build/.transforms/7239bd37896b540d42a3630db30739fc/transformed/bundleLibRuntimeToDirRelease/bundleLibRuntimeToDirRelease_dex, /Users/oem/Projects/KapraDaily/node_modules/react-native-screens/android/build/.transforms/7239bd37896b540d42a3630db30739fc/transformed/bundleLibRuntimeToDirRelease/bundleLibRuntimeToDirRelease_dex, /Users/oem/Projects/KapraDaily/node_modules/react-native-screens/android/build/.transforms/7239bd37896b540d42a3630db30739fc/transformed/bundleLibRuntimeToDirRelease/bundleLibRuntimeToDirRelease_dex, /Users/oem/Projects/KapraDaily/node_modules/react-native-screens/android/build/.transforms/7239bd37896b540d42a3630db30739fc/transformed/bundleLibRuntimeToDirRelease/bundleLibRuntimeToDirRelease_dex, /Users/oem/Projects/KapraDaily/node_modules/react-native-screens/android/build/.transforms/7239bd37896b540d42a3630db30739fc/transformed/bundleLibRuntimeToDirRelease/bundleLibRuntimeToDirRelease_dex, /Users/oem/Projects/KapraDaily/node_modules/react-native-screens/android/build/.transforms/7239bd37896b540d42a3630db30739fc/transformed/bundleLibRuntimeToDirRelease/bundleLibRuntimeToDirRelease_dex, /Users/oem/Projects/KapraDaily/node_modules/react-native-screens/android/build/.transforms/7239bd37896b540d42a3630db30739fc/transformed/bundleLibRuntimeToDirRelease/bundleLibRuntimeToDirRelease_dex, /Users/oem/Projects/KapraDaily/node_modules/react-native-screens/android/build/.transforms/7239bd37896b540d42a3630db30739fc/transformed/bundleLibRuntimeToDirRelease/bundleLibRuntimeToDirRelease_dex, /Users/oem/Projects/KapraDaily/node_modules/react-native-screens/android/build/.transforms/7239bd37896b540d42a3630db30739fc/transformed/bundleLibRuntimeToDirRelease/bundleLibRuntimeToDirRelease_dex, /Users/oem/Projects/KapraDaily/node_modules/react-native-screens/android/build/.transforms/7239bd37896b540d42a3630db30739fc/transformed/bundleLibRuntimeToDirRelease/bundleLibRuntimeToDirRelease_dex, /Users/oem/Projects/KapraDaily/node_modules/react-native-screens/android/build/.transforms/7239bd37896b540d42a3630db30739fc/transformed/bundleLibRuntimeToDirRelease/bundleLibRuntimeToDirRelease_dex, /Users/oem/Projects/KapraDaily/node_modules/react-native-screens/android/build/.transforms/7239bd37896b540d42a3630db30739fc/transformed/bundleLibRuntimeToDirRelease/bundleLibRuntimeToDirRelease_dex, /Users/oem/Projects/KapraDaily/node_modules/react-native-screens/android/build/.transforms/7239bd37896b540d42a3630db30739fc/transformed/bundleLibRuntimeToDirRelease/bundleLibRuntimeToDirRelease_dex, /Users/oem/Projects/KapraDaily/node_modules/react-native-screens/android/build/.transforms/7239bd37896b540d42a3630db30739fc/transformed/bundleLibRuntimeToDirRelease/bundleLibRuntimeToDirRelease_dex, /Users/oem/Projects/KapraDaily/node_modules/react-native-screens/android/build/.transforms/7239bd37896b540d42a3630db30739fc/transformed/bundleLibRuntimeToDirRelease/bundleLibRuntimeToDirRelease_dex, /Users/oem/Projects/KapraDaily/node_modules/react-native-screens/android/build/.transforms/7239bd37896b540d42a3630db30739fc/transformed/bundleLibRuntimeToDirRelease/bundleLibRuntimeToDirRelease_dex, /Users/oem/Projects/KapraDaily/node_modules/react-native-screens/android/build/.transforms/7239bd37896b540d42a3630db30739fc/transformed/bundleLibRuntimeToDirRelease/bundleLibRuntimeToDirRelease_dex, /Users/oem/Projects/KapraDaily/node_modules/react-native-screens/android/build/.transforms/7239bd37896b540d42a3630db30739fc/transformed/bundleLibRuntimeToDirRelease/bundleLibRuntimeToDirRelease_dex, /Users/oem/Projects/KapraDaily/node_modules/react-native-screens/android/build/.transforms/7239bd37896b540d42a3630db30739fc/transformed/bundleLibRuntimeToDirRelease/bundleLibRuntimeToDirRelease_dex, /Users/oem/Projects/KapraDaily/node_modules/react-native-screens/android/build/.transforms/7239bd37896b540d42a3630db30739fc/transformed/bundleLibRuntimeToDirRelease/bundleLibRuntimeToDirRelease_dex, /Users/oem/Projects/KapraDaily/node_modules/react-native-screens/android/build/.transforms/7239bd37896b540d42a3630db30739fc/transformed/bundleLibRuntimeToDirRelease/bundleLibRuntimeToDirRelease_dex, /Users/oem/Projects/KapraDaily/node_modules/react-native-screens/android/build/.transforms/7239bd37896b540d42a3630db30739fc/transformed/bundleLibRuntimeToDirRelease/bundleLibRuntimeToDirRelease_dex, /Users/oem/Projects/KapraDaily/node_modules/react-native-screens/android/build/.transforms/7239bd37896b540d42a3630db30739fc/transformed/bundleLibRuntimeToDirRelease/bundleLibRuntimeToDirRelease_dex, /Users/oem/Projects/KapraDaily/node_modules/react-native-screens/android/build/.transforms/7239bd37896b540d42a3630db30739fc/transformed/bundleLibRuntimeToDirRelease/bundleLibRuntimeToDirRelease_dex, /Users/oem/Projects/KapraDaily/node_modules/react-native-screens/android/build/.transforms/7239bd37896b540d42a3630db30739fc/transformed/bundleLibRuntimeToDirRelease/bundleLibRuntimeToDirRelease_dex, /Users/oem/Projects/KapraDaily/node_modules/react-native-screens/android/build/.transforms/7239bd37896b540d42a3630db30739fc/transformed/bundleLibRuntimeToDirRelease/bundleLibRuntimeToDirRelease_dex, /Users/oem/Projects/KapraDaily/node_modules/react-native-screens/android/build/.transforms/7239bd37896b540d42a3630db30739fc/transformed/bundleLibRuntimeToDirRelease/bundleLibRuntimeToDirRelease_dex, /Users/oem/Projects/KapraDaily/node_modules/react-native-screens/android/build/.transforms/7239bd37896b540d42a3630db30739fc/transformed/bundleLibRuntimeToDirRelease/bundleLibRuntimeToDirRelease_dex, /Users/oem/Projects/KapraDaily/node_modules/react-native-screens/android/build/.transforms/7239bd37896b540d42a3630db30739fc/transformed/bundleLibRuntimeToDirRelease/bundleLibRuntimeToDirRelease_dex, /Users/oem/Projects/KapraDaily/node_modules/react-native-screens/android/build/.transforms/7239bd37896b540d42a3630db30739fc/transformed/bundleLibRuntimeToDirRelease/bundleLibRuntimeToDirRelease_dex, /Users/oem/Projects/KapraDaily/node_modules/react-native-screens/android/build/.transforms/7239bd37896b540d42a3630db30739fc/transformed/bundleLibRuntimeToDirRelease/bundleLibRuntimeToDirRelease_dex, /Users/oem/Projects/KapraDaily/node_modules/react-native-screens/android/build/.transforms/7239bd37896b540d42a3630db30739fc/transformed/bundleLibRuntimeToDirRelease/bundleLibRuntimeToDirRelease_dex, /Users/oem/Projects/KapraDaily/node_modules/react-native-screens/android/build/.transforms/7239bd37896b540d42a3630db30739fc/transformed/bundleLibRuntimeToDirRelease/bundleLibRuntimeToDirRelease_dex, /Users/oem/Projects/KapraDaily/node_modules/react-native-screens/android/build/.transforms/7239bd37896b540d42a3630db30739fc/transformed/bundleLibRuntimeToDirRelease/bundleLibRuntimeToDirRelease_dex, /Users/oem/Projects/KapraDaily/node_modules/react-native-screens/android/build/.transforms/7239bd37896b540d42a3630db30739fc/transformed/bundleLibRuntimeToDirRelease/bundleLibRuntimeToDirRelease_dex, /Users/oem/Projects/KapraDaily/node_modules/react-native-screens/android/build/.transforms/7239bd37896b540d42a3630db30739fc/transformed/bundleLibRuntimeToDirRelease/bundleLibRuntimeToDirRelease_dex, /Users/oem/Projects/KapraDaily/node_modules/react-native-screens/android/build/.transforms/7239bd37896b540d42a3630db30739fc/transformed/bundleLibRuntimeToDirRelease/bundleLibRuntimeToDirRelease_dex, /Users/oem/Projects/KapraDaily/node_modules/react-native-screens/android/build/.transforms/7239bd37896b540d42a3630db30739fc/transformed/bundleLibRuntimeToDirRelease/bundleLibRuntimeToDirRelease_dex, /Users/oem/Projects/KapraDaily/node_modules/react-native-screens/android/build/.transforms/7239bd37896b540d42a3630db30739fc/transformed/bundleLibRuntimeToDirRelease/bundleLibRuntimeToDirRelease_dex, /Users/oem/Projects/KapraDaily/node_modules/react-native-screens/android/build/.transforms/7239bd37896b540d42a3630db30739fc/transformed/bundleLibRuntimeToDirRelease/bundleLibRuntimeToDirRelease_dex, /Users/oem/Projects/KapraDaily/node_modules/react-native-screens/android/build/.transforms/7239bd37896b540d42a3630db30739fc/transformed/bundleLibRuntimeToDirRelease/bundleLibRuntimeToDirRelease_dex, /Users/oem/Projects/KapraDaily/node_modules/react-native-screens/android/build/.transforms/7239bd37896b540d42a3630db30739fc/transformed/bundleLibRuntimeToDirRelease/bundleLibRuntimeToDirRelease_dex, /Users/oem/Projects/KapraDaily/node_modules/react-native-screens/android/build/.transforms/7239bd37896b540d42a3630db30739fc/transformed/bundleLibRuntimeToDirRelease/bundleLibRuntimeToDirRelease_dex, /Users/oem/Projects/KapraDaily/node_modules/react-native-screens/android/build/.transforms/7239bd37896b540d42a3630db30739fc/transformed/bundleLibRuntimeToDirRelease/bundleLibRuntimeToDirRelease_dex, /Users/oem/Projects/KapraDaily/node_modules/react-native-screens/android/build/.transforms/7239bd37896b540d42a3630db30739fc/transformed/bundleLibRuntimeToDirRelease/bundleLibRuntimeToDirRelease_dex, /Users/oem/Projects/KapraDaily/node_modules/react-native-screens/android/build/.transforms/7239bd37896b540d42a3630db30739fc/transformed/bundleLibRuntimeToDirRelease/bundleLibRuntimeToDirRelease_dex, /Users/oem/Projects/KapraDaily/node_modules/react-native-screens/android/build/.transforms/7239bd37896b540d42a3630db30739fc/transformed/bundleLibRuntimeToDirRelease/bundleLibRuntimeToDirRelease_dex, /Users/oem/Projects/KapraDaily/node_modules/react-native-screens/android/build/.transforms/7239bd37896b540d42a3630db30739fc/transformed/bundleLibRuntimeToDirRelease/bundleLibRuntimeToDirRelease_dex, /Users/oem/Projects/KapraDaily/node_modules/react-native-screens/android/build/.transforms/7239bd37896b540d42a3630db30739fc/transformed/bundleLibRuntimeToDirRelease/bundleLibRuntimeToDirRelease_dex, /Users/oem/Projects/KapraDaily/node_modules/react-native-screens/android/build/.transforms/7239bd37896b540d42a3630db30739fc/transformed/bundleLibRuntimeToDirRelease/bundleLibRuntimeToDirRelease_dex, /Users/oem/Projects/KapraDaily/node_modules/react-native-screens/android/build/.transforms/7239bd37896b540d42a3630db30739fc/transformed/bundleLibRuntimeToDirRelease/bundleLibRuntimeToDirRelease_dex, /Users/oem/Projects/KapraDaily/node_modules/react-native-screens/android/build/.transforms/7239bd37896b540d42a3630db30739fc/transformed/bundleLibRuntimeToDirRelease/bundleLibRuntimeToDirRelease_dex, /Users/oem/Projects/KapraDaily/node_modules/react-native-screens/android/build/.transforms/7239bd37896b540d42a3630db30739fc/transformed/bundleLibRuntimeToDirRelease/bundleLibRuntimeToDirRelease_dex, /Users/oem/Projects/KapraDaily/node_modules/react-native-screens/android/build/.transforms/7239bd37896b540d42a3630db30739fc/transformed/bundleLibRuntimeToDirRelease/bundleLibRuntimeToDirRelease_dex, /Users/oem/Projects/KapraDaily/node_modules/react-native-screens/android/build/.transforms/7239bd37896b540d42a3630db30739fc/transformed/bundleLibRuntimeToDirRelease/bundleLibRuntimeToDirRelease_dex, /Users/oem/Projects/KapraDaily/node_modules/react-native-screens/android/build/.transforms/7239bd37896b540d42a3630db30739fc/transformed/bundleLibRuntimeToDirRelease/bundleLibRuntimeToDirRelease_dex, /Users/oem/Projects/KapraDaily/node_modules/react-native-screens/android/build/.transforms/7239bd37896b540d42a3630db30739fc/transformed/bundleLibRuntimeToDirRelease/bundleLibRuntimeToDirRelease_dex, /Users/oem/Projects/KapraDaily/node_modules/react-native-screens/android/build/.transforms/7239bd37896b540d42a3630db30739fc/transformed/bundleLibRuntimeToDirRelease/bundleLibRuntimeToDirRelease_dex, /Users/oem/Projects/KapraDaily/node_modules/react-native-screens/android/build/.transforms/7239bd37896b540d42a3630db30739fc/transformed/bundleLibRuntimeToDirRelease/bundleLibRuntimeToDirRelease_dex, /Users/oem/Projects/KapraDaily/node_modules/react-native-screens/android/build/.transforms/7239bd37896b540d42a3630db30739fc/transformed/bundleLibRuntimeToDirRelease/bundleLibRuntimeToDirRelease_dex, /Users/oem/Projects/KapraDaily/node_modules/react-native-screens/android/build/.transforms/7239bd37896b540d42a3630db30739fc/transformed/bundleLibRuntimeToDirRelease/bundleLibRuntimeToDirRelease_dex, /Users/oem/Projects/KapraDaily/node_modules/react-native-screens/android/build/.transforms/7239bd37896b540d42a3630db30739fc/transformed/bundleLibRuntimeToDirRelease/bundleLibRuntimeToDirRelease_dex, /Users/oem/Projects/KapraDaily/node_modules/react-native-screens/android/build/.transforms/7239bd37896b540d42a3630db30739fc/transformed/bundleLibRuntimeToDirRelease/bundleLibRuntimeToDirRelease_dex, /Users/oem/Projects/KapraDaily/node_modules/react-native-screens/android/build/.transforms/7239bd37896b540d42a3630db30739fc/transformed/bundleLibRuntimeToDirRelease/bundleLibRuntimeToDirRelease_dex, /Users/oem/Projects/KapraDaily/node_modules/react-native-screens/android/build/.transforms/7239bd37896b540d42a3630db30739fc/transformed/bundleLibRuntimeToDirRelease/bundleLibRuntimeToDirRelease_dex, /Users/oem/Projects/KapraDaily/node_modules/react-native-screens/android/build/.transforms/7239bd37896b540d42a3630db30739fc/transformed/bundleLibRuntimeToDirRelease/bundleLibRuntimeToDirRelease_dex, /Users/oem/Projects/KapraDaily/node_modules/react-native-screens/android/build/.transforms/7239bd37896b540d42a3630db30739fc/transformed/bundleLibRuntimeToDirRelease/bundleLibRuntimeToDirRelease_dex, /Users/oem/Projects/KapraDaily/node_modules/react-native-screens/android/build/.transforms/7239bd37896b540d42a3630db30739fc/transformed/bundleLibRuntimeToDirRelease/bundleLibRuntimeToDirRelease_dex, /Users/oem/Projects/KapraDaily/node_modules/react-native-screens/android/build/.transforms/7239bd37896b540d42a3630db30739fc/transformed/bundleLibRuntimeToDirRelease/bundleLibRuntimeToDirRelease_dex, /Users/oem/Projects/KapraDaily/node_modules/react-native-screens/android/build/.transforms/7239bd37896b540d42a3630db30739fc/transformed/bundleLibRuntimeToDirRelease/bundleLibRuntimeToDirRelease_dex, /Users/oem/Projects/KapraDaily/node_modules/react-native-screens/android/build/.transforms/7239bd37896b540d42a3630db30739fc/transformed/bundleLibRuntimeToDirRelease/bundleLibRuntimeToDirRelease_dex, /Users/oem/Projects/KapraDaily/node_modules/react-native-screens/android/build/.transforms/7239bd37896b540d42a3630db30739fc/transformed/bundleLibRuntimeToDirRelease/bundleLibRuntimeToDirRelease_dex, /Users/oem/Projects/KapraDaily/node_modules/react-native-screens/android/build/.transforms/7239bd37896b540d42a3630db30739fc/transformed/bundleLibRuntimeToDirRelease/bundleLibRuntimeToDirRelease_dex, /Users/oem/Projects/KapraDaily/node_modules/react-native-screens/android/build/.transforms/7239bd37896b540d42a3630db30739fc/transformed/bundleLibRuntimeToDirRelease/bundleLibRuntimeToDirRelease_dex, /Users/oem/Projects/KapraDaily/node_modules/react-native-screens/android/build/.transforms/7239bd37896b540d42a3630db30739fc/transformed/bundleLibRuntimeToDirRelease/bundleLibRuntimeToDirRelease_dex, /Users/oem/Projects/KapraDaily/node_modules/react-native-screens/android/build/.transforms/7239bd37896b540d42a3630db30739fc/transformed/bundleLibRuntimeToDirRelease/bundleLibRuntimeToDirRelease_dex, /Users/oem/Projects/KapraDaily/node_modules/react-native-screens/android/build/.transforms/7239bd37896b540d42a3630db30739fc/transformed/bundleLibRuntimeToDirRelease/bundleLibRuntimeToDirRelease_dex, /Users/oem/Projects/KapraDaily/node_modules/react-native-screens/android/build/.transforms/7239bd37896b540d42a3630db30739fc/transformed/bundleLibRuntimeToDirRelease/bundleLibRuntimeToDirRelease_dex, /Users/oem/Projects/KapraDaily/node_modules/react-native-screens/android/build/.transforms/7239bd37896b540d42a3630db30739fc/transformed/bundleLibRuntimeToDirRelease/bundleLibRuntimeToDirRelease_dex, /Users/oem/Projects/KapraDaily/node_modules/react-native-screens/android/build/.transforms/7239bd37896b540d42a3630db30739fc/transformed/bundleLibRuntimeToDirRelease/bundleLibRuntimeToDirRelease_dex, /Users/oem/Projects/KapraDaily/node_modules/react-native-screens/android/build/.transforms/7239bd37896b540d42a3630db30739fc/transformed/bundleLibRuntimeToDirRelease/bundleLibRuntimeToDirRelease_dex, /Users/oem/Projects/KapraDaily/node_modules/react-native-screens/android/build/.transforms/7239bd37896b540d42a3630db30739fc/transformed/bundleLibRuntimeToDirRelease/bundleLibRuntimeToDirRelease_dex, /Users/oem/Projects/KapraDaily/node_modules/react-native-screens/android/build/.transforms/7239bd37896b540d42a3630db30739fc/transformed/bundleLibRuntimeToDirRelease/bundleLibRuntimeToDirRelease_dex, /Users/oem/Projects/KapraDaily/node_modules/react-native-screens/android/build/.transforms/7239bd37896b540d42a3630db30739fc/transformed/bundleLibRuntimeToDirRelease/bundleLibRuntimeToDirRelease_dex, /Users/oem/Projects/KapraDaily/node_modules/react-native-screens/android/build/.transforms/7239bd37896b540d42a3630db30739fc/transformed/bundleLibRuntimeToDirRelease/bundleLibRuntimeToDirRelease_dex, /Users/oem/Projects/KapraDaily/node_modules/react-native-screens/android/build/.transforms/7239bd37896b540d42a3630db30739fc/transformed/bundleLibRuntimeToDirRelease/bundleLibRuntimeToDirRelease_dex, /Users/oem/Projects/KapraDaily/node_modules/react-native-screens/android/build/.transforms/7239bd37896b540d42a3630db30739fc/transformed/bundleLibRuntimeToDirRelease/bundleLibRuntimeToDirRelease_dex, /Users/oem/Projects/KapraDaily/node_modules/react-native-screens/android/build/.transforms/7239bd37896b540d42a3630db30739fc/transformed/bundleLibRuntimeToDirRelease/bundleLibRuntimeToDirRelease_dex, /Users/oem/Projects/KapraDaily/node_modules/react-native-screens/android/build/.transforms/7239bd37896b540d42a3630db30739fc/transformed/bundleLibRuntimeToDirRelease/bundleLibRuntimeToDirRelease_dex, /Users/oem/Projects/KapraDaily/node_modules/react-native-screens/android/build/.transforms/7239bd37896b540d42a3630db30739fc/transformed/bundleLibRuntimeToDirRelease/bundleLibRuntimeToDirRelease_dex, /Users/oem/Projects/KapraDaily/node_modules/react-native-screens/android/build/.transforms/7239bd37896b540d42a3630db30739fc/transformed/bundleLibRuntimeToDirRelease/bundleLibRuntimeToDirRelease_dex, /Users/oem/Projects/KapraDaily/node_modules/react-native-screens/android/build/.transforms/7239bd37896b540d42a3630db30739fc/transformed/bundleLibRuntimeToDirRelease/bundleLibRuntimeToDirRelease_dex, /Users/oem/Projects/KapraDaily/node_modules/react-native-screens/android/build/.transforms/7239bd37896b540d42a3630db30739fc/transformed/bundleLibRuntimeToDirRelease/bundleLibRuntimeToDirRelease_dex, /Users/oem/Projects/KapraDaily/node_modules/react-native-screens/android/build/.transforms/7239bd37896b540d42a3630db30739fc/transformed/bundleLibRuntimeToDirRelease/bundleLibRuntimeToDirRelease_dex, /Users/oem/Projects/KapraDaily/node_modules/react-native-screens/android/build/.transforms/7239bd37896b540d42a3630db30739fc/transformed/bundleLibRuntimeToDirRelease/bundleLibRuntimeToDirRelease_dex, /Users/oem/Projects/KapraDaily/node_modules/react-native-screens/android/build/.transforms/7239bd37896b540d42a3630db30739fc/transformed/bundleLibRuntimeToDirRelease/bundleLibRuntimeToDirRelease_dex, /Users/oem/Projects/KapraDaily/node_modules/react-native-screens/android/build/.transforms/7239bd37896b540d42a3630db30739fc/transformed/bundleLibRuntimeToDirRelease/bundleLibRuntimeToDirRelease_dex, /Users/oem/Projects/KapraDaily/node_modules/react-native-screens/android/build/.transforms/7239bd37896b540d42a3630db30739fc/transformed/bundleLibRuntimeToDirRelease/bundleLibRuntimeToDirRelease_dex, /Users/oem/Projects/KapraDaily/node_modules/react-native-screens/android/build/.transforms/7239bd37896b540d42a3630db30739fc/transformed/bundleLibRuntimeToDirRelease/bundleLibRuntimeToDirRelease_dex, /Users/oem/Projects/KapraDaily/node_modules/react-native-screens/android/build/.transforms/7239bd37896b540d42a3630db30739fc/transformed/bundleLibRuntimeToDirRelease/bundleLibRuntimeToDirRelease_dex, /Users/oem/Projects/KapraDaily/node_modules/react-native-screens/android/build/.transforms/7239bd37896b540d42a3630db30739fc/transformed/bundleLibRuntimeToDirRelease/bundleLibRuntimeToDirRelease_dex, /Users/oem/Projects/KapraDaily/node_modules/react-native-screens/android/build/.transforms/7239bd37896b540d42a3630db30739fc/transformed/bundleLibRuntimeToDirRelease/bundleLibRuntimeToDirRelease_dex, /Users/oem/Projects/KapraDaily/node_modules/react-native-screens/android/build/.transforms/7239bd37896b540d42a3630db30739fc/transformed/bundleLibRuntimeToDirRelease/bundleLibRuntimeToDirRelease_dex, /Users/oem/Projects/KapraDaily/node_modules/react-native-screens/android/build/.transforms/7239bd37896b540d42a3630db30739fc/transformed/bundleLibRuntimeToDirRelease/bundleLibRuntimeToDirRelease_dex, /Users/oem/Projects/KapraDaily/node_modules/react-native-screens/android/build/.transforms/7239bd37896b540d42a3630db30739fc/transformed/bundleLibRuntimeToDirRelease/bundleLibRuntimeToDirRelease_dex, /Users/oem/Projects/KapraDaily/node_modules/react-native-screens/android/build/.transforms/7239bd37896b540d42a3630db30739fc/transformed/bundleLibRuntimeToDirRelease/bundleLibRuntimeToDirRelease_dex, /Users/oem/Projects/KapraDaily/node_modules/react-native-screens/android/build/.transforms/7239bd37896b540d42a3630db30739fc/transformed/bundleLibRuntimeToDirRelease/bundleLibRuntimeToDirRelease_dex, /Users/oem/Projects/KapraDaily/node_modules/react-native-screens/android/build/.transforms/7239bd37896b540d42a3630db30739fc/transformed/bundleLibRuntimeToDirRelease/bundleLibRuntimeToDirRelease_dex, /Users/oem/Projects/KapraDaily/node_modules/react-native-screens/android/build/.transforms/7239bd37896b540d42a3630db30739fc/transformed/bundleLibRuntimeToDirRelease/bundleLibRuntimeToDirRelease_dex, /Users/oem/Projects/KapraDaily/node_modules/react-native-screens/android/build/.transforms/7239bd37896b540d42a3630db30739fc/transformed/bundleLibRuntimeToDirRelease/bundleLibRuntimeToDirRelease_dex, /Users/oem/Projects/KapraDaily/node_modules/react-native-screens/android/build/.transforms/7239bd37896b540d42a3630db30739fc/transformed/bundleLibRuntimeToDirRelease/bundleLibRuntimeToDirRelease_dex, /Users/oem/Projects/KapraDaily/node_modules/react-native-screens/android/build/.transforms/7239bd37896b540d42a3630db30739fc/transformed/bundleLibRuntimeToDirRelease/bundleLibRuntimeToDirRelease_dex, /Users/oem/Projects/KapraDaily/node_modules/react-native-screens/android/build/.transforms/7239bd37896b540d42a3630db30739fc/transformed/bundleLibRuntimeToDirRelease/bundleLibRuntimeToDirRelease_dex, /Users/oem/Projects/KapraDaily/node_modules/react-native-screens/android/build/.transforms/7239bd37896b540d42a3630db30739fc/transformed/bundleLibRuntimeToDirRelease/bundleLibRuntimeToDirRelease_dex, /Users/oem/Projects/KapraDaily/node_modules/react-native-screens/android/build/.transforms/7239bd37896b540d42a3630db30739fc/transformed/bundleLibRuntimeToDirRelease/bundleLibRuntimeToDirRelease_dex, /Users/oem/Projects/KapraDaily/node_modules/react-native-screens/android/build/.transforms/7239bd37896b540d42a3630db30739fc/transformed/bundleLibRuntimeToDirRelease/bundleLibRuntimeToDirRelease_dex, /Users/oem/Projects/KapraDaily/node_modules/react-native-screens/android/build/.transforms/7239bd37896b540d42a3630db30739fc/transformed/bundleLibRuntimeToDirRelease/bundleLibRuntimeToDirRelease_dex, /Users/oem/Projects/KapraDaily/node_modules/react-native-screens/android/build/.transforms/7239bd37896b540d42a3630db30739fc/transformed/bundleLibRuntimeToDirRelease/bundleLibRuntimeToDirRelease_dex, /Users/oem/Projects/KapraDaily/node_modules/react-native-screens/android/build/.transforms/7239bd37896b540d42a3630db30739fc/transformed/bundleLibRuntimeToDirRelease/bundleLibRuntimeToDirRelease_dex, /Users/oem/Projects/KapraDaily/node_modules/react-native-screens/android/build/.transforms/7239bd37896b540d42a3630db30739fc/transformed/bundleLibRuntimeToDirRelease/bundleLibRuntimeToDirRelease_dex, /Users/oem/Projects/KapraDaily/node_modules/react-native-screens/android/build/.transforms/7239bd37896b540d42a3630db30739fc/transformed/bundleLibRuntimeToDirRelease/bundleLibRuntimeToDirRelease_dex, /Users/oem/Projects/KapraDaily/node_modules/react-native-screens/android/build/.transforms/7239bd37896b540d42a3630db30739fc/transformed/bundleLibRuntimeToDirRelease/bundleLibRuntimeToDirRelease_dex, /Users/oem/Projects/KapraDaily/node_modules/react-native-screens/android/build/.transforms/7239bd37896b540d42a3630db30739fc/transformed/bundleLibRuntimeToDirRelease/bundleLibRuntimeToDirRelease_dex, /Users/oem/Projects/KapraDaily/node_modules/react-native-screens/android/build/.transforms/7239bd37896b540d42a3630db30739fc/transformed/bundleLibRuntimeToDirRelease/bundleLibRuntimeToDirRelease_dex, /Users/oem/Projects/KapraDaily/node_modules/react-native-screens/android/build/.transforms/7239bd37896b540d42a3630db30739fc/transformed/bundleLibRuntimeToDirRelease/bundleLibRuntimeToDirRelease_dex, /Users/oem/Projects/KapraDaily/node_modules/react-native-screens/android/build/.transforms/7239bd37896b540d42a3630db30739fc/transformed/bundleLibRuntimeToDirRelease/bundleLibRuntimeToDirRelease_dex, /Users/oem/Projects/KapraDaily/node_modules/react-native-screens/android/build/.transforms/7239bd37896b540d42a3630db30739fc/transformed/bundleLibRuntimeToDirRelease/bundleLibRuntimeToDirRelease_dex, /Users/oem/Projects/KapraDaily/node_modules/react-native-screens/android/build/.transforms/7239bd37896b540d42a3630db30739fc/transformed/bundleLibRuntimeToDirRelease/bundleLibRuntimeToDirRelease_dex, /Users/oem/Projects/KapraDaily/node_modules/react-native-screens/android/build/.transforms/7239bd37896b540d42a3630db30739fc/transformed/bundleLibRuntimeToDirRelease/bundleLibRuntimeToDirRelease_dex, /Users/oem/Projects/KapraDaily/node_modules/react-native-screens/android/build/.transforms/7239bd37896b540d42a3630db30739fc/transformed/bundleLibRuntimeToDirRelease/bundleLibRuntimeToDirRelease_dex, /Users/oem/Projects/KapraDaily/node_modules/react-native-screens/android/build/.transforms/7239bd37896b540d42a3630db30739fc/transformed/bundleLibRuntimeToDirRelease/bundleLibRuntimeToDirRelease_dex, /Users/oem/Projects/KapraDaily/node_modules/@react-native-async-storage/async-storage/android/build/.transforms/bd56a77a1c2572aca52952b82f48991a/transformed/bundleLibRuntimeToDirRelease/bundleLibRuntimeToDirRelease_dex, /Users/oem/Projects/KapraDaily/node_modules/@react-native-async-storage/async-storage/android/build/.transforms/bd56a77a1c2572aca52952b82f48991a/transformed/bundleLibRuntimeToDirRelease/bundleLibRuntimeToDirRelease_dex, /Users/oem/Projects/KapraDaily/node_modules/@react-native-async-storage/async-storage/android/build/.transforms/bd56a77a1c2572aca52952b82f48991a/transformed/bundleLibRuntimeToDirRelease/bundleLibRuntimeToDirRelease_dex, /Users/oem/Projects/KapraDaily/node_modules/@react-native-async-storage/async-storage/android/build/.transforms/bd56a77a1c2572aca52952b82f48991a/transformed/bundleLibRuntimeToDirRelease/bundleLibRuntimeToDirRelease_dex, /Users/oem/Projects/KapraDaily/node_modules/@react-native-async-storage/async-storage/android/build/.transforms/bd56a77a1c2572aca52952b82f48991a/transformed/bundleLibRuntimeToDirRelease/bundleLibRuntimeToDirRelease_dex, /Users/oem/Projects/KapraDaily/node_modules/@react-native-async-storage/async-storage/android/build/.transforms/bd56a77a1c2572aca52952b82f48991a/transformed/bundleLibRuntimeToDirRelease/bundleLibRuntimeToDirRelease_dex, /Users/oem/Projects/KapraDaily/node_modules/@react-native-async-storage/async-storage/android/build/.transforms/bd56a77a1c2572aca52952b82f48991a/transformed/bundleLibRuntimeToDirRelease/bundleLibRuntimeToDirRelease_dex, /Users/oem/Projects/KapraDaily/node_modules/@react-native-async-storage/async-storage/android/build/.transforms/bd56a77a1c2572aca52952b82f48991a/transformed/bundleLibRuntimeToDirRelease/bundleLibRuntimeToDirRelease_dex, /Users/oem/Projects/KapraDaily/node_modules/@react-native-async-storage/async-storage/android/build/.transforms/bd56a77a1c2572aca52952b82f48991a/transformed/bundleLibRuntimeToDirRelease/bundleLibRuntimeToDirRelease_dex, /Users/oem/Projects/KapraDaily/node_modules/@react-native-async-storage/async-storage/android/build/.transforms/bd56a77a1c2572aca52952b82f48991a/transformed/bundleLibRuntimeToDirRelease/bundleLibRuntimeToDirRelease_dex, /Users/oem/Projects/KapraDaily/node_modules/@react-native-async-storage/async-storage/android/build/.transforms/bd56a77a1c2572aca52952b82f48991a/transformed/bundleLibRuntimeToDirRelease/bundleLibRuntimeToDirRelease_dex, /Users/oem/Projects/KapraDaily/node_modules/@react-native-async-storage/async-storage/android/build/.transforms/bd56a77a1c2572aca52952b82f48991a/transformed/bundleLibRuntimeToDirRelease/bundleLibRuntimeToDirRelease_dex, /Users/oem/Projects/KapraDaily/node_modules/@react-native-async-storage/async-storage/android/build/.transforms/bd56a77a1c2572aca52952b82f48991a/transformed/bundleLibRuntimeToDirRelease/bundleLibRuntimeToDirRelease_dex, /Users/oem/Projects/KapraDaily/node_modules/@react-native-async-storage/async-storage/android/build/.transforms/bd56a77a1c2572aca52952b82f48991a/transformed/bundleLibRuntimeToDirRelease/bundleLibRuntimeToDirRelease_dex, /Users/oem/Projects/KapraDaily/node_modules/@react-native-async-storage/async-storage/android/build/.transforms/bd56a77a1c2572aca52952b82f48991a/transformed/bundleLibRuntimeToDirRelease/bundleLibRuntimeToDirRelease_dex, /Users/oem/Projects/KapraDaily/node_modules/@react-native-async-storage/async-storage/android/build/.transforms/bd56a77a1c2572aca52952b82f48991a/transformed/bundleLibRuntimeToDirRelease/bundleLibRuntimeToDirRelease_dex, /Users/oem/Projects/KapraDaily/node_modules/@react-native-async-storage/async-storage/android/build/.transforms/bd56a77a1c2572aca52952b82f48991a/transformed/bundleLibRuntimeToDirRelease/bundleLibRuntimeToDirRelease_dex, /Users/oem/Projects/KapraDaily/node_modules/@react-native-community/blur/android/build/.transforms/2e1df99e1dd04fd36a3b0cb66325c18f/transformed/bundleLibRuntimeToDirRelease/bundleLibRuntimeToDirRelease_dex, /Users/oem/Projects/KapraDaily/node_modules/@react-native-community/blur/android/build/.transforms/2e1df99e1dd04fd36a3b0cb66325c18f/transformed/bundleLibRuntimeToDirRelease/bundleLibRuntimeToDirRelease_dex, /Users/oem/Projects/KapraDaily/node_modules/@react-native-community/blur/android/build/.transforms/2e1df99e1dd04fd36a3b0cb66325c18f/transformed/bundleLibRuntimeToDirRelease/bundleLibRuntimeToDirRelease_dex, /Users/oem/Projects/KapraDaily/node_modules/@react-native-community/blur/android/build/.transforms/2e1df99e1dd04fd36a3b0cb66325c18f/transformed/bundleLibRuntimeToDirRelease/bundleLibRuntimeToDirRelease_dex, /Users/oem/Projects/KapraDaily/node_modules/@react-native-community/blur/android/build/.transforms/2e1df99e1dd04fd36a3b0cb66325c18f/transformed/bundleLibRuntimeToDirRelease/bundleLibRuntimeToDirRelease_dex, /Users/oem/Projects/KapraDaily/node_modules/@react-native-community/blur/android/build/.transforms/2e1df99e1dd04fd36a3b0cb66325c18f/transformed/bundleLibRuntimeToDirRelease/bundleLibRuntimeToDirRelease_dex, /Users/oem/Projects/KapraDaily/node_modules/@react-native-community/geolocation/android/build/.transforms/257fea5085ade2ee5ac31db95d8a6e62/transformed/bundleLibRuntimeToDirRelease/bundleLibRuntimeToDirRelease_dex, /Users/oem/Projects/KapraDaily/node_modules/@react-native-community/geolocation/android/build/.transforms/257fea5085ade2ee5ac31db95d8a6e62/transformed/bundleLibRuntimeToDirRelease/bundleLibRuntimeToDirRelease_dex, /Users/oem/Projects/KapraDaily/node_modules/@react-native-community/geolocation/android/build/.transforms/257fea5085ade2ee5ac31db95d8a6e62/transformed/bundleLibRuntimeToDirRelease/bundleLibRuntimeToDirRelease_dex, /Users/oem/Projects/KapraDaily/node_modules/@react-native-community/geolocation/android/build/.transforms/257fea5085ade2ee5ac31db95d8a6e62/transformed/bundleLibRuntimeToDirRelease/bundleLibRuntimeToDirRelease_dex, /Users/oem/Projects/KapraDaily/node_modules/@react-native-community/geolocation/android/build/.transforms/257fea5085ade2ee5ac31db95d8a6e62/transformed/bundleLibRuntimeToDirRelease/bundleLibRuntimeToDirRelease_dex, /Users/oem/Projects/KapraDaily/node_modules/@react-native-community/geolocation/android/build/.transforms/257fea5085ade2ee5ac31db95d8a6e62/transformed/bundleLibRuntimeToDirRelease/bundleLibRuntimeToDirRelease_dex, /Users/oem/Projects/KapraDaily/node_modules/@react-native-community/geolocation/android/build/.transforms/257fea5085ade2ee5ac31db95d8a6e62/transformed/bundleLibRuntimeToDirRelease/bundleLibRuntimeToDirRelease_dex, /Users/oem/Projects/KapraDaily/node_modules/@react-native-community/geolocation/android/build/.transforms/257fea5085ade2ee5ac31db95d8a6e62/transformed/bundleLibRuntimeToDirRelease/bundleLibRuntimeToDirRelease_dex, /Users/oem/Projects/KapraDaily/node_modules/@react-native-community/geolocation/android/build/.transforms/257fea5085ade2ee5ac31db95d8a6e62/transformed/bundleLibRuntimeToDirRelease/bundleLibRuntimeToDirRelease_dex, /Users/oem/Projects/KapraDaily/node_modules/@react-native-community/geolocation/android/build/.transforms/257fea5085ade2ee5ac31db95d8a6e62/transformed/bundleLibRuntimeToDirRelease/bundleLibRuntimeToDirRelease_dex, /Users/oem/Projects/KapraDaily/node_modules/@react-native-community/geolocation/android/build/.transforms/257fea5085ade2ee5ac31db95d8a6e62/transformed/bundleLibRuntimeToDirRelease/bundleLibRuntimeToDirRelease_dex, /Users/oem/Projects/KapraDaily/node_modules/@react-native-community/geolocation/android/build/.transforms/257fea5085ade2ee5ac31db95d8a6e62/transformed/bundleLibRuntimeToDirRelease/bundleLibRuntimeToDirRelease_dex, /Users/oem/Projects/KapraDaily/node_modules/@react-native-community/geolocation/android/build/.transforms/257fea5085ade2ee5ac31db95d8a6e62/transformed/bundleLibRuntimeToDirRelease/bundleLibRuntimeToDirRelease_dex, /Users/oem/Projects/KapraDaily/node_modules/@react-native-community/geolocation/android/build/.transforms/257fea5085ade2ee5ac31db95d8a6e62/transformed/bundleLibRuntimeToDirRelease/bundleLibRuntimeToDirRelease_dex, /Users/oem/Projects/KapraDaily/node_modules/@react-native-community/geolocation/android/build/.transforms/257fea5085ade2ee5ac31db95d8a6e62/transformed/bundleLibRuntimeToDirRelease/bundleLibRuntimeToDirRelease_dex, /Users/oem/Projects/KapraDaily/node_modules/@react-native-community/geolocation/android/build/.transforms/257fea5085ade2ee5ac31db95d8a6e62/transformed/bundleLibRuntimeToDirRelease/bundleLibRuntimeToDirRelease_dex, /Users/oem/Projects/KapraDaily/node_modules/@react-native-community/geolocation/android/build/.transforms/257fea5085ade2ee5ac31db95d8a6e62/transformed/bundleLibRuntimeToDirRelease/bundleLibRuntimeToDirRelease_dex, /Users/oem/Projects/KapraDaily/node_modules/@react-native-community/geolocation/android/build/.transforms/257fea5085ade2ee5ac31db95d8a6e62/transformed/bundleLibRuntimeToDirRelease/bundleLibRuntimeToDirRelease_dex, /Users/oem/Projects/KapraDaily/node_modules/react-native-device-info/android/build/.transforms/2e31c27d7ddb6ba837f4141e6a5253f9/transformed/bundleLibRuntimeToDirRelease/bundleLibRuntimeToDirRelease_dex, /Users/oem/Projects/KapraDaily/node_modules/react-native-device-info/android/build/.transforms/2e31c27d7ddb6ba837f4141e6a5253f9/transformed/bundleLibRuntimeToDirRelease/bundleLibRuntimeToDirRelease_dex, /Users/oem/Projects/KapraDaily/node_modules/react-native-device-info/android/build/.transforms/2e31c27d7ddb6ba837f4141e6a5253f9/transformed/bundleLibRuntimeToDirRelease/bundleLibRuntimeToDirRelease_dex, /Users/oem/Projects/KapraDaily/node_modules/react-native-device-info/android/build/.transforms/2e31c27d7ddb6ba837f4141e6a5253f9/transformed/bundleLibRuntimeToDirRelease/bundleLibRuntimeToDirRelease_dex, /Users/oem/Projects/KapraDaily/node_modules/react-native-device-info/android/build/.transforms/2e31c27d7ddb6ba837f4141e6a5253f9/transformed/bundleLibRuntimeToDirRelease/bundleLibRuntimeToDirRelease_dex, /Users/oem/Projects/KapraDaily/node_modules/react-native-device-info/android/build/.transforms/2e31c27d7ddb6ba837f4141e6a5253f9/transformed/bundleLibRuntimeToDirRelease/bundleLibRuntimeToDirRelease_dex, /Users/oem/Projects/KapraDaily/node_modules/react-native-device-info/android/build/.transforms/2e31c27d7ddb6ba837f4141e6a5253f9/transformed/bundleLibRuntimeToDirRelease/bundleLibRuntimeToDirRelease_dex, /Users/oem/Projects/KapraDaily/node_modules/react-native-device-info/android/build/.transforms/2e31c27d7ddb6ba837f4141e6a5253f9/transformed/bundleLibRuntimeToDirRelease/bundleLibRuntimeToDirRelease_dex, /Users/oem/Projects/KapraDaily/node_modules/react-native-device-info/android/build/.transforms/2e31c27d7ddb6ba837f4141e6a5253f9/transformed/bundleLibRuntimeToDirRelease/bundleLibRuntimeToDirRelease_dex, /Users/oem/Projects/KapraDaily/node_modules/react-native-device-info/android/build/.transforms/2e31c27d7ddb6ba837f4141e6a5253f9/transformed/bundleLibRuntimeToDirRelease/bundleLibRuntimeToDirRelease_dex, /Users/oem/Projects/KapraDaily/node_modules/react-native-device-info/android/build/.transforms/2e31c27d7ddb6ba837f4141e6a5253f9/transformed/bundleLibRuntimeToDirRelease/bundleLibRuntimeToDirRelease_dex, /Users/oem/Projects/KapraDaily/node_modules/react-native-device-info/android/build/.transforms/2e31c27d7ddb6ba837f4141e6a5253f9/transformed/bundleLibRuntimeToDirRelease/bundleLibRuntimeToDirRelease_dex, /Users/oem/Projects/KapraDaily/node_modules/react-native-device-info/android/build/.transforms/2e31c27d7ddb6ba837f4141e6a5253f9/transformed/bundleLibRuntimeToDirRelease/bundleLibRuntimeToDirRelease_dex, /Users/oem/Projects/KapraDaily/node_modules/react-native-device-info/android/build/.transforms/2e31c27d7ddb6ba837f4141e6a5253f9/transformed/bundleLibRuntimeToDirRelease/bundleLibRuntimeToDirRelease_dex, /Users/oem/Projects/KapraDaily/node_modules/react-native-device-info/android/build/.transforms/2e31c27d7ddb6ba837f4141e6a5253f9/transformed/bundleLibRuntimeToDirRelease/bundleLibRuntimeToDirRelease_dex, /Users/oem/Projects/KapraDaily/node_modules/react-native-fast-image/android/build/.transforms/db27ec30947f675296c9cd39a863b13c/transformed/bundleLibRuntimeToDirRelease/bundleLibRuntimeToDirRelease_dex, /Users/oem/Projects/KapraDaily/node_modules/react-native-fast-image/android/build/.transforms/db27ec30947f675296c9cd39a863b13c/transformed/bundleLibRuntimeToDirRelease/bundleLibRuntimeToDirRelease_dex, /Users/oem/Projects/KapraDaily/node_modules/react-native-fast-image/android/build/.transforms/db27ec30947f675296c9cd39a863b13c/transformed/bundleLibRuntimeToDirRelease/bundleLibRuntimeToDirRelease_dex, /Users/oem/Projects/KapraDaily/node_modules/react-native-fast-image/android/build/.transforms/db27ec30947f675296c9cd39a863b13c/transformed/bundleLibRuntimeToDirRelease/bundleLibRuntimeToDirRelease_dex, /Users/oem/Projects/KapraDaily/node_modules/react-native-fast-image/android/build/.transforms/db27ec30947f675296c9cd39a863b13c/transformed/bundleLibRuntimeToDirRelease/bundleLibRuntimeToDirRelease_dex, /Users/oem/Projects/KapraDaily/node_modules/react-native-fast-image/android/build/.transforms/db27ec30947f675296c9cd39a863b13c/transformed/bundleLibRuntimeToDirRelease/bundleLibRuntimeToDirRelease_dex, /Users/oem/Projects/KapraDaily/node_modules/react-native-fast-image/android/build/.transforms/db27ec30947f675296c9cd39a863b13c/transformed/bundleLibRuntimeToDirRelease/bundleLibRuntimeToDirRelease_dex, /Users/oem/Projects/KapraDaily/node_modules/react-native-fast-image/android/build/.transforms/db27ec30947f675296c9cd39a863b13c/transformed/bundleLibRuntimeToDirRelease/bundleLibRuntimeToDirRelease_dex, /Users/oem/Projects/KapraDaily/node_modules/react-native-fast-image/android/build/.transforms/db27ec30947f675296c9cd39a863b13c/transformed/bundleLibRuntimeToDirRelease/bundleLibRuntimeToDirRelease_dex, /Users/oem/Projects/KapraDaily/node_modules/react-native-fast-image/android/build/.transforms/db27ec30947f675296c9cd39a863b13c/transformed/bundleLibRuntimeToDirRelease/bundleLibRuntimeToDirRelease_dex, /Users/oem/Projects/KapraDaily/node_modules/react-native-fast-image/android/build/.transforms/db27ec30947f675296c9cd39a863b13c/transformed/bundleLibRuntimeToDirRelease/bundleLibRuntimeToDirRelease_dex, /Users/oem/Projects/KapraDaily/node_modules/react-native-fast-image/android/build/.transforms/db27ec30947f675296c9cd39a863b13c/transformed/bundleLibRuntimeToDirRelease/bundleLibRuntimeToDirRelease_dex, /Users/oem/Projects/KapraDaily/node_modules/react-native-fast-image/android/build/.transforms/db27ec30947f675296c9cd39a863b13c/transformed/bundleLibRuntimeToDirRelease/bundleLibRuntimeToDirRelease_dex, /Users/oem/Projects/KapraDaily/node_modules/react-native-fast-image/android/build/.transforms/db27ec30947f675296c9cd39a863b13c/transformed/bundleLibRuntimeToDirRelease/bundleLibRuntimeToDirRelease_dex, /Users/oem/Projects/KapraDaily/node_modules/react-native-fast-image/android/build/.transforms/db27ec30947f675296c9cd39a863b13c/transformed/bundleLibRuntimeToDirRelease/bundleLibRuntimeToDirRelease_dex, /Users/oem/Projects/KapraDaily/node_modules/react-native-fast-image/android/build/.transforms/db27ec30947f675296c9cd39a863b13c/transformed/bundleLibRuntimeToDirRelease/bundleLibRuntimeToDirRelease_dex, /Users/oem/Projects/KapraDaily/node_modules/react-native-fast-image/android/build/.transforms/db27ec30947f675296c9cd39a863b13c/transformed/bundleLibRuntimeToDirRelease/bundleLibRuntimeToDirRelease_dex, /Users/oem/Projects/KapraDaily/node_modules/react-native-fast-image/android/build/.transforms/db27ec30947f675296c9cd39a863b13c/transformed/bundleLibRuntimeToDirRelease/bundleLibRuntimeToDirRelease_dex, /Users/oem/Projects/KapraDaily/node_modules/react-native-fast-image/android/build/.transforms/db27ec30947f675296c9cd39a863b13c/transformed/bundleLibRuntimeToDirRelease/bundleLibRuntimeToDirRelease_dex, /Users/oem/Projects/KapraDaily/node_modules/react-native-fast-image/android/build/.transforms/db27ec30947f675296c9cd39a863b13c/transformed/bundleLibRuntimeToDirRelease/bundleLibRuntimeToDirRelease_dex, /Users/oem/Projects/KapraDaily/node_modules/react-native-fast-image/android/build/.transforms/db27ec30947f675296c9cd39a863b13c/transformed/bundleLibRuntimeToDirRelease/bundleLibRuntimeToDirRelease_dex, /Users/oem/Projects/KapraDaily/node_modules/react-native-fast-image/android/build/.transforms/db27ec30947f675296c9cd39a863b13c/transformed/bundleLibRuntimeToDirRelease/bundleLibRuntimeToDirRelease_dex, /Users/oem/Projects/KapraDaily/node_modules/react-native-fast-image/android/build/.transforms/db27ec30947f675296c9cd39a863b13c/transformed/bundleLibRuntimeToDirRelease/bundleLibRuntimeToDirRelease_dex, /Users/oem/Projects/KapraDaily/node_modules/react-native-fast-image/android/build/.transforms/db27ec30947f675296c9cd39a863b13c/transformed/bundleLibRuntimeToDirRelease/bundleLibRuntimeToDirRelease_dex, /Users/oem/Projects/KapraDaily/node_modules/react-native-fast-image/android/build/.transforms/db27ec30947f675296c9cd39a863b13c/transformed/bundleLibRuntimeToDirRelease/bundleLibRuntimeToDirRelease_dex, /Users/oem/Projects/KapraDaily/node_modules/react-native-fast-image/android/build/.transforms/db27ec30947f675296c9cd39a863b13c/transformed/bundleLibRuntimeToDirRelease/bundleLibRuntimeToDirRelease_dex, /Users/oem/Projects/KapraDaily/node_modules/react-native-fast-image/android/build/.transforms/db27ec30947f675296c9cd39a863b13c/transformed/bundleLibRuntimeToDirRelease/bundleLibRuntimeToDirRelease_dex, /Users/oem/Projects/KapraDaily/node_modules/react-native-fast-image/android/build/.transforms/db27ec30947f675296c9cd39a863b13c/transformed/bundleLibRuntimeToDirRelease/bundleLibRuntimeToDirRelease_dex, /Users/oem/Projects/KapraDaily/node_modules/react-native-fast-image/android/build/.transforms/db27ec30947f675296c9cd39a863b13c/transformed/bundleLibRuntimeToDirRelease/bundleLibRuntimeToDirRelease_dex, /Users/oem/Projects/KapraDaily/node_modules/react-native-fast-image/android/build/.transforms/db27ec30947f675296c9cd39a863b13c/transformed/bundleLibRuntimeToDirRelease/bundleLibRuntimeToDirRelease_dex, /Users/oem/Projects/KapraDaily/node_modules/react-native-linear-gradient/android/build/.transforms/377790de457edfd49c17de6044a8f4ea/transformed/bundleLibRuntimeToDirRelease/bundleLibRuntimeToDirRelease_dex, /Users/oem/Projects/KapraDaily/node_modules/react-native-linear-gradient/android/build/.transforms/377790de457edfd49c17de6044a8f4ea/transformed/bundleLibRuntimeToDirRelease/bundleLibRuntimeToDirRelease_dex, /Users/oem/Projects/KapraDaily/node_modules/react-native-linear-gradient/android/build/.transforms/377790de457edfd49c17de6044a8f4ea/transformed/bundleLibRuntimeToDirRelease/bundleLibRuntimeToDirRelease_dex, /Users/oem/Projects/KapraDaily/node_modules/react-native-linear-gradient/android/build/.transforms/377790de457edfd49c17de6044a8f4ea/transformed/bundleLibRuntimeToDirRelease/bundleLibRuntimeToDirRelease_dex, /Users/oem/Projects/KapraDaily/node_modules/react-native-onesignal/android/build/.transforms/56672bd7aa52091b62da777627438031/transformed/bundleLibRuntimeToDirRelease/bundleLibRuntimeToDirRelease_dex, /Users/oem/Projects/KapraDaily/node_modules/react-native-onesignal/android/build/.transforms/56672bd7aa52091b62da777627438031/transformed/bundleLibRuntimeToDirRelease/bundleLibRuntimeToDirRelease_dex, /Users/oem/Projects/KapraDaily/node_modules/react-native-onesignal/android/build/.transforms/56672bd7aa52091b62da777627438031/transformed/bundleLibRuntimeToDirRelease/bundleLibRuntimeToDirRelease_dex, /Users/oem/Projects/KapraDaily/node_modules/react-native-onesignal/android/build/.transforms/56672bd7aa52091b62da777627438031/transformed/bundleLibRuntimeToDirRelease/bundleLibRuntimeToDirRelease_dex, /Users/oem/Projects/KapraDaily/node_modules/react-native-onesignal/android/build/.transforms/56672bd7aa52091b62da777627438031/transformed/bundleLibRuntimeToDirRelease/bundleLibRuntimeToDirRelease_dex, /Users/oem/Projects/KapraDaily/node_modules/react-native-onesignal/android/build/.transforms/56672bd7aa52091b62da777627438031/transformed/bundleLibRuntimeToDirRelease/bundleLibRuntimeToDirRelease_dex, /Users/oem/Projects/KapraDaily/node_modules/react-native-onesignal/android/build/.transforms/56672bd7aa52091b62da777627438031/transformed/bundleLibRuntimeToDirRelease/bundleLibRuntimeToDirRelease_dex, /Users/oem/Projects/KapraDaily/node_modules/react-native-otp-verify/android/build/.transforms/c72048a66ab174d175466523eef132c2/transformed/bundleLibRuntimeToDirRelease/bundleLibRuntimeToDirRelease_dex, /Users/oem/Projects/KapraDaily/node_modules/react-native-otp-verify/android/build/.transforms/c72048a66ab174d175466523eef132c2/transformed/bundleLibRuntimeToDirRelease/bundleLibRuntimeToDirRelease_dex, /Users/oem/Projects/KapraDaily/node_modules/react-native-otp-verify/android/build/.transforms/c72048a66ab174d175466523eef132c2/transformed/bundleLibRuntimeToDirRelease/bundleLibRuntimeToDirRelease_dex, /Users/oem/Projects/KapraDaily/node_modules/react-native-otp-verify/android/build/.transforms/c72048a66ab174d175466523eef132c2/transformed/bundleLibRuntimeToDirRelease/bundleLibRuntimeToDirRelease_dex, /Users/oem/Projects/KapraDaily/node_modules/react-native-otp-verify/android/build/.transforms/c72048a66ab174d175466523eef132c2/transformed/bundleLibRuntimeToDirRelease/bundleLibRuntimeToDirRelease_dex, /Users/oem/Projects/KapraDaily/node_modules/react-native-otp-verify/android/build/.transforms/c72048a66ab174d175466523eef132c2/transformed/bundleLibRuntimeToDirRelease/bundleLibRuntimeToDirRelease_dex, /Users/oem/Projects/KapraDaily/node_modules/react-native-otp-verify/android/build/.transforms/c72048a66ab174d175466523eef132c2/transformed/bundleLibRuntimeToDirRelease/bundleLibRuntimeToDirRelease_dex, /Users/oem/Projects/KapraDaily/node_modules/react-native-otp-verify/android/build/.transforms/c72048a66ab174d175466523eef132c2/transformed/bundleLibRuntimeToDirRelease/bundleLibRuntimeToDirRelease_dex, /Users/oem/Projects/KapraDaily/node_modules/react-native-otp-verify/android/build/.transforms/c72048a66ab174d175466523eef132c2/transformed/bundleLibRuntimeToDirRelease/bundleLibRuntimeToDirRelease_dex, /Users/oem/Projects/KapraDaily/node_modules/react-native-razorpay/android/build/.transforms/0c285a475776d2272b4c4d3130bd1dd9/transformed/bundleLibRuntimeToDirRelease/bundleLibRuntimeToDirRelease_dex, /Users/oem/Projects/KapraDaily/node_modules/react-native-razorpay/android/build/.transforms/0c285a475776d2272b4c4d3130bd1dd9/transformed/bundleLibRuntimeToDirRelease/bundleLibRuntimeToDirRelease_dex, /Users/oem/Projects/KapraDaily/node_modules/react-native-razorpay/android/build/.transforms/0c285a475776d2272b4c4d3130bd1dd9/transformed/bundleLibRuntimeToDirRelease/bundleLibRuntimeToDirRelease_dex, /Users/oem/Projects/KapraDaily/node_modules/react-native-razorpay/android/build/.transforms/0c285a475776d2272b4c4d3130bd1dd9/transformed/bundleLibRuntimeToDirRelease/bundleLibRuntimeToDirRelease_dex, /Users/oem/Projects/KapraDaily/node_modules/react-native-razorpay/android/build/.transforms/0c285a475776d2272b4c4d3130bd1dd9/transformed/bundleLibRuntimeToDirRelease/bundleLibRuntimeToDirRelease_dex, /Users/oem/Projects/KapraDaily/node_modules/react-native-svg/android/build/.transforms/b560a883d610a48b86c5ea21047d9ba2/transformed/bundleLibRuntimeToDirRelease/bundleLibRuntimeToDirRelease_dex, /Users/oem/Projects/KapraDaily/node_modules/react-native-svg/android/build/.transforms/b560a883d610a48b86c5ea21047d9ba2/transformed/bundleLibRuntimeToDirRelease/bundleLibRuntimeToDirRelease_dex, /Users/oem/Projects/KapraDaily/node_modules/react-native-svg/android/build/.transforms/b560a883d610a48b86c5ea21047d9ba2/transformed/bundleLibRuntimeToDirRelease/bundleLibRuntimeToDirRelease_dex, /Users/oem/Projects/KapraDaily/node_modules/react-native-svg/android/build/.transforms/b560a883d610a48b86c5ea21047d9ba2/transformed/bundleLibRuntimeToDirRelease/bundleLibRuntimeToDirRelease_dex, /Users/oem/Projects/KapraDaily/node_modules/react-native-svg/android/build/.transforms/b560a883d610a48b86c5ea21047d9ba2/transformed/bundleLibRuntimeToDirRelease/bundleLibRuntimeToDirRelease_dex, /Users/oem/Projects/KapraDaily/node_modules/react-native-svg/android/build/.transforms/b560a883d610a48b86c5ea21047d9ba2/transformed/bundleLibRuntimeToDirRelease/bundleLibRuntimeToDirRelease_dex, /Users/oem/Projects/KapraDaily/node_modules/react-native-svg/android/build/.transforms/b560a883d610a48b86c5ea21047d9ba2/transformed/bundleLibRuntimeToDirRelease/bundleLibRuntimeToDirRelease_dex, /Users/oem/Projects/KapraDaily/node_modules/react-native-svg/android/build/.transforms/b560a883d610a48b86c5ea21047d9ba2/transformed/bundleLibRuntimeToDirRelease/bundleLibRuntimeToDirRelease_dex, /Users/oem/Projects/KapraDaily/node_modules/react-native-svg/android/build/.transforms/b560a883d610a48b86c5ea21047d9ba2/transformed/bundleLibRuntimeToDirRelease/bundleLibRuntimeToDirRelease_dex, /Users/oem/Projects/KapraDaily/node_modules/react-native-svg/android/build/.transforms/b560a883d610a48b86c5ea21047d9ba2/transformed/bundleLibRuntimeToDirRelease/bundleLibRuntimeToDirRelease_dex, /Users/oem/Projects/KapraDaily/node_modules/react-native-svg/android/build/.transforms/b560a883d610a48b86c5ea21047d9ba2/transformed/bundleLibRuntimeToDirRelease/bundleLibRuntimeToDirRelease_dex, /Users/oem/Projects/KapraDaily/node_modules/react-native-svg/android/build/.transforms/b560a883d610a48b86c5ea21047d9ba2/transformed/bundleLibRuntimeToDirRelease/bundleLibRuntimeToDirRelease_dex, /Users/oem/Projects/KapraDaily/node_modules/react-native-svg/android/build/.transforms/b560a883d610a48b86c5ea21047d9ba2/transformed/bundleLibRuntimeToDirRelease/bundleLibRuntimeToDirRelease_dex, /Users/oem/Projects/KapraDaily/node_modules/react-native-svg/android/build/.transforms/b560a883d610a48b86c5ea21047d9ba2/transformed/bundleLibRuntimeToDirRelease/bundleLibRuntimeToDirRelease_dex, /Users/oem/Projects/KapraDaily/node_modules/react-native-svg/android/build/.transforms/b560a883d610a48b86c5ea21047d9ba2/transformed/bundleLibRuntimeToDirRelease/bundleLibRuntimeToDirRelease_dex, /Users/oem/Projects/KapraDaily/node_modules/react-native-svg/android/build/.transforms/b560a883d610a48b86c5ea21047d9ba2/transformed/bundleLibRuntimeToDirRelease/bundleLibRuntimeToDirRelease_dex, /Users/oem/Projects/KapraDaily/node_modules/react-native-svg/android/build/.transforms/b560a883d610a48b86c5ea21047d9ba2/transformed/bundleLibRuntimeToDirRelease/bundleLibRuntimeToDirRelease_dex, /Users/oem/Projects/KapraDaily/node_modules/react-native-svg/android/build/.transforms/b560a883d610a48b86c5ea21047d9ba2/transformed/bundleLibRuntimeToDirRelease/bundleLibRuntimeToDirRelease_dex, /Users/oem/Projects/KapraDaily/node_modules/react-native-svg/android/build/.transforms/b560a883d610a48b86c5ea21047d9ba2/transformed/bundleLibRuntimeToDirRelease/bundleLibRuntimeToDirRelease_dex, /Users/oem/Projects/KapraDaily/node_modules/react-native-svg/android/build/.transforms/b560a883d610a48b86c5ea21047d9ba2/transformed/bundleLibRuntimeToDirRelease/bundleLibRuntimeToDirRelease_dex, /Users/oem/Projects/KapraDaily/node_modules/react-native-svg/android/build/.transforms/b560a883d610a48b86c5ea21047d9ba2/transformed/bundleLibRuntimeToDirRelease/bundleLibRuntimeToDirRelease_dex, /Users/oem/Projects/KapraDaily/node_modules/react-native-svg/android/build/.transforms/b560a883d610a48b86c5ea21047d9ba2/transformed/bundleLibRuntimeToDirRelease/bundleLibRuntimeToDirRelease_dex, /Users/oem/Projects/KapraDaily/node_modules/react-native-svg/android/build/.transforms/b560a883d610a48b86c5ea21047d9ba2/transformed/bundleLibRuntimeToDirRelease/bundleLibRuntimeToDirRelease_dex, /Users/oem/Projects/KapraDaily/node_modules/react-native-svg/android/build/.transforms/b560a883d610a48b86c5ea21047d9ba2/transformed/bundleLibRuntimeToDirRelease/bundleLibRuntimeToDirRelease_dex, /Users/oem/Projects/KapraDaily/node_modules/react-native-svg/android/build/.transforms/b560a883d610a48b86c5ea21047d9ba2/transformed/bundleLibRuntimeToDirRelease/bundleLibRuntimeToDirRelease_dex, /Users/oem/Projects/KapraDaily/node_modules/react-native-svg/android/build/.transforms/b560a883d610a48b86c5ea21047d9ba2/transformed/bundleLibRuntimeToDirRelease/bundleLibRuntimeToDirRelease_dex, /Users/oem/Projects/KapraDaily/node_modules/react-native-svg/android/build/.transforms/b560a883d610a48b86c5ea21047d9ba2/transformed/bundleLibRuntimeToDirRelease/bundleLibRuntimeToDirRelease_dex, /Users/oem/Projects/KapraDaily/node_modules/react-native-svg/android/build/.transforms/b560a883d610a48b86c5ea21047d9ba2/transformed/bundleLibRuntimeToDirRelease/bundleLibRuntimeToDirRelease_dex, /Users/oem/Projects/KapraDaily/node_modules/react-native-svg/android/build/.transforms/b560a883d610a48b86c5ea21047d9ba2/transformed/bundleLibRuntimeToDirRelease/bundleLibRuntimeToDirRelease_dex, /Users/oem/Projects/KapraDaily/node_modules/react-native-svg/android/build/.transforms/b560a883d610a48b86c5ea21047d9ba2/transformed/bundleLibRuntimeToDirRelease/bundleLibRuntimeToDirRelease_dex, /Users/oem/Projects/KapraDaily/node_modules/react-native-svg/android/build/.transforms/b560a883d610a48b86c5ea21047d9ba2/transformed/bundleLibRuntimeToDirRelease/bundleLibRuntimeToDirRelease_dex, /Users/oem/Projects/KapraDaily/node_modules/react-native-svg/android/build/.transforms/b560a883d610a48b86c5ea21047d9ba2/transformed/bundleLibRuntimeToDirRelease/bundleLibRuntimeToDirRelease_dex, /Users/oem/Projects/KapraDaily/node_modules/react-native-svg/android/build/.transforms/b560a883d610a48b86c5ea21047d9ba2/transformed/bundleLibRuntimeToDirRelease/bundleLibRuntimeToDirRelease_dex, /Users/oem/Projects/KapraDaily/node_modules/react-native-svg/android/build/.transforms/b560a883d610a48b86c5ea21047d9ba2/transformed/bundleLibRuntimeToDirRelease/bundleLibRuntimeToDirRelease_dex, /Users/oem/Projects/KapraDaily/node_modules/react-native-svg/android/build/.transforms/b560a883d610a48b86c5ea21047d9ba2/transformed/bundleLibRuntimeToDirRelease/bundleLibRuntimeToDirRelease_dex, /Users/oem/Projects/KapraDaily/node_modules/react-native-svg/android/build/.transforms/b560a883d610a48b86c5ea21047d9ba2/transformed/bundleLibRuntimeToDirRelease/bundleLibRuntimeToDirRelease_dex, /Users/oem/Projects/KapraDaily/node_modules/react-native-svg/android/build/.transforms/b560a883d610a48b86c5ea21047d9ba2/transformed/bundleLibRuntimeToDirRelease/bundleLibRuntimeToDirRelease_dex, /Users/oem/Projects/KapraDaily/node_modules/react-native-svg/android/build/.transforms/b560a883d610a48b86c5ea21047d9ba2/transformed/bundleLibRuntimeToDirRelease/bundleLibRuntimeToDirRelease_dex, /Users/oem/Projects/KapraDaily/node_modules/react-native-svg/android/build/.transforms/b560a883d610a48b86c5ea21047d9ba2/transformed/bundleLibRuntimeToDirRelease/bundleLibRuntimeToDirRelease_dex, /Users/oem/Projects/KapraDaily/node_modules/react-native-svg/android/build/.transforms/b560a883d610a48b86c5ea21047d9ba2/transformed/bundleLibRuntimeToDirRelease/bundleLibRuntimeToDirRelease_dex, /Users/oem/Projects/KapraDaily/node_modules/react-native-svg/android/build/.transforms/b560a883d610a48b86c5ea21047d9ba2/transformed/bundleLibRuntimeToDirRelease/bundleLibRuntimeToDirRelease_dex, /Users/oem/Projects/KapraDaily/node_modules/react-native-svg/android/build/.transforms/b560a883d610a48b86c5ea21047d9ba2/transformed/bundleLibRuntimeToDirRelease/bundleLibRuntimeToDirRelease_dex, /Users/oem/Projects/KapraDaily/node_modules/react-native-svg/android/build/.transforms/b560a883d610a48b86c5ea21047d9ba2/transformed/bundleLibRuntimeToDirRelease/bundleLibRuntimeToDirRelease_dex, /Users/oem/Projects/KapraDaily/node_modules/react-native-svg/android/build/.transforms/b560a883d610a48b86c5ea21047d9ba2/transformed/bundleLibRuntimeToDirRelease/bundleLibRuntimeToDirRelease_dex, /Users/oem/Projects/KapraDaily/node_modules/react-native-svg/android/build/.transforms/b560a883d610a48b86c5ea21047d9ba2/transformed/bundleLibRuntimeToDirRelease/bundleLibRuntimeToDirRelease_dex, /Users/oem/Projects/KapraDaily/node_modules/react-native-svg/android/build/.transforms/b560a883d610a48b86c5ea21047d9ba2/transformed/bundleLibRuntimeToDirRelease/bundleLibRuntimeToDirRelease_dex, /Users/oem/Projects/KapraDaily/node_modules/react-native-svg/android/build/.transforms/b560a883d610a48b86c5ea21047d9ba2/transformed/bundleLibRuntimeToDirRelease/bundleLibRuntimeToDirRelease_dex, /Users/oem/Projects/KapraDaily/node_modules/react-native-svg/android/build/.transforms/b560a883d610a48b86c5ea21047d9ba2/transformed/bundleLibRuntimeToDirRelease/bundleLibRuntimeToDirRelease_dex, /Users/oem/Projects/KapraDaily/node_modules/react-native-svg/android/build/.transforms/b560a883d610a48b86c5ea21047d9ba2/transformed/bundleLibRuntimeToDirRelease/bundleLibRuntimeToDirRelease_dex, /Users/oem/Projects/KapraDaily/node_modules/react-native-svg/android/build/.transforms/b560a883d610a48b86c5ea21047d9ba2/transformed/bundleLibRuntimeToDirRelease/bundleLibRuntimeToDirRelease_dex, /Users/oem/Projects/KapraDaily/node_modules/react-native-svg/android/build/.transforms/b560a883d610a48b86c5ea21047d9ba2/transformed/bundleLibRuntimeToDirRelease/bundleLibRuntimeToDirRelease_dex, /Users/oem/Projects/KapraDaily/node_modules/react-native-svg/android/build/.transforms/b560a883d610a48b86c5ea21047d9ba2/transformed/bundleLibRuntimeToDirRelease/bundleLibRuntimeToDirRelease_dex, /Users/oem/Projects/KapraDaily/node_modules/react-native-svg/android/build/.transforms/b560a883d610a48b86c5ea21047d9ba2/transformed/bundleLibRuntimeToDirRelease/bundleLibRuntimeToDirRelease_dex, /Users/oem/Projects/KapraDaily/node_modules/react-native-svg/android/build/.transforms/b560a883d610a48b86c5ea21047d9ba2/transformed/bundleLibRuntimeToDirRelease/bundleLibRuntimeToDirRelease_dex, /Users/oem/Projects/KapraDaily/node_modules/react-native-svg/android/build/.transforms/b560a883d610a48b86c5ea21047d9ba2/transformed/bundleLibRuntimeToDirRelease/bundleLibRuntimeToDirRelease_dex, /Users/oem/Projects/KapraDaily/node_modules/react-native-svg/android/build/.transforms/b560a883d610a48b86c5ea21047d9ba2/transformed/bundleLibRuntimeToDirRelease/bundleLibRuntimeToDirRelease_dex, /Users/oem/Projects/KapraDaily/node_modules/react-native-svg/android/build/.transforms/b560a883d610a48b86c5ea21047d9ba2/transformed/bundleLibRuntimeToDirRelease/bundleLibRuntimeToDirRelease_dex, /Users/oem/Projects/KapraDaily/node_modules/react-native-svg/android/build/.transforms/b560a883d610a48b86c5ea21047d9ba2/transformed/bundleLibRuntimeToDirRelease/bundleLibRuntimeToDirRelease_dex, /Users/oem/Projects/KapraDaily/node_modules/react-native-svg/android/build/.transforms/b560a883d610a48b86c5ea21047d9ba2/transformed/bundleLibRuntimeToDirRelease/bundleLibRuntimeToDirRelease_dex, /Users/oem/Projects/KapraDaily/node_modules/react-native-svg/android/build/.transforms/b560a883d610a48b86c5ea21047d9ba2/transformed/bundleLibRuntimeToDirRelease/bundleLibRuntimeToDirRelease_dex, /Users/oem/Projects/KapraDaily/node_modules/react-native-svg/android/build/.transforms/b560a883d610a48b86c5ea21047d9ba2/transformed/bundleLibRuntimeToDirRelease/bundleLibRuntimeToDirRelease_dex, /Users/oem/Projects/KapraDaily/node_modules/react-native-svg/android/build/.transforms/b560a883d610a48b86c5ea21047d9ba2/transformed/bundleLibRuntimeToDirRelease/bundleLibRuntimeToDirRelease_dex, /Users/oem/Projects/KapraDaily/node_modules/react-native-svg/android/build/.transforms/b560a883d610a48b86c5ea21047d9ba2/transformed/bundleLibRuntimeToDirRelease/bundleLibRuntimeToDirRelease_dex, /Users/oem/Projects/KapraDaily/node_modules/react-native-svg/android/build/.transforms/b560a883d610a48b86c5ea21047d9ba2/transformed/bundleLibRuntimeToDirRelease/bundleLibRuntimeToDirRelease_dex, /Users/oem/Projects/KapraDaily/node_modules/react-native-svg/android/build/.transforms/b560a883d610a48b86c5ea21047d9ba2/transformed/bundleLibRuntimeToDirRelease/bundleLibRuntimeToDirRelease_dex, /Users/oem/Projects/KapraDaily/node_modules/react-native-svg/android/build/.transforms/b560a883d610a48b86c5ea21047d9ba2/transformed/bundleLibRuntimeToDirRelease/bundleLibRuntimeToDirRelease_dex, /Users/oem/Projects/KapraDaily/node_modules/react-native-svg/android/build/.transforms/b560a883d610a48b86c5ea21047d9ba2/transformed/bundleLibRuntimeToDirRelease/bundleLibRuntimeToDirRelease_dex, /Users/oem/Projects/KapraDaily/node_modules/react-native-svg/android/build/.transforms/b560a883d610a48b86c5ea21047d9ba2/transformed/bundleLibRuntimeToDirRelease/bundleLibRuntimeToDirRelease_dex, /Users/oem/Projects/KapraDaily/node_modules/react-native-svg/android/build/.transforms/b560a883d610a48b86c5ea21047d9ba2/transformed/bundleLibRuntimeToDirRelease/bundleLibRuntimeToDirRelease_dex, /Users/oem/Projects/KapraDaily/node_modules/react-native-svg/android/build/.transforms/b560a883d610a48b86c5ea21047d9ba2/transformed/bundleLibRuntimeToDirRelease/bundleLibRuntimeToDirRelease_dex, /Users/oem/Projects/KapraDaily/node_modules/react-native-svg/android/build/.transforms/b560a883d610a48b86c5ea21047d9ba2/transformed/bundleLibRuntimeToDirRelease/bundleLibRuntimeToDirRelease_dex, /Users/oem/Projects/KapraDaily/node_modules/react-native-svg/android/build/.transforms/b560a883d610a48b86c5ea21047d9ba2/transformed/bundleLibRuntimeToDirRelease/bundleLibRuntimeToDirRelease_dex, /Users/oem/Projects/KapraDaily/node_modules/react-native-svg/android/build/.transforms/b560a883d610a48b86c5ea21047d9ba2/transformed/bundleLibRuntimeToDirRelease/bundleLibRuntimeToDirRelease_dex, /Users/oem/Projects/KapraDaily/node_modules/react-native-svg/android/build/.transforms/b560a883d610a48b86c5ea21047d9ba2/transformed/bundleLibRuntimeToDirRelease/bundleLibRuntimeToDirRelease_dex, /Users/oem/Projects/KapraDaily/node_modules/react-native-svg/android/build/.transforms/b560a883d610a48b86c5ea21047d9ba2/transformed/bundleLibRuntimeToDirRelease/bundleLibRuntimeToDirRelease_dex, /Users/oem/Projects/KapraDaily/node_modules/react-native-svg/android/build/.transforms/b560a883d610a48b86c5ea21047d9ba2/transformed/bundleLibRuntimeToDirRelease/bundleLibRuntimeToDirRelease_dex, /Users/oem/Projects/KapraDaily/node_modules/react-native-svg/android/build/.transforms/b560a883d610a48b86c5ea21047d9ba2/transformed/bundleLibRuntimeToDirRelease/bundleLibRuntimeToDirRelease_dex, /Users/oem/Projects/KapraDaily/node_modules/react-native-svg/android/build/.transforms/b560a883d610a48b86c5ea21047d9ba2/transformed/bundleLibRuntimeToDirRelease/bundleLibRuntimeToDirRelease_dex, /Users/oem/Projects/KapraDaily/node_modules/react-native-svg/android/build/.transforms/b560a883d610a48b86c5ea21047d9ba2/transformed/bundleLibRuntimeToDirRelease/bundleLibRuntimeToDirRelease_dex, /Users/oem/Projects/KapraDaily/node_modules/react-native-svg/android/build/.transforms/b560a883d610a48b86c5ea21047d9ba2/transformed/bundleLibRuntimeToDirRelease/bundleLibRuntimeToDirRelease_dex, /Users/oem/Projects/KapraDaily/node_modules/react-native-svg/android/build/.transforms/b560a883d610a48b86c5ea21047d9ba2/transformed/bundleLibRuntimeToDirRelease/bundleLibRuntimeToDirRelease_dex, /Users/oem/Projects/KapraDaily/node_modules/react-native-svg/android/build/.transforms/b560a883d610a48b86c5ea21047d9ba2/transformed/bundleLibRuntimeToDirRelease/bundleLibRuntimeToDirRelease_dex, /Users/oem/Projects/KapraDaily/node_modules/react-native-svg/android/build/.transforms/b560a883d610a48b86c5ea21047d9ba2/transformed/bundleLibRuntimeToDirRelease/bundleLibRuntimeToDirRelease_dex, /Users/oem/Projects/KapraDaily/node_modules/react-native-svg/android/build/.transforms/b560a883d610a48b86c5ea21047d9ba2/transformed/bundleLibRuntimeToDirRelease/bundleLibRuntimeToDirRelease_dex, /Users/oem/Projects/KapraDaily/node_modules/react-native-svg/android/build/.transforms/b560a883d610a48b86c5ea21047d9ba2/transformed/bundleLibRuntimeToDirRelease/bundleLibRuntimeToDirRelease_dex, /Users/oem/Projects/KapraDaily/node_modules/react-native-svg/android/build/.transforms/b560a883d610a48b86c5ea21047d9ba2/transformed/bundleLibRuntimeToDirRelease/bundleLibRuntimeToDirRelease_dex, /Users/oem/Projects/KapraDaily/node_modules/react-native-svg/android/build/.transforms/b560a883d610a48b86c5ea21047d9ba2/transformed/bundleLibRuntimeToDirRelease/bundleLibRuntimeToDirRelease_dex, /Users/oem/Projects/KapraDaily/node_modules/react-native-svg/android/build/.transforms/b560a883d610a48b86c5ea21047d9ba2/transformed/bundleLibRuntimeToDirRelease/bundleLibRuntimeToDirRelease_dex, /Users/oem/Projects/KapraDaily/node_modules/react-native-svg/android/build/.transforms/b560a883d610a48b86c5ea21047d9ba2/transformed/bundleLibRuntimeToDirRelease/bundleLibRuntimeToDirRelease_dex, /Users/oem/Projects/KapraDaily/node_modules/react-native-svg/android/build/.transforms/b560a883d610a48b86c5ea21047d9ba2/transformed/bundleLibRuntimeToDirRelease/bundleLibRuntimeToDirRelease_dex, /Users/oem/Projects/KapraDaily/node_modules/react-native-svg/android/build/.transforms/b560a883d610a48b86c5ea21047d9ba2/transformed/bundleLibRuntimeToDirRelease/bundleLibRuntimeToDirRelease_dex, /Users/oem/Projects/KapraDaily/node_modules/react-native-svg/android/build/.transforms/b560a883d610a48b86c5ea21047d9ba2/transformed/bundleLibRuntimeToDirRelease/bundleLibRuntimeToDirRelease_dex, /Users/oem/Projects/KapraDaily/node_modules/react-native-svg/android/build/.transforms/b560a883d610a48b86c5ea21047d9ba2/transformed/bundleLibRuntimeToDirRelease/bundleLibRuntimeToDirRelease_dex, /Users/oem/Projects/KapraDaily/node_modules/react-native-svg/android/build/.transforms/b560a883d610a48b86c5ea21047d9ba2/transformed/bundleLibRuntimeToDirRelease/bundleLibRuntimeToDirRelease_dex, /Users/oem/Projects/KapraDaily/node_modules/react-native-svg/android/build/.transforms/b560a883d610a48b86c5ea21047d9ba2/transformed/bundleLibRuntimeToDirRelease/bundleLibRuntimeToDirRelease_dex, /Users/oem/Projects/KapraDaily/node_modules/react-native-svg/android/build/.transforms/b560a883d610a48b86c5ea21047d9ba2/transformed/bundleLibRuntimeToDirRelease/bundleLibRuntimeToDirRelease_dex, /Users/oem/Projects/KapraDaily/node_modules/react-native-svg/android/build/.transforms/b560a883d610a48b86c5ea21047d9ba2/transformed/bundleLibRuntimeToDirRelease/bundleLibRuntimeToDirRelease_dex, /Users/oem/Projects/KapraDaily/node_modules/react-native-svg/android/build/.transforms/b560a883d610a48b86c5ea21047d9ba2/transformed/bundleLibRuntimeToDirRelease/bundleLibRuntimeToDirRelease_dex, /Users/oem/Projects/KapraDaily/node_modules/react-native-svg/android/build/.transforms/b560a883d610a48b86c5ea21047d9ba2/transformed/bundleLibRuntimeToDirRelease/bundleLibRuntimeToDirRelease_dex, /Users/oem/Projects/KapraDaily/node_modules/react-native-svg/android/build/.transforms/b560a883d610a48b86c5ea21047d9ba2/transformed/bundleLibRuntimeToDirRelease/bundleLibRuntimeToDirRelease_dex, /Users/oem/Projects/KapraDaily/node_modules/react-native-svg/android/build/.transforms/b560a883d610a48b86c5ea21047d9ba2/transformed/bundleLibRuntimeToDirRelease/bundleLibRuntimeToDirRelease_dex, /Users/oem/Projects/KapraDaily/node_modules/react-native-svg/android/build/.transforms/b560a883d610a48b86c5ea21047d9ba2/transformed/bundleLibRuntimeToDirRelease/bundleLibRuntimeToDirRelease_dex, /Users/oem/Projects/KapraDaily/node_modules/react-native-svg/android/build/.transforms/b560a883d610a48b86c5ea21047d9ba2/transformed/bundleLibRuntimeToDirRelease/bundleLibRuntimeToDirRelease_dex, /Users/oem/Projects/KapraDaily/node_modules/react-native-svg/android/build/.transforms/b560a883d610a48b86c5ea21047d9ba2/transformed/bundleLibRuntimeToDirRelease/bundleLibRuntimeToDirRelease_dex, /Users/oem/Projects/KapraDaily/node_modules/react-native-svg/android/build/.transforms/b560a883d610a48b86c5ea21047d9ba2/transformed/bundleLibRuntimeToDirRelease/bundleLibRuntimeToDirRelease_dex, /Users/oem/Projects/KapraDaily/node_modules/react-native-svg/android/build/.transforms/b560a883d610a48b86c5ea21047d9ba2/transformed/bundleLibRuntimeToDirRelease/bundleLibRuntimeToDirRelease_dex, /Users/oem/Projects/KapraDaily/node_modules/react-native-svg/android/build/.transforms/b560a883d610a48b86c5ea21047d9ba2/transformed/bundleLibRuntimeToDirRelease/bundleLibRuntimeToDirRelease_dex, /Users/oem/Projects/KapraDaily/node_modules/react-native-svg/android/build/.transforms/b560a883d610a48b86c5ea21047d9ba2/transformed/bundleLibRuntimeToDirRelease/bundleLibRuntimeToDirRelease_dex, /Users/oem/Projects/KapraDaily/node_modules/react-native-svg/android/build/.transforms/b560a883d610a48b86c5ea21047d9ba2/transformed/bundleLibRuntimeToDirRelease/bundleLibRuntimeToDirRelease_dex, /Users/oem/Projects/KapraDaily/node_modules/react-native-svg/android/build/.transforms/b560a883d610a48b86c5ea21047d9ba2/transformed/bundleLibRuntimeToDirRelease/bundleLibRuntimeToDirRelease_dex, /Users/oem/Projects/KapraDaily/node_modules/react-native-svg/android/build/.transforms/b560a883d610a48b86c5ea21047d9ba2/transformed/bundleLibRuntimeToDirRelease/bundleLibRuntimeToDirRelease_dex, /Users/oem/Projects/KapraDaily/node_modules/react-native-svg/android/build/.transforms/b560a883d610a48b86c5ea21047d9ba2/transformed/bundleLibRuntimeToDirRelease/bundleLibRuntimeToDirRelease_dex, /Users/oem/Projects/KapraDaily/node_modules/react-native-svg/android/build/.transforms/b560a883d610a48b86c5ea21047d9ba2/transformed/bundleLibRuntimeToDirRelease/bundleLibRuntimeToDirRelease_dex, /Users/oem/Projects/KapraDaily/node_modules/react-native-svg/android/build/.transforms/b560a883d610a48b86c5ea21047d9ba2/transformed/bundleLibRuntimeToDirRelease/bundleLibRuntimeToDirRelease_dex, /Users/oem/Projects/KapraDaily/node_modules/react-native-svg/android/build/.transforms/b560a883d610a48b86c5ea21047d9ba2/transformed/bundleLibRuntimeToDirRelease/bundleLibRuntimeToDirRelease_dex, /Users/oem/Projects/KapraDaily/node_modules/react-native-svg/android/build/.transforms/b560a883d610a48b86c5ea21047d9ba2/transformed/bundleLibRuntimeToDirRelease/bundleLibRuntimeToDirRelease_dex, /Users/oem/Projects/KapraDaily/node_modules/react-native-svg/android/build/.transforms/b560a883d610a48b86c5ea21047d9ba2/transformed/bundleLibRuntimeToDirRelease/bundleLibRuntimeToDirRelease_dex, /Users/oem/Projects/KapraDaily/node_modules/react-native-svg/android/build/.transforms/b560a883d610a48b86c5ea21047d9ba2/transformed/bundleLibRuntimeToDirRelease/bundleLibRuntimeToDirRelease_dex, /Users/oem/Projects/KapraDaily/node_modules/react-native-svg/android/build/.transforms/b560a883d610a48b86c5ea21047d9ba2/transformed/bundleLibRuntimeToDirRelease/bundleLibRuntimeToDirRelease_dex, /Users/oem/Projects/KapraDaily/node_modules/react-native-svg/android/build/.transforms/b560a883d610a48b86c5ea21047d9ba2/transformed/bundleLibRuntimeToDirRelease/bundleLibRuntimeToDirRelease_dex, /Users/oem/Projects/KapraDaily/node_modules/react-native-svg/android/build/.transforms/b560a883d610a48b86c5ea21047d9ba2/transformed/bundleLibRuntimeToDirRelease/bundleLibRuntimeToDirRelease_dex, /Users/oem/Projects/KapraDaily/node_modules/react-native-svg/android/build/.transforms/b560a883d610a48b86c5ea21047d9ba2/transformed/bundleLibRuntimeToDirRelease/bundleLibRuntimeToDirRelease_dex, /Users/oem/Projects/KapraDaily/node_modules/react-native-svg/android/build/.transforms/b560a883d610a48b86c5ea21047d9ba2/transformed/bundleLibRuntimeToDirRelease/bundleLibRuntimeToDirRelease_dex, /Users/oem/Projects/KapraDaily/node_modules/react-native-svg/android/build/.transforms/b560a883d610a48b86c5ea21047d9ba2/transformed/bundleLibRuntimeToDirRelease/bundleLibRuntimeToDirRelease_dex, /Users/oem/Projects/KapraDaily/node_modules/react-native-svg/android/build/.transforms/b560a883d610a48b86c5ea21047d9ba2/transformed/bundleLibRuntimeToDirRelease/bundleLibRuntimeToDirRelease_dex, /Users/oem/Projects/KapraDaily/node_modules/react-native-svg/android/build/.transforms/b560a883d610a48b86c5ea21047d9ba2/transformed/bundleLibRuntimeToDirRelease/bundleLibRuntimeToDirRelease_dex, /Users/oem/Projects/KapraDaily/node_modules/react-native-svg/android/build/.transforms/b560a883d610a48b86c5ea21047d9ba2/transformed/bundleLibRuntimeToDirRelease/bundleLibRuntimeToDirRelease_dex, /Users/oem/Projects/KapraDaily/node_modules/react-native-svg/android/build/.transforms/b560a883d610a48b86c5ea21047d9ba2/transformed/bundleLibRuntimeToDirRelease/bundleLibRuntimeToDirRelease_dex, /Users/oem/Projects/KapraDaily/node_modules/react-native-svg/android/build/.transforms/b560a883d610a48b86c5ea21047d9ba2/transformed/bundleLibRuntimeToDirRelease/bundleLibRuntimeToDirRelease_dex, /Users/oem/Projects/KapraDaily/node_modules/react-native-svg/android/build/.transforms/b560a883d610a48b86c5ea21047d9ba2/transformed/bundleLibRuntimeToDirRelease/bundleLibRuntimeToDirRelease_dex, /Users/oem/Projects/KapraDaily/node_modules/react-native-svg/android/build/.transforms/b560a883d610a48b86c5ea21047d9ba2/transformed/bundleLibRuntimeToDirRelease/bundleLibRuntimeToDirRelease_dex, /Users/oem/Projects/KapraDaily/node_modules/react-native-svg/android/build/.transforms/b560a883d610a48b86c5ea21047d9ba2/transformed/bundleLibRuntimeToDirRelease/bundleLibRuntimeToDirRelease_dex, /Users/oem/Projects/KapraDaily/node_modules/react-native-svg/android/build/.transforms/b560a883d610a48b86c5ea21047d9ba2/transformed/bundleLibRuntimeToDirRelease/bundleLibRuntimeToDirRelease_dex, /Users/oem/Projects/KapraDaily/node_modules/react-native-svg/android/build/.transforms/b560a883d610a48b86c5ea21047d9ba2/transformed/bundleLibRuntimeToDirRelease/bundleLibRuntimeToDirRelease_dex, /Users/oem/Projects/KapraDaily/node_modules/react-native-svg/android/build/.transforms/b560a883d610a48b86c5ea21047d9ba2/transformed/bundleLibRuntimeToDirRelease/bundleLibRuntimeToDirRelease_dex, /Users/oem/Projects/KapraDaily/node_modules/react-native-svg/android/build/.transforms/b560a883d610a48b86c5ea21047d9ba2/transformed/bundleLibRuntimeToDirRelease/bundleLibRuntimeToDirRelease_dex, /Users/oem/Projects/KapraDaily/node_modules/react-native-svg/android/build/.transforms/b560a883d610a48b86c5ea21047d9ba2/transformed/bundleLibRuntimeToDirRelease/bundleLibRuntimeToDirRelease_dex, /Users/oem/Projects/KapraDaily/node_modules/react-native-svg/android/build/.transforms/b560a883d610a48b86c5ea21047d9ba2/transformed/bundleLibRuntimeToDirRelease/bundleLibRuntimeToDirRelease_dex, /Users/oem/Projects/KapraDaily/node_modules/react-native-svg/android/build/.transforms/b560a883d610a48b86c5ea21047d9ba2/transformed/bundleLibRuntimeToDirRelease/bundleLibRuntimeToDirRelease_dex, /Users/oem/Projects/KapraDaily/node_modules/react-native-svg/android/build/.transforms/b560a883d610a48b86c5ea21047d9ba2/transformed/bundleLibRuntimeToDirRelease/bundleLibRuntimeToDirRelease_dex, /Users/oem/Projects/KapraDaily/node_modules/react-native-svg/android/build/.transforms/b560a883d610a48b86c5ea21047d9ba2/transformed/bundleLibRuntimeToDirRelease/bundleLibRuntimeToDirRelease_dex, /Users/oem/Projects/KapraDaily/node_modules/react-native-svg/android/build/.transforms/b560a883d610a48b86c5ea21047d9ba2/transformed/bundleLibRuntimeToDirRelease/bundleLibRuntimeToDirRelease_dex, /Users/oem/Projects/KapraDaily/node_modules/react-native-svg/android/build/.transforms/b560a883d610a48b86c5ea21047d9ba2/transformed/bundleLibRuntimeToDirRelease/bundleLibRuntimeToDirRelease_dex, /Users/oem/Projects/KapraDaily/node_modules/react-native-svg/android/build/.transforms/b560a883d610a48b86c5ea21047d9ba2/transformed/bundleLibRuntimeToDirRelease/bundleLibRuntimeToDirRelease_dex, /Users/oem/Projects/KapraDaily/node_modules/react-native-svg/android/build/.transforms/b560a883d610a48b86c5ea21047d9ba2/transformed/bundleLibRuntimeToDirRelease/bundleLibRuntimeToDirRelease_dex, /Users/oem/Projects/KapraDaily/node_modules/react-native-svg/android/build/.transforms/b560a883d610a48b86c5ea21047d9ba2/transformed/bundleLibRuntimeToDirRelease/bundleLibRuntimeToDirRelease_dex, /Users/oem/Projects/KapraDaily/node_modules/react-native-svg/android/build/.transforms/b560a883d610a48b86c5ea21047d9ba2/transformed/bundleLibRuntimeToDirRelease/bundleLibRuntimeToDirRelease_dex, /Users/oem/Projects/KapraDaily/node_modules/react-native-svg/android/build/.transforms/b560a883d610a48b86c5ea21047d9ba2/transformed/bundleLibRuntimeToDirRelease/bundleLibRuntimeToDirRelease_dex, /Users/oem/Projects/KapraDaily/node_modules/react-native-svg/android/build/.transforms/b560a883d610a48b86c5ea21047d9ba2/transformed/bundleLibRuntimeToDirRelease/bundleLibRuntimeToDirRelease_dex, /Users/oem/Projects/KapraDaily/node_modules/react-native-svg/android/build/.transforms/b560a883d610a48b86c5ea21047d9ba2/transformed/bundleLibRuntimeToDirRelease/bundleLibRuntimeToDirRelease_dex, /Users/oem/Projects/KapraDaily/node_modules/react-native-svg/android/build/.transforms/b560a883d610a48b86c5ea21047d9ba2/transformed/bundleLibRuntimeToDirRelease/bundleLibRuntimeToDirRelease_dex, /Users/oem/Projects/KapraDaily/node_modules/react-native-svg/android/build/.transforms/b560a883d610a48b86c5ea21047d9ba2/transformed/bundleLibRuntimeToDirRelease/bundleLibRuntimeToDirRelease_dex, /Users/oem/Projects/KapraDaily/node_modules/react-native-svg/android/build/.transforms/b560a883d610a48b86c5ea21047d9ba2/transformed/bundleLibRuntimeToDirRelease/bundleLibRuntimeToDirRelease_dex, /Users/oem/Projects/KapraDaily/node_modules/react-native-svg/android/build/.transforms/b560a883d610a48b86c5ea21047d9ba2/transformed/bundleLibRuntimeToDirRelease/bundleLibRuntimeToDirRelease_dex, /Users/oem/Projects/KapraDaily/node_modules/react-native-svg/android/build/.transforms/b560a883d610a48b86c5ea21047d9ba2/transformed/bundleLibRuntimeToDirRelease/bundleLibRuntimeToDirRelease_dex, /Users/oem/Projects/KapraDaily/node_modules/react-native-svg/android/build/.transforms/b560a883d610a48b86c5ea21047d9ba2/transformed/bundleLibRuntimeToDirRelease/bundleLibRuntimeToDirRelease_dex, /Users/oem/Projects/KapraDaily/node_modules/react-native-svg/android/build/.transforms/b560a883d610a48b86c5ea21047d9ba2/transformed/bundleLibRuntimeToDirRelease/bundleLibRuntimeToDirRelease_dex, /Users/oem/Projects/KapraDaily/node_modules/react-native-svg/android/build/.transforms/b560a883d610a48b86c5ea21047d9ba2/transformed/bundleLibRuntimeToDirRelease/bundleLibRuntimeToDirRelease_dex, /Users/oem/Projects/KapraDaily/node_modules/react-native-svg/android/build/.transforms/b560a883d610a48b86c5ea21047d9ba2/transformed/bundleLibRuntimeToDirRelease/bundleLibRuntimeToDirRelease_dex, /Users/oem/Projects/KapraDaily/node_modules/react-native-svg/android/build/.transforms/b560a883d610a48b86c5ea21047d9ba2/transformed/bundleLibRuntimeToDirRelease/bundleLibRuntimeToDirRelease_dex, /Users/oem/Projects/KapraDaily/node_modules/react-native-svg/android/build/.transforms/b560a883d610a48b86c5ea21047d9ba2/transformed/bundleLibRuntimeToDirRelease/bundleLibRuntimeToDirRelease_dex, /Users/oem/Projects/KapraDaily/node_modules/react-native-svg/android/build/.transforms/b560a883d610a48b86c5ea21047d9ba2/transformed/bundleLibRuntimeToDirRelease/bundleLibRuntimeToDirRelease_dex, /Users/oem/Projects/KapraDaily/node_modules/react-native-svg/android/build/.transforms/b560a883d610a48b86c5ea21047d9ba2/transformed/bundleLibRuntimeToDirRelease/bundleLibRuntimeToDirRelease_dex, /Users/oem/Projects/KapraDaily/node_modules/react-native-svg/android/build/.transforms/b560a883d610a48b86c5ea21047d9ba2/transformed/bundleLibRuntimeToDirRelease/bundleLibRuntimeToDirRelease_dex, /Users/oem/Projects/KapraDaily/node_modules/react-native-svg/android/build/.transforms/b560a883d610a48b86c5ea21047d9ba2/transformed/bundleLibRuntimeToDirRelease/bundleLibRuntimeToDirRelease_dex, /Users/oem/Projects/KapraDaily/node_modules/react-native-svg/android/build/.transforms/b560a883d610a48b86c5ea21047d9ba2/transformed/bundleLibRuntimeToDirRelease/bundleLibRuntimeToDirRelease_dex, /Users/oem/Projects/KapraDaily/node_modules/react-native-svg/android/build/.transforms/b560a883d610a48b86c5ea21047d9ba2/transformed/bundleLibRuntimeToDirRelease/bundleLibRuntimeToDirRelease_dex, /Users/oem/Projects/KapraDaily/node_modules/react-native-svg/android/build/.transforms/b560a883d610a48b86c5ea21047d9ba2/transformed/bundleLibRuntimeToDirRelease/bundleLibRuntimeToDirRelease_dex, /Users/oem/Projects/KapraDaily/node_modules/react-native-svg/android/build/.transforms/b560a883d610a48b86c5ea21047d9ba2/transformed/bundleLibRuntimeToDirRelease/bundleLibRuntimeToDirRelease_dex, /Users/oem/Projects/KapraDaily/node_modules/react-native-svg/android/build/.transforms/b560a883d610a48b86c5ea21047d9ba2/transformed/bundleLibRuntimeToDirRelease/bundleLibRuntimeToDirRelease_dex, /Users/oem/Projects/KapraDaily/node_modules/react-native-svg/android/build/.transforms/b560a883d610a48b86c5ea21047d9ba2/transformed/bundleLibRuntimeToDirRelease/bundleLibRuntimeToDirRelease_dex, /Users/oem/Projects/KapraDaily/node_modules/react-native-svg/android/build/.transforms/b560a883d610a48b86c5ea21047d9ba2/transformed/bundleLibRuntimeToDirRelease/bundleLibRuntimeToDirRelease_dex, /Users/oem/Projects/KapraDaily/node_modules/react-native-svg/android/build/.transforms/b560a883d610a48b86c5ea21047d9ba2/transformed/bundleLibRuntimeToDirRelease/bundleLibRuntimeToDirRelease_dex, /Users/oem/Projects/KapraDaily/node_modules/react-native-svg/android/build/.transforms/b560a883d610a48b86c5ea21047d9ba2/transformed/bundleLibRuntimeToDirRelease/bundleLibRuntimeToDirRelease_dex, /Users/oem/Projects/KapraDaily/node_modules/react-native-svg/android/build/.transforms/b560a883d610a48b86c5ea21047d9ba2/transformed/bundleLibRuntimeToDirRelease/bundleLibRuntimeToDirRelease_dex, /Users/oem/Projects/KapraDaily/node_modules/react-native-svg/android/build/.transforms/b560a883d610a48b86c5ea21047d9ba2/transformed/bundleLibRuntimeToDirRelease/bundleLibRuntimeToDirRelease_dex, /Users/oem/Projects/KapraDaily/node_modules/react-native-svg/android/build/.transforms/b560a883d610a48b86c5ea21047d9ba2/transformed/bundleLibRuntimeToDirRelease/bundleLibRuntimeToDirRelease_dex, /Users/oem/Projects/KapraDaily/node_modules/react-native-svg/android/build/.transforms/b560a883d610a48b86c5ea21047d9ba2/transformed/bundleLibRuntimeToDirRelease/bundleLibRuntimeToDirRelease_dex, /Users/oem/Projects/KapraDaily/node_modules/react-native-svg/android/build/.transforms/b560a883d610a48b86c5ea21047d9ba2/transformed/bundleLibRuntimeToDirRelease/bundleLibRuntimeToDirRelease_dex, /Users/oem/Projects/KapraDaily/node_modules/react-native-svg/android/build/.transforms/b560a883d610a48b86c5ea21047d9ba2/transformed/bundleLibRuntimeToDirRelease/bundleLibRuntimeToDirRelease_dex, /Users/oem/Projects/KapraDaily/node_modules/react-native-svg/android/build/.transforms/b560a883d610a48b86c5ea21047d9ba2/transformed/bundleLibRuntimeToDirRelease/bundleLibRuntimeToDirRelease_dex, /Users/oem/Projects/KapraDaily/node_modules/react-native-svg/android/build/.transforms/b560a883d610a48b86c5ea21047d9ba2/transformed/bundleLibRuntimeToDirRelease/bundleLibRuntimeToDirRelease_dex, /Users/oem/Projects/KapraDaily/node_modules/react-native-svg/android/build/.transforms/b560a883d610a48b86c5ea21047d9ba2/transformed/bundleLibRuntimeToDirRelease/bundleLibRuntimeToDirRelease_dex, /Users/oem/Projects/KapraDaily/node_modules/react-native-svg/android/build/.transforms/b560a883d610a48b86c5ea21047d9ba2/transformed/bundleLibRuntimeToDirRelease/bundleLibRuntimeToDirRelease_dex, /Users/oem/Projects/KapraDaily/node_modules/react-native-svg/android/build/.transforms/b560a883d610a48b86c5ea21047d9ba2/transformed/bundleLibRuntimeToDirRelease/bundleLibRuntimeToDirRelease_dex, /Users/oem/Projects/KapraDaily/node_modules/react-native-svg/android/build/.transforms/b560a883d610a48b86c5ea21047d9ba2/transformed/bundleLibRuntimeToDirRelease/bundleLibRuntimeToDirRelease_dex, /Users/oem/Projects/KapraDaily/node_modules/react-native-svg/android/build/.transforms/b560a883d610a48b86c5ea21047d9ba2/transformed/bundleLibRuntimeToDirRelease/bundleLibRuntimeToDirRelease_dex, /Users/oem/Projects/KapraDaily/node_modules/react-native-svg/android/build/.transforms/b560a883d610a48b86c5ea21047d9ba2/transformed/bundleLibRuntimeToDirRelease/bundleLibRuntimeToDirRelease_dex, /Users/oem/Projects/KapraDaily/node_modules/react-native-svg/android/build/.transforms/b560a883d610a48b86c5ea21047d9ba2/transformed/bundleLibRuntimeToDirRelease/bundleLibRuntimeToDirRelease_dex, /Users/oem/Projects/KapraDaily/node_modules/react-native-svg/android/build/.transforms/b560a883d610a48b86c5ea21047d9ba2/transformed/bundleLibRuntimeToDirRelease/bundleLibRuntimeToDirRelease_dex, /Users/oem/Projects/KapraDaily/node_modules/react-native-svg/android/build/.transforms/b560a883d610a48b86c5ea21047d9ba2/transformed/bundleLibRuntimeToDirRelease/bundleLibRuntimeToDirRelease_dex, /Users/oem/Projects/KapraDaily/node_modules/react-native-svg/android/build/.transforms/b560a883d610a48b86c5ea21047d9ba2/transformed/bundleLibRuntimeToDirRelease/bundleLibRuntimeToDirRelease_dex, /Users/oem/Projects/KapraDaily/node_modules/react-native-svg/android/build/.transforms/b560a883d610a48b86c5ea21047d9ba2/transformed/bundleLibRuntimeToDirRelease/bundleLibRuntimeToDirRelease_dex, /Users/oem/Projects/KapraDaily/node_modules/react-native-svg/android/build/.transforms/b560a883d610a48b86c5ea21047d9ba2/transformed/bundleLibRuntimeToDirRelease/bundleLibRuntimeToDirRelease_dex, /Users/oem/Projects/KapraDaily/node_modules/react-native-svg/android/build/.transforms/b560a883d610a48b86c5ea21047d9ba2/transformed/bundleLibRuntimeToDirRelease/bundleLibRuntimeToDirRelease_dex, /Users/oem/Projects/KapraDaily/node_modules/react-native-svg/android/build/.transforms/b560a883d610a48b86c5ea21047d9ba2/transformed/bundleLibRuntimeToDirRelease/bundleLibRuntimeToDirRelease_dex, /Users/oem/Projects/KapraDaily/node_modules/react-native-svg/android/build/.transforms/b560a883d610a48b86c5ea21047d9ba2/transformed/bundleLibRuntimeToDirRelease/bundleLibRuntimeToDirRelease_dex, /Users/oem/Projects/KapraDaily/node_modules/react-native-svg/android/build/.transforms/b560a883d610a48b86c5ea21047d9ba2/transformed/bundleLibRuntimeToDirRelease/bundleLibRuntimeToDirRelease_dex, /Users/oem/Projects/KapraDaily/node_modules/react-native-svg/android/build/.transforms/b560a883d610a48b86c5ea21047d9ba2/transformed/bundleLibRuntimeToDirRelease/bundleLibRuntimeToDirRelease_dex, /Users/oem/Projects/KapraDaily/node_modules/react-native-svg/android/build/.transforms/b560a883d610a48b86c5ea21047d9ba2/transformed/bundleLibRuntimeToDirRelease/bundleLibRuntimeToDirRelease_dex, /Users/oem/Projects/KapraDaily/node_modules/react-native-svg/android/build/.transforms/b560a883d610a48b86c5ea21047d9ba2/transformed/bundleLibRuntimeToDirRelease/bundleLibRuntimeToDirRelease_dex, /Users/oem/Projects/KapraDaily/node_modules/react-native-svg/android/build/.transforms/b560a883d610a48b86c5ea21047d9ba2/transformed/bundleLibRuntimeToDirRelease/bundleLibRuntimeToDirRelease_dex, /Users/oem/Projects/KapraDaily/node_modules/react-native-svg/android/build/.transforms/b560a883d610a48b86c5ea21047d9ba2/transformed/bundleLibRuntimeToDirRelease/bundleLibRuntimeToDirRelease_dex, /Users/oem/Projects/KapraDaily/node_modules/react-native-svg/android/build/.transforms/b560a883d610a48b86c5ea21047d9ba2/transformed/bundleLibRuntimeToDirRelease/bundleLibRuntimeToDirRelease_dex, /Users/oem/Projects/KapraDaily/node_modules/react-native-svg/android/build/.transforms/b560a883d610a48b86c5ea21047d9ba2/transformed/bundleLibRuntimeToDirRelease/bundleLibRuntimeToDirRelease_dex, /Users/oem/Projects/KapraDaily/node_modules/react-native-svg/android/build/.transforms/b560a883d610a48b86c5ea21047d9ba2/transformed/bundleLibRuntimeToDirRelease/bundleLibRuntimeToDirRelease_dex, /Users/oem/Projects/KapraDaily/node_modules/react-native-svg/android/build/.transforms/b560a883d610a48b86c5ea21047d9ba2/transformed/bundleLibRuntimeToDirRelease/bundleLibRuntimeToDirRelease_dex, /Users/oem/Projects/KapraDaily/node_modules/react-native-svg/android/build/.transforms/b560a883d610a48b86c5ea21047d9ba2/transformed/bundleLibRuntimeToDirRelease/bundleLibRuntimeToDirRelease_dex, /Users/oem/Projects/KapraDaily/node_modules/react-native-svg/android/build/.transforms/b560a883d610a48b86c5ea21047d9ba2/transformed/bundleLibRuntimeToDirRelease/bundleLibRuntimeToDirRelease_dex, /Users/oem/Projects/KapraDaily/node_modules/react-native-svg/android/build/.transforms/b560a883d610a48b86c5ea21047d9ba2/transformed/bundleLibRuntimeToDirRelease/bundleLibRuntimeToDirRelease_dex, /Users/oem/Projects/KapraDaily/node_modules/react-native-svg/android/build/.transforms/b560a883d610a48b86c5ea21047d9ba2/transformed/bundleLibRuntimeToDirRelease/bundleLibRuntimeToDirRelease_dex, /Users/oem/Projects/KapraDaily/node_modules/react-native-svg/android/build/.transforms/b560a883d610a48b86c5ea21047d9ba2/transformed/bundleLibRuntimeToDirRelease/bundleLibRuntimeToDirRelease_dex, /Users/oem/Projects/KapraDaily/node_modules/react-native-svg/android/build/.transforms/b560a883d610a48b86c5ea21047d9ba2/transformed/bundleLibRuntimeToDirRelease/bundleLibRuntimeToDirRelease_dex, /Users/oem/Projects/KapraDaily/node_modules/react-native-svg/android/build/.transforms/b560a883d610a48b86c5ea21047d9ba2/transformed/bundleLibRuntimeToDirRelease/bundleLibRuntimeToDirRelease_dex, /Users/oem/Projects/KapraDaily/node_modules/react-native-svg/android/build/.transforms/b560a883d610a48b86c5ea21047d9ba2/transformed/bundleLibRuntimeToDirRelease/bundleLibRuntimeToDirRelease_dex, /Users/oem/Projects/KapraDaily/node_modules/react-native-svg/android/build/.transforms/b560a883d610a48b86c5ea21047d9ba2/transformed/bundleLibRuntimeToDirRelease/bundleLibRuntimeToDirRelease_dex, /Users/oem/Projects/KapraDaily/node_modules/react-native-svg/android/build/.transforms/b560a883d610a48b86c5ea21047d9ba2/transformed/bundleLibRuntimeToDirRelease/bundleLibRuntimeToDirRelease_dex, /Users/oem/Projects/KapraDaily/node_modules/react-native-svg/android/build/.transforms/b560a883d610a48b86c5ea21047d9ba2/transformed/bundleLibRuntimeToDirRelease/bundleLibRuntimeToDirRelease_dex, /Users/oem/Projects/KapraDaily/node_modules/react-native-svg/android/build/.transforms/b560a883d610a48b86c5ea21047d9ba2/transformed/bundleLibRuntimeToDirRelease/bundleLibRuntimeToDirRelease_dex, /Users/oem/Projects/KapraDaily/node_modules/react-native-svg/android/build/.transforms/b560a883d610a48b86c5ea21047d9ba2/transformed/bundleLibRuntimeToDirRelease/bundleLibRuntimeToDirRelease_dex, /Users/oem/Projects/KapraDaily/node_modules/react-native-svg/android/build/.transforms/b560a883d610a48b86c5ea21047d9ba2/transformed/bundleLibRuntimeToDirRelease/bundleLibRuntimeToDirRelease_dex, /Users/oem/Projects/KapraDaily/node_modules/react-native-svg/android/build/.transforms/b560a883d610a48b86c5ea21047d9ba2/transformed/bundleLibRuntimeToDirRelease/bundleLibRuntimeToDirRelease_dex, /Users/oem/Projects/KapraDaily/node_modules/react-native-svg/android/build/.transforms/b560a883d610a48b86c5ea21047d9ba2/transformed/bundleLibRuntimeToDirRelease/bundleLibRuntimeToDirRelease_dex, /Users/oem/Projects/KapraDaily/node_modules/react-native-svg/android/build/.transforms/b560a883d610a48b86c5ea21047d9ba2/transformed/bundleLibRuntimeToDirRelease/bundleLibRuntimeToDirRelease_dex, /Users/oem/Projects/KapraDaily/node_modules/react-native-svg/android/build/.transforms/b560a883d610a48b86c5ea21047d9ba2/transformed/bundleLibRuntimeToDirRelease/bundleLibRuntimeToDirRelease_dex, /Users/oem/Projects/KapraDaily/node_modules/react-native-svg/android/build/.transforms/b560a883d610a48b86c5ea21047d9ba2/transformed/bundleLibRuntimeToDirRelease/bundleLibRuntimeToDirRelease_dex, /Users/oem/Projects/KapraDaily/node_modules/react-native-svg/android/build/.transforms/b560a883d610a48b86c5ea21047d9ba2/transformed/bundleLibRuntimeToDirRelease/bundleLibRuntimeToDirRelease_dex, /Users/oem/Projects/KapraDaily/node_modules/react-native-svg/android/build/.transforms/b560a883d610a48b86c5ea21047d9ba2/transformed/bundleLibRuntimeToDirRelease/bundleLibRuntimeToDirRelease_dex, /Users/oem/Projects/KapraDaily/node_modules/react-native-svg/android/build/.transforms/b560a883d610a48b86c5ea21047d9ba2/transformed/bundleLibRuntimeToDirRelease/bundleLibRuntimeToDirRelease_dex, /Users/oem/Projects/KapraDaily/node_modules/react-native-svg/android/build/.transforms/b560a883d610a48b86c5ea21047d9ba2/transformed/bundleLibRuntimeToDirRelease/bundleLibRuntimeToDirRelease_dex, /Users/oem/Projects/KapraDaily/node_modules/react-native-svg/android/build/.transforms/b560a883d610a48b86c5ea21047d9ba2/transformed/bundleLibRuntimeToDirRelease/bundleLibRuntimeToDirRelease_dex, /Users/oem/Projects/KapraDaily/node_modules/react-native-svg/android/build/.transforms/b560a883d610a48b86c5ea21047d9ba2/transformed/bundleLibRuntimeToDirRelease/bundleLibRuntimeToDirRelease_dex, /Users/oem/Projects/KapraDaily/node_modules/react-native-vector-icons/android/build/.transforms/fb913ecbba91271cd9c393f5f62aae3a/transformed/bundleLibRuntimeToDirRelease/bundleLibRuntimeToDirRelease_dex, /Users/oem/Projects/KapraDaily/node_modules/react-native-vector-icons/android/build/.transforms/fb913ecbba91271cd9c393f5f62aae3a/transformed/bundleLibRuntimeToDirRelease/bundleLibRuntimeToDirRelease_dex, /Users/oem/Projects/KapraDaily/node_modules/react-native-vector-icons/android/build/.transforms/fb913ecbba91271cd9c393f5f62aae3a/transformed/bundleLibRuntimeToDirRelease/bundleLibRuntimeToDirRelease_dex, /Users/oem/Projects/KapraDaily/node_modules/react-native-vector-icons/android/build/.transforms/fb913ecbba91271cd9c393f5f62aae3a/transformed/bundleLibRuntimeToDirRelease/bundleLibRuntimeToDirRelease_dex, /Users/oem/Projects/KapraDaily/node_modules/react-native-vector-icons/android/build/.transforms/fb913ecbba91271cd9c393f5f62aae3a/transformed/bundleLibRuntimeToDirRelease/bundleLibRuntimeToDirRelease_dex, /Users/oem/Projects/KapraDaily/node_modules/react-native-vector-icons/android/build/.transforms/fb913ecbba91271cd9c393f5f62aae3a/transformed/bundleLibRuntimeToDirRelease/bundleLibRuntimeToDirRelease_dex, /Users/oem/Projects/KapraDaily/android/app/build/intermediates/external_libs_dex/release/mergeExtDexRelease, /Users/oem/Projects/KapraDaily/android/app/build/intermediates/external_libs_dex/release/mergeExtDexRelease, /Users/oem/Projects/KapraDaily/android/app/build/intermediates/external_libs_dex/release/mergeExtDexRelease, /Users/oem/Projects/KapraDaily/android/app/build/intermediates/project_dex_archive/release/dexBuilderRelease/out/9bb383587f421919f2680b4ac9c2f630a3292de3e4514f04b6310dbd52ddd49e_0.jar, /Users/oem/Projects/KapraDaily/android/app/build/intermediates/project_dex_archive/release/dexBuilderRelease/out/9bb383587f421919f2680b4ac9c2f630a3292de3e4514f04b6310dbd52ddd49e_1.jar, /Users/oem/Projects/KapraDaily/android/app/build/intermediates/project_dex_archive/release/dexBuilderRelease/out/9bb383587f421919f2680b4ac9c2f630a3292de3e4514f04b6310dbd52ddd49e_2.jar, /Users/oem/Projects/KapraDaily/android/app/build/intermediates/project_dex_archive/release/dexBuilderRelease/out/9bb383587f421919f2680b4ac9c2f630a3292de3e4514f04b6310dbd52ddd49e_3.jar, and from all global synthetics files in 

> Task :app:mergeReleaseJavaResource
file or directory '/Users/oem/Projects/KapraDaily/node_modules/react-native-onesignal/android/libs', not found
Caching disabled for AarTransform: /Users/oem/.gradle/caches/8.13/transforms/1af2150d394f770a4fd4bf0c805d0ec7/transformed/hermes-android-0.82.1-release because:
  Build cache is disabled
  Caching not enabled.
Caching disabled for AarTransform: /Users/oem/.gradle/caches/8.13/transforms/b142e6f75603c774d9881af962aaafa7/transformed/react-android-0.82.1-release because:
  Build cache is disabled
  Caching not enabled.
file or directory '/Users/oem/Projects/KapraDaily/node_modules/react-native-onesignal/android/libs', not found
Caching disabled for task ':app:mergeReleaseJavaResource' because:
  Build cache is disabled
  Caching has been disabled for the task
Task ':app:mergeReleaseJavaResource' is not up-to-date because:
  No history is available.
The input changes require a full rebuild for incremental task ':app:mergeReleaseJavaResource'.
file or directory '/Users/oem/Projects/KapraDaily/node_modules/react-native-onesignal/android/libs', not found
file or directory '/Users/oem/Projects/KapraDaily/node_modules/react-native-onesignal/android/libs', not found

> Task :app:lintVitalAnalyzeRelease
file or directory '/Users/oem/Projects/KapraDaily/node_modules/react-native-onesignal/android/libs', not found
file or directory '/Users/oem/Projects/KapraDaily/node_modules/react-native-onesignal/android/libs', not found
file or directory '/Users/oem/Projects/KapraDaily/node_modules/react-native-onesignal/android/libs', not found
file or directory '/Users/oem/Projects/KapraDaily/node_modules/react-native-onesignal/android/libs', not found
file or directory '/Users/oem/Projects/KapraDaily/node_modules/react-native-onesignal/android/libs', not found
file or directory '/Users/oem/Projects/KapraDaily/node_modules/react-native-onesignal/android/libs', not found
file or directory '/Users/oem/Projects/KapraDaily/node_modules/react-native-onesignal/android/libs', not found
file or directory '/Users/oem/Projects/KapraDaily/node_modules/react-native-onesignal/android/libs', not found
file or directory '/Users/oem/Projects/KapraDaily/node_modules/react-native-onesignal/android/libs', not found
file or directory '/Users/oem/Projects/KapraDaily/node_modules/react-native-onesignal/android/libs', not found
file or directory '/Users/oem/Projects/KapraDaily/node_modules/react-native-onesignal/android/libs', not found
file or directory '/Users/oem/Projects/KapraDaily/node_modules/react-native-onesignal/android/libs', not found
file or directory '/Users/oem/Projects/KapraDaily/node_modules/react-native-onesignal/android/libs', not found
file or directory '/Users/oem/Projects/KapraDaily/node_modules/react-native-onesignal/android/libs', not found
file or directory '/Users/oem/Projects/KapraDaily/node_modules/react-native-onesignal/android/libs', not found
Caching disabled for task ':app:lintVitalAnalyzeRelease' because:
  Build cache is disabled
Task ':app:lintVitalAnalyzeRelease' is not up-to-date because:
  No history is available.
file or directory '/Users/oem/Projects/KapraDaily/node_modules/react-native-onesignal/android/libs', not found
file or directory '/Users/oem/Projects/KapraDaily/node_modules/react-native-onesignal/android/libs', not found
file or directory '/Users/oem/Projects/KapraDaily/node_modules/react-native-onesignal/android/libs', not found
file or directory '/Users/oem/Projects/KapraDaily/node_modules/react-native-onesignal/android/libs', not found
file or directory '/Users/oem/Projects/KapraDaily/node_modules/react-native-onesignal/android/libs', not found
file or directory '/Users/oem/Projects/KapraDaily/node_modules/react-native-onesignal/android/libs', not found
file or directory '/Users/oem/Projects/KapraDaily/node_modules/react-native-onesignal/android/libs', not found
file or directory '/Users/oem/Projects/KapraDaily/node_modules/react-native-onesignal/android/libs', not found
Android Lint: Reusing lint classloader 31.12.0_true
Resolve mutations for :app:lintVitalReportRelease (Thread[Execution worker Thread 7,5,main]) started.
:app:lintVitalReportRelease (Thread[Execution worker Thread 7,5,main]) started.

> Task :app:lintVitalReportRelease
file or directory '/Users/oem/Projects/KapraDaily/node_modules/react-native-onesignal/android/libs', not found
file or directory '/Users/oem/Projects/KapraDaily/node_modules/react-native-onesignal/android/libs', not found
file or directory '/Users/oem/Projects/KapraDaily/node_modules/react-native-onesignal/android/libs', not found
Caching disabled for task ':app:lintVitalReportRelease' because:
  Build cache is disabled
  Caching has been disabled for the task
Task ':app:lintVitalReportRelease' is not up-to-date because:
  No history is available.
Android Lint: Reusing lint classloader 31.12.0_true
Resolve mutations for :app:lintVitalRelease (Thread[Execution worker Thread 7,5,main]) started.
:app:lintVitalRelease (Thread[Execution worker Thread 7,5,main]) started.

> Task :app:lintVitalRelease
Caching disabled for task ':app:lintVitalRelease' because:
  Build cache is disabled
  Caching has been disabled for the task
Task ':app:lintVitalRelease' is not up-to-date because:
  Task.upToDateWhen is false.
Resolve mutations for :app:compileReleaseArtProfile (Thread[Execution worker Thread 7,5,main]) started.
:app:compileReleaseArtProfile (Thread[Execution worker Thread 7,5,main]) started.

> Task :app:compileReleaseArtProfile
Caching disabled for task ':app:compileReleaseArtProfile' because:
  Build cache is disabled
Task ':app:compileReleaseArtProfile' is not up-to-date because:
  No history is available.
Resolve mutations for :app:packageRelease (Thread[included builds,5,main]) started.
:app:packageRelease (Thread[included builds,5,main]) started.

> Task :app:packageRelease
Custom actions are attached to task ':app:packageRelease'.
Caching disabled for task ':app:packageRelease' because:
  Build cache is disabled
  Caching has been disabled for the task
Task ':app:packageRelease' is not up-to-date because:
  No history is available.
The input changes require a full rebuild for incremental task ':app:packageRelease'.
Resolve mutations for :app:createReleaseApkListingFileRedirect (Thread[Execution worker Thread 4,5,main]) started.
:app:createReleaseApkListingFileRedirect (Thread[Execution worker Thread 4,5,main]) started.

> Task :app:createReleaseApkListingFileRedirect
Caching disabled for task ':app:createReleaseApkListingFileRedirect' because:
  Build cache is disabled
  Caching has been disabled for the task
Task ':app:createReleaseApkListingFileRedirect' is not up-to-date because:
  No history is available.
Resolve mutations for :app:assembleRelease (Thread[Execution worker Thread 4,5,main]) started.
:app:assembleRelease (Thread[Execution worker Thread 4,5,main]) started.

> Task :app:assembleRelease
Skipping task ':app:assembleRelease' as it has no actions.
Build 82192e26-32a7-4cc1-b3e4-c722ed70668b is closed
AAPT2 aapt2-8.12.0-13700139-osx Daemon #0: shutdown
Android Lint: Disposing Uast application environment in lint classloaders [31.12.0_false, 31.12.0_true]
Build b488e055-c247-491a-9de5-09659fecaa2d is closed

[Incubating] Problems report is available at: file:///Users/oem/Projects/KapraDaily/android/build/reports/problems/problems-report.html

BUILD SUCCESSFUL in 19s
727 actionable tasks: 27 executed, 700 up-to-date
Watched directory hierarchies: [/Users/oem/Projects/KapraDaily/node_modules/@react-native/gradle-plugin, /Users/oem/Projects/KapraDaily/android]
